ISO-10303-21;
HEADER;
FILE_DESCRIPTION(('Open CASCADE Model'),'2;1');
FILE_NAME('Open CASCADE Shape Model','2026-09-26T11:40:51',('Author'),(
    'Open CASCADE'),'Open CASCADE STEP processor 7.9','Open CASCADE 7.9'
  ,'Unknown');
FILE_SCHEMA(('AUTOMOTIVE_DESIGN { 1 0 10303 214 1 1 1 1 }'));
ENDSEC;
DATA;
#1 = APPLICATION_PROTOCOL_DEFINITION('international standard',
  'automotive_design',2000,#2);
#2 = APPLICATION_CONTEXT(
  'core data for automotive mechanical design processes');
#3 = SHAPE_DEFINITION_REPRESENTATION(#4,#10);
#4 = PRODUCT_DEFINITION_SHAPE('','',#5);
#5 = PRODUCT_DEFINITION('design','',#6,#9);
#6 = PRODUCT_DEFINITION_FORMATION('','',#7);
#7 = PRODUCT('Open CASCADE STEP translator 7.9 2',
  'Open CASCADE STEP translator 7.9 2','',(#8));
#8 = PRODUCT_CONTEXT('',#2,'mechanical');
#9 = PRODUCT_DEFINITION_CONTEXT('part definition',#2,'design');
#10 = ADVANCED_BREP_SHAPE_REPRESENTATION('',(#11,#15),#2797);
#11 = AXIS2_PLACEMENT_3D('',#12,#13,#14);
#12 = CARTESIAN_POINT('',(0.,0.,0.));
#13 = DIRECTION('',(0.,0.,1.));
#14 = DIRECTION('',(1.,0.,-0.));
#15 = MANIFOLD_SOLID_BREP('',#16);
#16 = CLOSED_SHELL('',(#17,#137,#835,#889,#939,#1518,#1545,#1572,#1599,
    #1626,#1633,#1688,#1743,#1798,#1845,#1872,#1899,#1926,#1953,#1980,
    #2007,#2034,#2061,#2088,#2115,#2122,#2177,#2232,#2287,#2342,#2397,
    #2436,#2475,#2514,#2553,#2587,#2621,#2655,#2689,#2716,#2743,#2770));
#17 = ADVANCED_FACE('',(#18),#32,.F.);
#18 = FACE_BOUND('',#19,.F.);
#19 = EDGE_LOOP('',(#20,#55,#83,#111));
#20 = ORIENTED_EDGE('',*,*,#21,.F.);
#21 = EDGE_CURVE('',#22,#24,#26,.T.);
#22 = VERTEX_POINT('',#23);
#23 = CARTESIAN_POINT('',(-21.,16.,-1.7763568394E-15));
#24 = VERTEX_POINT('',#25);
#25 = CARTESIAN_POINT('',(-21.,-16.,1.7763568394E-15));
#26 = SURFACE_CURVE('',#27,(#31,#43),.PCURVE_S1.);
#27 = LINE('',#28,#29);
#28 = CARTESIAN_POINT('',(-21.,21.,-2.331468351713E-15));
#29 = VECTOR('',#30,1.);
#30 = DIRECTION('',(0.,-1.,1.110223024625E-16));
#31 = PCURVE('',#32,#37);
#32 = PLANE('',#33);
#33 = AXIS2_PLACEMENT_3D('',#34,#35,#36);
#34 = CARTESIAN_POINT('',(-21.,21.,-2.331468351713E-15));
#35 = DIRECTION('',(1.,0.,0.));
#36 = DIRECTION('',(0.,-1.,1.110223024625E-16));
#37 = DEFINITIONAL_REPRESENTATION('',(#38),#42);
#38 = LINE('',#39,#40);
#39 = CARTESIAN_POINT('',(0.,0.));
#40 = VECTOR('',#41,1.);
#41 = DIRECTION('',(1.,0.));
#42 = ( GEOMETRIC_REPRESENTATION_CONTEXT(2) 
PARAMETRIC_REPRESENTATION_CONTEXT() REPRESENTATION_CONTEXT('2D SPACE',''
  ) );
#43 = PCURVE('',#44,#49);
#44 = PLANE('',#45);
#45 = AXIS2_PLACEMENT_3D('',#46,#47,#48);
#46 = CARTESIAN_POINT('',(-21.,21.,-2.331468351713E-15));
#47 = DIRECTION('',(0.,1.110223024625E-16,1.));
#48 = DIRECTION('',(0.,-1.,1.110223024625E-16));
#49 = DEFINITIONAL_REPRESENTATION('',(#50),#54);
#50 = LINE('',#51,#52);
#51 = CARTESIAN_POINT('',(0.,0.));
#52 = VECTOR('',#53,1.);
#53 = DIRECTION('',(1.,0.));
#54 = ( GEOMETRIC_REPRESENTATION_CONTEXT(2) 
PARAMETRIC_REPRESENTATION_CONTEXT() REPRESENTATION_CONTEXT('2D SPACE',''
  ) );
#55 = ORIENTED_EDGE('',*,*,#56,.T.);
#56 = EDGE_CURVE('',#22,#57,#59,.T.);
#57 = VERTEX_POINT('',#58);
#58 = CARTESIAN_POINT('',(-21.,16.,4.6));
#59 = SURFACE_CURVE('',#60,(#64,#71),.PCURVE_S1.);
#60 = LINE('',#61,#62);
#61 = CARTESIAN_POINT('',(-21.,16.,-1.7763568394E-15));
#62 = VECTOR('',#63,1.);
#63 = DIRECTION('',(0.,1.110223024625E-16,1.));
#64 = PCURVE('',#32,#65);
#65 = DEFINITIONAL_REPRESENTATION('',(#66),#70);
#66 = LINE('',#67,#68);
#67 = CARTESIAN_POINT('',(5.,0.));
#68 = VECTOR('',#69,1.);
#69 = DIRECTION('',(0.,-1.));
#70 = ( GEOMETRIC_REPRESENTATION_CONTEXT(2) 
PARAMETRIC_REPRESENTATION_CONTEXT() REPRESENTATION_CONTEXT('2D SPACE',''
  ) );
#71 = PCURVE('',#72,#77);
#72 = CYLINDRICAL_SURFACE('',#73,5.);
#73 = AXIS2_PLACEMENT_3D('',#74,#75,#76);
#74 = CARTESIAN_POINT('',(-16.,16.,-1.7763568394E-15));
#75 = DIRECTION('',(0.,1.110223024625E-16,1.));
#76 = DIRECTION('',(-1.,0.,0.));
#77 = DEFINITIONAL_REPRESENTATION('',(#78),#82);
#78 = LINE('',#79,#80);
#79 = CARTESIAN_POINT('',(-0.,0.));
#80 = VECTOR('',#81,1.);
#81 = DIRECTION('',(-0.,1.));
#82 = ( GEOMETRIC_REPRESENTATION_CONTEXT(2) 
PARAMETRIC_REPRESENTATION_CONTEXT() REPRESENTATION_CONTEXT('2D SPACE',''
  ) );
#83 = ORIENTED_EDGE('',*,*,#84,.T.);
#84 = EDGE_CURVE('',#57,#85,#87,.T.);
#85 = VERTEX_POINT('',#86);
#86 = CARTESIAN_POINT('',(-21.,-16.,4.6));
#87 = SURFACE_CURVE('',#88,(#92,#99),.PCURVE_S1.);
#88 = LINE('',#89,#90);
#89 = CARTESIAN_POINT('',(-21.,21.,4.6));
#90 = VECTOR('',#91,1.);
#91 = DIRECTION('',(0.,-1.,1.110223024625E-16));
#92 = PCURVE('',#32,#93);
#93 = DEFINITIONAL_REPRESENTATION('',(#94),#98);
#94 = LINE('',#95,#96);
#95 = CARTESIAN_POINT('',(5.107025913276E-16,-4.6));
#96 = VECTOR('',#97,1.);
#97 = DIRECTION('',(1.,0.));
#98 = ( GEOMETRIC_REPRESENTATION_CONTEXT(2) 
PARAMETRIC_REPRESENTATION_CONTEXT() REPRESENTATION_CONTEXT('2D SPACE',''
  ) );
#99 = PCURVE('',#100,#105);
#100 = PLANE('',#101);
#101 = AXIS2_PLACEMENT_3D('',#102,#103,#104);
#102 = CARTESIAN_POINT('',(-21.,21.,4.6));
#103 = DIRECTION('',(0.,1.110223024625E-16,1.));
#104 = DIRECTION('',(0.,-1.,1.110223024625E-16));
#105 = DEFINITIONAL_REPRESENTATION('',(#106),#110);
#106 = LINE('',#107,#108);
#107 = CARTESIAN_POINT('',(0.,0.));
#108 = VECTOR('',#109,1.);
#109 = DIRECTION('',(1.,0.));
#110 = ( GEOMETRIC_REPRESENTATION_CONTEXT(2) 
PARAMETRIC_REPRESENTATION_CONTEXT() REPRESENTATION_CONTEXT('2D SPACE',''
  ) );
#111 = ORIENTED_EDGE('',*,*,#112,.F.);
#112 = EDGE_CURVE('',#24,#85,#113,.T.);
#113 = SURFACE_CURVE('',#114,(#118,#125),.PCURVE_S1.);
#114 = LINE('',#115,#116);
#115 = CARTESIAN_POINT('',(-21.,-16.,1.7763568394E-15));
#116 = VECTOR('',#117,1.);
#117 = DIRECTION('',(0.,1.110223024625E-16,1.));
#118 = PCURVE('',#32,#119);
#119 = DEFINITIONAL_REPRESENTATION('',(#120),#124);
#120 = LINE('',#121,#122);
#121 = CARTESIAN_POINT('',(37.,0.));
#122 = VECTOR('',#123,1.);
#123 = DIRECTION('',(0.,-1.));
#124 = ( GEOMETRIC_REPRESENTATION_CONTEXT(2) 
PARAMETRIC_REPRESENTATION_CONTEXT() REPRESENTATION_CONTEXT('2D SPACE',''
  ) );
#125 = PCURVE('',#126,#131);
#126 = CYLINDRICAL_SURFACE('',#127,5.);
#127 = AXIS2_PLACEMENT_3D('',#128,#129,#130);
#128 = CARTESIAN_POINT('',(-16.,-16.,1.7763568394E-15));
#129 = DIRECTION('',(0.,1.110223024625E-16,1.));
#130 = DIRECTION('',(-1.,0.,0.));
#131 = DEFINITIONAL_REPRESENTATION('',(#132),#136);
#132 = LINE('',#133,#134);
#133 = CARTESIAN_POINT('',(0.,0.));
#134 = VECTOR('',#135,1.);
#135 = DIRECTION('',(0.,1.));
#136 = ( GEOMETRIC_REPRESENTATION_CONTEXT(2) 
PARAMETRIC_REPRESENTATION_CONTEXT() REPRESENTATION_CONTEXT('2D SPACE',''
  ) );
#137 = ADVANCED_FACE('',(#138,#337,#368,#399,#430,#804),#44,.F.);
#138 = FACE_BOUND('',#139,.F.);
#139 = EDGE_LOOP('',(#140,#170,#196,#197,#221,#249,#282,#310));
#140 = ORIENTED_EDGE('',*,*,#141,.F.);
#141 = EDGE_CURVE('',#142,#144,#146,.T.);
#142 = VERTEX_POINT('',#143);
#143 = CARTESIAN_POINT('',(-16.,21.,-2.331468351713E-15));
#144 = VERTEX_POINT('',#145);
#145 = CARTESIAN_POINT('',(16.,21.,-2.331468351713E-15));
#146 = SURFACE_CURVE('',#147,(#151,#158),.PCURVE_S1.);
#147 = LINE('',#148,#149);
#148 = CARTESIAN_POINT('',(-21.,21.,-2.331468351713E-15));
#149 = VECTOR('',#150,1.);
#150 = DIRECTION('',(1.,0.,0.));
#151 = PCURVE('',#44,#152);
#152 = DEFINITIONAL_REPRESENTATION('',(#153),#157);
#153 = LINE('',#154,#155);
#154 = CARTESIAN_POINT('',(0.,0.));
#155 = VECTOR('',#156,1.);
#156 = DIRECTION('',(0.,1.));
#157 = ( GEOMETRIC_REPRESENTATION_CONTEXT(2) 
PARAMETRIC_REPRESENTATION_CONTEXT() REPRESENTATION_CONTEXT('2D SPACE',''
  ) );
#158 = PCURVE('',#159,#164);
#159 = PLANE('',#160);
#160 = AXIS2_PLACEMENT_3D('',#161,#162,#163);
#161 = CARTESIAN_POINT('',(-21.,21.,-2.331468351713E-15));
#162 = DIRECTION('',(0.,-1.,1.110223024625E-16));
#163 = DIRECTION('',(1.,0.,0.));
#164 = DEFINITIONAL_REPRESENTATION('',(#165),#169);
#165 = LINE('',#166,#167);
#166 = CARTESIAN_POINT('',(0.,0.));
#167 = VECTOR('',#168,1.);
#168 = DIRECTION('',(1.,0.));
#169 = ( GEOMETRIC_REPRESENTATION_CONTEXT(2) 
PARAMETRIC_REPRESENTATION_CONTEXT() REPRESENTATION_CONTEXT('2D SPACE',''
  ) );
#170 = ORIENTED_EDGE('',*,*,#171,.F.);
#171 = EDGE_CURVE('',#22,#142,#172,.T.);
#172 = SURFACE_CURVE('',#173,(#178,#189),.PCURVE_S1.);
#173 = CIRCLE('',#174,5.);
#174 = AXIS2_PLACEMENT_3D('',#175,#176,#177);
#175 = CARTESIAN_POINT('',(-16.,16.,-1.7763568394E-15));
#176 = DIRECTION('',(-0.,-1.110223024625E-16,-1.));
#177 = DIRECTION('',(0.,-1.,1.110223024625E-16));
#178 = PCURVE('',#44,#179);
#179 = DEFINITIONAL_REPRESENTATION('',(#180),#188);
#180 = ( BOUNDED_CURVE() B_SPLINE_CURVE(2,(#181,#182,#183,#184,#185,#186
,#187),.UNSPECIFIED.,.T.,.F.) B_SPLINE_CURVE_WITH_KNOTS((1,2,2,2,2,1),(
    -2.094395102393,0.,2.094395102393,4.188790204786,6.28318530718,
8.377580409573),.UNSPECIFIED.) CURVE() GEOMETRIC_REPRESENTATION_ITEM() 
RATIONAL_B_SPLINE_CURVE((1.,0.5,1.,0.5,1.,0.5,1.)) REPRESENTATION_ITEM(
  '') );
#181 = CARTESIAN_POINT('',(10.,5.));
#182 = CARTESIAN_POINT('',(10.,-3.660254037844));
#183 = CARTESIAN_POINT('',(2.5,0.669872981078));
#184 = CARTESIAN_POINT('',(-5.,5.));
#185 = CARTESIAN_POINT('',(2.5,9.330127018922));
#186 = CARTESIAN_POINT('',(10.,13.660254037844));
#187 = CARTESIAN_POINT('',(10.,5.));
#188 = ( GEOMETRIC_REPRESENTATION_CONTEXT(2) 
PARAMETRIC_REPRESENTATION_CONTEXT() REPRESENTATION_CONTEXT('2D SPACE',''
  ) );
#189 = PCURVE('',#72,#190);
#190 = DEFINITIONAL_REPRESENTATION('',(#191),#195);
#191 = LINE('',#192,#193);
#192 = CARTESIAN_POINT('',(1.570796326795,-0.));
#193 = VECTOR('',#194,1.);
#194 = DIRECTION('',(-1.,0.));
#195 = ( GEOMETRIC_REPRESENTATION_CONTEXT(2) 
PARAMETRIC_REPRESENTATION_CONTEXT() REPRESENTATION_CONTEXT('2D SPACE',''
  ) );
#196 = ORIENTED_EDGE('',*,*,#21,.T.);
#197 = ORIENTED_EDGE('',*,*,#198,.T.);
#198 = EDGE_CURVE('',#24,#199,#201,.T.);
#199 = VERTEX_POINT('',#200);
#200 = CARTESIAN_POINT('',(-16.,-21.,2.331468351713E-15));
#201 = SURFACE_CURVE('',#202,(#207,#214),.PCURVE_S1.);
#202 = CIRCLE('',#203,5.);
#203 = AXIS2_PLACEMENT_3D('',#204,#205,#206);
#204 = CARTESIAN_POINT('',(-16.,-16.,1.7763568394E-15));
#205 = DIRECTION('',(-0.,1.110223024625E-16,1.));
#206 = DIRECTION('',(0.,-1.,1.110223024625E-16));
#207 = PCURVE('',#44,#208);
#208 = DEFINITIONAL_REPRESENTATION('',(#209),#213);
#209 = CIRCLE('',#210,5.);
#210 = AXIS2_PLACEMENT_2D('',#211,#212);
#211 = CARTESIAN_POINT('',(37.,5.));
#212 = DIRECTION('',(1.,0.));
#213 = ( GEOMETRIC_REPRESENTATION_CONTEXT(2) 
PARAMETRIC_REPRESENTATION_CONTEXT() REPRESENTATION_CONTEXT('2D SPACE',''
  ) );
#214 = PCURVE('',#126,#215);
#215 = DEFINITIONAL_REPRESENTATION('',(#216),#220);
#216 = LINE('',#217,#218);
#217 = CARTESIAN_POINT('',(-4.712388980385,0.));
#218 = VECTOR('',#219,1.);
#219 = DIRECTION('',(1.,0.));
#220 = ( GEOMETRIC_REPRESENTATION_CONTEXT(2) 
PARAMETRIC_REPRESENTATION_CONTEXT() REPRESENTATION_CONTEXT('2D SPACE',''
  ) );
#221 = ORIENTED_EDGE('',*,*,#222,.T.);
#222 = EDGE_CURVE('',#199,#223,#225,.T.);
#223 = VERTEX_POINT('',#224);
#224 = CARTESIAN_POINT('',(16.,-21.,2.331468351713E-15));
#225 = SURFACE_CURVE('',#226,(#230,#237),.PCURVE_S1.);
#226 = LINE('',#227,#228);
#227 = CARTESIAN_POINT('',(-21.,-21.,2.331468351713E-15));
#228 = VECTOR('',#229,1.);
#229 = DIRECTION('',(1.,0.,0.));
#230 = PCURVE('',#44,#231);
#231 = DEFINITIONAL_REPRESENTATION('',(#232),#236);
#232 = LINE('',#233,#234);
#233 = CARTESIAN_POINT('',(42.,0.));
#234 = VECTOR('',#235,1.);
#235 = DIRECTION('',(0.,1.));
#236 = ( GEOMETRIC_REPRESENTATION_CONTEXT(2) 
PARAMETRIC_REPRESENTATION_CONTEXT() REPRESENTATION_CONTEXT('2D SPACE',''
  ) );
#237 = PCURVE('',#238,#243);
#238 = PLANE('',#239);
#239 = AXIS2_PLACEMENT_3D('',#240,#241,#242);
#240 = CARTESIAN_POINT('',(-21.,-21.,2.331468351713E-15));
#241 = DIRECTION('',(0.,-1.,1.110223024625E-16));
#242 = DIRECTION('',(1.,0.,0.));
#243 = DEFINITIONAL_REPRESENTATION('',(#244),#248);
#244 = LINE('',#245,#246);
#245 = CARTESIAN_POINT('',(0.,0.));
#246 = VECTOR('',#247,1.);
#247 = DIRECTION('',(1.,0.));
#248 = ( GEOMETRIC_REPRESENTATION_CONTEXT(2) 
PARAMETRIC_REPRESENTATION_CONTEXT() REPRESENTATION_CONTEXT('2D SPACE',''
  ) );
#249 = ORIENTED_EDGE('',*,*,#250,.F.);
#250 = EDGE_CURVE('',#251,#223,#253,.T.);
#251 = VERTEX_POINT('',#252);
#252 = CARTESIAN_POINT('',(21.,-16.,1.7763568394E-15));
#253 = SURFACE_CURVE('',#254,(#259,#270),.PCURVE_S1.);
#254 = CIRCLE('',#255,5.);
#255 = AXIS2_PLACEMENT_3D('',#256,#257,#258);
#256 = CARTESIAN_POINT('',(16.,-16.,1.7763568394E-15));
#257 = DIRECTION('',(-0.,-1.110223024625E-16,-1.));
#258 = DIRECTION('',(0.,-1.,1.110223024625E-16));
#259 = PCURVE('',#44,#260);
#260 = DEFINITIONAL_REPRESENTATION('',(#261),#269);
#261 = ( BOUNDED_CURVE() B_SPLINE_CURVE(2,(#262,#263,#264,#265,#266,#267
,#268),.UNSPECIFIED.,.T.,.F.) B_SPLINE_CURVE_WITH_KNOTS((1,2,2,2,2,1),(
    -2.094395102393,0.,2.094395102393,4.188790204786,6.28318530718,
8.377580409573),.UNSPECIFIED.) CURVE() GEOMETRIC_REPRESENTATION_ITEM() 
RATIONAL_B_SPLINE_CURVE((1.,0.5,1.,0.5,1.,0.5,1.)) REPRESENTATION_ITEM(
  '') );
#262 = CARTESIAN_POINT('',(42.,37.));
#263 = CARTESIAN_POINT('',(42.,28.339745962156));
#264 = CARTESIAN_POINT('',(34.5,32.669872981078));
#265 = CARTESIAN_POINT('',(27.,37.));
#266 = CARTESIAN_POINT('',(34.5,41.330127018922));
#267 = CARTESIAN_POINT('',(42.,45.660254037844));
#268 = CARTESIAN_POINT('',(42.,37.));
#269 = ( GEOMETRIC_REPRESENTATION_CONTEXT(2) 
PARAMETRIC_REPRESENTATION_CONTEXT() REPRESENTATION_CONTEXT('2D SPACE',''
  ) );
#270 = PCURVE('',#271,#276);
#271 = CYLINDRICAL_SURFACE('',#272,5.);
#272 = AXIS2_PLACEMENT_3D('',#273,#274,#275);
#273 = CARTESIAN_POINT('',(16.,-16.,1.7763568394E-15));
#274 = DIRECTION('',(0.,1.110223024625E-16,1.));
#275 = DIRECTION('',(1.,0.,0.));
#276 = DEFINITIONAL_REPRESENTATION('',(#277),#281);
#277 = LINE('',#278,#279);
#278 = CARTESIAN_POINT('',(4.712388980385,-0.));
#279 = VECTOR('',#280,1.);
#280 = DIRECTION('',(-1.,0.));
#281 = ( GEOMETRIC_REPRESENTATION_CONTEXT(2) 
PARAMETRIC_REPRESENTATION_CONTEXT() REPRESENTATION_CONTEXT('2D SPACE',''
  ) );
#282 = ORIENTED_EDGE('',*,*,#283,.F.);
#283 = EDGE_CURVE('',#284,#251,#286,.T.);
#284 = VERTEX_POINT('',#285);
#285 = CARTESIAN_POINT('',(21.,16.,-1.7763568394E-15));
#286 = SURFACE_CURVE('',#287,(#291,#298),.PCURVE_S1.);
#287 = LINE('',#288,#289);
#288 = CARTESIAN_POINT('',(21.,21.,-2.331468351713E-15));
#289 = VECTOR('',#290,1.);
#290 = DIRECTION('',(0.,-1.,1.110223024625E-16));
#291 = PCURVE('',#44,#292);
#292 = DEFINITIONAL_REPRESENTATION('',(#293),#297);
#293 = LINE('',#294,#295);
#294 = CARTESIAN_POINT('',(0.,42.));
#295 = VECTOR('',#296,1.);
#296 = DIRECTION('',(1.,0.));
#297 = ( GEOMETRIC_REPRESENTATION_CONTEXT(2) 
PARAMETRIC_REPRESENTATION_CONTEXT() REPRESENTATION_CONTEXT('2D SPACE',''
  ) );
#298 = PCURVE('',#299,#304);
#299 = PLANE('',#300);
#300 = AXIS2_PLACEMENT_3D('',#301,#302,#303);
#301 = CARTESIAN_POINT('',(21.,21.,-2.331468351713E-15));
#302 = DIRECTION('',(1.,0.,0.));
#303 = DIRECTION('',(0.,-1.,1.110223024625E-16));
#304 = DEFINITIONAL_REPRESENTATION('',(#305),#309);
#305 = LINE('',#306,#307);
#306 = CARTESIAN_POINT('',(0.,0.));
#307 = VECTOR('',#308,1.);
#308 = DIRECTION('',(1.,0.));
#309 = ( GEOMETRIC_REPRESENTATION_CONTEXT(2) 
PARAMETRIC_REPRESENTATION_CONTEXT() REPRESENTATION_CONTEXT('2D SPACE',''
  ) );
#310 = ORIENTED_EDGE('',*,*,#311,.T.);
#311 = EDGE_CURVE('',#284,#144,#312,.T.);
#312 = SURFACE_CURVE('',#313,(#318,#325),.PCURVE_S1.);
#313 = CIRCLE('',#314,5.);
#314 = AXIS2_PLACEMENT_3D('',#315,#316,#317);
#315 = CARTESIAN_POINT('',(16.,16.,-1.7763568394E-15));
#316 = DIRECTION('',(-0.,1.110223024625E-16,1.));
#317 = DIRECTION('',(0.,-1.,1.110223024625E-16));
#318 = PCURVE('',#44,#319);
#319 = DEFINITIONAL_REPRESENTATION('',(#320),#324);
#320 = CIRCLE('',#321,5.);
#321 = AXIS2_PLACEMENT_2D('',#322,#323);
#322 = CARTESIAN_POINT('',(5.,37.));
#323 = DIRECTION('',(1.,0.));
#324 = ( GEOMETRIC_REPRESENTATION_CONTEXT(2) 
PARAMETRIC_REPRESENTATION_CONTEXT() REPRESENTATION_CONTEXT('2D SPACE',''
  ) );
#325 = PCURVE('',#326,#331);
#326 = CYLINDRICAL_SURFACE('',#327,5.);
#327 = AXIS2_PLACEMENT_3D('',#328,#329,#330);
#328 = CARTESIAN_POINT('',(16.,16.,-1.7763568394E-15));
#329 = DIRECTION('',(0.,1.110223024625E-16,1.));
#330 = DIRECTION('',(1.,0.,0.));
#331 = DEFINITIONAL_REPRESENTATION('',(#332),#336);
#332 = LINE('',#333,#334);
#333 = CARTESIAN_POINT('',(-1.570796326795,0.));
#334 = VECTOR('',#335,1.);
#335 = DIRECTION('',(1.,0.));
#336 = ( GEOMETRIC_REPRESENTATION_CONTEXT(2) 
PARAMETRIC_REPRESENTATION_CONTEXT() REPRESENTATION_CONTEXT('2D SPACE',''
  ) );
#337 = FACE_BOUND('',#338,.F.);
#338 = EDGE_LOOP('',(#339));
#339 = ORIENTED_EDGE('',*,*,#340,.F.);
#340 = EDGE_CURVE('',#341,#341,#343,.T.);
#341 = VERTEX_POINT('',#342);
#342 = CARTESIAN_POINT('',(-12.5,15.,-1.665334536938E-15));
#343 = SURFACE_CURVE('',#344,(#349,#356),.PCURVE_S1.);
#344 = CIRCLE('',#345,2.5);
#345 = AXIS2_PLACEMENT_3D('',#346,#347,#348);
#346 = CARTESIAN_POINT('',(-15.,15.,-1.665334536938E-15));
#347 = DIRECTION('',(-0.,1.110223024625E-16,1.));
#348 = DIRECTION('',(1.,0.,0.));
#349 = PCURVE('',#44,#350);
#350 = DEFINITIONAL_REPRESENTATION('',(#351),#355);
#351 = CIRCLE('',#352,2.5);
#352 = AXIS2_PLACEMENT_2D('',#353,#354);
#353 = CARTESIAN_POINT('',(6.,6.));
#354 = DIRECTION('',(0.,1.));
#355 = ( GEOMETRIC_REPRESENTATION_CONTEXT(2) 
PARAMETRIC_REPRESENTATION_CONTEXT() REPRESENTATION_CONTEXT('2D SPACE',''
  ) );
#356 = PCURVE('',#357,#362);
#357 = CYLINDRICAL_SURFACE('',#358,2.5);
#358 = AXIS2_PLACEMENT_3D('',#359,#360,#361);
#359 = CARTESIAN_POINT('',(-15.,15.,3.4));
#360 = DIRECTION('',(0.,1.110223024625E-16,1.));
#361 = DIRECTION('',(1.,0.,0.));
#362 = DEFINITIONAL_REPRESENTATION('',(#363),#367);
#363 = LINE('',#364,#365);
#364 = CARTESIAN_POINT('',(-6.28318530718,-3.4));
#365 = VECTOR('',#366,1.);
#366 = DIRECTION('',(1.,-0.));
#367 = ( GEOMETRIC_REPRESENTATION_CONTEXT(2) 
PARAMETRIC_REPRESENTATION_CONTEXT() REPRESENTATION_CONTEXT('2D SPACE',''
  ) );
#368 = FACE_BOUND('',#369,.F.);
#369 = EDGE_LOOP('',(#370));
#370 = ORIENTED_EDGE('',*,*,#371,.F.);
#371 = EDGE_CURVE('',#372,#372,#374,.T.);
#372 = VERTEX_POINT('',#373);
#373 = CARTESIAN_POINT('',(-12.5,-15.,1.665334536938E-15));
#374 = SURFACE_CURVE('',#375,(#380,#387),.PCURVE_S1.);
#375 = CIRCLE('',#376,2.5);
#376 = AXIS2_PLACEMENT_3D('',#377,#378,#379);
#377 = CARTESIAN_POINT('',(-15.,-15.,1.665334536938E-15));
#378 = DIRECTION('',(-0.,1.110223024625E-16,1.));
#379 = DIRECTION('',(1.,0.,0.));
#380 = PCURVE('',#44,#381);
#381 = DEFINITIONAL_REPRESENTATION('',(#382),#386);
#382 = CIRCLE('',#383,2.5);
#383 = AXIS2_PLACEMENT_2D('',#384,#385);
#384 = CARTESIAN_POINT('',(36.,6.));
#385 = DIRECTION('',(0.,1.));
#386 = ( GEOMETRIC_REPRESENTATION_CONTEXT(2) 
PARAMETRIC_REPRESENTATION_CONTEXT() REPRESENTATION_CONTEXT('2D SPACE',''
  ) );
#387 = PCURVE('',#388,#393);
#388 = CYLINDRICAL_SURFACE('',#389,2.5);
#389 = AXIS2_PLACEMENT_3D('',#390,#391,#392);
#390 = CARTESIAN_POINT('',(-15.,-15.,3.4));
#391 = DIRECTION('',(0.,1.110223024625E-16,1.));
#392 = DIRECTION('',(1.,0.,0.));
#393 = DEFINITIONAL_REPRESENTATION('',(#394),#398);
#394 = LINE('',#395,#396);
#395 = CARTESIAN_POINT('',(-6.28318530718,-3.4));
#396 = VECTOR('',#397,1.);
#397 = DIRECTION('',(1.,-0.));
#398 = ( GEOMETRIC_REPRESENTATION_CONTEXT(2) 
PARAMETRIC_REPRESENTATION_CONTEXT() REPRESENTATION_CONTEXT('2D SPACE',''
  ) );
#399 = FACE_BOUND('',#400,.F.);
#400 = EDGE_LOOP('',(#401));
#401 = ORIENTED_EDGE('',*,*,#402,.F.);
#402 = EDGE_CURVE('',#403,#403,#405,.T.);
#403 = VERTEX_POINT('',#404);
#404 = CARTESIAN_POINT('',(17.5,15.,-1.665334536938E-15));
#405 = SURFACE_CURVE('',#406,(#411,#418),.PCURVE_S1.);
#406 = CIRCLE('',#407,2.5);
#407 = AXIS2_PLACEMENT_3D('',#408,#409,#410);
#408 = CARTESIAN_POINT('',(15.,15.,-1.665334536938E-15));
#409 = DIRECTION('',(-0.,1.110223024625E-16,1.));
#410 = DIRECTION('',(1.,0.,0.));
#411 = PCURVE('',#44,#412);
#412 = DEFINITIONAL_REPRESENTATION('',(#413),#417);
#413 = CIRCLE('',#414,2.5);
#414 = AXIS2_PLACEMENT_2D('',#415,#416);
#415 = CARTESIAN_POINT('',(6.,36.));
#416 = DIRECTION('',(0.,1.));
#417 = ( GEOMETRIC_REPRESENTATION_CONTEXT(2) 
PARAMETRIC_REPRESENTATION_CONTEXT() REPRESENTATION_CONTEXT('2D SPACE',''
  ) );
#418 = PCURVE('',#419,#424);
#419 = CYLINDRICAL_SURFACE('',#420,2.5);
#420 = AXIS2_PLACEMENT_3D('',#421,#422,#423);
#421 = CARTESIAN_POINT('',(15.,15.,3.4));
#422 = DIRECTION('',(0.,1.110223024625E-16,1.));
#423 = DIRECTION('',(1.,0.,0.));
#424 = DEFINITIONAL_REPRESENTATION('',(#425),#429);
#425 = LINE('',#426,#427);
#426 = CARTESIAN_POINT('',(-6.28318530718,-3.4));
#427 = VECTOR('',#428,1.);
#428 = DIRECTION('',(1.,-0.));
#429 = ( GEOMETRIC_REPRESENTATION_CONTEXT(2) 
PARAMETRIC_REPRESENTATION_CONTEXT() REPRESENTATION_CONTEXT('2D SPACE',''
  ) );
#430 = FACE_BOUND('',#431,.F.);
#431 = EDGE_LOOP('',(#432,#463,#496,#525,#558,#587,#620,#649,#682,#711,
    #744,#773));
#432 = ORIENTED_EDGE('',*,*,#433,.F.);
#433 = EDGE_CURVE('',#434,#436,#438,.T.);
#434 = VERTEX_POINT('',#435);
#435 = CARTESIAN_POINT('',(13.834164488526,-7.42333435219,
    8.241556717292E-16));
#436 = VERTEX_POINT('',#437);
#437 = CARTESIAN_POINT('',(13.834164488526,7.42333435219,
    -8.241556717292E-16));
#438 = SURFACE_CURVE('',#439,(#444,#451),.PCURVE_S1.);
#439 = CIRCLE('',#440,15.7);
#440 = AXIS2_PLACEMENT_3D('',#441,#442,#443);
#441 = CARTESIAN_POINT('',(0.,0.,0.));
#442 = DIRECTION('',(0.,1.110223024625E-16,1.));
#443 = DIRECTION('',(0.881156973791,-0.472823844089,5.249399182989E-17)
  );
#444 = PCURVE('',#44,#445);
#445 = DEFINITIONAL_REPRESENTATION('',(#446),#450);
#446 = CIRCLE('',#447,15.7);
#447 = AXIS2_PLACEMENT_2D('',#448,#449);
#448 = CARTESIAN_POINT('',(21.,21.));
#449 = DIRECTION('',(0.472823844089,0.881156973791));
#450 = ( GEOMETRIC_REPRESENTATION_CONTEXT(2) 
PARAMETRIC_REPRESENTATION_CONTEXT() REPRESENTATION_CONTEXT('2D SPACE',''
  ) );
#451 = PCURVE('',#452,#457);
#452 = CYLINDRICAL_SURFACE('',#453,15.7);
#453 = AXIS2_PLACEMENT_3D('',#454,#455,#456);
#454 = CARTESIAN_POINT('',(0.,6.217248937901E-16,5.6));
#455 = DIRECTION('',(0.,1.110223024625E-16,1.));
#456 = DIRECTION('',(1.,0.,0.));
#457 = DEFINITIONAL_REPRESENTATION('',(#458),#462);
#458 = LINE('',#459,#460);
#459 = CARTESIAN_POINT('',(-6.775678040326,-5.6));
#460 = VECTOR('',#461,1.);
#461 = DIRECTION('',(1.,-0.));
#462 = ( GEOMETRIC_REPRESENTATION_CONTEXT(2) 
PARAMETRIC_REPRESENTATION_CONTEXT() REPRESENTATION_CONTEXT('2D SPACE',''
  ) );
#463 = ORIENTED_EDGE('',*,*,#464,.F.);
#464 = EDGE_CURVE('',#465,#434,#467,.T.);
#465 = VERTEX_POINT('',#466);
#466 = CARTESIAN_POINT('',(13.345878374045,-8.269070711101,
    9.180512695718E-16));
#467 = SURFACE_CURVE('',#468,(#473,#484),.PCURVE_S1.);
#468 = CIRCLE('',#469,0.5);
#469 = AXIS2_PLACEMENT_3D('',#470,#471,#472);
#470 = CARTESIAN_POINT('',(13.683201379794,-7.9,8.770761894539E-16));
#471 = DIRECTION('',(0.,-1.110223024625E-16,-1.));
#472 = DIRECTION('',(1.,0.,0.));
#473 = PCURVE('',#44,#474);
#474 = DEFINITIONAL_REPRESENTATION('',(#475),#483);
#475 = ( BOUNDED_CURVE() B_SPLINE_CURVE(2,(#476,#477,#478,#479,#480,#481
,#482),.UNSPECIFIED.,.T.,.F.) B_SPLINE_CURVE_WITH_KNOTS((1,2,2,2,2,1),(
    -2.094395102393,0.,2.094395102393,4.188790204786,6.28318530718,
8.377580409573),.UNSPECIFIED.) CURVE() GEOMETRIC_REPRESENTATION_ITEM() 
RATIONAL_B_SPLINE_CURVE((1.,0.5,1.,0.5,1.,0.5,1.)) REPRESENTATION_ITEM(
  '') );
#476 = CARTESIAN_POINT('',(28.9,35.183201379794));
#477 = CARTESIAN_POINT('',(29.766025403784,35.183201379794));
#478 = CARTESIAN_POINT('',(29.333012701892,34.433201379794));
#479 = CARTESIAN_POINT('',(28.9,33.683201379794));
#480 = CARTESIAN_POINT('',(28.466987298108,34.433201379794));
#481 = CARTESIAN_POINT('',(28.033974596216,35.183201379794));
#482 = CARTESIAN_POINT('',(28.9,35.183201379794));
#483 = ( GEOMETRIC_REPRESENTATION_CONTEXT(2) 
PARAMETRIC_REPRESENTATION_CONTEXT() REPRESENTATION_CONTEXT('2D SPACE',''
  ) );
#484 = PCURVE('',#485,#490);
#485 = CYLINDRICAL_SURFACE('',#486,0.5);
#486 = AXIS2_PLACEMENT_3D('',#487,#488,#489);
#487 = CARTESIAN_POINT('',(13.683201379794,-7.9,4.6));
#488 = DIRECTION('',(0.,1.110223024625E-16,1.));
#489 = DIRECTION('',(1.,0.,0.));
#490 = DEFINITIONAL_REPRESENTATION('',(#491),#495);
#491 = LINE('',#492,#493);
#492 = CARTESIAN_POINT('',(-0.,-4.6));
#493 = VECTOR('',#494,1.);
#494 = DIRECTION('',(-1.,0.));
#495 = ( GEOMETRIC_REPRESENTATION_CONTEXT(2) 
PARAMETRIC_REPRESENTATION_CONTEXT() REPRESENTATION_CONTEXT('2D SPACE',''
  ) );
#496 = ORIENTED_EDGE('',*,*,#497,.F.);
#497 = EDGE_CURVE('',#498,#465,#500,.T.);
#498 = VERTEX_POINT('',#499);
#499 = CARTESIAN_POINT('',(0.488286114481,-15.69240506329,
    1.742206941301E-15));
#500 = SURFACE_CURVE('',#501,(#506,#513),.PCURVE_S1.);
#501 = CIRCLE('',#502,15.7);
#502 = AXIS2_PLACEMENT_3D('',#503,#504,#505);
#503 = CARTESIAN_POINT('',(0.,0.,0.));
#504 = DIRECTION('',(0.,1.110223024625E-16,1.));
#505 = DIRECTION('',(0.881156973791,-0.472823844089,5.249399182989E-17)
  );
#506 = PCURVE('',#44,#507);
#507 = DEFINITIONAL_REPRESENTATION('',(#508),#512);
#508 = CIRCLE('',#509,15.7);
#509 = AXIS2_PLACEMENT_2D('',#510,#511);
#510 = CARTESIAN_POINT('',(21.,21.));
#511 = DIRECTION('',(0.472823844089,0.881156973791));
#512 = ( GEOMETRIC_REPRESENTATION_CONTEXT(2) 
PARAMETRIC_REPRESENTATION_CONTEXT() REPRESENTATION_CONTEXT('2D SPACE',''
  ) );
#513 = PCURVE('',#514,#519);
#514 = CYLINDRICAL_SURFACE('',#515,15.7);
#515 = AXIS2_PLACEMENT_3D('',#516,#517,#518);
#516 = CARTESIAN_POINT('',(0.,6.217248937901E-16,5.6));
#517 = DIRECTION('',(0.,1.110223024625E-16,1.));
#518 = DIRECTION('',(1.,0.,0.));
#519 = DEFINITIONAL_REPRESENTATION('',(#520),#524);
#520 = LINE('',#521,#522);
#521 = CARTESIAN_POINT('',(-6.775678040326,-5.6));
#522 = VECTOR('',#523,1.);
#523 = DIRECTION('',(1.,-0.));
#524 = ( GEOMETRIC_REPRESENTATION_CONTEXT(2) 
PARAMETRIC_REPRESENTATION_CONTEXT() REPRESENTATION_CONTEXT('2D SPACE',''
  ) );
#525 = ORIENTED_EDGE('',*,*,#526,.F.);
#526 = EDGE_CURVE('',#527,#498,#529,.T.);
#527 = VERTEX_POINT('',#528);
#528 = CARTESIAN_POINT('',(-0.488286114481,-15.69240506329,
    1.742206941301E-15));
#529 = SURFACE_CURVE('',#530,(#535,#546),.PCURVE_S1.);
#530 = CIRCLE('',#531,0.5);
#531 = AXIS2_PLACEMENT_3D('',#532,#533,#534);
#532 = CARTESIAN_POINT('',(9.674709713264E-16,-15.8,1.754152378908E-15)
  );
#533 = DIRECTION('',(0.,-1.110223024625E-16,-1.));
#534 = DIRECTION('',(1.,0.,0.));
#535 = PCURVE('',#44,#536);
#536 = DEFINITIONAL_REPRESENTATION('',(#537),#545);
#537 = ( BOUNDED_CURVE() B_SPLINE_CURVE(2,(#538,#539,#540,#541,#542,#543
,#544),.UNSPECIFIED.,.T.,.F.) B_SPLINE_CURVE_WITH_KNOTS((1,2,2,2,2,1),(
    -2.094395102393,0.,2.094395102393,4.188790204786,6.28318530718,
8.377580409573),.UNSPECIFIED.) CURVE() GEOMETRIC_REPRESENTATION_ITEM() 
RATIONAL_B_SPLINE_CURVE((1.,0.5,1.,0.5,1.,0.5,1.)) REPRESENTATION_ITEM(
  '') );
#538 = CARTESIAN_POINT('',(36.8,21.5));
#539 = CARTESIAN_POINT('',(37.666025403784,21.5));
#540 = CARTESIAN_POINT('',(37.233012701892,20.75));
#541 = CARTESIAN_POINT('',(36.8,20.));
#542 = CARTESIAN_POINT('',(36.366987298108,20.75));
#543 = CARTESIAN_POINT('',(35.933974596216,21.5));
#544 = CARTESIAN_POINT('',(36.8,21.5));
#545 = ( GEOMETRIC_REPRESENTATION_CONTEXT(2) 
PARAMETRIC_REPRESENTATION_CONTEXT() REPRESENTATION_CONTEXT('2D SPACE',''
  ) );
#546 = PCURVE('',#547,#552);
#547 = CYLINDRICAL_SURFACE('',#548,0.5);
#548 = AXIS2_PLACEMENT_3D('',#549,#550,#551);
#549 = CARTESIAN_POINT('',(9.674709713264E-16,-15.8,4.6));
#550 = DIRECTION('',(0.,1.110223024625E-16,1.));
#551 = DIRECTION('',(1.,0.,0.));
#552 = DEFINITIONAL_REPRESENTATION('',(#553),#557);
#553 = LINE('',#554,#555);
#554 = CARTESIAN_POINT('',(-0.,-4.6));
#555 = VECTOR('',#556,1.);
#556 = DIRECTION('',(-1.,0.));
#557 = ( GEOMETRIC_REPRESENTATION_CONTEXT(2) 
PARAMETRIC_REPRESENTATION_CONTEXT() REPRESENTATION_CONTEXT('2D SPACE',''
  ) );
#558 = ORIENTED_EDGE('',*,*,#559,.F.);
#559 = EDGE_CURVE('',#560,#527,#562,.T.);
#560 = VERTEX_POINT('',#561);
#561 = CARTESIAN_POINT('',(-13.34587837404,-8.269070711101,
    9.180512695718E-16));
#562 = SURFACE_CURVE('',#563,(#568,#575),.PCURVE_S1.);
#563 = CIRCLE('',#564,15.7);
#564 = AXIS2_PLACEMENT_3D('',#565,#566,#567);
#565 = CARTESIAN_POINT('',(0.,0.,0.));
#566 = DIRECTION('',(0.,1.110223024625E-16,1.));
#567 = DIRECTION('',(0.881156973791,-0.472823844089,5.249399182989E-17)
  );
#568 = PCURVE('',#44,#569);
#569 = DEFINITIONAL_REPRESENTATION('',(#570),#574);
#570 = CIRCLE('',#571,15.7);
#571 = AXIS2_PLACEMENT_2D('',#572,#573);
#572 = CARTESIAN_POINT('',(21.,21.));
#573 = DIRECTION('',(0.472823844089,0.881156973791));
#574 = ( GEOMETRIC_REPRESENTATION_CONTEXT(2) 
PARAMETRIC_REPRESENTATION_CONTEXT() REPRESENTATION_CONTEXT('2D SPACE',''
  ) );
#575 = PCURVE('',#576,#581);
#576 = CYLINDRICAL_SURFACE('',#577,15.7);
#577 = AXIS2_PLACEMENT_3D('',#578,#579,#580);
#578 = CARTESIAN_POINT('',(0.,6.217248937901E-16,5.6));
#579 = DIRECTION('',(0.,1.110223024625E-16,1.));
#580 = DIRECTION('',(1.,0.,0.));
#581 = DEFINITIONAL_REPRESENTATION('',(#582),#586);
#582 = LINE('',#583,#584);
#583 = CARTESIAN_POINT('',(-6.775678040326,-5.6));
#584 = VECTOR('',#585,1.);
#585 = DIRECTION('',(1.,-0.));
#586 = ( GEOMETRIC_REPRESENTATION_CONTEXT(2) 
PARAMETRIC_REPRESENTATION_CONTEXT() REPRESENTATION_CONTEXT('2D SPACE',''
  ) );
#587 = ORIENTED_EDGE('',*,*,#588,.F.);
#588 = EDGE_CURVE('',#589,#560,#591,.T.);
#589 = VERTEX_POINT('',#590);
#590 = CARTESIAN_POINT('',(-13.83416448852,-7.42333435219,
    8.241556717292E-16));
#591 = SURFACE_CURVE('',#592,(#597,#608),.PCURVE_S1.);
#592 = CIRCLE('',#593,0.5);
#593 = AXIS2_PLACEMENT_3D('',#594,#595,#596);
#594 = CARTESIAN_POINT('',(-13.68320137979,-7.9,8.770761894539E-16));
#595 = DIRECTION('',(0.,-1.110223024625E-16,-1.));
#596 = DIRECTION('',(-0.301926217464,0.95333129562,-1.058410354493E-16)
  );
#597 = PCURVE('',#44,#598);
#598 = DEFINITIONAL_REPRESENTATION('',(#599),#607);
#599 = ( BOUNDED_CURVE() B_SPLINE_CURVE(2,(#600,#601,#602,#603,#604,#605
,#606),.UNSPECIFIED.,.T.,.F.) B_SPLINE_CURVE_WITH_KNOTS((1,2,2,2,2,1),(
    -2.094395102393,0.,2.094395102393,4.188790204786,6.28318530718,
8.377580409573),.UNSPECIFIED.) CURVE() GEOMETRIC_REPRESENTATION_ITEM() 
RATIONAL_B_SPLINE_CURVE((1.,0.5,1.,0.5,1.,0.5,1.)) REPRESENTATION_ITEM(
  '') );
#600 = CARTESIAN_POINT('',(28.42333435219,7.165835511474));
#601 = CARTESIAN_POINT('',(28.161858577798,7.991444631703));
#602 = CARTESIAN_POINT('',(29.007594936709,7.805084734687));
#603 = CARTESIAN_POINT('',(29.85333129562,7.61872483767));
#604 = CARTESIAN_POINT('',(29.269070711101,6.979475614457));
#605 = CARTESIAN_POINT('',(28.684810126582,6.340226391245));
#606 = CARTESIAN_POINT('',(28.42333435219,7.165835511474));
#607 = ( GEOMETRIC_REPRESENTATION_CONTEXT(2) 
PARAMETRIC_REPRESENTATION_CONTEXT() REPRESENTATION_CONTEXT('2D SPACE',''
  ) );
#608 = PCURVE('',#609,#614);
#609 = CYLINDRICAL_SURFACE('',#610,0.5);
#610 = AXIS2_PLACEMENT_3D('',#611,#612,#613);
#611 = CARTESIAN_POINT('',(-13.68320137979,-7.9,4.6));
#612 = DIRECTION('',(0.,1.110223024625E-16,1.));
#613 = DIRECTION('',(1.,0.,0.));
#614 = DEFINITIONAL_REPRESENTATION('',(#615),#619);
#615 = LINE('',#616,#617);
#616 = CARTESIAN_POINT('',(-4.405676458908,-4.6));
#617 = VECTOR('',#618,1.);
#618 = DIRECTION('',(-1.,0.));
#619 = ( GEOMETRIC_REPRESENTATION_CONTEXT(2) 
PARAMETRIC_REPRESENTATION_CONTEXT() REPRESENTATION_CONTEXT('2D SPACE',''
  ) );
#620 = ORIENTED_EDGE('',*,*,#621,.F.);
#621 = EDGE_CURVE('',#622,#589,#624,.T.);
#622 = VERTEX_POINT('',#623);
#623 = CARTESIAN_POINT('',(-13.83416448852,7.42333435219,
    -8.241556717292E-16));
#624 = SURFACE_CURVE('',#625,(#630,#637),.PCURVE_S1.);
#625 = CIRCLE('',#626,15.7);
#626 = AXIS2_PLACEMENT_3D('',#627,#628,#629);
#627 = CARTESIAN_POINT('',(0.,0.,0.));
#628 = DIRECTION('',(0.,1.110223024625E-16,1.));
#629 = DIRECTION('',(0.881156973791,-0.472823844089,5.249399182989E-17)
  );
#630 = PCURVE('',#44,#631);
#631 = DEFINITIONAL_REPRESENTATION('',(#632),#636);
#632 = CIRCLE('',#633,15.7);
#633 = AXIS2_PLACEMENT_2D('',#634,#635);
#634 = CARTESIAN_POINT('',(21.,21.));
#635 = DIRECTION('',(0.472823844089,0.881156973791));
#636 = ( GEOMETRIC_REPRESENTATION_CONTEXT(2) 
PARAMETRIC_REPRESENTATION_CONTEXT() REPRESENTATION_CONTEXT('2D SPACE',''
  ) );
#637 = PCURVE('',#638,#643);
#638 = CYLINDRICAL_SURFACE('',#639,15.7);
#639 = AXIS2_PLACEMENT_3D('',#640,#641,#642);
#640 = CARTESIAN_POINT('',(0.,6.217248937901E-16,5.6));
#641 = DIRECTION('',(0.,1.110223024625E-16,1.));
#642 = DIRECTION('',(1.,0.,0.));
#643 = DEFINITIONAL_REPRESENTATION('',(#644),#648);
#644 = LINE('',#645,#646);
#645 = CARTESIAN_POINT('',(-6.775678040326,-5.6));
#646 = VECTOR('',#647,1.);
#647 = DIRECTION('',(1.,-0.));
#648 = ( GEOMETRIC_REPRESENTATION_CONTEXT(2) 
PARAMETRIC_REPRESENTATION_CONTEXT() REPRESENTATION_CONTEXT('2D SPACE',''
  ) );
#649 = ORIENTED_EDGE('',*,*,#650,.F.);
#650 = EDGE_CURVE('',#651,#622,#653,.T.);
#651 = VERTEX_POINT('',#652);
#652 = CARTESIAN_POINT('',(-13.34587837404,8.269070711101,
    -9.180512695718E-16));
#653 = SURFACE_CURVE('',#654,(#659,#670),.PCURVE_S1.);
#654 = CIRCLE('',#655,0.5);
#655 = AXIS2_PLACEMENT_3D('',#656,#657,#658);
#656 = CARTESIAN_POINT('',(-13.68320137979,7.9,-8.770761894539E-16));
#657 = DIRECTION('',(0.,-1.110223024625E-16,-1.));
#658 = DIRECTION('',(0.674646011498,0.738141422202,-8.195016023583E-17)
  );
#659 = PCURVE('',#44,#660);
#660 = DEFINITIONAL_REPRESENTATION('',(#661),#669);
#661 = ( BOUNDED_CURVE() B_SPLINE_CURVE(2,(#662,#663,#664,#665,#666,#667
,#668),.UNSPECIFIED.,.T.,.F.) B_SPLINE_CURVE_WITH_KNOTS((1,2,2,2,2,1),(
    -2.094395102393,0.,2.094395102393,4.188790204786,6.28318530718,
8.377580409573),.UNSPECIFIED.) CURVE() GEOMETRIC_REPRESENTATION_ITEM() 
RATIONAL_B_SPLINE_CURVE((1.,0.5,1.,0.5,1.,0.5,1.)) REPRESENTATION_ITEM(
  '') );
#662 = CARTESIAN_POINT('',(12.730929288899,7.654121625955));
#663 = CARTESIAN_POINT('',(13.315189873418,8.293370849167));
#664 = CARTESIAN_POINT('',(13.57666564781,7.467761728938));
#665 = CARTESIAN_POINT('',(13.838141422202,6.642152608708));
#666 = CARTESIAN_POINT('',(12.992405063291,6.828512505725));
#667 = CARTESIAN_POINT('',(12.14666870438,7.014872402742));
#668 = CARTESIAN_POINT('',(12.730929288899,7.654121625955));
#669 = ( GEOMETRIC_REPRESENTATION_CONTEXT(2) 
PARAMETRIC_REPRESENTATION_CONTEXT() REPRESENTATION_CONTEXT('2D SPACE',''
  ) );
#670 = PCURVE('',#671,#676);
#671 = CYLINDRICAL_SURFACE('',#672,0.5);
#672 = AXIS2_PLACEMENT_3D('',#673,#674,#675);
#673 = CARTESIAN_POINT('',(-13.68320137979,7.9,4.6));
#674 = DIRECTION('',(0.,1.110223024625E-16,1.));
#675 = DIRECTION('',(1.,0.,0.));
#676 = DEFINITIONAL_REPRESENTATION('',(#677),#681);
#677 = LINE('',#678,#679);
#678 = CARTESIAN_POINT('',(-5.452874010104,-4.6));
#679 = VECTOR('',#680,1.);
#680 = DIRECTION('',(-1.,0.));
#681 = ( GEOMETRIC_REPRESENTATION_CONTEXT(2) 
PARAMETRIC_REPRESENTATION_CONTEXT() REPRESENTATION_CONTEXT('2D SPACE',''
  ) );
#682 = ORIENTED_EDGE('',*,*,#683,.F.);
#683 = EDGE_CURVE('',#684,#651,#686,.T.);
#684 = VERTEX_POINT('',#685);
#685 = CARTESIAN_POINT('',(-0.488286114481,15.692405063291,
    -1.742206941301E-15));
#686 = SURFACE_CURVE('',#687,(#692,#699),.PCURVE_S1.);
#687 = CIRCLE('',#688,15.7);
#688 = AXIS2_PLACEMENT_3D('',#689,#690,#691);
#689 = CARTESIAN_POINT('',(0.,0.,0.));
#690 = DIRECTION('',(0.,1.110223024625E-16,1.));
#691 = DIRECTION('',(0.881156973791,-0.472823844089,5.249399182989E-17)
  );
#692 = PCURVE('',#44,#693);
#693 = DEFINITIONAL_REPRESENTATION('',(#694),#698);
#694 = CIRCLE('',#695,15.7);
#695 = AXIS2_PLACEMENT_2D('',#696,#697);
#696 = CARTESIAN_POINT('',(21.,21.));
#697 = DIRECTION('',(0.472823844089,0.881156973791));
#698 = ( GEOMETRIC_REPRESENTATION_CONTEXT(2) 
PARAMETRIC_REPRESENTATION_CONTEXT() REPRESENTATION_CONTEXT('2D SPACE',''
  ) );
#699 = PCURVE('',#700,#705);
#700 = CYLINDRICAL_SURFACE('',#701,15.7);
#701 = AXIS2_PLACEMENT_3D('',#702,#703,#704);
#702 = CARTESIAN_POINT('',(0.,6.217248937901E-16,5.6));
#703 = DIRECTION('',(0.,1.110223024625E-16,1.));
#704 = DIRECTION('',(1.,0.,0.));
#705 = DEFINITIONAL_REPRESENTATION('',(#706),#710);
#706 = LINE('',#707,#708);
#707 = CARTESIAN_POINT('',(-6.775678040326,-5.6));
#708 = VECTOR('',#709,1.);
#709 = DIRECTION('',(1.,-0.));
#710 = ( GEOMETRIC_REPRESENTATION_CONTEXT(2) 
PARAMETRIC_REPRESENTATION_CONTEXT() REPRESENTATION_CONTEXT('2D SPACE',''
  ) );
#711 = ORIENTED_EDGE('',*,*,#712,.F.);
#712 = EDGE_CURVE('',#713,#684,#715,.T.);
#713 = VERTEX_POINT('',#714);
#714 = CARTESIAN_POINT('',(0.488286114481,15.692405063291,
    -1.742206941301E-15));
#715 = SURFACE_CURVE('',#716,(#721,#732),.PCURVE_S1.);
#716 = CIRCLE('',#717,0.5);
#717 = AXIS2_PLACEMENT_3D('',#718,#719,#720);
#718 = CARTESIAN_POINT('',(-2.902412913979E-15,15.8,-1.754152378908E-15)
  );
#719 = DIRECTION('',(0.,-1.110223024625E-16,-1.));
#720 = DIRECTION('',(1.,0.,0.));
#721 = PCURVE('',#44,#722);
#722 = DEFINITIONAL_REPRESENTATION('',(#723),#731);
#723 = ( BOUNDED_CURVE() B_SPLINE_CURVE(2,(#724,#725,#726,#727,#728,#729
,#730),.UNSPECIFIED.,.T.,.F.) B_SPLINE_CURVE_WITH_KNOTS((1,2,2,2,2,1),(
    -2.094395102393,0.,2.094395102393,4.188790204786,6.28318530718,
8.377580409573),.UNSPECIFIED.) CURVE() GEOMETRIC_REPRESENTATION_ITEM() 
RATIONAL_B_SPLINE_CURVE((1.,0.5,1.,0.5,1.,0.5,1.)) REPRESENTATION_ITEM(
  '') );
#724 = CARTESIAN_POINT('',(5.2,21.5));
#725 = CARTESIAN_POINT('',(6.066025403784,21.5));
#726 = CARTESIAN_POINT('',(5.633012701892,20.75));
#727 = CARTESIAN_POINT('',(5.2,20.));
#728 = CARTESIAN_POINT('',(4.766987298108,20.75));
#729 = CARTESIAN_POINT('',(4.333974596216,21.5));
#730 = CARTESIAN_POINT('',(5.2,21.5));
#731 = ( GEOMETRIC_REPRESENTATION_CONTEXT(2) 
PARAMETRIC_REPRESENTATION_CONTEXT() REPRESENTATION_CONTEXT('2D SPACE',''
  ) );
#732 = PCURVE('',#733,#738);
#733 = CYLINDRICAL_SURFACE('',#734,0.5);
#734 = AXIS2_PLACEMENT_3D('',#735,#736,#737);
#735 = CARTESIAN_POINT('',(-2.902412913979E-15,15.8,4.6));
#736 = DIRECTION('',(0.,1.110223024625E-16,1.));
#737 = DIRECTION('',(1.,0.,0.));
#738 = DEFINITIONAL_REPRESENTATION('',(#739),#743);
#739 = LINE('',#740,#741);
#740 = CARTESIAN_POINT('',(-0.,-4.6));
#741 = VECTOR('',#742,1.);
#742 = DIRECTION('',(-1.,0.));
#743 = ( GEOMETRIC_REPRESENTATION_CONTEXT(2) 
PARAMETRIC_REPRESENTATION_CONTEXT() REPRESENTATION_CONTEXT('2D SPACE',''
  ) );
#744 = ORIENTED_EDGE('',*,*,#745,.F.);
#745 = EDGE_CURVE('',#746,#713,#748,.T.);
#746 = VERTEX_POINT('',#747);
#747 = CARTESIAN_POINT('',(13.345878374045,8.269070711101,
    -9.180512695718E-16));
#748 = SURFACE_CURVE('',#749,(#754,#761),.PCURVE_S1.);
#749 = CIRCLE('',#750,15.7);
#750 = AXIS2_PLACEMENT_3D('',#751,#752,#753);
#751 = CARTESIAN_POINT('',(0.,0.,0.));
#752 = DIRECTION('',(0.,1.110223024625E-16,1.));
#753 = DIRECTION('',(0.881156973791,-0.472823844089,5.249399182989E-17)
  );
#754 = PCURVE('',#44,#755);
#755 = DEFINITIONAL_REPRESENTATION('',(#756),#760);
#756 = CIRCLE('',#757,15.7);
#757 = AXIS2_PLACEMENT_2D('',#758,#759);
#758 = CARTESIAN_POINT('',(21.,21.));
#759 = DIRECTION('',(0.472823844089,0.881156973791));
#760 = ( GEOMETRIC_REPRESENTATION_CONTEXT(2) 
PARAMETRIC_REPRESENTATION_CONTEXT() REPRESENTATION_CONTEXT('2D SPACE',''
  ) );
#761 = PCURVE('',#762,#767);
#762 = CYLINDRICAL_SURFACE('',#763,15.7);
#763 = AXIS2_PLACEMENT_3D('',#764,#765,#766);
#764 = CARTESIAN_POINT('',(0.,6.217248937901E-16,5.6));
#765 = DIRECTION('',(0.,1.110223024625E-16,1.));
#766 = DIRECTION('',(1.,0.,0.));
#767 = DEFINITIONAL_REPRESENTATION('',(#768),#772);
#768 = LINE('',#769,#770);
#769 = CARTESIAN_POINT('',(-6.775678040326,-5.6));
#770 = VECTOR('',#771,1.);
#771 = DIRECTION('',(1.,-0.));
#772 = ( GEOMETRIC_REPRESENTATION_CONTEXT(2) 
PARAMETRIC_REPRESENTATION_CONTEXT() REPRESENTATION_CONTEXT('2D SPACE',''
  ) );
#773 = ORIENTED_EDGE('',*,*,#774,.F.);
#774 = EDGE_CURVE('',#436,#746,#775,.T.);
#775 = SURFACE_CURVE('',#776,(#781,#792),.PCURVE_S1.);
#776 = CIRCLE('',#777,0.5);
#777 = AXIS2_PLACEMENT_3D('',#778,#779,#780);
#778 = CARTESIAN_POINT('',(13.683201379794,7.9,-8.770761894539E-16));
#779 = DIRECTION('',(0.,-1.110223024625E-16,-1.));
#780 = DIRECTION('',(1.,0.,0.));
#781 = PCURVE('',#44,#782);
#782 = DEFINITIONAL_REPRESENTATION('',(#783),#791);
#783 = ( BOUNDED_CURVE() B_SPLINE_CURVE(2,(#784,#785,#786,#787,#788,#789
,#790),.UNSPECIFIED.,.T.,.F.) B_SPLINE_CURVE_WITH_KNOTS((1,2,2,2,2,1),(
    -2.094395102393,0.,2.094395102393,4.188790204786,6.28318530718,
8.377580409573),.UNSPECIFIED.) CURVE() GEOMETRIC_REPRESENTATION_ITEM() 
RATIONAL_B_SPLINE_CURVE((1.,0.5,1.,0.5,1.,0.5,1.)) REPRESENTATION_ITEM(
  '') );
#784 = CARTESIAN_POINT('',(13.1,35.183201379794));
#785 = CARTESIAN_POINT('',(13.966025403784,35.183201379794));
#786 = CARTESIAN_POINT('',(13.533012701892,34.433201379794));
#787 = CARTESIAN_POINT('',(13.1,33.683201379794));
#788 = CARTESIAN_POINT('',(12.666987298108,34.433201379794));
#789 = CARTESIAN_POINT('',(12.233974596216,35.183201379794));
#790 = CARTESIAN_POINT('',(13.1,35.183201379794));
#791 = ( GEOMETRIC_REPRESENTATION_CONTEXT(2) 
PARAMETRIC_REPRESENTATION_CONTEXT() REPRESENTATION_CONTEXT('2D SPACE',''
  ) );
#792 = PCURVE('',#793,#798);
#793 = CYLINDRICAL_SURFACE('',#794,0.5);
#794 = AXIS2_PLACEMENT_3D('',#795,#796,#797);
#795 = CARTESIAN_POINT('',(13.683201379794,7.9,4.6));
#796 = DIRECTION('',(0.,1.110223024625E-16,1.));
#797 = DIRECTION('',(1.,0.,0.));
#798 = DEFINITIONAL_REPRESENTATION('',(#799),#803);
#799 = LINE('',#800,#801);
#800 = CARTESIAN_POINT('',(-0.,-4.6));
#801 = VECTOR('',#802,1.);
#802 = DIRECTION('',(-1.,0.));
#803 = ( GEOMETRIC_REPRESENTATION_CONTEXT(2) 
PARAMETRIC_REPRESENTATION_CONTEXT() REPRESENTATION_CONTEXT('2D SPACE',''
  ) );
#804 = FACE_BOUND('',#805,.F.);
#805 = EDGE_LOOP('',(#806));
#806 = ORIENTED_EDGE('',*,*,#807,.F.);
#807 = EDGE_CURVE('',#808,#808,#810,.T.);
#808 = VERTEX_POINT('',#809);
#809 = CARTESIAN_POINT('',(17.5,-15.,1.665334536938E-15));
#810 = SURFACE_CURVE('',#811,(#816,#823),.PCURVE_S1.);
#811 = CIRCLE('',#812,2.5);
#812 = AXIS2_PLACEMENT_3D('',#813,#814,#815);
#813 = CARTESIAN_POINT('',(15.,-15.,1.665334536938E-15));
#814 = DIRECTION('',(-0.,1.110223024625E-16,1.));
#815 = DIRECTION('',(1.,0.,0.));
#816 = PCURVE('',#44,#817);
#817 = DEFINITIONAL_REPRESENTATION('',(#818),#822);
#818 = CIRCLE('',#819,2.5);
#819 = AXIS2_PLACEMENT_2D('',#820,#821);
#820 = CARTESIAN_POINT('',(36.,36.));
#821 = DIRECTION('',(0.,1.));
#822 = ( GEOMETRIC_REPRESENTATION_CONTEXT(2) 
PARAMETRIC_REPRESENTATION_CONTEXT() REPRESENTATION_CONTEXT('2D SPACE',''
  ) );
#823 = PCURVE('',#824,#829);
#824 = CYLINDRICAL_SURFACE('',#825,2.5);
#825 = AXIS2_PLACEMENT_3D('',#826,#827,#828);
#826 = CARTESIAN_POINT('',(15.,-15.,3.4));
#827 = DIRECTION('',(0.,1.110223024625E-16,1.));
#828 = DIRECTION('',(1.,0.,0.));
#829 = DEFINITIONAL_REPRESENTATION('',(#830),#834);
#830 = LINE('',#831,#832);
#831 = CARTESIAN_POINT('',(-6.28318530718,-3.4));
#832 = VECTOR('',#833,1.);
#833 = DIRECTION('',(1.,-0.));
#834 = ( GEOMETRIC_REPRESENTATION_CONTEXT(2) 
PARAMETRIC_REPRESENTATION_CONTEXT() REPRESENTATION_CONTEXT('2D SPACE',''
  ) );
#835 = ADVANCED_FACE('',(#836),#72,.T.);
#836 = FACE_BOUND('',#837,.F.);
#837 = EDGE_LOOP('',(#838,#839,#862,#888));
#838 = ORIENTED_EDGE('',*,*,#171,.T.);
#839 = ORIENTED_EDGE('',*,*,#840,.T.);
#840 = EDGE_CURVE('',#142,#841,#843,.T.);
#841 = VERTEX_POINT('',#842);
#842 = CARTESIAN_POINT('',(-16.,21.,4.6));
#843 = SURFACE_CURVE('',#844,(#848,#855),.PCURVE_S1.);
#844 = LINE('',#845,#846);
#845 = CARTESIAN_POINT('',(-16.,21.,-2.331468351713E-15));
#846 = VECTOR('',#847,1.);
#847 = DIRECTION('',(0.,1.110223024625E-16,1.));
#848 = PCURVE('',#72,#849);
#849 = DEFINITIONAL_REPRESENTATION('',(#850),#854);
#850 = LINE('',#851,#852);
#851 = CARTESIAN_POINT('',(-1.570796326795,0.));
#852 = VECTOR('',#853,1.);
#853 = DIRECTION('',(-0.,1.));
#854 = ( GEOMETRIC_REPRESENTATION_CONTEXT(2) 
PARAMETRIC_REPRESENTATION_CONTEXT() REPRESENTATION_CONTEXT('2D SPACE',''
  ) );
#855 = PCURVE('',#159,#856);
#856 = DEFINITIONAL_REPRESENTATION('',(#857),#861);
#857 = LINE('',#858,#859);
#858 = CARTESIAN_POINT('',(5.,0.));
#859 = VECTOR('',#860,1.);
#860 = DIRECTION('',(0.,1.));
#861 = ( GEOMETRIC_REPRESENTATION_CONTEXT(2) 
PARAMETRIC_REPRESENTATION_CONTEXT() REPRESENTATION_CONTEXT('2D SPACE',''
  ) );
#862 = ORIENTED_EDGE('',*,*,#863,.F.);
#863 = EDGE_CURVE('',#57,#841,#864,.T.);
#864 = SURFACE_CURVE('',#865,(#870,#877),.PCURVE_S1.);
#865 = CIRCLE('',#866,5.);
#866 = AXIS2_PLACEMENT_3D('',#867,#868,#869);
#867 = CARTESIAN_POINT('',(-16.,16.,4.6));
#868 = DIRECTION('',(-0.,-1.110223024625E-16,-1.));
#869 = DIRECTION('',(0.,-1.,1.110223024625E-16));
#870 = PCURVE('',#72,#871);
#871 = DEFINITIONAL_REPRESENTATION('',(#872),#876);
#872 = LINE('',#873,#874);
#873 = CARTESIAN_POINT('',(1.570796326795,4.6));
#874 = VECTOR('',#875,1.);
#875 = DIRECTION('',(-1.,0.));
#876 = ( GEOMETRIC_REPRESENTATION_CONTEXT(2) 
PARAMETRIC_REPRESENTATION_CONTEXT() REPRESENTATION_CONTEXT('2D SPACE',''
  ) );
#877 = PCURVE('',#100,#878);
#878 = DEFINITIONAL_REPRESENTATION('',(#879),#887);
#879 = ( BOUNDED_CURVE() B_SPLINE_CURVE(2,(#880,#881,#882,#883,#884,#885
,#886),.UNSPECIFIED.,.T.,.F.) B_SPLINE_CURVE_WITH_KNOTS((1,2,2,2,2,1),(
    -2.094395102393,0.,2.094395102393,4.188790204786,6.28318530718,
8.377580409573),.UNSPECIFIED.) CURVE() GEOMETRIC_REPRESENTATION_ITEM() 
RATIONAL_B_SPLINE_CURVE((1.,0.5,1.,0.5,1.,0.5,1.)) REPRESENTATION_ITEM(
  '') );
#880 = CARTESIAN_POINT('',(10.,5.));
#881 = CARTESIAN_POINT('',(10.,-3.660254037844));
#882 = CARTESIAN_POINT('',(2.5,0.669872981078));
#883 = CARTESIAN_POINT('',(-5.,5.));
#884 = CARTESIAN_POINT('',(2.5,9.330127018922));
#885 = CARTESIAN_POINT('',(10.,13.660254037844));
#886 = CARTESIAN_POINT('',(10.,5.));
#887 = ( GEOMETRIC_REPRESENTATION_CONTEXT(2) 
PARAMETRIC_REPRESENTATION_CONTEXT() REPRESENTATION_CONTEXT('2D SPACE',''
  ) );
#888 = ORIENTED_EDGE('',*,*,#56,.F.);
#889 = ADVANCED_FACE('',(#890),#126,.T.);
#890 = FACE_BOUND('',#891,.T.);
#891 = EDGE_LOOP('',(#892,#893,#916,#938));
#892 = ORIENTED_EDGE('',*,*,#198,.T.);
#893 = ORIENTED_EDGE('',*,*,#894,.T.);
#894 = EDGE_CURVE('',#199,#895,#897,.T.);
#895 = VERTEX_POINT('',#896);
#896 = CARTESIAN_POINT('',(-16.,-21.,4.6));
#897 = SURFACE_CURVE('',#898,(#902,#909),.PCURVE_S1.);
#898 = LINE('',#899,#900);
#899 = CARTESIAN_POINT('',(-16.,-21.,2.331468351713E-15));
#900 = VECTOR('',#901,1.);
#901 = DIRECTION('',(0.,1.110223024625E-16,1.));
#902 = PCURVE('',#126,#903);
#903 = DEFINITIONAL_REPRESENTATION('',(#904),#908);
#904 = LINE('',#905,#906);
#905 = CARTESIAN_POINT('',(1.570796326795,0.));
#906 = VECTOR('',#907,1.);
#907 = DIRECTION('',(0.,1.));
#908 = ( GEOMETRIC_REPRESENTATION_CONTEXT(2) 
PARAMETRIC_REPRESENTATION_CONTEXT() REPRESENTATION_CONTEXT('2D SPACE',''
  ) );
#909 = PCURVE('',#238,#910);
#910 = DEFINITIONAL_REPRESENTATION('',(#911),#915);
#911 = LINE('',#912,#913);
#912 = CARTESIAN_POINT('',(5.,0.));
#913 = VECTOR('',#914,1.);
#914 = DIRECTION('',(0.,1.));
#915 = ( GEOMETRIC_REPRESENTATION_CONTEXT(2) 
PARAMETRIC_REPRESENTATION_CONTEXT() REPRESENTATION_CONTEXT('2D SPACE',''
  ) );
#916 = ORIENTED_EDGE('',*,*,#917,.F.);
#917 = EDGE_CURVE('',#85,#895,#918,.T.);
#918 = SURFACE_CURVE('',#919,(#924,#931),.PCURVE_S1.);
#919 = CIRCLE('',#920,5.);
#920 = AXIS2_PLACEMENT_3D('',#921,#922,#923);
#921 = CARTESIAN_POINT('',(-16.,-16.,4.6));
#922 = DIRECTION('',(-0.,1.110223024625E-16,1.));
#923 = DIRECTION('',(0.,-1.,1.110223024625E-16));
#924 = PCURVE('',#126,#925);
#925 = DEFINITIONAL_REPRESENTATION('',(#926),#930);
#926 = LINE('',#927,#928);
#927 = CARTESIAN_POINT('',(-4.712388980385,4.6));
#928 = VECTOR('',#929,1.);
#929 = DIRECTION('',(1.,0.));
#930 = ( GEOMETRIC_REPRESENTATION_CONTEXT(2) 
PARAMETRIC_REPRESENTATION_CONTEXT() REPRESENTATION_CONTEXT('2D SPACE',''
  ) );
#931 = PCURVE('',#100,#932);
#932 = DEFINITIONAL_REPRESENTATION('',(#933),#937);
#933 = CIRCLE('',#934,5.);
#934 = AXIS2_PLACEMENT_2D('',#935,#936);
#935 = CARTESIAN_POINT('',(37.,5.));
#936 = DIRECTION('',(1.,0.));
#937 = ( GEOMETRIC_REPRESENTATION_CONTEXT(2) 
PARAMETRIC_REPRESENTATION_CONTEXT() REPRESENTATION_CONTEXT('2D SPACE',''
  ) );
#938 = ORIENTED_EDGE('',*,*,#112,.F.);
#939 = ADVANCED_FACE('',(#940,#1064,#1095,#1126,#1157,#1487),#100,.T.);
#940 = FACE_BOUND('',#941,.T.);
#941 = EDGE_LOOP('',(#942,#965,#966,#967,#968,#991,#1019,#1042));
#942 = ORIENTED_EDGE('',*,*,#943,.F.);
#943 = EDGE_CURVE('',#841,#944,#946,.T.);
#944 = VERTEX_POINT('',#945);
#945 = CARTESIAN_POINT('',(16.,21.,4.6));
#946 = SURFACE_CURVE('',#947,(#951,#958),.PCURVE_S1.);
#947 = LINE('',#948,#949);
#948 = CARTESIAN_POINT('',(-21.,21.,4.6));
#949 = VECTOR('',#950,1.);
#950 = DIRECTION('',(1.,0.,0.));
#951 = PCURVE('',#100,#952);
#952 = DEFINITIONAL_REPRESENTATION('',(#953),#957);
#953 = LINE('',#954,#955);
#954 = CARTESIAN_POINT('',(0.,0.));
#955 = VECTOR('',#956,1.);
#956 = DIRECTION('',(0.,1.));
#957 = ( GEOMETRIC_REPRESENTATION_CONTEXT(2) 
PARAMETRIC_REPRESENTATION_CONTEXT() REPRESENTATION_CONTEXT('2D SPACE',''
  ) );
#958 = PCURVE('',#159,#959);
#959 = DEFINITIONAL_REPRESENTATION('',(#960),#964);
#960 = LINE('',#961,#962);
#961 = CARTESIAN_POINT('',(0.,4.6));
#962 = VECTOR('',#963,1.);
#963 = DIRECTION('',(1.,0.));
#964 = ( GEOMETRIC_REPRESENTATION_CONTEXT(2) 
PARAMETRIC_REPRESENTATION_CONTEXT() REPRESENTATION_CONTEXT('2D SPACE',''
  ) );
#965 = ORIENTED_EDGE('',*,*,#863,.F.);
#966 = ORIENTED_EDGE('',*,*,#84,.T.);
#967 = ORIENTED_EDGE('',*,*,#917,.T.);
#968 = ORIENTED_EDGE('',*,*,#969,.T.);
#969 = EDGE_CURVE('',#895,#970,#972,.T.);
#970 = VERTEX_POINT('',#971);
#971 = CARTESIAN_POINT('',(16.,-21.,4.6));
#972 = SURFACE_CURVE('',#973,(#977,#984),.PCURVE_S1.);
#973 = LINE('',#974,#975);
#974 = CARTESIAN_POINT('',(-21.,-21.,4.6));
#975 = VECTOR('',#976,1.);
#976 = DIRECTION('',(1.,0.,0.));
#977 = PCURVE('',#100,#978);
#978 = DEFINITIONAL_REPRESENTATION('',(#979),#983);
#979 = LINE('',#980,#981);
#980 = CARTESIAN_POINT('',(42.,0.));
#981 = VECTOR('',#982,1.);
#982 = DIRECTION('',(0.,1.));
#983 = ( GEOMETRIC_REPRESENTATION_CONTEXT(2) 
PARAMETRIC_REPRESENTATION_CONTEXT() REPRESENTATION_CONTEXT('2D SPACE',''
  ) );
#984 = PCURVE('',#238,#985);
#985 = DEFINITIONAL_REPRESENTATION('',(#986),#990);
#986 = LINE('',#987,#988);
#987 = CARTESIAN_POINT('',(0.,4.6));
#988 = VECTOR('',#989,1.);
#989 = DIRECTION('',(1.,0.));
#990 = ( GEOMETRIC_REPRESENTATION_CONTEXT(2) 
PARAMETRIC_REPRESENTATION_CONTEXT() REPRESENTATION_CONTEXT('2D SPACE',''
  ) );
#991 = ORIENTED_EDGE('',*,*,#992,.F.);
#992 = EDGE_CURVE('',#993,#970,#995,.T.);
#993 = VERTEX_POINT('',#994);
#994 = CARTESIAN_POINT('',(21.,-16.,4.6));
#995 = SURFACE_CURVE('',#996,(#1001,#1012),.PCURVE_S1.);
#996 = CIRCLE('',#997,5.);
#997 = AXIS2_PLACEMENT_3D('',#998,#999,#1000);
#998 = CARTESIAN_POINT('',(16.,-16.,4.6));
#999 = DIRECTION('',(-0.,-1.110223024625E-16,-1.));
#1000 = DIRECTION('',(0.,-1.,1.110223024625E-16));
#1001 = PCURVE('',#100,#1002);
#1002 = DEFINITIONAL_REPRESENTATION('',(#1003),#1011);
#1003 = ( BOUNDED_CURVE() B_SPLINE_CURVE(2,(#1004,#1005,#1006,#1007,
#1008,#1009,#1010),.UNSPECIFIED.,.T.,.F.) B_SPLINE_CURVE_WITH_KNOTS((1,2
    ,2,2,2,1),(-2.094395102393,0.,2.094395102393,4.188790204786,
6.28318530718,8.377580409573),.UNSPECIFIED.) CURVE() 
GEOMETRIC_REPRESENTATION_ITEM() RATIONAL_B_SPLINE_CURVE((1.,0.5,1.,0.5,
1.,0.5,1.)) REPRESENTATION_ITEM('') );
#1004 = CARTESIAN_POINT('',(42.,37.));
#1005 = CARTESIAN_POINT('',(42.,28.339745962156));
#1006 = CARTESIAN_POINT('',(34.5,32.669872981078));
#1007 = CARTESIAN_POINT('',(27.,37.));
#1008 = CARTESIAN_POINT('',(34.5,41.330127018922));
#1009 = CARTESIAN_POINT('',(42.,45.660254037844));
#1010 = CARTESIAN_POINT('',(42.,37.));
#1011 = ( GEOMETRIC_REPRESENTATION_CONTEXT(2) 
PARAMETRIC_REPRESENTATION_CONTEXT() REPRESENTATION_CONTEXT('2D SPACE',''
  ) );
#1012 = PCURVE('',#271,#1013);
#1013 = DEFINITIONAL_REPRESENTATION('',(#1014),#1018);
#1014 = LINE('',#1015,#1016);
#1015 = CARTESIAN_POINT('',(4.712388980385,4.6));
#1016 = VECTOR('',#1017,1.);
#1017 = DIRECTION('',(-1.,0.));
#1018 = ( GEOMETRIC_REPRESENTATION_CONTEXT(2) 
PARAMETRIC_REPRESENTATION_CONTEXT() REPRESENTATION_CONTEXT('2D SPACE',''
  ) );
#1019 = ORIENTED_EDGE('',*,*,#1020,.F.);
#1020 = EDGE_CURVE('',#1021,#993,#1023,.T.);
#1021 = VERTEX_POINT('',#1022);
#1022 = CARTESIAN_POINT('',(21.,16.,4.6));
#1023 = SURFACE_CURVE('',#1024,(#1028,#1035),.PCURVE_S1.);
#1024 = LINE('',#1025,#1026);
#1025 = CARTESIAN_POINT('',(21.,21.,4.6));
#1026 = VECTOR('',#1027,1.);
#1027 = DIRECTION('',(0.,-1.,1.110223024625E-16));
#1028 = PCURVE('',#100,#1029);
#1029 = DEFINITIONAL_REPRESENTATION('',(#1030),#1034);
#1030 = LINE('',#1031,#1032);
#1031 = CARTESIAN_POINT('',(0.,42.));
#1032 = VECTOR('',#1033,1.);
#1033 = DIRECTION('',(1.,0.));
#1034 = ( GEOMETRIC_REPRESENTATION_CONTEXT(2) 
PARAMETRIC_REPRESENTATION_CONTEXT() REPRESENTATION_CONTEXT('2D SPACE',''
  ) );
#1035 = PCURVE('',#299,#1036);
#1036 = DEFINITIONAL_REPRESENTATION('',(#1037),#1041);
#1037 = LINE('',#1038,#1039);
#1038 = CARTESIAN_POINT('',(5.107025913276E-16,-4.6));
#1039 = VECTOR('',#1040,1.);
#1040 = DIRECTION('',(1.,0.));
#1041 = ( GEOMETRIC_REPRESENTATION_CONTEXT(2) 
PARAMETRIC_REPRESENTATION_CONTEXT() REPRESENTATION_CONTEXT('2D SPACE',''
  ) );
#1042 = ORIENTED_EDGE('',*,*,#1043,.T.);
#1043 = EDGE_CURVE('',#1021,#944,#1044,.T.);
#1044 = SURFACE_CURVE('',#1045,(#1050,#1057),.PCURVE_S1.);
#1045 = CIRCLE('',#1046,5.);
#1046 = AXIS2_PLACEMENT_3D('',#1047,#1048,#1049);
#1047 = CARTESIAN_POINT('',(16.,16.,4.6));
#1048 = DIRECTION('',(-0.,1.110223024625E-16,1.));
#1049 = DIRECTION('',(0.,-1.,1.110223024625E-16));
#1050 = PCURVE('',#100,#1051);
#1051 = DEFINITIONAL_REPRESENTATION('',(#1052),#1056);
#1052 = CIRCLE('',#1053,5.);
#1053 = AXIS2_PLACEMENT_2D('',#1054,#1055);
#1054 = CARTESIAN_POINT('',(5.,37.));
#1055 = DIRECTION('',(1.,0.));
#1056 = ( GEOMETRIC_REPRESENTATION_CONTEXT(2) 
PARAMETRIC_REPRESENTATION_CONTEXT() REPRESENTATION_CONTEXT('2D SPACE',''
  ) );
#1057 = PCURVE('',#326,#1058);
#1058 = DEFINITIONAL_REPRESENTATION('',(#1059),#1063);
#1059 = LINE('',#1060,#1061);
#1060 = CARTESIAN_POINT('',(-1.570796326795,4.6));
#1061 = VECTOR('',#1062,1.);
#1062 = DIRECTION('',(1.,0.));
#1063 = ( GEOMETRIC_REPRESENTATION_CONTEXT(2) 
PARAMETRIC_REPRESENTATION_CONTEXT() REPRESENTATION_CONTEXT('2D SPACE',''
  ) );
#1064 = FACE_BOUND('',#1065,.T.);
#1065 = EDGE_LOOP('',(#1066));
#1066 = ORIENTED_EDGE('',*,*,#1067,.F.);
#1067 = EDGE_CURVE('',#1068,#1068,#1070,.T.);
#1068 = VERTEX_POINT('',#1069);
#1069 = CARTESIAN_POINT('',(-12.4,15.,4.6));
#1070 = SURFACE_CURVE('',#1071,(#1076,#1083),.PCURVE_S1.);
#1071 = CIRCLE('',#1072,2.6);
#1072 = AXIS2_PLACEMENT_3D('',#1073,#1074,#1075);
#1073 = CARTESIAN_POINT('',(-15.,15.,4.6));
#1074 = DIRECTION('',(-0.,1.110223024625E-16,1.));
#1075 = DIRECTION('',(1.,0.,0.));
#1076 = PCURVE('',#100,#1077);
#1077 = DEFINITIONAL_REPRESENTATION('',(#1078),#1082);
#1078 = CIRCLE('',#1079,2.6);
#1079 = AXIS2_PLACEMENT_2D('',#1080,#1081);
#1080 = CARTESIAN_POINT('',(6.,6.));
#1081 = DIRECTION('',(0.,1.));
#1082 = ( GEOMETRIC_REPRESENTATION_CONTEXT(2) 
PARAMETRIC_REPRESENTATION_CONTEXT() REPRESENTATION_CONTEXT('2D SPACE',''
  ) );
#1083 = PCURVE('',#1084,#1089);
#1084 = CYLINDRICAL_SURFACE('',#1085,2.6);
#1085 = AXIS2_PLACEMENT_3D('',#1086,#1087,#1088);
#1086 = CARTESIAN_POINT('',(-15.,15.,16.65));
#1087 = DIRECTION('',(0.,1.110223024625E-16,1.));
#1088 = DIRECTION('',(1.,0.,0.));
#1089 = DEFINITIONAL_REPRESENTATION('',(#1090),#1094);
#1090 = LINE('',#1091,#1092);
#1091 = CARTESIAN_POINT('',(-6.28318530718,-12.05));
#1092 = VECTOR('',#1093,1.);
#1093 = DIRECTION('',(1.,-0.));
#1094 = ( GEOMETRIC_REPRESENTATION_CONTEXT(2) 
PARAMETRIC_REPRESENTATION_CONTEXT() REPRESENTATION_CONTEXT('2D SPACE',''
  ) );
#1095 = FACE_BOUND('',#1096,.T.);
#1096 = EDGE_LOOP('',(#1097));
#1097 = ORIENTED_EDGE('',*,*,#1098,.F.);
#1098 = EDGE_CURVE('',#1099,#1099,#1101,.T.);
#1099 = VERTEX_POINT('',#1100);
#1100 = CARTESIAN_POINT('',(-12.4,-15.,4.6));
#1101 = SURFACE_CURVE('',#1102,(#1107,#1114),.PCURVE_S1.);
#1102 = CIRCLE('',#1103,2.6);
#1103 = AXIS2_PLACEMENT_3D('',#1104,#1105,#1106);
#1104 = CARTESIAN_POINT('',(-15.,-15.,4.6));
#1105 = DIRECTION('',(-0.,1.110223024625E-16,1.));
#1106 = DIRECTION('',(1.,0.,0.));
#1107 = PCURVE('',#100,#1108);
#1108 = DEFINITIONAL_REPRESENTATION('',(#1109),#1113);
#1109 = CIRCLE('',#1110,2.6);
#1110 = AXIS2_PLACEMENT_2D('',#1111,#1112);
#1111 = CARTESIAN_POINT('',(36.,6.));
#1112 = DIRECTION('',(0.,1.));
#1113 = ( GEOMETRIC_REPRESENTATION_CONTEXT(2) 
PARAMETRIC_REPRESENTATION_CONTEXT() REPRESENTATION_CONTEXT('2D SPACE',''
  ) );
#1114 = PCURVE('',#1115,#1120);
#1115 = CYLINDRICAL_SURFACE('',#1116,2.6);
#1116 = AXIS2_PLACEMENT_3D('',#1117,#1118,#1119);
#1117 = CARTESIAN_POINT('',(-15.,-15.,16.65));
#1118 = DIRECTION('',(0.,1.110223024625E-16,1.));
#1119 = DIRECTION('',(1.,0.,0.));
#1120 = DEFINITIONAL_REPRESENTATION('',(#1121),#1125);
#1121 = LINE('',#1122,#1123);
#1122 = CARTESIAN_POINT('',(-6.28318530718,-12.05));
#1123 = VECTOR('',#1124,1.);
#1124 = DIRECTION('',(1.,-0.));
#1125 = ( GEOMETRIC_REPRESENTATION_CONTEXT(2) 
PARAMETRIC_REPRESENTATION_CONTEXT() REPRESENTATION_CONTEXT('2D SPACE',''
  ) );
#1126 = FACE_BOUND('',#1127,.T.);
#1127 = EDGE_LOOP('',(#1128));
#1128 = ORIENTED_EDGE('',*,*,#1129,.F.);
#1129 = EDGE_CURVE('',#1130,#1130,#1132,.T.);
#1130 = VERTEX_POINT('',#1131);
#1131 = CARTESIAN_POINT('',(17.6,15.,4.6));
#1132 = SURFACE_CURVE('',#1133,(#1138,#1145),.PCURVE_S1.);
#1133 = CIRCLE('',#1134,2.6);
#1134 = AXIS2_PLACEMENT_3D('',#1135,#1136,#1137);
#1135 = CARTESIAN_POINT('',(15.,15.,4.6));
#1136 = DIRECTION('',(-0.,1.110223024625E-16,1.));
#1137 = DIRECTION('',(1.,0.,0.));
#1138 = PCURVE('',#100,#1139);
#1139 = DEFINITIONAL_REPRESENTATION('',(#1140),#1144);
#1140 = CIRCLE('',#1141,2.6);
#1141 = AXIS2_PLACEMENT_2D('',#1142,#1143);
#1142 = CARTESIAN_POINT('',(6.,36.));
#1143 = DIRECTION('',(0.,1.));
#1144 = ( GEOMETRIC_REPRESENTATION_CONTEXT(2) 
PARAMETRIC_REPRESENTATION_CONTEXT() REPRESENTATION_CONTEXT('2D SPACE',''
  ) );
#1145 = PCURVE('',#1146,#1151);
#1146 = CYLINDRICAL_SURFACE('',#1147,2.6);
#1147 = AXIS2_PLACEMENT_3D('',#1148,#1149,#1150);
#1148 = CARTESIAN_POINT('',(15.,15.,16.65));
#1149 = DIRECTION('',(0.,1.110223024625E-16,1.));
#1150 = DIRECTION('',(1.,0.,0.));
#1151 = DEFINITIONAL_REPRESENTATION('',(#1152),#1156);
#1152 = LINE('',#1153,#1154);
#1153 = CARTESIAN_POINT('',(-6.28318530718,-12.05));
#1154 = VECTOR('',#1155,1.);
#1155 = DIRECTION('',(1.,-0.));
#1156 = ( GEOMETRIC_REPRESENTATION_CONTEXT(2) 
PARAMETRIC_REPRESENTATION_CONTEXT() REPRESENTATION_CONTEXT('2D SPACE',''
  ) );
#1157 = FACE_BOUND('',#1158,.T.);
#1158 = EDGE_LOOP('',(#1159,#1189,#1217,#1245,#1273,#1297,#1325,#1349,
    #1377,#1405,#1433,#1461));
#1159 = ORIENTED_EDGE('',*,*,#1160,.F.);
#1160 = EDGE_CURVE('',#1161,#1163,#1165,.T.);
#1161 = VERTEX_POINT('',#1162);
#1162 = CARTESIAN_POINT('',(13.345878374045,-8.269070711101,4.6));
#1163 = VERTEX_POINT('',#1164);
#1164 = CARTESIAN_POINT('',(13.834164488526,-7.42333435219,4.6));
#1165 = SURFACE_CURVE('',#1166,(#1171,#1182),.PCURVE_S1.);
#1166 = CIRCLE('',#1167,0.5);
#1167 = AXIS2_PLACEMENT_3D('',#1168,#1169,#1170);
#1168 = CARTESIAN_POINT('',(13.683201379794,-7.9,4.6));
#1169 = DIRECTION('',(0.,-1.110223024625E-16,-1.));
#1170 = DIRECTION('',(1.,0.,0.));
#1171 = PCURVE('',#100,#1172);
#1172 = DEFINITIONAL_REPRESENTATION('',(#1173),#1181);
#1173 = ( BOUNDED_CURVE() B_SPLINE_CURVE(2,(#1174,#1175,#1176,#1177,
#1178,#1179,#1180),.UNSPECIFIED.,.T.,.F.) B_SPLINE_CURVE_WITH_KNOTS((1,2
    ,2,2,2,1),(-2.094395102393,0.,2.094395102393,4.188790204786,
6.28318530718,8.377580409573),.UNSPECIFIED.) CURVE() 
GEOMETRIC_REPRESENTATION_ITEM() RATIONAL_B_SPLINE_CURVE((1.,0.5,1.,0.5,
1.,0.5,1.)) REPRESENTATION_ITEM('') );
#1174 = CARTESIAN_POINT('',(28.9,35.183201379794));
#1175 = CARTESIAN_POINT('',(29.766025403784,35.183201379794));
#1176 = CARTESIAN_POINT('',(29.333012701892,34.433201379794));
#1177 = CARTESIAN_POINT('',(28.9,33.683201379794));
#1178 = CARTESIAN_POINT('',(28.466987298108,34.433201379794));
#1179 = CARTESIAN_POINT('',(28.033974596216,35.183201379794));
#1180 = CARTESIAN_POINT('',(28.9,35.183201379794));
#1181 = ( GEOMETRIC_REPRESENTATION_CONTEXT(2) 
PARAMETRIC_REPRESENTATION_CONTEXT() REPRESENTATION_CONTEXT('2D SPACE',''
  ) );
#1182 = PCURVE('',#485,#1183);
#1183 = DEFINITIONAL_REPRESENTATION('',(#1184),#1188);
#1184 = LINE('',#1185,#1186);
#1185 = CARTESIAN_POINT('',(-0.,0.));
#1186 = VECTOR('',#1187,1.);
#1187 = DIRECTION('',(-1.,0.));
#1188 = ( GEOMETRIC_REPRESENTATION_CONTEXT(2) 
PARAMETRIC_REPRESENTATION_CONTEXT() REPRESENTATION_CONTEXT('2D SPACE',''
  ) );
#1189 = ORIENTED_EDGE('',*,*,#1190,.T.);
#1190 = EDGE_CURVE('',#1161,#1191,#1193,.T.);
#1191 = VERTEX_POINT('',#1192);
#1192 = CARTESIAN_POINT('',(0.488286114481,-15.69240506329,4.6));
#1193 = SURFACE_CURVE('',#1194,(#1199,#1210),.PCURVE_S1.);
#1194 = CIRCLE('',#1195,15.7);
#1195 = AXIS2_PLACEMENT_3D('',#1196,#1197,#1198);
#1196 = CARTESIAN_POINT('',(0.,5.107025913276E-16,4.6));
#1197 = DIRECTION('',(0.,-1.110223024625E-16,-1.));
#1198 = DIRECTION('',(0.850055947391,-0.526692401981,5.847460315744E-17)
  );
#1199 = PCURVE('',#100,#1200);
#1200 = DEFINITIONAL_REPRESENTATION('',(#1201),#1209);
#1201 = ( BOUNDED_CURVE() B_SPLINE_CURVE(2,(#1202,#1203,#1204,#1205,
#1206,#1207,#1208),.UNSPECIFIED.,.T.,.F.) B_SPLINE_CURVE_WITH_KNOTS((1,2
    ,2,2,2,1),(-2.094395102393,0.,2.094395102393,4.188790204786,
6.28318530718,8.377580409573),.UNSPECIFIED.) CURVE() 
GEOMETRIC_REPRESENTATION_ITEM() RATIONAL_B_SPLINE_CURVE((1.,0.5,1.,0.5,
1.,0.5,1.)) REPRESENTATION_ITEM('') );
#1202 = CARTESIAN_POINT('',(29.269070711101,34.345878374045));
#1203 = CARTESIAN_POINT('',(52.384810126582,20.023427771039));
#1204 = CARTESIAN_POINT('',(28.42333435219,7.165835511474));
#1205 = CARTESIAN_POINT('',(4.461858577798,-5.691756748091));
#1206 = CARTESIAN_POINT('',(5.307594936709,21.488286114481));
#1207 = CARTESIAN_POINT('',(6.15333129562,48.668328977052));
#1208 = CARTESIAN_POINT('',(29.269070711101,34.345878374045));
#1209 = ( GEOMETRIC_REPRESENTATION_CONTEXT(2) 
PARAMETRIC_REPRESENTATION_CONTEXT() REPRESENTATION_CONTEXT('2D SPACE',''
  ) );
#1210 = PCURVE('',#514,#1211);
#1211 = DEFINITIONAL_REPRESENTATION('',(#1212),#1216);
#1212 = LINE('',#1213,#1214);
#1213 = CARTESIAN_POINT('',(-0.55470481805,-1.));
#1214 = VECTOR('',#1215,1.);
#1215 = DIRECTION('',(-1.,-0.));
#1216 = ( GEOMETRIC_REPRESENTATION_CONTEXT(2) 
PARAMETRIC_REPRESENTATION_CONTEXT() REPRESENTATION_CONTEXT('2D SPACE',''
  ) );
#1217 = ORIENTED_EDGE('',*,*,#1218,.F.);
#1218 = EDGE_CURVE('',#1219,#1191,#1221,.T.);
#1219 = VERTEX_POINT('',#1220);
#1220 = CARTESIAN_POINT('',(-0.488286114481,-15.69240506329,4.6));
#1221 = SURFACE_CURVE('',#1222,(#1227,#1238),.PCURVE_S1.);
#1222 = CIRCLE('',#1223,0.5);
#1223 = AXIS2_PLACEMENT_3D('',#1224,#1225,#1226);
#1224 = CARTESIAN_POINT('',(9.674709713264E-16,-15.8,4.6));
#1225 = DIRECTION('',(0.,-1.110223024625E-16,-1.));
#1226 = DIRECTION('',(1.,0.,0.));
#1227 = PCURVE('',#100,#1228);
#1228 = DEFINITIONAL_REPRESENTATION('',(#1229),#1237);
#1229 = ( BOUNDED_CURVE() B_SPLINE_CURVE(2,(#1230,#1231,#1232,#1233,
#1234,#1235,#1236),.UNSPECIFIED.,.T.,.F.) B_SPLINE_CURVE_WITH_KNOTS((1,2
    ,2,2,2,1),(-2.094395102393,0.,2.094395102393,4.188790204786,
6.28318530718,8.377580409573),.UNSPECIFIED.) CURVE() 
GEOMETRIC_REPRESENTATION_ITEM() RATIONAL_B_SPLINE_CURVE((1.,0.5,1.,0.5,
1.,0.5,1.)) REPRESENTATION_ITEM('') );
#1230 = CARTESIAN_POINT('',(36.8,21.5));
#1231 = CARTESIAN_POINT('',(37.666025403784,21.5));
#1232 = CARTESIAN_POINT('',(37.233012701892,20.75));
#1233 = CARTESIAN_POINT('',(36.8,20.));
#1234 = CARTESIAN_POINT('',(36.366987298108,20.75));
#1235 = CARTESIAN_POINT('',(35.933974596216,21.5));
#1236 = CARTESIAN_POINT('',(36.8,21.5));
#1237 = ( GEOMETRIC_REPRESENTATION_CONTEXT(2) 
PARAMETRIC_REPRESENTATION_CONTEXT() REPRESENTATION_CONTEXT('2D SPACE',''
  ) );
#1238 = PCURVE('',#547,#1239);
#1239 = DEFINITIONAL_REPRESENTATION('',(#1240),#1244);
#1240 = LINE('',#1241,#1242);
#1241 = CARTESIAN_POINT('',(-0.,0.));
#1242 = VECTOR('',#1243,1.);
#1243 = DIRECTION('',(-1.,0.));
#1244 = ( GEOMETRIC_REPRESENTATION_CONTEXT(2) 
PARAMETRIC_REPRESENTATION_CONTEXT() REPRESENTATION_CONTEXT('2D SPACE',''
  ) );
#1245 = ORIENTED_EDGE('',*,*,#1246,.T.);
#1246 = EDGE_CURVE('',#1219,#1247,#1249,.T.);
#1247 = VERTEX_POINT('',#1248);
#1248 = CARTESIAN_POINT('',(-13.34587837404,-8.269070711101,4.6));
#1249 = SURFACE_CURVE('',#1250,(#1255,#1266),.PCURVE_S1.);
#1250 = CIRCLE('',#1251,15.7);
#1251 = AXIS2_PLACEMENT_3D('',#1252,#1253,#1254);
#1252 = CARTESIAN_POINT('',(0.,5.107025913276E-16,4.6));
#1253 = DIRECTION('',(0.,-1.110223024625E-16,-1.));
#1254 = DIRECTION('',(0.850055947391,-0.526692401981,5.847460315744E-17)
  );
#1255 = PCURVE('',#100,#1256);
#1256 = DEFINITIONAL_REPRESENTATION('',(#1257),#1265);
#1257 = ( BOUNDED_CURVE() B_SPLINE_CURVE(2,(#1258,#1259,#1260,#1261,
#1262,#1263,#1264),.UNSPECIFIED.,.T.,.F.) B_SPLINE_CURVE_WITH_KNOTS((1,2
    ,2,2,2,1),(-2.094395102393,0.,2.094395102393,4.188790204786,
6.28318530718,8.377580409573),.UNSPECIFIED.) CURVE() 
GEOMETRIC_REPRESENTATION_ITEM() RATIONAL_B_SPLINE_CURVE((1.,0.5,1.,0.5,
1.,0.5,1.)) REPRESENTATION_ITEM('') );
#1258 = CARTESIAN_POINT('',(29.269070711101,34.345878374045));
#1259 = CARTESIAN_POINT('',(52.384810126582,20.023427771039));
#1260 = CARTESIAN_POINT('',(28.42333435219,7.165835511474));
#1261 = CARTESIAN_POINT('',(4.461858577798,-5.691756748091));
#1262 = CARTESIAN_POINT('',(5.307594936709,21.488286114481));
#1263 = CARTESIAN_POINT('',(6.15333129562,48.668328977052));
#1264 = CARTESIAN_POINT('',(29.269070711101,34.345878374045));
#1265 = ( GEOMETRIC_REPRESENTATION_CONTEXT(2) 
PARAMETRIC_REPRESENTATION_CONTEXT() REPRESENTATION_CONTEXT('2D SPACE',''
  ) );
#1266 = PCURVE('',#576,#1267);
#1267 = DEFINITIONAL_REPRESENTATION('',(#1268),#1272);
#1268 = LINE('',#1269,#1270);
#1269 = CARTESIAN_POINT('',(-0.55470481805,-1.));
#1270 = VECTOR('',#1271,1.);
#1271 = DIRECTION('',(-1.,-0.));
#1272 = ( GEOMETRIC_REPRESENTATION_CONTEXT(2) 
PARAMETRIC_REPRESENTATION_CONTEXT() REPRESENTATION_CONTEXT('2D SPACE',''
  ) );
#1273 = ORIENTED_EDGE('',*,*,#1274,.T.);
#1274 = EDGE_CURVE('',#1247,#1275,#1277,.T.);
#1275 = VERTEX_POINT('',#1276);
#1276 = CARTESIAN_POINT('',(-13.83416448852,-7.42333435219,4.6));
#1277 = SURFACE_CURVE('',#1278,(#1283,#1290),.PCURVE_S1.);
#1278 = CIRCLE('',#1279,0.5);
#1279 = AXIS2_PLACEMENT_3D('',#1280,#1281,#1282);
#1280 = CARTESIAN_POINT('',(-13.68320137979,-7.9,4.6));
#1281 = DIRECTION('',(0.,1.110223024625E-16,1.));
#1282 = DIRECTION('',(0.674646011498,-0.738141422202,8.195016023583E-17)
  );
#1283 = PCURVE('',#100,#1284);
#1284 = DEFINITIONAL_REPRESENTATION('',(#1285),#1289);
#1285 = CIRCLE('',#1286,0.5);
#1286 = AXIS2_PLACEMENT_2D('',#1287,#1288);
#1287 = CARTESIAN_POINT('',(28.9,7.316798620206));
#1288 = DIRECTION('',(0.738141422202,0.674646011498));
#1289 = ( GEOMETRIC_REPRESENTATION_CONTEXT(2) 
PARAMETRIC_REPRESENTATION_CONTEXT() REPRESENTATION_CONTEXT('2D SPACE',''
  ) );
#1290 = PCURVE('',#609,#1291);
#1291 = DEFINITIONAL_REPRESENTATION('',(#1292),#1296);
#1292 = LINE('',#1293,#1294);
#1293 = CARTESIAN_POINT('',(-7.113496604255,0.));
#1294 = VECTOR('',#1295,1.);
#1295 = DIRECTION('',(1.,-0.));
#1296 = ( GEOMETRIC_REPRESENTATION_CONTEXT(2) 
PARAMETRIC_REPRESENTATION_CONTEXT() REPRESENTATION_CONTEXT('2D SPACE',''
  ) );
#1297 = ORIENTED_EDGE('',*,*,#1298,.T.);
#1298 = EDGE_CURVE('',#1275,#1299,#1301,.T.);
#1299 = VERTEX_POINT('',#1300);
#1300 = CARTESIAN_POINT('',(-13.83416448852,7.42333435219,4.6));
#1301 = SURFACE_CURVE('',#1302,(#1307,#1318),.PCURVE_S1.);
#1302 = CIRCLE('',#1303,15.7);
#1303 = AXIS2_PLACEMENT_3D('',#1304,#1305,#1306);
#1304 = CARTESIAN_POINT('',(0.,5.107025913276E-16,4.6));
#1305 = DIRECTION('',(0.,-1.110223024625E-16,-1.));
#1306 = DIRECTION('',(0.850055947391,-0.526692401981,5.847460315744E-17)
  );
#1307 = PCURVE('',#100,#1308);
#1308 = DEFINITIONAL_REPRESENTATION('',(#1309),#1317);
#1309 = ( BOUNDED_CURVE() B_SPLINE_CURVE(2,(#1310,#1311,#1312,#1313,
#1314,#1315,#1316),.UNSPECIFIED.,.T.,.F.) B_SPLINE_CURVE_WITH_KNOTS((1,2
    ,2,2,2,1),(-2.094395102393,0.,2.094395102393,4.188790204786,
6.28318530718,8.377580409573),.UNSPECIFIED.) CURVE() 
GEOMETRIC_REPRESENTATION_ITEM() RATIONAL_B_SPLINE_CURVE((1.,0.5,1.,0.5,
1.,0.5,1.)) REPRESENTATION_ITEM('') );
#1310 = CARTESIAN_POINT('',(29.269070711101,34.345878374045));
#1311 = CARTESIAN_POINT('',(52.384810126582,20.023427771039));
#1312 = CARTESIAN_POINT('',(28.42333435219,7.165835511474));
#1313 = CARTESIAN_POINT('',(4.461858577798,-5.691756748091));
#1314 = CARTESIAN_POINT('',(5.307594936709,21.488286114481));
#1315 = CARTESIAN_POINT('',(6.15333129562,48.668328977052));
#1316 = CARTESIAN_POINT('',(29.269070711101,34.345878374045));
#1317 = ( GEOMETRIC_REPRESENTATION_CONTEXT(2) 
PARAMETRIC_REPRESENTATION_CONTEXT() REPRESENTATION_CONTEXT('2D SPACE',''
  ) );
#1318 = PCURVE('',#638,#1319);
#1319 = DEFINITIONAL_REPRESENTATION('',(#1320),#1324);
#1320 = LINE('',#1321,#1322);
#1321 = CARTESIAN_POINT('',(-0.55470481805,-1.));
#1322 = VECTOR('',#1323,1.);
#1323 = DIRECTION('',(-1.,-0.));
#1324 = ( GEOMETRIC_REPRESENTATION_CONTEXT(2) 
PARAMETRIC_REPRESENTATION_CONTEXT() REPRESENTATION_CONTEXT('2D SPACE',''
  ) );
#1325 = ORIENTED_EDGE('',*,*,#1326,.T.);
#1326 = EDGE_CURVE('',#1299,#1327,#1329,.T.);
#1327 = VERTEX_POINT('',#1328);
#1328 = CARTESIAN_POINT('',(-13.34587837404,8.269070711101,4.6));
#1329 = SURFACE_CURVE('',#1330,(#1335,#1342),.PCURVE_S1.);
#1330 = CIRCLE('',#1331,0.5);
#1331 = AXIS2_PLACEMENT_3D('',#1332,#1333,#1334);
#1332 = CARTESIAN_POINT('',(-13.68320137979,7.9,4.6));
#1333 = DIRECTION('',(0.,1.110223024625E-16,1.));
#1334 = DIRECTION('',(-0.301926217464,-0.95333129562,1.058410354493E-16)
  );
#1335 = PCURVE('',#100,#1336);
#1336 = DEFINITIONAL_REPRESENTATION('',(#1337),#1341);
#1337 = CIRCLE('',#1338,0.5);
#1338 = AXIS2_PLACEMENT_2D('',#1339,#1340);
#1339 = CARTESIAN_POINT('',(13.1,7.316798620206));
#1340 = DIRECTION('',(0.95333129562,-0.301926217464));
#1341 = ( GEOMETRIC_REPRESENTATION_CONTEXT(2) 
PARAMETRIC_REPRESENTATION_CONTEXT() REPRESENTATION_CONTEXT('2D SPACE',''
  ) );
#1342 = PCURVE('',#671,#1343);
#1343 = DEFINITIONAL_REPRESENTATION('',(#1344),#1348);
#1344 = LINE('',#1345,#1346);
#1345 = CARTESIAN_POINT('',(-8.160694155452,0.));
#1346 = VECTOR('',#1347,1.);
#1347 = DIRECTION('',(1.,-0.));
#1348 = ( GEOMETRIC_REPRESENTATION_CONTEXT(2) 
PARAMETRIC_REPRESENTATION_CONTEXT() REPRESENTATION_CONTEXT('2D SPACE',''
  ) );
#1349 = ORIENTED_EDGE('',*,*,#1350,.T.);
#1350 = EDGE_CURVE('',#1327,#1351,#1353,.T.);
#1351 = VERTEX_POINT('',#1352);
#1352 = CARTESIAN_POINT('',(-0.488286114481,15.692405063291,4.6));
#1353 = SURFACE_CURVE('',#1354,(#1359,#1370),.PCURVE_S1.);
#1354 = CIRCLE('',#1355,15.7);
#1355 = AXIS2_PLACEMENT_3D('',#1356,#1357,#1358);
#1356 = CARTESIAN_POINT('',(0.,5.107025913276E-16,4.6));
#1357 = DIRECTION('',(0.,-1.110223024625E-16,-1.));
#1358 = DIRECTION('',(0.850055947391,-0.526692401981,5.847460315744E-17)
  );
#1359 = PCURVE('',#100,#1360);
#1360 = DEFINITIONAL_REPRESENTATION('',(#1361),#1369);
#1361 = ( BOUNDED_CURVE() B_SPLINE_CURVE(2,(#1362,#1363,#1364,#1365,
#1366,#1367,#1368),.UNSPECIFIED.,.T.,.F.) B_SPLINE_CURVE_WITH_KNOTS((1,2
    ,2,2,2,1),(-2.094395102393,0.,2.094395102393,4.188790204786,
6.28318530718,8.377580409573),.UNSPECIFIED.) CURVE() 
GEOMETRIC_REPRESENTATION_ITEM() RATIONAL_B_SPLINE_CURVE((1.,0.5,1.,0.5,
1.,0.5,1.)) REPRESENTATION_ITEM('') );
#1362 = CARTESIAN_POINT('',(29.269070711101,34.345878374045));
#1363 = CARTESIAN_POINT('',(52.384810126582,20.023427771039));
#1364 = CARTESIAN_POINT('',(28.42333435219,7.165835511474));
#1365 = CARTESIAN_POINT('',(4.461858577798,-5.691756748091));
#1366 = CARTESIAN_POINT('',(5.307594936709,21.488286114481));
#1367 = CARTESIAN_POINT('',(6.15333129562,48.668328977052));
#1368 = CARTESIAN_POINT('',(29.269070711101,34.345878374045));
#1369 = ( GEOMETRIC_REPRESENTATION_CONTEXT(2) 
PARAMETRIC_REPRESENTATION_CONTEXT() REPRESENTATION_CONTEXT('2D SPACE',''
  ) );
#1370 = PCURVE('',#700,#1371);
#1371 = DEFINITIONAL_REPRESENTATION('',(#1372),#1376);
#1372 = LINE('',#1373,#1374);
#1373 = CARTESIAN_POINT('',(-0.55470481805,-1.));
#1374 = VECTOR('',#1375,1.);
#1375 = DIRECTION('',(-1.,-0.));
#1376 = ( GEOMETRIC_REPRESENTATION_CONTEXT(2) 
PARAMETRIC_REPRESENTATION_CONTEXT() REPRESENTATION_CONTEXT('2D SPACE',''
  ) );
#1377 = ORIENTED_EDGE('',*,*,#1378,.F.);
#1378 = EDGE_CURVE('',#1379,#1351,#1381,.T.);
#1379 = VERTEX_POINT('',#1380);
#1380 = CARTESIAN_POINT('',(0.488286114481,15.692405063291,4.6));
#1381 = SURFACE_CURVE('',#1382,(#1387,#1398),.PCURVE_S1.);
#1382 = CIRCLE('',#1383,0.5);
#1383 = AXIS2_PLACEMENT_3D('',#1384,#1385,#1386);
#1384 = CARTESIAN_POINT('',(-2.902412913979E-15,15.8,4.6));
#1385 = DIRECTION('',(0.,-1.110223024625E-16,-1.));
#1386 = DIRECTION('',(1.,0.,0.));
#1387 = PCURVE('',#100,#1388);
#1388 = DEFINITIONAL_REPRESENTATION('',(#1389),#1397);
#1389 = ( BOUNDED_CURVE() B_SPLINE_CURVE(2,(#1390,#1391,#1392,#1393,
#1394,#1395,#1396),.UNSPECIFIED.,.T.,.F.) B_SPLINE_CURVE_WITH_KNOTS((1,2
    ,2,2,2,1),(-2.094395102393,0.,2.094395102393,4.188790204786,
6.28318530718,8.377580409573),.UNSPECIFIED.) CURVE() 
GEOMETRIC_REPRESENTATION_ITEM() RATIONAL_B_SPLINE_CURVE((1.,0.5,1.,0.5,
1.,0.5,1.)) REPRESENTATION_ITEM('') );
#1390 = CARTESIAN_POINT('',(5.2,21.5));
#1391 = CARTESIAN_POINT('',(6.066025403784,21.5));
#1392 = CARTESIAN_POINT('',(5.633012701892,20.75));
#1393 = CARTESIAN_POINT('',(5.2,20.));
#1394 = CARTESIAN_POINT('',(4.766987298108,20.75));
#1395 = CARTESIAN_POINT('',(4.333974596216,21.5));
#1396 = CARTESIAN_POINT('',(5.2,21.5));
#1397 = ( GEOMETRIC_REPRESENTATION_CONTEXT(2) 
PARAMETRIC_REPRESENTATION_CONTEXT() REPRESENTATION_CONTEXT('2D SPACE',''
  ) );
#1398 = PCURVE('',#733,#1399);
#1399 = DEFINITIONAL_REPRESENTATION('',(#1400),#1404);
#1400 = LINE('',#1401,#1402);
#1401 = CARTESIAN_POINT('',(-0.,0.));
#1402 = VECTOR('',#1403,1.);
#1403 = DIRECTION('',(-1.,0.));
#1404 = ( GEOMETRIC_REPRESENTATION_CONTEXT(2) 
PARAMETRIC_REPRESENTATION_CONTEXT() REPRESENTATION_CONTEXT('2D SPACE',''
  ) );
#1405 = ORIENTED_EDGE('',*,*,#1406,.T.);
#1406 = EDGE_CURVE('',#1379,#1407,#1409,.T.);
#1407 = VERTEX_POINT('',#1408);
#1408 = CARTESIAN_POINT('',(13.345878374045,8.269070711101,4.6));
#1409 = SURFACE_CURVE('',#1410,(#1415,#1426),.PCURVE_S1.);
#1410 = CIRCLE('',#1411,15.7);
#1411 = AXIS2_PLACEMENT_3D('',#1412,#1413,#1414);
#1412 = CARTESIAN_POINT('',(0.,5.107025913276E-16,4.6));
#1413 = DIRECTION('',(0.,-1.110223024625E-16,-1.));
#1414 = DIRECTION('',(0.850055947391,-0.526692401981,5.847460315744E-17)
  );
#1415 = PCURVE('',#100,#1416);
#1416 = DEFINITIONAL_REPRESENTATION('',(#1417),#1425);
#1417 = ( BOUNDED_CURVE() B_SPLINE_CURVE(2,(#1418,#1419,#1420,#1421,
#1422,#1423,#1424),.UNSPECIFIED.,.T.,.F.) B_SPLINE_CURVE_WITH_KNOTS((1,2
    ,2,2,2,1),(-2.094395102393,0.,2.094395102393,4.188790204786,
6.28318530718,8.377580409573),.UNSPECIFIED.) CURVE() 
GEOMETRIC_REPRESENTATION_ITEM() RATIONAL_B_SPLINE_CURVE((1.,0.5,1.,0.5,
1.,0.5,1.)) REPRESENTATION_ITEM('') );
#1418 = CARTESIAN_POINT('',(29.269070711101,34.345878374045));
#1419 = CARTESIAN_POINT('',(52.384810126582,20.023427771039));
#1420 = CARTESIAN_POINT('',(28.42333435219,7.165835511474));
#1421 = CARTESIAN_POINT('',(4.461858577798,-5.691756748091));
#1422 = CARTESIAN_POINT('',(5.307594936709,21.488286114481));
#1423 = CARTESIAN_POINT('',(6.15333129562,48.668328977052));
#1424 = CARTESIAN_POINT('',(29.269070711101,34.345878374045));
#1425 = ( GEOMETRIC_REPRESENTATION_CONTEXT(2) 
PARAMETRIC_REPRESENTATION_CONTEXT() REPRESENTATION_CONTEXT('2D SPACE',''
  ) );
#1426 = PCURVE('',#762,#1427);
#1427 = DEFINITIONAL_REPRESENTATION('',(#1428),#1432);
#1428 = LINE('',#1429,#1430);
#1429 = CARTESIAN_POINT('',(-0.55470481805,-1.));
#1430 = VECTOR('',#1431,1.);
#1431 = DIRECTION('',(-1.,-0.));
#1432 = ( GEOMETRIC_REPRESENTATION_CONTEXT(2) 
PARAMETRIC_REPRESENTATION_CONTEXT() REPRESENTATION_CONTEXT('2D SPACE',''
  ) );
#1433 = ORIENTED_EDGE('',*,*,#1434,.F.);
#1434 = EDGE_CURVE('',#1435,#1407,#1437,.T.);
#1435 = VERTEX_POINT('',#1436);
#1436 = CARTESIAN_POINT('',(13.834164488526,7.42333435219,4.6));
#1437 = SURFACE_CURVE('',#1438,(#1443,#1454),.PCURVE_S1.);
#1438 = CIRCLE('',#1439,0.5);
#1439 = AXIS2_PLACEMENT_3D('',#1440,#1441,#1442);
#1440 = CARTESIAN_POINT('',(13.683201379794,7.9,4.6));
#1441 = DIRECTION('',(0.,-1.110223024625E-16,-1.));
#1442 = DIRECTION('',(1.,0.,0.));
#1443 = PCURVE('',#100,#1444);
#1444 = DEFINITIONAL_REPRESENTATION('',(#1445),#1453);
#1445 = ( BOUNDED_CURVE() B_SPLINE_CURVE(2,(#1446,#1447,#1448,#1449,
#1450,#1451,#1452),.UNSPECIFIED.,.T.,.F.) B_SPLINE_CURVE_WITH_KNOTS((1,2
    ,2,2,2,1),(-2.094395102393,0.,2.094395102393,4.188790204786,
6.28318530718,8.377580409573),.UNSPECIFIED.) CURVE() 
GEOMETRIC_REPRESENTATION_ITEM() RATIONAL_B_SPLINE_CURVE((1.,0.5,1.,0.5,
1.,0.5,1.)) REPRESENTATION_ITEM('') );
#1446 = CARTESIAN_POINT('',(13.1,35.183201379794));
#1447 = CARTESIAN_POINT('',(13.966025403784,35.183201379794));
#1448 = CARTESIAN_POINT('',(13.533012701892,34.433201379794));
#1449 = CARTESIAN_POINT('',(13.1,33.683201379794));
#1450 = CARTESIAN_POINT('',(12.666987298108,34.433201379794));
#1451 = CARTESIAN_POINT('',(12.233974596216,35.183201379794));
#1452 = CARTESIAN_POINT('',(13.1,35.183201379794));
#1453 = ( GEOMETRIC_REPRESENTATION_CONTEXT(2) 
PARAMETRIC_REPRESENTATION_CONTEXT() REPRESENTATION_CONTEXT('2D SPACE',''
  ) );
#1454 = PCURVE('',#793,#1455);
#1455 = DEFINITIONAL_REPRESENTATION('',(#1456),#1460);
#1456 = LINE('',#1457,#1458);
#1457 = CARTESIAN_POINT('',(-0.,0.));
#1458 = VECTOR('',#1459,1.);
#1459 = DIRECTION('',(-1.,0.));
#1460 = ( GEOMETRIC_REPRESENTATION_CONTEXT(2) 
PARAMETRIC_REPRESENTATION_CONTEXT() REPRESENTATION_CONTEXT('2D SPACE',''
  ) );
#1461 = ORIENTED_EDGE('',*,*,#1462,.T.);
#1462 = EDGE_CURVE('',#1435,#1163,#1463,.T.);
#1463 = SURFACE_CURVE('',#1464,(#1469,#1480),.PCURVE_S1.);
#1464 = CIRCLE('',#1465,15.7);
#1465 = AXIS2_PLACEMENT_3D('',#1466,#1467,#1468);
#1466 = CARTESIAN_POINT('',(0.,5.107025913276E-16,4.6));
#1467 = DIRECTION('',(0.,-1.110223024625E-16,-1.));
#1468 = DIRECTION('',(0.850055947391,-0.526692401981,5.847460315744E-17)
  );
#1469 = PCURVE('',#100,#1470);
#1470 = DEFINITIONAL_REPRESENTATION('',(#1471),#1479);
#1471 = ( BOUNDED_CURVE() B_SPLINE_CURVE(2,(#1472,#1473,#1474,#1475,
#1476,#1477,#1478),.UNSPECIFIED.,.T.,.F.) B_SPLINE_CURVE_WITH_KNOTS((1,2
    ,2,2,2,1),(-2.094395102393,0.,2.094395102393,4.188790204786,
6.28318530718,8.377580409573),.UNSPECIFIED.) CURVE() 
GEOMETRIC_REPRESENTATION_ITEM() RATIONAL_B_SPLINE_CURVE((1.,0.5,1.,0.5,
1.,0.5,1.)) REPRESENTATION_ITEM('') );
#1472 = CARTESIAN_POINT('',(29.269070711101,34.345878374045));
#1473 = CARTESIAN_POINT('',(52.384810126582,20.023427771039));
#1474 = CARTESIAN_POINT('',(28.42333435219,7.165835511474));
#1475 = CARTESIAN_POINT('',(4.461858577798,-5.691756748091));
#1476 = CARTESIAN_POINT('',(5.307594936709,21.488286114481));
#1477 = CARTESIAN_POINT('',(6.15333129562,48.668328977052));
#1478 = CARTESIAN_POINT('',(29.269070711101,34.345878374045));
#1479 = ( GEOMETRIC_REPRESENTATION_CONTEXT(2) 
PARAMETRIC_REPRESENTATION_CONTEXT() REPRESENTATION_CONTEXT('2D SPACE',''
  ) );
#1480 = PCURVE('',#452,#1481);
#1481 = DEFINITIONAL_REPRESENTATION('',(#1482),#1486);
#1482 = LINE('',#1483,#1484);
#1483 = CARTESIAN_POINT('',(-0.55470481805,-1.));
#1484 = VECTOR('',#1485,1.);
#1485 = DIRECTION('',(-1.,-0.));
#1486 = ( GEOMETRIC_REPRESENTATION_CONTEXT(2) 
PARAMETRIC_REPRESENTATION_CONTEXT() REPRESENTATION_CONTEXT('2D SPACE',''
  ) );
#1487 = FACE_BOUND('',#1488,.T.);
#1488 = EDGE_LOOP('',(#1489));
#1489 = ORIENTED_EDGE('',*,*,#1490,.F.);
#1490 = EDGE_CURVE('',#1491,#1491,#1493,.T.);
#1491 = VERTEX_POINT('',#1492);
#1492 = CARTESIAN_POINT('',(17.6,-15.,4.6));
#1493 = SURFACE_CURVE('',#1494,(#1499,#1506),.PCURVE_S1.);
#1494 = CIRCLE('',#1495,2.6);
#1495 = AXIS2_PLACEMENT_3D('',#1496,#1497,#1498);
#1496 = CARTESIAN_POINT('',(15.,-15.,4.6));
#1497 = DIRECTION('',(-0.,1.110223024625E-16,1.));
#1498 = DIRECTION('',(1.,0.,0.));
#1499 = PCURVE('',#100,#1500);
#1500 = DEFINITIONAL_REPRESENTATION('',(#1501),#1505);
#1501 = CIRCLE('',#1502,2.6);
#1502 = AXIS2_PLACEMENT_2D('',#1503,#1504);
#1503 = CARTESIAN_POINT('',(36.,36.));
#1504 = DIRECTION('',(0.,1.));
#1505 = ( GEOMETRIC_REPRESENTATION_CONTEXT(2) 
PARAMETRIC_REPRESENTATION_CONTEXT() REPRESENTATION_CONTEXT('2D SPACE',''
  ) );
#1506 = PCURVE('',#1507,#1512);
#1507 = CYLINDRICAL_SURFACE('',#1508,2.6);
#1508 = AXIS2_PLACEMENT_3D('',#1509,#1510,#1511);
#1509 = CARTESIAN_POINT('',(15.,-15.,16.65));
#1510 = DIRECTION('',(0.,1.110223024625E-16,1.));
#1511 = DIRECTION('',(1.,0.,0.));
#1512 = DEFINITIONAL_REPRESENTATION('',(#1513),#1517);
#1513 = LINE('',#1514,#1515);
#1514 = CARTESIAN_POINT('',(-6.28318530718,-12.05));
#1515 = VECTOR('',#1516,1.);
#1516 = DIRECTION('',(1.,-0.));
#1517 = ( GEOMETRIC_REPRESENTATION_CONTEXT(2) 
PARAMETRIC_REPRESENTATION_CONTEXT() REPRESENTATION_CONTEXT('2D SPACE',''
  ) );
#1518 = ADVANCED_FACE('',(#1519),#159,.F.);
#1519 = FACE_BOUND('',#1520,.F.);
#1520 = EDGE_LOOP('',(#1521,#1522,#1523,#1524));
#1521 = ORIENTED_EDGE('',*,*,#943,.F.);
#1522 = ORIENTED_EDGE('',*,*,#840,.F.);
#1523 = ORIENTED_EDGE('',*,*,#141,.T.);
#1524 = ORIENTED_EDGE('',*,*,#1525,.T.);
#1525 = EDGE_CURVE('',#144,#944,#1526,.T.);
#1526 = SURFACE_CURVE('',#1527,(#1531,#1538),.PCURVE_S1.);
#1527 = LINE('',#1528,#1529);
#1528 = CARTESIAN_POINT('',(16.,21.,-2.331468351713E-15));
#1529 = VECTOR('',#1530,1.);
#1530 = DIRECTION('',(0.,1.110223024625E-16,1.));
#1531 = PCURVE('',#159,#1532);
#1532 = DEFINITIONAL_REPRESENTATION('',(#1533),#1537);
#1533 = LINE('',#1534,#1535);
#1534 = CARTESIAN_POINT('',(37.,0.));
#1535 = VECTOR('',#1536,1.);
#1536 = DIRECTION('',(0.,1.));
#1537 = ( GEOMETRIC_REPRESENTATION_CONTEXT(2) 
PARAMETRIC_REPRESENTATION_CONTEXT() REPRESENTATION_CONTEXT('2D SPACE',''
  ) );
#1538 = PCURVE('',#326,#1539);
#1539 = DEFINITIONAL_REPRESENTATION('',(#1540),#1544);
#1540 = LINE('',#1541,#1542);
#1541 = CARTESIAN_POINT('',(1.570796326795,0.));
#1542 = VECTOR('',#1543,1.);
#1543 = DIRECTION('',(0.,1.));
#1544 = ( GEOMETRIC_REPRESENTATION_CONTEXT(2) 
PARAMETRIC_REPRESENTATION_CONTEXT() REPRESENTATION_CONTEXT('2D SPACE',''
  ) );
#1545 = ADVANCED_FACE('',(#1546),#326,.T.);
#1546 = FACE_BOUND('',#1547,.T.);
#1547 = EDGE_LOOP('',(#1548,#1549,#1550,#1551));
#1548 = ORIENTED_EDGE('',*,*,#311,.T.);
#1549 = ORIENTED_EDGE('',*,*,#1525,.T.);
#1550 = ORIENTED_EDGE('',*,*,#1043,.F.);
#1551 = ORIENTED_EDGE('',*,*,#1552,.F.);
#1552 = EDGE_CURVE('',#284,#1021,#1553,.T.);
#1553 = SURFACE_CURVE('',#1554,(#1558,#1565),.PCURVE_S1.);
#1554 = LINE('',#1555,#1556);
#1555 = CARTESIAN_POINT('',(21.,16.,-1.7763568394E-15));
#1556 = VECTOR('',#1557,1.);
#1557 = DIRECTION('',(0.,1.110223024625E-16,1.));
#1558 = PCURVE('',#326,#1559);
#1559 = DEFINITIONAL_REPRESENTATION('',(#1560),#1564);
#1560 = LINE('',#1561,#1562);
#1561 = CARTESIAN_POINT('',(0.,0.));
#1562 = VECTOR('',#1563,1.);
#1563 = DIRECTION('',(0.,1.));
#1564 = ( GEOMETRIC_REPRESENTATION_CONTEXT(2) 
PARAMETRIC_REPRESENTATION_CONTEXT() REPRESENTATION_CONTEXT('2D SPACE',''
  ) );
#1565 = PCURVE('',#299,#1566);
#1566 = DEFINITIONAL_REPRESENTATION('',(#1567),#1571);
#1567 = LINE('',#1568,#1569);
#1568 = CARTESIAN_POINT('',(5.,0.));
#1569 = VECTOR('',#1570,1.);
#1570 = DIRECTION('',(0.,-1.));
#1571 = ( GEOMETRIC_REPRESENTATION_CONTEXT(2) 
PARAMETRIC_REPRESENTATION_CONTEXT() REPRESENTATION_CONTEXT('2D SPACE',''
  ) );
#1572 = ADVANCED_FACE('',(#1573),#299,.T.);
#1573 = FACE_BOUND('',#1574,.T.);
#1574 = EDGE_LOOP('',(#1575,#1576,#1577,#1578));
#1575 = ORIENTED_EDGE('',*,*,#283,.F.);
#1576 = ORIENTED_EDGE('',*,*,#1552,.T.);
#1577 = ORIENTED_EDGE('',*,*,#1020,.T.);
#1578 = ORIENTED_EDGE('',*,*,#1579,.F.);
#1579 = EDGE_CURVE('',#251,#993,#1580,.T.);
#1580 = SURFACE_CURVE('',#1581,(#1585,#1592),.PCURVE_S1.);
#1581 = LINE('',#1582,#1583);
#1582 = CARTESIAN_POINT('',(21.,-16.,1.7763568394E-15));
#1583 = VECTOR('',#1584,1.);
#1584 = DIRECTION('',(0.,1.110223024625E-16,1.));
#1585 = PCURVE('',#299,#1586);
#1586 = DEFINITIONAL_REPRESENTATION('',(#1587),#1591);
#1587 = LINE('',#1588,#1589);
#1588 = CARTESIAN_POINT('',(37.,0.));
#1589 = VECTOR('',#1590,1.);
#1590 = DIRECTION('',(0.,-1.));
#1591 = ( GEOMETRIC_REPRESENTATION_CONTEXT(2) 
PARAMETRIC_REPRESENTATION_CONTEXT() REPRESENTATION_CONTEXT('2D SPACE',''
  ) );
#1592 = PCURVE('',#271,#1593);
#1593 = DEFINITIONAL_REPRESENTATION('',(#1594),#1598);
#1594 = LINE('',#1595,#1596);
#1595 = CARTESIAN_POINT('',(-0.,0.));
#1596 = VECTOR('',#1597,1.);
#1597 = DIRECTION('',(-0.,1.));
#1598 = ( GEOMETRIC_REPRESENTATION_CONTEXT(2) 
PARAMETRIC_REPRESENTATION_CONTEXT() REPRESENTATION_CONTEXT('2D SPACE',''
  ) );
#1599 = ADVANCED_FACE('',(#1600),#271,.T.);
#1600 = FACE_BOUND('',#1601,.F.);
#1601 = EDGE_LOOP('',(#1602,#1603,#1624,#1625));
#1602 = ORIENTED_EDGE('',*,*,#250,.T.);
#1603 = ORIENTED_EDGE('',*,*,#1604,.T.);
#1604 = EDGE_CURVE('',#223,#970,#1605,.T.);
#1605 = SURFACE_CURVE('',#1606,(#1610,#1617),.PCURVE_S1.);
#1606 = LINE('',#1607,#1608);
#1607 = CARTESIAN_POINT('',(16.,-21.,2.331468351713E-15));
#1608 = VECTOR('',#1609,1.);
#1609 = DIRECTION('',(0.,1.110223024625E-16,1.));
#1610 = PCURVE('',#271,#1611);
#1611 = DEFINITIONAL_REPRESENTATION('',(#1612),#1616);
#1612 = LINE('',#1613,#1614);
#1613 = CARTESIAN_POINT('',(-1.570796326795,0.));
#1614 = VECTOR('',#1615,1.);
#1615 = DIRECTION('',(-0.,1.));
#1616 = ( GEOMETRIC_REPRESENTATION_CONTEXT(2) 
PARAMETRIC_REPRESENTATION_CONTEXT() REPRESENTATION_CONTEXT('2D SPACE',''
  ) );
#1617 = PCURVE('',#238,#1618);
#1618 = DEFINITIONAL_REPRESENTATION('',(#1619),#1623);
#1619 = LINE('',#1620,#1621);
#1620 = CARTESIAN_POINT('',(37.,0.));
#1621 = VECTOR('',#1622,1.);
#1622 = DIRECTION('',(0.,1.));
#1623 = ( GEOMETRIC_REPRESENTATION_CONTEXT(2) 
PARAMETRIC_REPRESENTATION_CONTEXT() REPRESENTATION_CONTEXT('2D SPACE',''
  ) );
#1624 = ORIENTED_EDGE('',*,*,#992,.F.);
#1625 = ORIENTED_EDGE('',*,*,#1579,.F.);
#1626 = ADVANCED_FACE('',(#1627),#238,.T.);
#1627 = FACE_BOUND('',#1628,.T.);
#1628 = EDGE_LOOP('',(#1629,#1630,#1631,#1632));
#1629 = ORIENTED_EDGE('',*,*,#969,.F.);
#1630 = ORIENTED_EDGE('',*,*,#894,.F.);
#1631 = ORIENTED_EDGE('',*,*,#222,.T.);
#1632 = ORIENTED_EDGE('',*,*,#1604,.T.);
#1633 = ADVANCED_FACE('',(#1634),#357,.F.);
#1634 = FACE_BOUND('',#1635,.T.);
#1635 = EDGE_LOOP('',(#1636,#1665,#1686,#1687));
#1636 = ORIENTED_EDGE('',*,*,#1637,.F.);
#1637 = EDGE_CURVE('',#1638,#1638,#1640,.T.);
#1638 = VERTEX_POINT('',#1639);
#1639 = CARTESIAN_POINT('',(-12.5,15.,3.4));
#1640 = SURFACE_CURVE('',#1641,(#1646,#1653),.PCURVE_S1.);
#1641 = CIRCLE('',#1642,2.5);
#1642 = AXIS2_PLACEMENT_3D('',#1643,#1644,#1645);
#1643 = CARTESIAN_POINT('',(-15.,15.,3.4));
#1644 = DIRECTION('',(0.,-1.110223024625E-16,-1.));
#1645 = DIRECTION('',(1.,0.,0.));
#1646 = PCURVE('',#357,#1647);
#1647 = DEFINITIONAL_REPRESENTATION('',(#1648),#1652);
#1648 = LINE('',#1649,#1650);
#1649 = CARTESIAN_POINT('',(-0.,0.));
#1650 = VECTOR('',#1651,1.);
#1651 = DIRECTION('',(-1.,0.));
#1652 = ( GEOMETRIC_REPRESENTATION_CONTEXT(2) 
PARAMETRIC_REPRESENTATION_CONTEXT() REPRESENTATION_CONTEXT('2D SPACE',''
  ) );
#1653 = PCURVE('',#1654,#1659);
#1654 = PLANE('',#1655);
#1655 = AXIS2_PLACEMENT_3D('',#1656,#1657,#1658);
#1656 = CARTESIAN_POINT('',(-15.,15.,3.4));
#1657 = DIRECTION('',(-0.,-1.110223024625E-16,-1.));
#1658 = DIRECTION('',(0.,1.,-1.110223024625E-16));
#1659 = DEFINITIONAL_REPRESENTATION('',(#1660),#1664);
#1660 = CIRCLE('',#1661,2.5);
#1661 = AXIS2_PLACEMENT_2D('',#1662,#1663);
#1662 = CARTESIAN_POINT('',(0.,0.));
#1663 = DIRECTION('',(0.,1.));
#1664 = ( GEOMETRIC_REPRESENTATION_CONTEXT(2) 
PARAMETRIC_REPRESENTATION_CONTEXT() REPRESENTATION_CONTEXT('2D SPACE',''
  ) );
#1665 = ORIENTED_EDGE('',*,*,#1666,.T.);
#1666 = EDGE_CURVE('',#1638,#341,#1667,.T.);
#1667 = SEAM_CURVE('',#1668,(#1672,#1679),.PCURVE_S1.);
#1668 = LINE('',#1669,#1670);
#1669 = CARTESIAN_POINT('',(-12.5,15.,3.4));
#1670 = VECTOR('',#1671,1.);
#1671 = DIRECTION('',(0.,-1.110223024625E-16,-1.));
#1672 = PCURVE('',#357,#1673);
#1673 = DEFINITIONAL_REPRESENTATION('',(#1674),#1678);
#1674 = LINE('',#1675,#1676);
#1675 = CARTESIAN_POINT('',(-6.28318530718,0.));
#1676 = VECTOR('',#1677,1.);
#1677 = DIRECTION('',(-0.,-1.));
#1678 = ( GEOMETRIC_REPRESENTATION_CONTEXT(2) 
PARAMETRIC_REPRESENTATION_CONTEXT() REPRESENTATION_CONTEXT('2D SPACE',''
  ) );
#1679 = PCURVE('',#357,#1680);
#1680 = DEFINITIONAL_REPRESENTATION('',(#1681),#1685);
#1681 = LINE('',#1682,#1683);
#1682 = CARTESIAN_POINT('',(-0.,0.));
#1683 = VECTOR('',#1684,1.);
#1684 = DIRECTION('',(-0.,-1.));
#1685 = ( GEOMETRIC_REPRESENTATION_CONTEXT(2) 
PARAMETRIC_REPRESENTATION_CONTEXT() REPRESENTATION_CONTEXT('2D SPACE',''
  ) );
#1686 = ORIENTED_EDGE('',*,*,#340,.F.);
#1687 = ORIENTED_EDGE('',*,*,#1666,.F.);
#1688 = ADVANCED_FACE('',(#1689),#388,.F.);
#1689 = FACE_BOUND('',#1690,.T.);
#1690 = EDGE_LOOP('',(#1691,#1720,#1741,#1742));
#1691 = ORIENTED_EDGE('',*,*,#1692,.F.);
#1692 = EDGE_CURVE('',#1693,#1693,#1695,.T.);
#1693 = VERTEX_POINT('',#1694);
#1694 = CARTESIAN_POINT('',(-12.5,-15.,3.4));
#1695 = SURFACE_CURVE('',#1696,(#1701,#1708),.PCURVE_S1.);
#1696 = CIRCLE('',#1697,2.5);
#1697 = AXIS2_PLACEMENT_3D('',#1698,#1699,#1700);
#1698 = CARTESIAN_POINT('',(-15.,-15.,3.4));
#1699 = DIRECTION('',(0.,-1.110223024625E-16,-1.));
#1700 = DIRECTION('',(1.,0.,0.));
#1701 = PCURVE('',#388,#1702);
#1702 = DEFINITIONAL_REPRESENTATION('',(#1703),#1707);
#1703 = LINE('',#1704,#1705);
#1704 = CARTESIAN_POINT('',(-0.,0.));
#1705 = VECTOR('',#1706,1.);
#1706 = DIRECTION('',(-1.,0.));
#1707 = ( GEOMETRIC_REPRESENTATION_CONTEXT(2) 
PARAMETRIC_REPRESENTATION_CONTEXT() REPRESENTATION_CONTEXT('2D SPACE',''
  ) );
#1708 = PCURVE('',#1709,#1714);
#1709 = PLANE('',#1710);
#1710 = AXIS2_PLACEMENT_3D('',#1711,#1712,#1713);
#1711 = CARTESIAN_POINT('',(-15.,-15.,3.4));
#1712 = DIRECTION('',(-0.,-1.110223024625E-16,-1.));
#1713 = DIRECTION('',(0.,1.,-1.110223024625E-16));
#1714 = DEFINITIONAL_REPRESENTATION('',(#1715),#1719);
#1715 = CIRCLE('',#1716,2.5);
#1716 = AXIS2_PLACEMENT_2D('',#1717,#1718);
#1717 = CARTESIAN_POINT('',(0.,0.));
#1718 = DIRECTION('',(0.,1.));
#1719 = ( GEOMETRIC_REPRESENTATION_CONTEXT(2) 
PARAMETRIC_REPRESENTATION_CONTEXT() REPRESENTATION_CONTEXT('2D SPACE',''
  ) );
#1720 = ORIENTED_EDGE('',*,*,#1721,.T.);
#1721 = EDGE_CURVE('',#1693,#372,#1722,.T.);
#1722 = SEAM_CURVE('',#1723,(#1727,#1734),.PCURVE_S1.);
#1723 = LINE('',#1724,#1725);
#1724 = CARTESIAN_POINT('',(-12.5,-15.,3.4));
#1725 = VECTOR('',#1726,1.);
#1726 = DIRECTION('',(0.,-1.110223024625E-16,-1.));
#1727 = PCURVE('',#388,#1728);
#1728 = DEFINITIONAL_REPRESENTATION('',(#1729),#1733);
#1729 = LINE('',#1730,#1731);
#1730 = CARTESIAN_POINT('',(-6.28318530718,0.));
#1731 = VECTOR('',#1732,1.);
#1732 = DIRECTION('',(-0.,-1.));
#1733 = ( GEOMETRIC_REPRESENTATION_CONTEXT(2) 
PARAMETRIC_REPRESENTATION_CONTEXT() REPRESENTATION_CONTEXT('2D SPACE',''
  ) );
#1734 = PCURVE('',#388,#1735);
#1735 = DEFINITIONAL_REPRESENTATION('',(#1736),#1740);
#1736 = LINE('',#1737,#1738);
#1737 = CARTESIAN_POINT('',(-0.,0.));
#1738 = VECTOR('',#1739,1.);
#1739 = DIRECTION('',(-0.,-1.));
#1740 = ( GEOMETRIC_REPRESENTATION_CONTEXT(2) 
PARAMETRIC_REPRESENTATION_CONTEXT() REPRESENTATION_CONTEXT('2D SPACE',''
  ) );
#1741 = ORIENTED_EDGE('',*,*,#371,.F.);
#1742 = ORIENTED_EDGE('',*,*,#1721,.F.);
#1743 = ADVANCED_FACE('',(#1744),#419,.F.);
#1744 = FACE_BOUND('',#1745,.T.);
#1745 = EDGE_LOOP('',(#1746,#1775,#1796,#1797));
#1746 = ORIENTED_EDGE('',*,*,#1747,.F.);
#1747 = EDGE_CURVE('',#1748,#1748,#1750,.T.);
#1748 = VERTEX_POINT('',#1749);
#1749 = CARTESIAN_POINT('',(17.5,15.,3.4));
#1750 = SURFACE_CURVE('',#1751,(#1756,#1763),.PCURVE_S1.);
#1751 = CIRCLE('',#1752,2.5);
#1752 = AXIS2_PLACEMENT_3D('',#1753,#1754,#1755);
#1753 = CARTESIAN_POINT('',(15.,15.,3.4));
#1754 = DIRECTION('',(0.,-1.110223024625E-16,-1.));
#1755 = DIRECTION('',(1.,0.,0.));
#1756 = PCURVE('',#419,#1757);
#1757 = DEFINITIONAL_REPRESENTATION('',(#1758),#1762);
#1758 = LINE('',#1759,#1760);
#1759 = CARTESIAN_POINT('',(-0.,0.));
#1760 = VECTOR('',#1761,1.);
#1761 = DIRECTION('',(-1.,0.));
#1762 = ( GEOMETRIC_REPRESENTATION_CONTEXT(2) 
PARAMETRIC_REPRESENTATION_CONTEXT() REPRESENTATION_CONTEXT('2D SPACE',''
  ) );
#1763 = PCURVE('',#1764,#1769);
#1764 = PLANE('',#1765);
#1765 = AXIS2_PLACEMENT_3D('',#1766,#1767,#1768);
#1766 = CARTESIAN_POINT('',(15.,15.,3.4));
#1767 = DIRECTION('',(-0.,-1.110223024625E-16,-1.));
#1768 = DIRECTION('',(0.,1.,-1.110223024625E-16));
#1769 = DEFINITIONAL_REPRESENTATION('',(#1770),#1774);
#1770 = CIRCLE('',#1771,2.5);
#1771 = AXIS2_PLACEMENT_2D('',#1772,#1773);
#1772 = CARTESIAN_POINT('',(-1.7763568394E-15,1.7763568394E-15));
#1773 = DIRECTION('',(0.,1.));
#1774 = ( GEOMETRIC_REPRESENTATION_CONTEXT(2) 
PARAMETRIC_REPRESENTATION_CONTEXT() REPRESENTATION_CONTEXT('2D SPACE',''
  ) );
#1775 = ORIENTED_EDGE('',*,*,#1776,.T.);
#1776 = EDGE_CURVE('',#1748,#403,#1777,.T.);
#1777 = SEAM_CURVE('',#1778,(#1782,#1789),.PCURVE_S1.);
#1778 = LINE('',#1779,#1780);
#1779 = CARTESIAN_POINT('',(17.5,15.,3.4));
#1780 = VECTOR('',#1781,1.);
#1781 = DIRECTION('',(0.,-1.110223024625E-16,-1.));
#1782 = PCURVE('',#419,#1783);
#1783 = DEFINITIONAL_REPRESENTATION('',(#1784),#1788);
#1784 = LINE('',#1785,#1786);
#1785 = CARTESIAN_POINT('',(-6.28318530718,0.));
#1786 = VECTOR('',#1787,1.);
#1787 = DIRECTION('',(-0.,-1.));
#1788 = ( GEOMETRIC_REPRESENTATION_CONTEXT(2) 
PARAMETRIC_REPRESENTATION_CONTEXT() REPRESENTATION_CONTEXT('2D SPACE',''
  ) );
#1789 = PCURVE('',#419,#1790);
#1790 = DEFINITIONAL_REPRESENTATION('',(#1791),#1795);
#1791 = LINE('',#1792,#1793);
#1792 = CARTESIAN_POINT('',(-0.,0.));
#1793 = VECTOR('',#1794,1.);
#1794 = DIRECTION('',(-0.,-1.));
#1795 = ( GEOMETRIC_REPRESENTATION_CONTEXT(2) 
PARAMETRIC_REPRESENTATION_CONTEXT() REPRESENTATION_CONTEXT('2D SPACE',''
  ) );
#1796 = ORIENTED_EDGE('',*,*,#402,.F.);
#1797 = ORIENTED_EDGE('',*,*,#1776,.F.);
#1798 = ADVANCED_FACE('',(#1799),#452,.F.);
#1799 = FACE_BOUND('',#1800,.T.);
#1800 = EDGE_LOOP('',(#1801,#1802,#1823,#1824));
#1801 = ORIENTED_EDGE('',*,*,#433,.F.);
#1802 = ORIENTED_EDGE('',*,*,#1803,.T.);
#1803 = EDGE_CURVE('',#434,#1163,#1804,.T.);
#1804 = SURFACE_CURVE('',#1805,(#1809,#1816),.PCURVE_S1.);
#1805 = LINE('',#1806,#1807);
#1806 = CARTESIAN_POINT('',(13.834164488526,-7.42333435219,5.6));
#1807 = VECTOR('',#1808,1.);
#1808 = DIRECTION('',(0.,1.110223024625E-16,1.));
#1809 = PCURVE('',#452,#1810);
#1810 = DEFINITIONAL_REPRESENTATION('',(#1811),#1815);
#1811 = LINE('',#1812,#1813);
#1812 = CARTESIAN_POINT('',(-6.775678040326,0.));
#1813 = VECTOR('',#1814,1.);
#1814 = DIRECTION('',(-0.,1.));
#1815 = ( GEOMETRIC_REPRESENTATION_CONTEXT(2) 
PARAMETRIC_REPRESENTATION_CONTEXT() REPRESENTATION_CONTEXT('2D SPACE',''
  ) );
#1816 = PCURVE('',#485,#1817);
#1817 = DEFINITIONAL_REPRESENTATION('',(#1818),#1822);
#1818 = LINE('',#1819,#1820);
#1819 = CARTESIAN_POINT('',(-5.019101501862,1.));
#1820 = VECTOR('',#1821,1.);
#1821 = DIRECTION('',(-0.,1.));
#1822 = ( GEOMETRIC_REPRESENTATION_CONTEXT(2) 
PARAMETRIC_REPRESENTATION_CONTEXT() REPRESENTATION_CONTEXT('2D SPACE',''
  ) );
#1823 = ORIENTED_EDGE('',*,*,#1462,.F.);
#1824 = ORIENTED_EDGE('',*,*,#1825,.F.);
#1825 = EDGE_CURVE('',#436,#1435,#1826,.T.);
#1826 = SURFACE_CURVE('',#1827,(#1831,#1838),.PCURVE_S1.);
#1827 = LINE('',#1828,#1829);
#1828 = CARTESIAN_POINT('',(13.834164488526,7.42333435219,5.6));
#1829 = VECTOR('',#1830,1.);
#1830 = DIRECTION('',(0.,1.110223024625E-16,1.));
#1831 = PCURVE('',#452,#1832);
#1832 = DEFINITIONAL_REPRESENTATION('',(#1833),#1837);
#1833 = LINE('',#1834,#1835);
#1834 = CARTESIAN_POINT('',(-5.790692574033,0.));
#1835 = VECTOR('',#1836,1.);
#1836 = DIRECTION('',(-0.,1.));
#1837 = ( GEOMETRIC_REPRESENTATION_CONTEXT(2) 
PARAMETRIC_REPRESENTATION_CONTEXT() REPRESENTATION_CONTEXT('2D SPACE',''
  ) );
#1838 = PCURVE('',#793,#1839);
#1839 = DEFINITIONAL_REPRESENTATION('',(#1840),#1844);
#1840 = LINE('',#1841,#1842);
#1841 = CARTESIAN_POINT('',(-1.264083805318,1.));
#1842 = VECTOR('',#1843,1.);
#1843 = DIRECTION('',(-0.,1.));
#1844 = ( GEOMETRIC_REPRESENTATION_CONTEXT(2) 
PARAMETRIC_REPRESENTATION_CONTEXT() REPRESENTATION_CONTEXT('2D SPACE',''
  ) );
#1845 = ADVANCED_FACE('',(#1846),#485,.T.);
#1846 = FACE_BOUND('',#1847,.F.);
#1847 = EDGE_LOOP('',(#1848,#1849,#1870,#1871));
#1848 = ORIENTED_EDGE('',*,*,#1160,.F.);
#1849 = ORIENTED_EDGE('',*,*,#1850,.F.);
#1850 = EDGE_CURVE('',#465,#1161,#1851,.T.);
#1851 = SURFACE_CURVE('',#1852,(#1856,#1863),.PCURVE_S1.);
#1852 = LINE('',#1853,#1854);
#1853 = CARTESIAN_POINT('',(13.345878374045,-8.269070711101,5.6));
#1854 = VECTOR('',#1855,1.);
#1855 = DIRECTION('',(0.,1.110223024625E-16,1.));
#1856 = PCURVE('',#485,#1857);
#1857 = DEFINITIONAL_REPRESENTATION('',(#1858),#1862);
#1858 = LINE('',#1859,#1860);
#1859 = CARTESIAN_POINT('',(-2.311281356514,1.));
#1860 = VECTOR('',#1861,1.);
#1861 = DIRECTION('',(-0.,1.));
#1862 = ( GEOMETRIC_REPRESENTATION_CONTEXT(2) 
PARAMETRIC_REPRESENTATION_CONTEXT() REPRESENTATION_CONTEXT('2D SPACE',''
  ) );
#1863 = PCURVE('',#514,#1864);
#1864 = DEFINITIONAL_REPRESENTATION('',(#1865),#1869);
#1865 = LINE('',#1866,#1867);
#1866 = CARTESIAN_POINT('',(-0.55470481805,0.));
#1867 = VECTOR('',#1868,1.);
#1868 = DIRECTION('',(-0.,1.));
#1869 = ( GEOMETRIC_REPRESENTATION_CONTEXT(2) 
PARAMETRIC_REPRESENTATION_CONTEXT() REPRESENTATION_CONTEXT('2D SPACE',''
  ) );
#1870 = ORIENTED_EDGE('',*,*,#464,.T.);
#1871 = ORIENTED_EDGE('',*,*,#1803,.T.);
#1872 = ADVANCED_FACE('',(#1873),#793,.T.);
#1873 = FACE_BOUND('',#1874,.F.);
#1874 = EDGE_LOOP('',(#1875,#1876,#1877,#1878));
#1875 = ORIENTED_EDGE('',*,*,#1434,.F.);
#1876 = ORIENTED_EDGE('',*,*,#1825,.F.);
#1877 = ORIENTED_EDGE('',*,*,#774,.T.);
#1878 = ORIENTED_EDGE('',*,*,#1879,.T.);
#1879 = EDGE_CURVE('',#746,#1407,#1880,.T.);
#1880 = SURFACE_CURVE('',#1881,(#1885,#1892),.PCURVE_S1.);
#1881 = LINE('',#1882,#1883);
#1882 = CARTESIAN_POINT('',(13.345878374045,8.269070711101,5.6));
#1883 = VECTOR('',#1884,1.);
#1884 = DIRECTION('',(0.,1.110223024625E-16,1.));
#1885 = PCURVE('',#793,#1886);
#1886 = DEFINITIONAL_REPRESENTATION('',(#1887),#1891);
#1887 = LINE('',#1888,#1889);
#1888 = CARTESIAN_POINT('',(-3.971903950665,1.));
#1889 = VECTOR('',#1890,1.);
#1890 = DIRECTION('',(-0.,1.));
#1891 = ( GEOMETRIC_REPRESENTATION_CONTEXT(2) 
PARAMETRIC_REPRESENTATION_CONTEXT() REPRESENTATION_CONTEXT('2D SPACE',''
  ) );
#1892 = PCURVE('',#762,#1893);
#1893 = DEFINITIONAL_REPRESENTATION('',(#1894),#1898);
#1894 = LINE('',#1895,#1896);
#1895 = CARTESIAN_POINT('',(-5.728480489129,0.));
#1896 = VECTOR('',#1897,1.);
#1897 = DIRECTION('',(-0.,1.));
#1898 = ( GEOMETRIC_REPRESENTATION_CONTEXT(2) 
PARAMETRIC_REPRESENTATION_CONTEXT() REPRESENTATION_CONTEXT('2D SPACE',''
  ) );
#1899 = ADVANCED_FACE('',(#1900),#514,.F.);
#1900 = FACE_BOUND('',#1901,.T.);
#1901 = EDGE_LOOP('',(#1902,#1903,#1924,#1925));
#1902 = ORIENTED_EDGE('',*,*,#497,.F.);
#1903 = ORIENTED_EDGE('',*,*,#1904,.T.);
#1904 = EDGE_CURVE('',#498,#1191,#1905,.T.);
#1905 = SURFACE_CURVE('',#1906,(#1910,#1917),.PCURVE_S1.);
#1906 = LINE('',#1907,#1908);
#1907 = CARTESIAN_POINT('',(0.488286114481,-15.69240506329,5.6));
#1908 = VECTOR('',#1909,1.);
#1909 = DIRECTION('',(0.,1.110223024625E-16,1.));
#1910 = PCURVE('',#514,#1911);
#1911 = DEFINITIONAL_REPRESENTATION('',(#1912),#1916);
#1912 = LINE('',#1913,#1914);
#1913 = CARTESIAN_POINT('',(-1.539690284343,0.));
#1914 = VECTOR('',#1915,1.);
#1915 = DIRECTION('',(-0.,1.));
#1916 = ( GEOMETRIC_REPRESENTATION_CONTEXT(2) 
PARAMETRIC_REPRESENTATION_CONTEXT() REPRESENTATION_CONTEXT('2D SPACE',''
  ) );
#1917 = PCURVE('',#547,#1918);
#1918 = DEFINITIONAL_REPRESENTATION('',(#1919),#1923);
#1919 = LINE('',#1920,#1921);
#1920 = CARTESIAN_POINT('',(-6.066299053058,1.));
#1921 = VECTOR('',#1922,1.);
#1922 = DIRECTION('',(-0.,1.));
#1923 = ( GEOMETRIC_REPRESENTATION_CONTEXT(2) 
PARAMETRIC_REPRESENTATION_CONTEXT() REPRESENTATION_CONTEXT('2D SPACE',''
  ) );
#1924 = ORIENTED_EDGE('',*,*,#1190,.F.);
#1925 = ORIENTED_EDGE('',*,*,#1850,.F.);
#1926 = ADVANCED_FACE('',(#1927),#762,.F.);
#1927 = FACE_BOUND('',#1928,.T.);
#1928 = EDGE_LOOP('',(#1929,#1930,#1931,#1932));
#1929 = ORIENTED_EDGE('',*,*,#745,.F.);
#1930 = ORIENTED_EDGE('',*,*,#1879,.T.);
#1931 = ORIENTED_EDGE('',*,*,#1406,.F.);
#1932 = ORIENTED_EDGE('',*,*,#1933,.F.);
#1933 = EDGE_CURVE('',#713,#1379,#1934,.T.);
#1934 = SURFACE_CURVE('',#1935,(#1939,#1946),.PCURVE_S1.);
#1935 = LINE('',#1936,#1937);
#1936 = CARTESIAN_POINT('',(0.488286114481,15.692405063291,5.6));
#1937 = VECTOR('',#1938,1.);
#1938 = DIRECTION('',(0.,1.110223024625E-16,1.));
#1939 = PCURVE('',#762,#1940);
#1940 = DEFINITIONAL_REPRESENTATION('',(#1941),#1945);
#1941 = LINE('',#1942,#1943);
#1942 = CARTESIAN_POINT('',(-4.743495022837,0.));
#1943 = VECTOR('',#1944,1.);
#1944 = DIRECTION('',(-0.,1.));
#1945 = ( GEOMETRIC_REPRESENTATION_CONTEXT(2) 
PARAMETRIC_REPRESENTATION_CONTEXT() REPRESENTATION_CONTEXT('2D SPACE',''
  ) );
#1946 = PCURVE('',#733,#1947);
#1947 = DEFINITIONAL_REPRESENTATION('',(#1948),#1952);
#1948 = LINE('',#1949,#1950);
#1949 = CARTESIAN_POINT('',(-0.216886254121,1.));
#1950 = VECTOR('',#1951,1.);
#1951 = DIRECTION('',(-0.,1.));
#1952 = ( GEOMETRIC_REPRESENTATION_CONTEXT(2) 
PARAMETRIC_REPRESENTATION_CONTEXT() REPRESENTATION_CONTEXT('2D SPACE',''
  ) );
#1953 = ADVANCED_FACE('',(#1954),#547,.T.);
#1954 = FACE_BOUND('',#1955,.F.);
#1955 = EDGE_LOOP('',(#1956,#1957,#1978,#1979));
#1956 = ORIENTED_EDGE('',*,*,#1218,.F.);
#1957 = ORIENTED_EDGE('',*,*,#1958,.F.);
#1958 = EDGE_CURVE('',#527,#1219,#1959,.T.);
#1959 = SURFACE_CURVE('',#1960,(#1964,#1971),.PCURVE_S1.);
#1960 = LINE('',#1961,#1962);
#1961 = CARTESIAN_POINT('',(-0.488286114481,-15.69240506329,5.6));
#1962 = VECTOR('',#1963,1.);
#1963 = DIRECTION('',(0.,1.110223024625E-16,1.));
#1964 = PCURVE('',#547,#1965);
#1965 = DEFINITIONAL_REPRESENTATION('',(#1966),#1970);
#1966 = LINE('',#1967,#1968);
#1967 = CARTESIAN_POINT('',(-3.358478907711,1.));
#1968 = VECTOR('',#1969,1.);
#1969 = DIRECTION('',(-0.,1.));
#1970 = ( GEOMETRIC_REPRESENTATION_CONTEXT(2) 
PARAMETRIC_REPRESENTATION_CONTEXT() REPRESENTATION_CONTEXT('2D SPACE',''
  ) );
#1971 = PCURVE('',#576,#1972);
#1972 = DEFINITIONAL_REPRESENTATION('',(#1973),#1977);
#1973 = LINE('',#1974,#1975);
#1974 = CARTESIAN_POINT('',(-1.601902369247,0.));
#1975 = VECTOR('',#1976,1.);
#1976 = DIRECTION('',(-0.,1.));
#1977 = ( GEOMETRIC_REPRESENTATION_CONTEXT(2) 
PARAMETRIC_REPRESENTATION_CONTEXT() REPRESENTATION_CONTEXT('2D SPACE',''
  ) );
#1978 = ORIENTED_EDGE('',*,*,#526,.T.);
#1979 = ORIENTED_EDGE('',*,*,#1904,.T.);
#1980 = ADVANCED_FACE('',(#1981),#733,.T.);
#1981 = FACE_BOUND('',#1982,.F.);
#1982 = EDGE_LOOP('',(#1983,#1984,#1985,#1986));
#1983 = ORIENTED_EDGE('',*,*,#1378,.F.);
#1984 = ORIENTED_EDGE('',*,*,#1933,.F.);
#1985 = ORIENTED_EDGE('',*,*,#712,.T.);
#1986 = ORIENTED_EDGE('',*,*,#1987,.T.);
#1987 = EDGE_CURVE('',#684,#1351,#1988,.T.);
#1988 = SURFACE_CURVE('',#1989,(#1993,#2000),.PCURVE_S1.);
#1989 = LINE('',#1990,#1991);
#1990 = CARTESIAN_POINT('',(-0.488286114481,15.692405063291,5.6));
#1991 = VECTOR('',#1992,1.);
#1992 = DIRECTION('',(0.,1.110223024625E-16,1.));
#1993 = PCURVE('',#733,#1994);
#1994 = DEFINITIONAL_REPRESENTATION('',(#1995),#1999);
#1995 = LINE('',#1996,#1997);
#1996 = CARTESIAN_POINT('',(-2.924706399469,1.));
#1997 = VECTOR('',#1998,1.);
#1998 = DIRECTION('',(-0.,1.));
#1999 = ( GEOMETRIC_REPRESENTATION_CONTEXT(2) 
PARAMETRIC_REPRESENTATION_CONTEXT() REPRESENTATION_CONTEXT('2D SPACE',''
  ) );
#2000 = PCURVE('',#700,#2001);
#2001 = DEFINITIONAL_REPRESENTATION('',(#2002),#2006);
#2002 = LINE('',#2003,#2004);
#2003 = CARTESIAN_POINT('',(-4.681282937933,0.));
#2004 = VECTOR('',#2005,1.);
#2005 = DIRECTION('',(-0.,1.));
#2006 = ( GEOMETRIC_REPRESENTATION_CONTEXT(2) 
PARAMETRIC_REPRESENTATION_CONTEXT() REPRESENTATION_CONTEXT('2D SPACE',''
  ) );
#2007 = ADVANCED_FACE('',(#2008),#576,.F.);
#2008 = FACE_BOUND('',#2009,.T.);
#2009 = EDGE_LOOP('',(#2010,#2011,#2032,#2033));
#2010 = ORIENTED_EDGE('',*,*,#559,.F.);
#2011 = ORIENTED_EDGE('',*,*,#2012,.T.);
#2012 = EDGE_CURVE('',#560,#1247,#2013,.T.);
#2013 = SURFACE_CURVE('',#2014,(#2018,#2025),.PCURVE_S1.);
#2014 = LINE('',#2015,#2016);
#2015 = CARTESIAN_POINT('',(-13.34587837404,-8.269070711101,5.6));
#2016 = VECTOR('',#2017,1.);
#2017 = DIRECTION('',(0.,1.110223024625E-16,1.));
#2018 = PCURVE('',#576,#2019);
#2019 = DEFINITIONAL_REPRESENTATION('',(#2020),#2024);
#2020 = LINE('',#2021,#2022);
#2021 = CARTESIAN_POINT('',(-2.58688783554,0.));
#2022 = VECTOR('',#2023,1.);
#2023 = DIRECTION('',(-0.,1.));
#2024 = ( GEOMETRIC_REPRESENTATION_CONTEXT(2) 
PARAMETRIC_REPRESENTATION_CONTEXT() REPRESENTATION_CONTEXT('2D SPACE',''
  ) );
#2025 = PCURVE('',#609,#2026);
#2026 = DEFINITIONAL_REPRESENTATION('',(#2027),#2031);
#2027 = LINE('',#2028,#2029);
#2028 = CARTESIAN_POINT('',(-7.113496604255,1.));
#2029 = VECTOR('',#2030,1.);
#2030 = DIRECTION('',(-0.,1.));
#2031 = ( GEOMETRIC_REPRESENTATION_CONTEXT(2) 
PARAMETRIC_REPRESENTATION_CONTEXT() REPRESENTATION_CONTEXT('2D SPACE',''
  ) );
#2032 = ORIENTED_EDGE('',*,*,#1246,.F.);
#2033 = ORIENTED_EDGE('',*,*,#1958,.F.);
#2034 = ADVANCED_FACE('',(#2035),#700,.F.);
#2035 = FACE_BOUND('',#2036,.T.);
#2036 = EDGE_LOOP('',(#2037,#2038,#2039,#2040));
#2037 = ORIENTED_EDGE('',*,*,#683,.F.);
#2038 = ORIENTED_EDGE('',*,*,#1987,.T.);
#2039 = ORIENTED_EDGE('',*,*,#1350,.F.);
#2040 = ORIENTED_EDGE('',*,*,#2041,.F.);
#2041 = EDGE_CURVE('',#651,#1327,#2042,.T.);
#2042 = SURFACE_CURVE('',#2043,(#2047,#2054),.PCURVE_S1.);
#2043 = LINE('',#2044,#2045);
#2044 = CARTESIAN_POINT('',(-13.34587837404,8.269070711101,5.6));
#2045 = VECTOR('',#2046,1.);
#2046 = DIRECTION('',(0.,1.110223024625E-16,1.));
#2047 = PCURVE('',#700,#2048);
#2048 = DEFINITIONAL_REPRESENTATION('',(#2049),#2053);
#2049 = LINE('',#2050,#2051);
#2050 = CARTESIAN_POINT('',(-3.69629747164,0.));
#2051 = VECTOR('',#2052,1.);
#2052 = DIRECTION('',(-0.,1.));
#2053 = ( GEOMETRIC_REPRESENTATION_CONTEXT(2) 
PARAMETRIC_REPRESENTATION_CONTEXT() REPRESENTATION_CONTEXT('2D SPACE',''
  ) );
#2054 = PCURVE('',#671,#2055);
#2055 = DEFINITIONAL_REPRESENTATION('',(#2056),#2060);
#2056 = LINE('',#2057,#2058);
#2057 = CARTESIAN_POINT('',(-5.452874010104,1.));
#2058 = VECTOR('',#2059,1.);
#2059 = DIRECTION('',(-0.,1.));
#2060 = ( GEOMETRIC_REPRESENTATION_CONTEXT(2) 
PARAMETRIC_REPRESENTATION_CONTEXT() REPRESENTATION_CONTEXT('2D SPACE',''
  ) );
#2061 = ADVANCED_FACE('',(#2062),#609,.T.);
#2062 = FACE_BOUND('',#2063,.F.);
#2063 = EDGE_LOOP('',(#2064,#2065,#2066,#2067));
#2064 = ORIENTED_EDGE('',*,*,#588,.T.);
#2065 = ORIENTED_EDGE('',*,*,#2012,.T.);
#2066 = ORIENTED_EDGE('',*,*,#1274,.T.);
#2067 = ORIENTED_EDGE('',*,*,#2068,.F.);
#2068 = EDGE_CURVE('',#589,#1275,#2069,.T.);
#2069 = SURFACE_CURVE('',#2070,(#2074,#2081),.PCURVE_S1.);
#2070 = LINE('',#2071,#2072);
#2071 = CARTESIAN_POINT('',(-13.83416448852,-7.42333435219,5.6));
#2072 = VECTOR('',#2073,1.);
#2073 = DIRECTION('',(0.,1.110223024625E-16,1.));
#2074 = PCURVE('',#609,#2075);
#2075 = DEFINITIONAL_REPRESENTATION('',(#2076),#2080);
#2076 = LINE('',#2077,#2078);
#2077 = CARTESIAN_POINT('',(-4.405676458908,1.));
#2078 = VECTOR('',#2079,1.);
#2079 = DIRECTION('',(-0.,1.));
#2080 = ( GEOMETRIC_REPRESENTATION_CONTEXT(2) 
PARAMETRIC_REPRESENTATION_CONTEXT() REPRESENTATION_CONTEXT('2D SPACE',''
  ) );
#2081 = PCURVE('',#638,#2082);
#2082 = DEFINITIONAL_REPRESENTATION('',(#2083),#2087);
#2083 = LINE('',#2084,#2085);
#2084 = CARTESIAN_POINT('',(-2.649099920443,0.));
#2085 = VECTOR('',#2086,1.);
#2086 = DIRECTION('',(-0.,1.));
#2087 = ( GEOMETRIC_REPRESENTATION_CONTEXT(2) 
PARAMETRIC_REPRESENTATION_CONTEXT() REPRESENTATION_CONTEXT('2D SPACE',''
  ) );
#2088 = ADVANCED_FACE('',(#2089),#671,.T.);
#2089 = FACE_BOUND('',#2090,.F.);
#2090 = EDGE_LOOP('',(#2091,#2092,#2113,#2114));
#2091 = ORIENTED_EDGE('',*,*,#650,.T.);
#2092 = ORIENTED_EDGE('',*,*,#2093,.T.);
#2093 = EDGE_CURVE('',#622,#1299,#2094,.T.);
#2094 = SURFACE_CURVE('',#2095,(#2099,#2106),.PCURVE_S1.);
#2095 = LINE('',#2096,#2097);
#2096 = CARTESIAN_POINT('',(-13.83416448852,7.42333435219,5.6));
#2097 = VECTOR('',#2098,1.);
#2098 = DIRECTION('',(0.,1.110223024625E-16,1.));
#2099 = PCURVE('',#671,#2100);
#2100 = DEFINITIONAL_REPRESENTATION('',(#2101),#2105);
#2101 = LINE('',#2102,#2103);
#2102 = CARTESIAN_POINT('',(-8.160694155452,1.));
#2103 = VECTOR('',#2104,1.);
#2104 = DIRECTION('',(-0.,1.));
#2105 = ( GEOMETRIC_REPRESENTATION_CONTEXT(2) 
PARAMETRIC_REPRESENTATION_CONTEXT() REPRESENTATION_CONTEXT('2D SPACE',''
  ) );
#2106 = PCURVE('',#638,#2107);
#2107 = DEFINITIONAL_REPRESENTATION('',(#2108),#2112);
#2108 = LINE('',#2109,#2110);
#2109 = CARTESIAN_POINT('',(-3.634085386736,0.));
#2110 = VECTOR('',#2111,1.);
#2111 = DIRECTION('',(-0.,1.));
#2112 = ( GEOMETRIC_REPRESENTATION_CONTEXT(2) 
PARAMETRIC_REPRESENTATION_CONTEXT() REPRESENTATION_CONTEXT('2D SPACE',''
  ) );
#2113 = ORIENTED_EDGE('',*,*,#1326,.T.);
#2114 = ORIENTED_EDGE('',*,*,#2041,.F.);
#2115 = ADVANCED_FACE('',(#2116),#638,.F.);
#2116 = FACE_BOUND('',#2117,.T.);
#2117 = EDGE_LOOP('',(#2118,#2119,#2120,#2121));
#2118 = ORIENTED_EDGE('',*,*,#621,.F.);
#2119 = ORIENTED_EDGE('',*,*,#2093,.T.);
#2120 = ORIENTED_EDGE('',*,*,#1298,.F.);
#2121 = ORIENTED_EDGE('',*,*,#2068,.F.);
#2122 = ADVANCED_FACE('',(#2123),#824,.F.);
#2123 = FACE_BOUND('',#2124,.T.);
#2124 = EDGE_LOOP('',(#2125,#2154,#2175,#2176));
#2125 = ORIENTED_EDGE('',*,*,#2126,.F.);
#2126 = EDGE_CURVE('',#2127,#2127,#2129,.T.);
#2127 = VERTEX_POINT('',#2128);
#2128 = CARTESIAN_POINT('',(17.5,-15.,3.4));
#2129 = SURFACE_CURVE('',#2130,(#2135,#2142),.PCURVE_S1.);
#2130 = CIRCLE('',#2131,2.5);
#2131 = AXIS2_PLACEMENT_3D('',#2132,#2133,#2134);
#2132 = CARTESIAN_POINT('',(15.,-15.,3.4));
#2133 = DIRECTION('',(0.,-1.110223024625E-16,-1.));
#2134 = DIRECTION('',(1.,0.,0.));
#2135 = PCURVE('',#824,#2136);
#2136 = DEFINITIONAL_REPRESENTATION('',(#2137),#2141);
#2137 = LINE('',#2138,#2139);
#2138 = CARTESIAN_POINT('',(-0.,0.));
#2139 = VECTOR('',#2140,1.);
#2140 = DIRECTION('',(-1.,0.));
#2141 = ( GEOMETRIC_REPRESENTATION_CONTEXT(2) 
PARAMETRIC_REPRESENTATION_CONTEXT() REPRESENTATION_CONTEXT('2D SPACE',''
  ) );
#2142 = PCURVE('',#2143,#2148);
#2143 = PLANE('',#2144);
#2144 = AXIS2_PLACEMENT_3D('',#2145,#2146,#2147);
#2145 = CARTESIAN_POINT('',(15.,-15.,3.4));
#2146 = DIRECTION('',(-0.,-1.110223024625E-16,-1.));
#2147 = DIRECTION('',(0.,1.,-1.110223024625E-16));
#2148 = DEFINITIONAL_REPRESENTATION('',(#2149),#2153);
#2149 = CIRCLE('',#2150,2.5);
#2150 = AXIS2_PLACEMENT_2D('',#2151,#2152);
#2151 = CARTESIAN_POINT('',(0.,1.7763568394E-15));
#2152 = DIRECTION('',(0.,1.));
#2153 = ( GEOMETRIC_REPRESENTATION_CONTEXT(2) 
PARAMETRIC_REPRESENTATION_CONTEXT() REPRESENTATION_CONTEXT('2D SPACE',''
  ) );
#2154 = ORIENTED_EDGE('',*,*,#2155,.T.);
#2155 = EDGE_CURVE('',#2127,#808,#2156,.T.);
#2156 = SEAM_CURVE('',#2157,(#2161,#2168),.PCURVE_S1.);
#2157 = LINE('',#2158,#2159);
#2158 = CARTESIAN_POINT('',(17.5,-15.,3.4));
#2159 = VECTOR('',#2160,1.);
#2160 = DIRECTION('',(0.,-1.110223024625E-16,-1.));
#2161 = PCURVE('',#824,#2162);
#2162 = DEFINITIONAL_REPRESENTATION('',(#2163),#2167);
#2163 = LINE('',#2164,#2165);
#2164 = CARTESIAN_POINT('',(-6.28318530718,0.));
#2165 = VECTOR('',#2166,1.);
#2166 = DIRECTION('',(-0.,-1.));
#2167 = ( GEOMETRIC_REPRESENTATION_CONTEXT(2) 
PARAMETRIC_REPRESENTATION_CONTEXT() REPRESENTATION_CONTEXT('2D SPACE',''
  ) );
#2168 = PCURVE('',#824,#2169);
#2169 = DEFINITIONAL_REPRESENTATION('',(#2170),#2174);
#2170 = LINE('',#2171,#2172);
#2171 = CARTESIAN_POINT('',(-0.,0.));
#2172 = VECTOR('',#2173,1.);
#2173 = DIRECTION('',(-0.,-1.));
#2174 = ( GEOMETRIC_REPRESENTATION_CONTEXT(2) 
PARAMETRIC_REPRESENTATION_CONTEXT() REPRESENTATION_CONTEXT('2D SPACE',''
  ) );
#2175 = ORIENTED_EDGE('',*,*,#807,.F.);
#2176 = ORIENTED_EDGE('',*,*,#2155,.F.);
#2177 = ADVANCED_FACE('',(#2178),#1084,.T.);
#2178 = FACE_BOUND('',#2179,.F.);
#2179 = EDGE_LOOP('',(#2180,#2209,#2230,#2231));
#2180 = ORIENTED_EDGE('',*,*,#2181,.F.);
#2181 = EDGE_CURVE('',#2182,#2182,#2184,.T.);
#2182 = VERTEX_POINT('',#2183);
#2183 = CARTESIAN_POINT('',(-12.4,15.,16.65));
#2184 = SURFACE_CURVE('',#2185,(#2190,#2197),.PCURVE_S1.);
#2185 = CIRCLE('',#2186,2.6);
#2186 = AXIS2_PLACEMENT_3D('',#2187,#2188,#2189);
#2187 = CARTESIAN_POINT('',(-15.,15.,16.65));
#2188 = DIRECTION('',(0.,-1.110223024625E-16,-1.));
#2189 = DIRECTION('',(1.,0.,0.));
#2190 = PCURVE('',#1084,#2191);
#2191 = DEFINITIONAL_REPRESENTATION('',(#2192),#2196);
#2192 = LINE('',#2193,#2194);
#2193 = CARTESIAN_POINT('',(-0.,0.));
#2194 = VECTOR('',#2195,1.);
#2195 = DIRECTION('',(-1.,0.));
#2196 = ( GEOMETRIC_REPRESENTATION_CONTEXT(2) 
PARAMETRIC_REPRESENTATION_CONTEXT() REPRESENTATION_CONTEXT('2D SPACE',''
  ) );
#2197 = PCURVE('',#2198,#2203);
#2198 = PLANE('',#2199);
#2199 = AXIS2_PLACEMENT_3D('',#2200,#2201,#2202);
#2200 = CARTESIAN_POINT('',(-15.,15.,16.65));
#2201 = DIRECTION('',(-0.,-1.110223024625E-16,-1.));
#2202 = DIRECTION('',(0.,1.,-1.110223024625E-16));
#2203 = DEFINITIONAL_REPRESENTATION('',(#2204),#2208);
#2204 = CIRCLE('',#2205,2.6);
#2205 = AXIS2_PLACEMENT_2D('',#2206,#2207);
#2206 = CARTESIAN_POINT('',(0.,0.));
#2207 = DIRECTION('',(0.,1.));
#2208 = ( GEOMETRIC_REPRESENTATION_CONTEXT(2) 
PARAMETRIC_REPRESENTATION_CONTEXT() REPRESENTATION_CONTEXT('2D SPACE',''
  ) );
#2209 = ORIENTED_EDGE('',*,*,#2210,.T.);
#2210 = EDGE_CURVE('',#2182,#1068,#2211,.T.);
#2211 = SEAM_CURVE('',#2212,(#2216,#2223),.PCURVE_S1.);
#2212 = LINE('',#2213,#2214);
#2213 = CARTESIAN_POINT('',(-12.4,15.,16.65));
#2214 = VECTOR('',#2215,1.);
#2215 = DIRECTION('',(0.,-1.110223024625E-16,-1.));
#2216 = PCURVE('',#1084,#2217);
#2217 = DEFINITIONAL_REPRESENTATION('',(#2218),#2222);
#2218 = LINE('',#2219,#2220);
#2219 = CARTESIAN_POINT('',(-6.28318530718,0.));
#2220 = VECTOR('',#2221,1.);
#2221 = DIRECTION('',(-0.,-1.));
#2222 = ( GEOMETRIC_REPRESENTATION_CONTEXT(2) 
PARAMETRIC_REPRESENTATION_CONTEXT() REPRESENTATION_CONTEXT('2D SPACE',''
  ) );
#2223 = PCURVE('',#1084,#2224);
#2224 = DEFINITIONAL_REPRESENTATION('',(#2225),#2229);
#2225 = LINE('',#2226,#2227);
#2226 = CARTESIAN_POINT('',(-0.,0.));
#2227 = VECTOR('',#2228,1.);
#2228 = DIRECTION('',(-0.,-1.));
#2229 = ( GEOMETRIC_REPRESENTATION_CONTEXT(2) 
PARAMETRIC_REPRESENTATION_CONTEXT() REPRESENTATION_CONTEXT('2D SPACE',''
  ) );
#2230 = ORIENTED_EDGE('',*,*,#1067,.F.);
#2231 = ORIENTED_EDGE('',*,*,#2210,.F.);
#2232 = ADVANCED_FACE('',(#2233),#1115,.T.);
#2233 = FACE_BOUND('',#2234,.F.);
#2234 = EDGE_LOOP('',(#2235,#2264,#2285,#2286));
#2235 = ORIENTED_EDGE('',*,*,#2236,.F.);
#2236 = EDGE_CURVE('',#2237,#2237,#2239,.T.);
#2237 = VERTEX_POINT('',#2238);
#2238 = CARTESIAN_POINT('',(-12.4,-15.,16.65));
#2239 = SURFACE_CURVE('',#2240,(#2245,#2252),.PCURVE_S1.);
#2240 = CIRCLE('',#2241,2.6);
#2241 = AXIS2_PLACEMENT_3D('',#2242,#2243,#2244);
#2242 = CARTESIAN_POINT('',(-15.,-15.,16.65));
#2243 = DIRECTION('',(0.,-1.110223024625E-16,-1.));
#2244 = DIRECTION('',(1.,0.,0.));
#2245 = PCURVE('',#1115,#2246);
#2246 = DEFINITIONAL_REPRESENTATION('',(#2247),#2251);
#2247 = LINE('',#2248,#2249);
#2248 = CARTESIAN_POINT('',(-0.,0.));
#2249 = VECTOR('',#2250,1.);
#2250 = DIRECTION('',(-1.,0.));
#2251 = ( GEOMETRIC_REPRESENTATION_CONTEXT(2) 
PARAMETRIC_REPRESENTATION_CONTEXT() REPRESENTATION_CONTEXT('2D SPACE',''
  ) );
#2252 = PCURVE('',#2253,#2258);
#2253 = PLANE('',#2254);
#2254 = AXIS2_PLACEMENT_3D('',#2255,#2256,#2257);
#2255 = CARTESIAN_POINT('',(-15.,-15.,16.65));
#2256 = DIRECTION('',(-0.,-1.110223024625E-16,-1.));
#2257 = DIRECTION('',(0.,1.,-1.110223024625E-16));
#2258 = DEFINITIONAL_REPRESENTATION('',(#2259),#2263);
#2259 = CIRCLE('',#2260,2.6);
#2260 = AXIS2_PLACEMENT_2D('',#2261,#2262);
#2261 = CARTESIAN_POINT('',(0.,3.552713678801E-15));
#2262 = DIRECTION('',(0.,1.));
#2263 = ( GEOMETRIC_REPRESENTATION_CONTEXT(2) 
PARAMETRIC_REPRESENTATION_CONTEXT() REPRESENTATION_CONTEXT('2D SPACE',''
  ) );
#2264 = ORIENTED_EDGE('',*,*,#2265,.T.);
#2265 = EDGE_CURVE('',#2237,#1099,#2266,.T.);
#2266 = SEAM_CURVE('',#2267,(#2271,#2278),.PCURVE_S1.);
#2267 = LINE('',#2268,#2269);
#2268 = CARTESIAN_POINT('',(-12.4,-15.,16.65));
#2269 = VECTOR('',#2270,1.);
#2270 = DIRECTION('',(0.,-1.110223024625E-16,-1.));
#2271 = PCURVE('',#1115,#2272);
#2272 = DEFINITIONAL_REPRESENTATION('',(#2273),#2277);
#2273 = LINE('',#2274,#2275);
#2274 = CARTESIAN_POINT('',(-6.28318530718,0.));
#2275 = VECTOR('',#2276,1.);
#2276 = DIRECTION('',(-0.,-1.));
#2277 = ( GEOMETRIC_REPRESENTATION_CONTEXT(2) 
PARAMETRIC_REPRESENTATION_CONTEXT() REPRESENTATION_CONTEXT('2D SPACE',''
  ) );
#2278 = PCURVE('',#1115,#2279);
#2279 = DEFINITIONAL_REPRESENTATION('',(#2280),#2284);
#2280 = LINE('',#2281,#2282);
#2281 = CARTESIAN_POINT('',(-0.,0.));
#2282 = VECTOR('',#2283,1.);
#2283 = DIRECTION('',(-0.,-1.));
#2284 = ( GEOMETRIC_REPRESENTATION_CONTEXT(2) 
PARAMETRIC_REPRESENTATION_CONTEXT() REPRESENTATION_CONTEXT('2D SPACE',''
  ) );
#2285 = ORIENTED_EDGE('',*,*,#1098,.F.);
#2286 = ORIENTED_EDGE('',*,*,#2265,.F.);
#2287 = ADVANCED_FACE('',(#2288),#1146,.T.);
#2288 = FACE_BOUND('',#2289,.F.);
#2289 = EDGE_LOOP('',(#2290,#2319,#2340,#2341));
#2290 = ORIENTED_EDGE('',*,*,#2291,.F.);
#2291 = EDGE_CURVE('',#2292,#2292,#2294,.T.);
#2292 = VERTEX_POINT('',#2293);
#2293 = CARTESIAN_POINT('',(17.6,15.,16.65));
#2294 = SURFACE_CURVE('',#2295,(#2300,#2307),.PCURVE_S1.);
#2295 = CIRCLE('',#2296,2.6);
#2296 = AXIS2_PLACEMENT_3D('',#2297,#2298,#2299);
#2297 = CARTESIAN_POINT('',(15.,15.,16.65));
#2298 = DIRECTION('',(0.,-1.110223024625E-16,-1.));
#2299 = DIRECTION('',(1.,0.,0.));
#2300 = PCURVE('',#1146,#2301);
#2301 = DEFINITIONAL_REPRESENTATION('',(#2302),#2306);
#2302 = LINE('',#2303,#2304);
#2303 = CARTESIAN_POINT('',(-0.,0.));
#2304 = VECTOR('',#2305,1.);
#2305 = DIRECTION('',(-1.,0.));
#2306 = ( GEOMETRIC_REPRESENTATION_CONTEXT(2) 
PARAMETRIC_REPRESENTATION_CONTEXT() REPRESENTATION_CONTEXT('2D SPACE',''
  ) );
#2307 = PCURVE('',#2308,#2313);
#2308 = PLANE('',#2309);
#2309 = AXIS2_PLACEMENT_3D('',#2310,#2311,#2312);
#2310 = CARTESIAN_POINT('',(15.,15.,16.65));
#2311 = DIRECTION('',(-0.,-1.110223024625E-16,-1.));
#2312 = DIRECTION('',(0.,1.,-1.110223024625E-16));
#2313 = DEFINITIONAL_REPRESENTATION('',(#2314),#2318);
#2314 = CIRCLE('',#2315,2.6);
#2315 = AXIS2_PLACEMENT_2D('',#2316,#2317);
#2316 = CARTESIAN_POINT('',(0.,-3.552713678801E-15));
#2317 = DIRECTION('',(0.,1.));
#2318 = ( GEOMETRIC_REPRESENTATION_CONTEXT(2) 
PARAMETRIC_REPRESENTATION_CONTEXT() REPRESENTATION_CONTEXT('2D SPACE',''
  ) );
#2319 = ORIENTED_EDGE('',*,*,#2320,.T.);
#2320 = EDGE_CURVE('',#2292,#1130,#2321,.T.);
#2321 = SEAM_CURVE('',#2322,(#2326,#2333),.PCURVE_S1.);
#2322 = LINE('',#2323,#2324);
#2323 = CARTESIAN_POINT('',(17.6,15.,16.65));
#2324 = VECTOR('',#2325,1.);
#2325 = DIRECTION('',(0.,-1.110223024625E-16,-1.));
#2326 = PCURVE('',#1146,#2327);
#2327 = DEFINITIONAL_REPRESENTATION('',(#2328),#2332);
#2328 = LINE('',#2329,#2330);
#2329 = CARTESIAN_POINT('',(-6.28318530718,0.));
#2330 = VECTOR('',#2331,1.);
#2331 = DIRECTION('',(-0.,-1.));
#2332 = ( GEOMETRIC_REPRESENTATION_CONTEXT(2) 
PARAMETRIC_REPRESENTATION_CONTEXT() REPRESENTATION_CONTEXT('2D SPACE',''
  ) );
#2333 = PCURVE('',#1146,#2334);
#2334 = DEFINITIONAL_REPRESENTATION('',(#2335),#2339);
#2335 = LINE('',#2336,#2337);
#2336 = CARTESIAN_POINT('',(-0.,0.));
#2337 = VECTOR('',#2338,1.);
#2338 = DIRECTION('',(-0.,-1.));
#2339 = ( GEOMETRIC_REPRESENTATION_CONTEXT(2) 
PARAMETRIC_REPRESENTATION_CONTEXT() REPRESENTATION_CONTEXT('2D SPACE',''
  ) );
#2340 = ORIENTED_EDGE('',*,*,#1129,.F.);
#2341 = ORIENTED_EDGE('',*,*,#2320,.F.);
#2342 = ADVANCED_FACE('',(#2343),#1507,.T.);
#2343 = FACE_BOUND('',#2344,.F.);
#2344 = EDGE_LOOP('',(#2345,#2374,#2395,#2396));
#2345 = ORIENTED_EDGE('',*,*,#2346,.F.);
#2346 = EDGE_CURVE('',#2347,#2347,#2349,.T.);
#2347 = VERTEX_POINT('',#2348);
#2348 = CARTESIAN_POINT('',(17.6,-15.,16.65));
#2349 = SURFACE_CURVE('',#2350,(#2355,#2362),.PCURVE_S1.);
#2350 = CIRCLE('',#2351,2.6);
#2351 = AXIS2_PLACEMENT_3D('',#2352,#2353,#2354);
#2352 = CARTESIAN_POINT('',(15.,-15.,16.65));
#2353 = DIRECTION('',(0.,-1.110223024625E-16,-1.));
#2354 = DIRECTION('',(1.,0.,0.));
#2355 = PCURVE('',#1507,#2356);
#2356 = DEFINITIONAL_REPRESENTATION('',(#2357),#2361);
#2357 = LINE('',#2358,#2359);
#2358 = CARTESIAN_POINT('',(-0.,0.));
#2359 = VECTOR('',#2360,1.);
#2360 = DIRECTION('',(-1.,0.));
#2361 = ( GEOMETRIC_REPRESENTATION_CONTEXT(2) 
PARAMETRIC_REPRESENTATION_CONTEXT() REPRESENTATION_CONTEXT('2D SPACE',''
  ) );
#2362 = PCURVE('',#2363,#2368);
#2363 = PLANE('',#2364);
#2364 = AXIS2_PLACEMENT_3D('',#2365,#2366,#2367);
#2365 = CARTESIAN_POINT('',(15.,-15.,16.65));
#2366 = DIRECTION('',(-0.,-1.110223024625E-16,-1.));
#2367 = DIRECTION('',(0.,1.,-1.110223024625E-16));
#2368 = DEFINITIONAL_REPRESENTATION('',(#2369),#2373);
#2369 = CIRCLE('',#2370,2.6);
#2370 = AXIS2_PLACEMENT_2D('',#2371,#2372);
#2371 = CARTESIAN_POINT('',(7.105427357601E-15,0.));
#2372 = DIRECTION('',(0.,1.));
#2373 = ( GEOMETRIC_REPRESENTATION_CONTEXT(2) 
PARAMETRIC_REPRESENTATION_CONTEXT() REPRESENTATION_CONTEXT('2D SPACE',''
  ) );
#2374 = ORIENTED_EDGE('',*,*,#2375,.T.);
#2375 = EDGE_CURVE('',#2347,#1491,#2376,.T.);
#2376 = SEAM_CURVE('',#2377,(#2381,#2388),.PCURVE_S1.);
#2377 = LINE('',#2378,#2379);
#2378 = CARTESIAN_POINT('',(17.6,-15.,16.65));
#2379 = VECTOR('',#2380,1.);
#2380 = DIRECTION('',(0.,-1.110223024625E-16,-1.));
#2381 = PCURVE('',#1507,#2382);
#2382 = DEFINITIONAL_REPRESENTATION('',(#2383),#2387);
#2383 = LINE('',#2384,#2385);
#2384 = CARTESIAN_POINT('',(-6.28318530718,0.));
#2385 = VECTOR('',#2386,1.);
#2386 = DIRECTION('',(-0.,-1.));
#2387 = ( GEOMETRIC_REPRESENTATION_CONTEXT(2) 
PARAMETRIC_REPRESENTATION_CONTEXT() REPRESENTATION_CONTEXT('2D SPACE',''
  ) );
#2388 = PCURVE('',#1507,#2389);
#2389 = DEFINITIONAL_REPRESENTATION('',(#2390),#2394);
#2390 = LINE('',#2391,#2392);
#2391 = CARTESIAN_POINT('',(-0.,0.));
#2392 = VECTOR('',#2393,1.);
#2393 = DIRECTION('',(-0.,-1.));
#2394 = ( GEOMETRIC_REPRESENTATION_CONTEXT(2) 
PARAMETRIC_REPRESENTATION_CONTEXT() REPRESENTATION_CONTEXT('2D SPACE',''
  ) );
#2395 = ORIENTED_EDGE('',*,*,#1490,.F.);
#2396 = ORIENTED_EDGE('',*,*,#2375,.F.);
#2397 = ADVANCED_FACE('',(#2398,#2401),#1654,.T.);
#2398 = FACE_BOUND('',#2399,.T.);
#2399 = EDGE_LOOP('',(#2400));
#2400 = ORIENTED_EDGE('',*,*,#1637,.T.);
#2401 = FACE_BOUND('',#2402,.T.);
#2402 = EDGE_LOOP('',(#2403));
#2403 = ORIENTED_EDGE('',*,*,#2404,.T.);
#2404 = EDGE_CURVE('',#2405,#2405,#2407,.T.);
#2405 = VERTEX_POINT('',#2406);
#2406 = CARTESIAN_POINT('',(-13.6,15.,3.4));
#2407 = SURFACE_CURVE('',#2408,(#2413,#2424),.PCURVE_S1.);
#2408 = CIRCLE('',#2409,1.4);
#2409 = AXIS2_PLACEMENT_3D('',#2410,#2411,#2412);
#2410 = CARTESIAN_POINT('',(-15.,15.,3.4));
#2411 = DIRECTION('',(-0.,1.110223024625E-16,1.));
#2412 = DIRECTION('',(1.,0.,0.));
#2413 = PCURVE('',#1654,#2414);
#2414 = DEFINITIONAL_REPRESENTATION('',(#2415),#2423);
#2415 = ( BOUNDED_CURVE() B_SPLINE_CURVE(2,(#2416,#2417,#2418,#2419,
#2420,#2421,#2422),.UNSPECIFIED.,.T.,.F.) B_SPLINE_CURVE_WITH_KNOTS((1,2
    ,2,2,2,1),(-2.094395102393,0.,2.094395102393,4.188790204786,
6.28318530718,8.377580409573),.UNSPECIFIED.) CURVE() 
GEOMETRIC_REPRESENTATION_ITEM() RATIONAL_B_SPLINE_CURVE((1.,0.5,1.,0.5,
1.,0.5,1.)) REPRESENTATION_ITEM('') );
#2416 = CARTESIAN_POINT('',(0.,1.4));
#2417 = CARTESIAN_POINT('',(2.424871130596,1.4));
#2418 = CARTESIAN_POINT('',(1.212435565298,-0.7));
#2419 = CARTESIAN_POINT('',(3.429011037613E-16,-2.8));
#2420 = CARTESIAN_POINT('',(-1.212435565298,-0.7));
#2421 = CARTESIAN_POINT('',(-2.424871130596,1.4));
#2422 = CARTESIAN_POINT('',(0.,1.4));
#2423 = ( GEOMETRIC_REPRESENTATION_CONTEXT(2) 
PARAMETRIC_REPRESENTATION_CONTEXT() REPRESENTATION_CONTEXT('2D SPACE',''
  ) );
#2424 = PCURVE('',#2425,#2430);
#2425 = CYLINDRICAL_SURFACE('',#2426,1.4);
#2426 = AXIS2_PLACEMENT_3D('',#2427,#2428,#2429);
#2427 = CARTESIAN_POINT('',(-15.,15.,17.65));
#2428 = DIRECTION('',(0.,1.110223024625E-16,1.));
#2429 = DIRECTION('',(1.,0.,0.));
#2430 = DEFINITIONAL_REPRESENTATION('',(#2431),#2435);
#2431 = LINE('',#2432,#2433);
#2432 = CARTESIAN_POINT('',(-6.28318530718,-14.25));
#2433 = VECTOR('',#2434,1.);
#2434 = DIRECTION('',(1.,-0.));
#2435 = ( GEOMETRIC_REPRESENTATION_CONTEXT(2) 
PARAMETRIC_REPRESENTATION_CONTEXT() REPRESENTATION_CONTEXT('2D SPACE',''
  ) );
#2436 = ADVANCED_FACE('',(#2437,#2440),#1709,.T.);
#2437 = FACE_BOUND('',#2438,.T.);
#2438 = EDGE_LOOP('',(#2439));
#2439 = ORIENTED_EDGE('',*,*,#1692,.T.);
#2440 = FACE_BOUND('',#2441,.T.);
#2441 = EDGE_LOOP('',(#2442));
#2442 = ORIENTED_EDGE('',*,*,#2443,.T.);
#2443 = EDGE_CURVE('',#2444,#2444,#2446,.T.);
#2444 = VERTEX_POINT('',#2445);
#2445 = CARTESIAN_POINT('',(-13.6,-15.,3.4));
#2446 = SURFACE_CURVE('',#2447,(#2452,#2463),.PCURVE_S1.);
#2447 = CIRCLE('',#2448,1.4);
#2448 = AXIS2_PLACEMENT_3D('',#2449,#2450,#2451);
#2449 = CARTESIAN_POINT('',(-15.,-15.,3.4));
#2450 = DIRECTION('',(-0.,1.110223024625E-16,1.));
#2451 = DIRECTION('',(1.,0.,0.));
#2452 = PCURVE('',#1709,#2453);
#2453 = DEFINITIONAL_REPRESENTATION('',(#2454),#2462);
#2454 = ( BOUNDED_CURVE() B_SPLINE_CURVE(2,(#2455,#2456,#2457,#2458,
#2459,#2460,#2461),.UNSPECIFIED.,.T.,.F.) B_SPLINE_CURVE_WITH_KNOTS((1,2
    ,2,2,2,1),(-2.094395102393,0.,2.094395102393,4.188790204786,
6.28318530718,8.377580409573),.UNSPECIFIED.) CURVE() 
GEOMETRIC_REPRESENTATION_ITEM() RATIONAL_B_SPLINE_CURVE((1.,0.5,1.,0.5,
1.,0.5,1.)) REPRESENTATION_ITEM('') );
#2455 = CARTESIAN_POINT('',(0.,1.4));
#2456 = CARTESIAN_POINT('',(2.424871130596,1.4));
#2457 = CARTESIAN_POINT('',(1.212435565298,-0.7));
#2458 = CARTESIAN_POINT('',(3.429011037613E-16,-2.8));
#2459 = CARTESIAN_POINT('',(-1.212435565298,-0.7));
#2460 = CARTESIAN_POINT('',(-2.424871130596,1.4));
#2461 = CARTESIAN_POINT('',(0.,1.4));
#2462 = ( GEOMETRIC_REPRESENTATION_CONTEXT(2) 
PARAMETRIC_REPRESENTATION_CONTEXT() REPRESENTATION_CONTEXT('2D SPACE',''
  ) );
#2463 = PCURVE('',#2464,#2469);
#2464 = CYLINDRICAL_SURFACE('',#2465,1.4);
#2465 = AXIS2_PLACEMENT_3D('',#2466,#2467,#2468);
#2466 = CARTESIAN_POINT('',(-15.,-15.,17.65));
#2467 = DIRECTION('',(0.,1.110223024625E-16,1.));
#2468 = DIRECTION('',(1.,0.,0.));
#2469 = DEFINITIONAL_REPRESENTATION('',(#2470),#2474);
#2470 = LINE('',#2471,#2472);
#2471 = CARTESIAN_POINT('',(-6.28318530718,-14.25));
#2472 = VECTOR('',#2473,1.);
#2473 = DIRECTION('',(1.,-0.));
#2474 = ( GEOMETRIC_REPRESENTATION_CONTEXT(2) 
PARAMETRIC_REPRESENTATION_CONTEXT() REPRESENTATION_CONTEXT('2D SPACE',''
  ) );
#2475 = ADVANCED_FACE('',(#2476,#2479),#1764,.T.);
#2476 = FACE_BOUND('',#2477,.T.);
#2477 = EDGE_LOOP('',(#2478));
#2478 = ORIENTED_EDGE('',*,*,#1747,.T.);
#2479 = FACE_BOUND('',#2480,.T.);
#2480 = EDGE_LOOP('',(#2481));
#2481 = ORIENTED_EDGE('',*,*,#2482,.T.);
#2482 = EDGE_CURVE('',#2483,#2483,#2485,.T.);
#2483 = VERTEX_POINT('',#2484);
#2484 = CARTESIAN_POINT('',(16.4,15.,3.4));
#2485 = SURFACE_CURVE('',#2486,(#2491,#2502),.PCURVE_S1.);
#2486 = CIRCLE('',#2487,1.4);
#2487 = AXIS2_PLACEMENT_3D('',#2488,#2489,#2490);
#2488 = CARTESIAN_POINT('',(15.,15.,3.4));
#2489 = DIRECTION('',(-0.,1.110223024625E-16,1.));
#2490 = DIRECTION('',(1.,0.,0.));
#2491 = PCURVE('',#1764,#2492);
#2492 = DEFINITIONAL_REPRESENTATION('',(#2493),#2501);
#2493 = ( BOUNDED_CURVE() B_SPLINE_CURVE(2,(#2494,#2495,#2496,#2497,
#2498,#2499,#2500),.UNSPECIFIED.,.T.,.F.) B_SPLINE_CURVE_WITH_KNOTS((1,2
    ,2,2,2,1),(-2.094395102393,0.,2.094395102393,4.188790204786,
6.28318530718,8.377580409573),.UNSPECIFIED.) CURVE() 
GEOMETRIC_REPRESENTATION_ITEM() RATIONAL_B_SPLINE_CURVE((1.,0.5,1.,0.5,
1.,0.5,1.)) REPRESENTATION_ITEM('') );
#2494 = CARTESIAN_POINT('',(-1.7763568394E-15,1.4));
#2495 = CARTESIAN_POINT('',(2.424871130596,1.4));
#2496 = CARTESIAN_POINT('',(1.212435565298,-0.7));
#2497 = CARTESIAN_POINT('',(-1.433455735639E-15,-2.8));
#2498 = CARTESIAN_POINT('',(-1.212435565298,-0.7));
#2499 = CARTESIAN_POINT('',(-2.424871130596,1.4));
#2500 = CARTESIAN_POINT('',(-1.7763568394E-15,1.4));
#2501 = ( GEOMETRIC_REPRESENTATION_CONTEXT(2) 
PARAMETRIC_REPRESENTATION_CONTEXT() REPRESENTATION_CONTEXT('2D SPACE',''
  ) );
#2502 = PCURVE('',#2503,#2508);
#2503 = CYLINDRICAL_SURFACE('',#2504,1.4);
#2504 = AXIS2_PLACEMENT_3D('',#2505,#2506,#2507);
#2505 = CARTESIAN_POINT('',(15.,15.,17.65));
#2506 = DIRECTION('',(0.,1.110223024625E-16,1.));
#2507 = DIRECTION('',(1.,0.,0.));
#2508 = DEFINITIONAL_REPRESENTATION('',(#2509),#2513);
#2509 = LINE('',#2510,#2511);
#2510 = CARTESIAN_POINT('',(-6.28318530718,-14.25));
#2511 = VECTOR('',#2512,1.);
#2512 = DIRECTION('',(1.,-0.));
#2513 = ( GEOMETRIC_REPRESENTATION_CONTEXT(2) 
PARAMETRIC_REPRESENTATION_CONTEXT() REPRESENTATION_CONTEXT('2D SPACE',''
  ) );
#2514 = ADVANCED_FACE('',(#2515,#2518),#2143,.T.);
#2515 = FACE_BOUND('',#2516,.T.);
#2516 = EDGE_LOOP('',(#2517));
#2517 = ORIENTED_EDGE('',*,*,#2126,.T.);
#2518 = FACE_BOUND('',#2519,.T.);
#2519 = EDGE_LOOP('',(#2520));
#2520 = ORIENTED_EDGE('',*,*,#2521,.T.);
#2521 = EDGE_CURVE('',#2522,#2522,#2524,.T.);
#2522 = VERTEX_POINT('',#2523);
#2523 = CARTESIAN_POINT('',(16.4,-15.,3.4));
#2524 = SURFACE_CURVE('',#2525,(#2530,#2541),.PCURVE_S1.);
#2525 = CIRCLE('',#2526,1.4);
#2526 = AXIS2_PLACEMENT_3D('',#2527,#2528,#2529);
#2527 = CARTESIAN_POINT('',(15.,-15.,3.4));
#2528 = DIRECTION('',(-0.,1.110223024625E-16,1.));
#2529 = DIRECTION('',(1.,0.,0.));
#2530 = PCURVE('',#2143,#2531);
#2531 = DEFINITIONAL_REPRESENTATION('',(#2532),#2540);
#2532 = ( BOUNDED_CURVE() B_SPLINE_CURVE(2,(#2533,#2534,#2535,#2536,
#2537,#2538,#2539),.UNSPECIFIED.,.T.,.F.) B_SPLINE_CURVE_WITH_KNOTS((1,2
    ,2,2,2,1),(-2.094395102393,0.,2.094395102393,4.188790204786,
6.28318530718,8.377580409573),.UNSPECIFIED.) CURVE() 
GEOMETRIC_REPRESENTATION_ITEM() RATIONAL_B_SPLINE_CURVE((1.,0.5,1.,0.5,
1.,0.5,1.)) REPRESENTATION_ITEM('') );
#2533 = CARTESIAN_POINT('',(0.,1.4));
#2534 = CARTESIAN_POINT('',(2.424871130596,1.4));
#2535 = CARTESIAN_POINT('',(1.212435565298,-0.7));
#2536 = CARTESIAN_POINT('',(3.429011037613E-16,-2.8));
#2537 = CARTESIAN_POINT('',(-1.212435565298,-0.7));
#2538 = CARTESIAN_POINT('',(-2.424871130596,1.4));
#2539 = CARTESIAN_POINT('',(0.,1.4));
#2540 = ( GEOMETRIC_REPRESENTATION_CONTEXT(2) 
PARAMETRIC_REPRESENTATION_CONTEXT() REPRESENTATION_CONTEXT('2D SPACE',''
  ) );
#2541 = PCURVE('',#2542,#2547);
#2542 = CYLINDRICAL_SURFACE('',#2543,1.4);
#2543 = AXIS2_PLACEMENT_3D('',#2544,#2545,#2546);
#2544 = CARTESIAN_POINT('',(15.,-15.,17.65));
#2545 = DIRECTION('',(0.,1.110223024625E-16,1.));
#2546 = DIRECTION('',(1.,0.,0.));
#2547 = DEFINITIONAL_REPRESENTATION('',(#2548),#2552);
#2548 = LINE('',#2549,#2550);
#2549 = CARTESIAN_POINT('',(-6.28318530718,-14.25));
#2550 = VECTOR('',#2551,1.);
#2551 = DIRECTION('',(1.,-0.));
#2552 = ( GEOMETRIC_REPRESENTATION_CONTEXT(2) 
PARAMETRIC_REPRESENTATION_CONTEXT() REPRESENTATION_CONTEXT('2D SPACE',''
  ) );
#2553 = ADVANCED_FACE('',(#2554,#2557),#2198,.F.);
#2554 = FACE_BOUND('',#2555,.F.);
#2555 = EDGE_LOOP('',(#2556));
#2556 = ORIENTED_EDGE('',*,*,#2181,.T.);
#2557 = FACE_BOUND('',#2558,.F.);
#2558 = EDGE_LOOP('',(#2559));
#2559 = ORIENTED_EDGE('',*,*,#2560,.T.);
#2560 = EDGE_CURVE('',#2561,#2561,#2563,.T.);
#2561 = VERTEX_POINT('',#2562);
#2562 = CARTESIAN_POINT('',(-13.6,15.,16.65));
#2563 = SURFACE_CURVE('',#2564,(#2569,#2580),.PCURVE_S1.);
#2564 = CIRCLE('',#2565,1.4);
#2565 = AXIS2_PLACEMENT_3D('',#2566,#2567,#2568);
#2566 = CARTESIAN_POINT('',(-15.,15.,16.65));
#2567 = DIRECTION('',(-0.,1.110223024625E-16,1.));
#2568 = DIRECTION('',(1.,0.,0.));
#2569 = PCURVE('',#2198,#2570);
#2570 = DEFINITIONAL_REPRESENTATION('',(#2571),#2579);
#2571 = ( BOUNDED_CURVE() B_SPLINE_CURVE(2,(#2572,#2573,#2574,#2575,
#2576,#2577,#2578),.UNSPECIFIED.,.T.,.F.) B_SPLINE_CURVE_WITH_KNOTS((1,2
    ,2,2,2,1),(-2.094395102393,0.,2.094395102393,4.188790204786,
6.28318530718,8.377580409573),.UNSPECIFIED.) CURVE() 
GEOMETRIC_REPRESENTATION_ITEM() RATIONAL_B_SPLINE_CURVE((1.,0.5,1.,0.5,
1.,0.5,1.)) REPRESENTATION_ITEM('') );
#2572 = CARTESIAN_POINT('',(0.,1.4));
#2573 = CARTESIAN_POINT('',(2.424871130596,1.4));
#2574 = CARTESIAN_POINT('',(1.212435565298,-0.7));
#2575 = CARTESIAN_POINT('',(3.429011037613E-16,-2.8));
#2576 = CARTESIAN_POINT('',(-1.212435565298,-0.7));
#2577 = CARTESIAN_POINT('',(-2.424871130596,1.4));
#2578 = CARTESIAN_POINT('',(0.,1.4));
#2579 = ( GEOMETRIC_REPRESENTATION_CONTEXT(2) 
PARAMETRIC_REPRESENTATION_CONTEXT() REPRESENTATION_CONTEXT('2D SPACE',''
  ) );
#2580 = PCURVE('',#2425,#2581);
#2581 = DEFINITIONAL_REPRESENTATION('',(#2582),#2586);
#2582 = LINE('',#2583,#2584);
#2583 = CARTESIAN_POINT('',(-6.28318530718,-1.));
#2584 = VECTOR('',#2585,1.);
#2585 = DIRECTION('',(1.,-0.));
#2586 = ( GEOMETRIC_REPRESENTATION_CONTEXT(2) 
PARAMETRIC_REPRESENTATION_CONTEXT() REPRESENTATION_CONTEXT('2D SPACE',''
  ) );
#2587 = ADVANCED_FACE('',(#2588,#2591),#2253,.F.);
#2588 = FACE_BOUND('',#2589,.F.);
#2589 = EDGE_LOOP('',(#2590));
#2590 = ORIENTED_EDGE('',*,*,#2236,.T.);
#2591 = FACE_BOUND('',#2592,.F.);
#2592 = EDGE_LOOP('',(#2593));
#2593 = ORIENTED_EDGE('',*,*,#2594,.T.);
#2594 = EDGE_CURVE('',#2595,#2595,#2597,.T.);
#2595 = VERTEX_POINT('',#2596);
#2596 = CARTESIAN_POINT('',(-13.6,-15.,16.65));
#2597 = SURFACE_CURVE('',#2598,(#2603,#2614),.PCURVE_S1.);
#2598 = CIRCLE('',#2599,1.4);
#2599 = AXIS2_PLACEMENT_3D('',#2600,#2601,#2602);
#2600 = CARTESIAN_POINT('',(-15.,-15.,16.65));
#2601 = DIRECTION('',(-0.,1.110223024625E-16,1.));
#2602 = DIRECTION('',(1.,0.,0.));
#2603 = PCURVE('',#2253,#2604);
#2604 = DEFINITIONAL_REPRESENTATION('',(#2605),#2613);
#2605 = ( BOUNDED_CURVE() B_SPLINE_CURVE(2,(#2606,#2607,#2608,#2609,
#2610,#2611,#2612),.UNSPECIFIED.,.T.,.F.) B_SPLINE_CURVE_WITH_KNOTS((1,2
    ,2,2,2,1),(-2.094395102393,0.,2.094395102393,4.188790204786,
6.28318530718,8.377580409573),.UNSPECIFIED.) CURVE() 
GEOMETRIC_REPRESENTATION_ITEM() RATIONAL_B_SPLINE_CURVE((1.,0.5,1.,0.5,
1.,0.5,1.)) REPRESENTATION_ITEM('') );
#2606 = CARTESIAN_POINT('',(0.,1.4));
#2607 = CARTESIAN_POINT('',(2.424871130596,1.4));
#2608 = CARTESIAN_POINT('',(1.212435565298,-0.7));
#2609 = CARTESIAN_POINT('',(3.429011037613E-16,-2.8));
#2610 = CARTESIAN_POINT('',(-1.212435565298,-0.7));
#2611 = CARTESIAN_POINT('',(-2.424871130596,1.4));
#2612 = CARTESIAN_POINT('',(0.,1.4));
#2613 = ( GEOMETRIC_REPRESENTATION_CONTEXT(2) 
PARAMETRIC_REPRESENTATION_CONTEXT() REPRESENTATION_CONTEXT('2D SPACE',''
  ) );
#2614 = PCURVE('',#2464,#2615);
#2615 = DEFINITIONAL_REPRESENTATION('',(#2616),#2620);
#2616 = LINE('',#2617,#2618);
#2617 = CARTESIAN_POINT('',(-6.28318530718,-1.));
#2618 = VECTOR('',#2619,1.);
#2619 = DIRECTION('',(1.,-0.));
#2620 = ( GEOMETRIC_REPRESENTATION_CONTEXT(2) 
PARAMETRIC_REPRESENTATION_CONTEXT() REPRESENTATION_CONTEXT('2D SPACE',''
  ) );
#2621 = ADVANCED_FACE('',(#2622,#2625),#2308,.F.);
#2622 = FACE_BOUND('',#2623,.F.);
#2623 = EDGE_LOOP('',(#2624));
#2624 = ORIENTED_EDGE('',*,*,#2291,.T.);
#2625 = FACE_BOUND('',#2626,.F.);
#2626 = EDGE_LOOP('',(#2627));
#2627 = ORIENTED_EDGE('',*,*,#2628,.T.);
#2628 = EDGE_CURVE('',#2629,#2629,#2631,.T.);
#2629 = VERTEX_POINT('',#2630);
#2630 = CARTESIAN_POINT('',(16.4,15.,16.65));
#2631 = SURFACE_CURVE('',#2632,(#2637,#2648),.PCURVE_S1.);
#2632 = CIRCLE('',#2633,1.4);
#2633 = AXIS2_PLACEMENT_3D('',#2634,#2635,#2636);
#2634 = CARTESIAN_POINT('',(15.,15.,16.65));
#2635 = DIRECTION('',(-0.,1.110223024625E-16,1.));
#2636 = DIRECTION('',(1.,0.,0.));
#2637 = PCURVE('',#2308,#2638);
#2638 = DEFINITIONAL_REPRESENTATION('',(#2639),#2647);
#2639 = ( BOUNDED_CURVE() B_SPLINE_CURVE(2,(#2640,#2641,#2642,#2643,
#2644,#2645,#2646),.UNSPECIFIED.,.T.,.F.) B_SPLINE_CURVE_WITH_KNOTS((1,2
    ,2,2,2,1),(-2.094395102393,0.,2.094395102393,4.188790204786,
6.28318530718,8.377580409573),.UNSPECIFIED.) CURVE() 
GEOMETRIC_REPRESENTATION_ITEM() RATIONAL_B_SPLINE_CURVE((1.,0.5,1.,0.5,
1.,0.5,1.)) REPRESENTATION_ITEM('') );
#2640 = CARTESIAN_POINT('',(0.,1.4));
#2641 = CARTESIAN_POINT('',(2.424871130596,1.4));
#2642 = CARTESIAN_POINT('',(1.212435565298,-0.7));
#2643 = CARTESIAN_POINT('',(3.429011037613E-16,-2.8));
#2644 = CARTESIAN_POINT('',(-1.212435565298,-0.7));
#2645 = CARTESIAN_POINT('',(-2.424871130596,1.4));
#2646 = CARTESIAN_POINT('',(0.,1.4));
#2647 = ( GEOMETRIC_REPRESENTATION_CONTEXT(2) 
PARAMETRIC_REPRESENTATION_CONTEXT() REPRESENTATION_CONTEXT('2D SPACE',''
  ) );
#2648 = PCURVE('',#2503,#2649);
#2649 = DEFINITIONAL_REPRESENTATION('',(#2650),#2654);
#2650 = LINE('',#2651,#2652);
#2651 = CARTESIAN_POINT('',(-6.28318530718,-1.));
#2652 = VECTOR('',#2653,1.);
#2653 = DIRECTION('',(1.,-0.));
#2654 = ( GEOMETRIC_REPRESENTATION_CONTEXT(2) 
PARAMETRIC_REPRESENTATION_CONTEXT() REPRESENTATION_CONTEXT('2D SPACE',''
  ) );
#2655 = ADVANCED_FACE('',(#2656,#2659),#2363,.F.);
#2656 = FACE_BOUND('',#2657,.F.);
#2657 = EDGE_LOOP('',(#2658));
#2658 = ORIENTED_EDGE('',*,*,#2346,.T.);
#2659 = FACE_BOUND('',#2660,.F.);
#2660 = EDGE_LOOP('',(#2661));
#2661 = ORIENTED_EDGE('',*,*,#2662,.T.);
#2662 = EDGE_CURVE('',#2663,#2663,#2665,.T.);
#2663 = VERTEX_POINT('',#2664);
#2664 = CARTESIAN_POINT('',(16.4,-15.,16.65));
#2665 = SURFACE_CURVE('',#2666,(#2671,#2682),.PCURVE_S1.);
#2666 = CIRCLE('',#2667,1.4);
#2667 = AXIS2_PLACEMENT_3D('',#2668,#2669,#2670);
#2668 = CARTESIAN_POINT('',(15.,-15.,16.65));
#2669 = DIRECTION('',(-0.,1.110223024625E-16,1.));
#2670 = DIRECTION('',(1.,0.,0.));
#2671 = PCURVE('',#2363,#2672);
#2672 = DEFINITIONAL_REPRESENTATION('',(#2673),#2681);
#2673 = ( BOUNDED_CURVE() B_SPLINE_CURVE(2,(#2674,#2675,#2676,#2677,
#2678,#2679,#2680),.UNSPECIFIED.,.T.,.F.) B_SPLINE_CURVE_WITH_KNOTS((1,2
    ,2,2,2,1),(-2.094395102393,0.,2.094395102393,4.188790204786,
6.28318530718,8.377580409573),.UNSPECIFIED.) CURVE() 
GEOMETRIC_REPRESENTATION_ITEM() RATIONAL_B_SPLINE_CURVE((1.,0.5,1.,0.5,
1.,0.5,1.)) REPRESENTATION_ITEM('') );
#2674 = CARTESIAN_POINT('',(7.105427357601E-15,1.4));
#2675 = CARTESIAN_POINT('',(2.424871130596,1.4));
#2676 = CARTESIAN_POINT('',(1.212435565298,-0.7));
#2677 = CARTESIAN_POINT('',(7.448328461362E-15,-2.8));
#2678 = CARTESIAN_POINT('',(-1.212435565298,-0.7));
#2679 = CARTESIAN_POINT('',(-2.424871130596,1.4));
#2680 = CARTESIAN_POINT('',(7.105427357601E-15,1.4));
#2681 = ( GEOMETRIC_REPRESENTATION_CONTEXT(2) 
PARAMETRIC_REPRESENTATION_CONTEXT() REPRESENTATION_CONTEXT('2D SPACE',''
  ) );
#2682 = PCURVE('',#2542,#2683);
#2683 = DEFINITIONAL_REPRESENTATION('',(#2684),#2688);
#2684 = LINE('',#2685,#2686);
#2685 = CARTESIAN_POINT('',(-6.28318530718,-1.));
#2686 = VECTOR('',#2687,1.);
#2687 = DIRECTION('',(1.,-0.));
#2688 = ( GEOMETRIC_REPRESENTATION_CONTEXT(2) 
PARAMETRIC_REPRESENTATION_CONTEXT() REPRESENTATION_CONTEXT('2D SPACE',''
  ) );
#2689 = ADVANCED_FACE('',(#2690),#2425,.F.);
#2690 = FACE_BOUND('',#2691,.T.);
#2691 = EDGE_LOOP('',(#2692,#2713,#2714,#2715));
#2692 = ORIENTED_EDGE('',*,*,#2693,.F.);
#2693 = EDGE_CURVE('',#2561,#2405,#2694,.T.);
#2694 = SEAM_CURVE('',#2695,(#2699,#2706),.PCURVE_S1.);
#2695 = LINE('',#2696,#2697);
#2696 = CARTESIAN_POINT('',(-13.6,15.,17.65));
#2697 = VECTOR('',#2698,1.);
#2698 = DIRECTION('',(0.,-1.110223024625E-16,-1.));
#2699 = PCURVE('',#2425,#2700);
#2700 = DEFINITIONAL_REPRESENTATION('',(#2701),#2705);
#2701 = LINE('',#2702,#2703);
#2702 = CARTESIAN_POINT('',(-6.28318530718,0.));
#2703 = VECTOR('',#2704,1.);
#2704 = DIRECTION('',(-0.,-1.));
#2705 = ( GEOMETRIC_REPRESENTATION_CONTEXT(2) 
PARAMETRIC_REPRESENTATION_CONTEXT() REPRESENTATION_CONTEXT('2D SPACE',''
  ) );
#2706 = PCURVE('',#2425,#2707);
#2707 = DEFINITIONAL_REPRESENTATION('',(#2708),#2712);
#2708 = LINE('',#2709,#2710);
#2709 = CARTESIAN_POINT('',(-0.,0.));
#2710 = VECTOR('',#2711,1.);
#2711 = DIRECTION('',(-0.,-1.));
#2712 = ( GEOMETRIC_REPRESENTATION_CONTEXT(2) 
PARAMETRIC_REPRESENTATION_CONTEXT() REPRESENTATION_CONTEXT('2D SPACE',''
  ) );
#2713 = ORIENTED_EDGE('',*,*,#2560,.T.);
#2714 = ORIENTED_EDGE('',*,*,#2693,.T.);
#2715 = ORIENTED_EDGE('',*,*,#2404,.F.);
#2716 = ADVANCED_FACE('',(#2717),#2464,.F.);
#2717 = FACE_BOUND('',#2718,.T.);
#2718 = EDGE_LOOP('',(#2719,#2740,#2741,#2742));
#2719 = ORIENTED_EDGE('',*,*,#2720,.F.);
#2720 = EDGE_CURVE('',#2595,#2444,#2721,.T.);
#2721 = SEAM_CURVE('',#2722,(#2726,#2733),.PCURVE_S1.);
#2722 = LINE('',#2723,#2724);
#2723 = CARTESIAN_POINT('',(-13.6,-15.,17.65));
#2724 = VECTOR('',#2725,1.);
#2725 = DIRECTION('',(0.,-1.110223024625E-16,-1.));
#2726 = PCURVE('',#2464,#2727);
#2727 = DEFINITIONAL_REPRESENTATION('',(#2728),#2732);
#2728 = LINE('',#2729,#2730);
#2729 = CARTESIAN_POINT('',(-6.28318530718,0.));
#2730 = VECTOR('',#2731,1.);
#2731 = DIRECTION('',(-0.,-1.));
#2732 = ( GEOMETRIC_REPRESENTATION_CONTEXT(2) 
PARAMETRIC_REPRESENTATION_CONTEXT() REPRESENTATION_CONTEXT('2D SPACE',''
  ) );
#2733 = PCURVE('',#2464,#2734);
#2734 = DEFINITIONAL_REPRESENTATION('',(#2735),#2739);
#2735 = LINE('',#2736,#2737);
#2736 = CARTESIAN_POINT('',(-0.,0.));
#2737 = VECTOR('',#2738,1.);
#2738 = DIRECTION('',(-0.,-1.));
#2739 = ( GEOMETRIC_REPRESENTATION_CONTEXT(2) 
PARAMETRIC_REPRESENTATION_CONTEXT() REPRESENTATION_CONTEXT('2D SPACE',''
  ) );
#2740 = ORIENTED_EDGE('',*,*,#2594,.T.);
#2741 = ORIENTED_EDGE('',*,*,#2720,.T.);
#2742 = ORIENTED_EDGE('',*,*,#2443,.F.);
#2743 = ADVANCED_FACE('',(#2744),#2503,.F.);
#2744 = FACE_BOUND('',#2745,.T.);
#2745 = EDGE_LOOP('',(#2746,#2767,#2768,#2769));
#2746 = ORIENTED_EDGE('',*,*,#2747,.F.);
#2747 = EDGE_CURVE('',#2629,#2483,#2748,.T.);
#2748 = SEAM_CURVE('',#2749,(#2753,#2760),.PCURVE_S1.);
#2749 = LINE('',#2750,#2751);
#2750 = CARTESIAN_POINT('',(16.4,15.,17.65));
#2751 = VECTOR('',#2752,1.);
#2752 = DIRECTION('',(0.,-1.110223024625E-16,-1.));
#2753 = PCURVE('',#2503,#2754);
#2754 = DEFINITIONAL_REPRESENTATION('',(#2755),#2759);
#2755 = LINE('',#2756,#2757);
#2756 = CARTESIAN_POINT('',(-6.28318530718,0.));
#2757 = VECTOR('',#2758,1.);
#2758 = DIRECTION('',(-0.,-1.));
#2759 = ( GEOMETRIC_REPRESENTATION_CONTEXT(2) 
PARAMETRIC_REPRESENTATION_CONTEXT() REPRESENTATION_CONTEXT('2D SPACE',''
  ) );
#2760 = PCURVE('',#2503,#2761);
#2761 = DEFINITIONAL_REPRESENTATION('',(#2762),#2766);
#2762 = LINE('',#2763,#2764);
#2763 = CARTESIAN_POINT('',(-0.,0.));
#2764 = VECTOR('',#2765,1.);
#2765 = DIRECTION('',(-0.,-1.));
#2766 = ( GEOMETRIC_REPRESENTATION_CONTEXT(2) 
PARAMETRIC_REPRESENTATION_CONTEXT() REPRESENTATION_CONTEXT('2D SPACE',''
  ) );
#2767 = ORIENTED_EDGE('',*,*,#2628,.T.);
#2768 = ORIENTED_EDGE('',*,*,#2747,.T.);
#2769 = ORIENTED_EDGE('',*,*,#2482,.F.);
#2770 = ADVANCED_FACE('',(#2771),#2542,.F.);
#2771 = FACE_BOUND('',#2772,.T.);
#2772 = EDGE_LOOP('',(#2773,#2794,#2795,#2796));
#2773 = ORIENTED_EDGE('',*,*,#2774,.F.);
#2774 = EDGE_CURVE('',#2663,#2522,#2775,.T.);
#2775 = SEAM_CURVE('',#2776,(#2780,#2787),.PCURVE_S1.);
#2776 = LINE('',#2777,#2778);
#2777 = CARTESIAN_POINT('',(16.4,-15.,17.65));
#2778 = VECTOR('',#2779,1.);
#2779 = DIRECTION('',(0.,-1.110223024625E-16,-1.));
#2780 = PCURVE('',#2542,#2781);
#2781 = DEFINITIONAL_REPRESENTATION('',(#2782),#2786);
#2782 = LINE('',#2783,#2784);
#2783 = CARTESIAN_POINT('',(-6.28318530718,0.));
#2784 = VECTOR('',#2785,1.);
#2785 = DIRECTION('',(-0.,-1.));
#2786 = ( GEOMETRIC_REPRESENTATION_CONTEXT(2) 
PARAMETRIC_REPRESENTATION_CONTEXT() REPRESENTATION_CONTEXT('2D SPACE',''
  ) );
#2787 = PCURVE('',#2542,#2788);
#2788 = DEFINITIONAL_REPRESENTATION('',(#2789),#2793);
#2789 = LINE('',#2790,#2791);
#2790 = CARTESIAN_POINT('',(-0.,0.));
#2791 = VECTOR('',#2792,1.);
#2792 = DIRECTION('',(-0.,-1.));
#2793 = ( GEOMETRIC_REPRESENTATION_CONTEXT(2) 
PARAMETRIC_REPRESENTATION_CONTEXT() REPRESENTATION_CONTEXT('2D SPACE',''
  ) );
#2794 = ORIENTED_EDGE('',*,*,#2662,.T.);
#2795 = ORIENTED_EDGE('',*,*,#2774,.T.);
#2796 = ORIENTED_EDGE('',*,*,#2521,.F.);
#2797 = ( GEOMETRIC_REPRESENTATION_CONTEXT(3) 
GLOBAL_UNCERTAINTY_ASSIGNED_CONTEXT((#2801)) 
GLOBAL_UNIT_ASSIGNED_CONTEXT((#2798,#2799,#2800)) REPRESENTATION_CONTEXT
('Context #1','3D Context with UNIT and UNCERTAINTY') );
#2798 = ( LENGTH_UNIT() NAMED_UNIT(*) SI_UNIT(.MILLI.,.METRE.) );
#2799 = ( NAMED_UNIT(*) PLANE_ANGLE_UNIT() SI_UNIT($,.RADIAN.) );
#2800 = ( NAMED_UNIT(*) SI_UNIT($,.STERADIAN.) SOLID_ANGLE_UNIT() );
#2801 = UNCERTAINTY_MEASURE_WITH_UNIT(LENGTH_MEASURE(1.E-07),#2798,
  'distance_accuracy_value','confusion accuracy');
#2802 = PRODUCT_RELATED_PRODUCT_CATEGORY('part',$,(#7));
ENDSEC;
END-ISO-10303-21;
