ISO-10303-21;
HEADER;
FILE_DESCRIPTION(('Open CASCADE Model'),'2;1');
FILE_NAME('Open CASCADE Shape Model','2026-10-11T00:01:51',('Author'),(
    'Open CASCADE'),'Open CASCADE STEP processor 7.9','Open CASCADE 7.9'
  ,'Unknown');
FILE_SCHEMA(('AUTOMOTIVE_DESIGN { 1 0 10303 214 1 1 1 1 }'));
ENDSEC;
DATA;
#1 = APPLICATION_PROTOCOL_DEFINITION('international standard',
  'automotive_design',2000,#2);
#2 = APPLICATION_CONTEXT(
  'core data for automotive mechanical design processes');
#3 = SHAPE_DEFINITION_REPRESENTATION(#4,#10);
#4 = PRODUCT_DEFINITION_SHAPE('','',#5);
#5 = PRODUCT_DEFINITION('design','',#6,#9);
#6 = PRODUCT_DEFINITION_FORMATION('','',#7);
#7 = PRODUCT('Open CASCADE STEP translator 7.9 7',
  'Open CASCADE STEP translator 7.9 7','',(#8));
#8 = PRODUCT_CONTEXT('',#2,'mechanical');
#9 = PRODUCT_DEFINITION_CONTEXT('part definition',#2,'design');
#10 = ADVANCED_BREP_SHAPE_REPRESENTATION('',(#11,#15),#3927);
#11 = AXIS2_PLACEMENT_3D('',#12,#13,#14);
#12 = CARTESIAN_POINT('',(0.,0.,0.));
#13 = DIRECTION('',(0.,0.,1.));
#14 = DIRECTION('',(1.,0.,-0.));
#15 = MANIFOLD_SOLID_BREP('',#16);
#16 = CLOSED_SHELL('',(#17,#137,#213,#1037,#1086,#1371,#1378,#1433,#1509
    ,#1558,#1607,#1656,#1705,#1754,#1803,#1830,#1857,#1912,#1988,#2037,
    #2064,#2141,#2195,#2249,#2282,#2359,#2413,#2467,#2500,#2504,#2757,
    #2761,#2767,#2846,#2896,#2946,#2974,#3053,#3103,#3153,#3181,#3290,
    #3384,#3478,#3566,#3648,#3742,#3836,#3902,#3909,#3916));
#17 = ADVANCED_FACE('',(#18),#32,.F.);
#18 = FACE_BOUND('',#19,.F.);
#19 = EDGE_LOOP('',(#20,#55,#83,#111));
#20 = ORIENTED_EDGE('',*,*,#21,.F.);
#21 = EDGE_CURVE('',#22,#24,#26,.T.);
#22 = VERTEX_POINT('',#23);
#23 = CARTESIAN_POINT('',(-24.,-58.,-6.));
#24 = VERTEX_POINT('',#25);
#25 = CARTESIAN_POINT('',(-24.,-58.,0.));
#26 = SURFACE_CURVE('',#27,(#31,#43),.PCURVE_S1.);
#27 = LINE('',#28,#29);
#28 = CARTESIAN_POINT('',(-24.,-58.,-6.));
#29 = VECTOR('',#30,1.);
#30 = DIRECTION('',(0.,0.,1.));
#31 = PCURVE('',#32,#37);
#32 = PLANE('',#33);
#33 = AXIS2_PLACEMENT_3D('',#34,#35,#36);
#34 = CARTESIAN_POINT('',(-24.,-58.,-6.));
#35 = DIRECTION('',(1.,0.,-0.));
#36 = DIRECTION('',(0.,0.,1.));
#37 = DEFINITIONAL_REPRESENTATION('',(#38),#42);
#38 = LINE('',#39,#40);
#39 = CARTESIAN_POINT('',(0.,0.));
#40 = VECTOR('',#41,1.);
#41 = DIRECTION('',(1.,0.));
#42 = ( GEOMETRIC_REPRESENTATION_CONTEXT(2) 
PARAMETRIC_REPRESENTATION_CONTEXT() REPRESENTATION_CONTEXT('2D SPACE',''
  ) );
#43 = PCURVE('',#44,#49);
#44 = PLANE('',#45);
#45 = AXIS2_PLACEMENT_3D('',#46,#47,#48);
#46 = CARTESIAN_POINT('',(-24.,-58.,-6.));
#47 = DIRECTION('',(-0.,1.,0.));
#48 = DIRECTION('',(0.,0.,1.));
#49 = DEFINITIONAL_REPRESENTATION('',(#50),#54);
#50 = LINE('',#51,#52);
#51 = CARTESIAN_POINT('',(0.,0.));
#52 = VECTOR('',#53,1.);
#53 = DIRECTION('',(1.,0.));
#54 = ( GEOMETRIC_REPRESENTATION_CONTEXT(2) 
PARAMETRIC_REPRESENTATION_CONTEXT() REPRESENTATION_CONTEXT('2D SPACE',''
  ) );
#55 = ORIENTED_EDGE('',*,*,#56,.T.);
#56 = EDGE_CURVE('',#22,#57,#59,.T.);
#57 = VERTEX_POINT('',#58);
#58 = CARTESIAN_POINT('',(-24.,8.,-6.));
#59 = SURFACE_CURVE('',#60,(#64,#71),.PCURVE_S1.);
#60 = LINE('',#61,#62);
#61 = CARTESIAN_POINT('',(-24.,-58.,-6.));
#62 = VECTOR('',#63,1.);
#63 = DIRECTION('',(-0.,1.,0.));
#64 = PCURVE('',#32,#65);
#65 = DEFINITIONAL_REPRESENTATION('',(#66),#70);
#66 = LINE('',#67,#68);
#67 = CARTESIAN_POINT('',(0.,0.));
#68 = VECTOR('',#69,1.);
#69 = DIRECTION('',(0.,-1.));
#70 = ( GEOMETRIC_REPRESENTATION_CONTEXT(2) 
PARAMETRIC_REPRESENTATION_CONTEXT() REPRESENTATION_CONTEXT('2D SPACE',''
  ) );
#71 = PCURVE('',#72,#77);
#72 = PLANE('',#73);
#73 = AXIS2_PLACEMENT_3D('',#74,#75,#76);
#74 = CARTESIAN_POINT('',(-24.,-58.,-6.));
#75 = DIRECTION('',(0.,0.,1.));
#76 = DIRECTION('',(1.,0.,-0.));
#77 = DEFINITIONAL_REPRESENTATION('',(#78),#82);
#78 = LINE('',#79,#80);
#79 = CARTESIAN_POINT('',(0.,0.));
#80 = VECTOR('',#81,1.);
#81 = DIRECTION('',(0.,1.));
#82 = ( GEOMETRIC_REPRESENTATION_CONTEXT(2) 
PARAMETRIC_REPRESENTATION_CONTEXT() REPRESENTATION_CONTEXT('2D SPACE',''
  ) );
#83 = ORIENTED_EDGE('',*,*,#84,.T.);
#84 = EDGE_CURVE('',#57,#85,#87,.T.);
#85 = VERTEX_POINT('',#86);
#86 = CARTESIAN_POINT('',(-24.,8.,0.));
#87 = SURFACE_CURVE('',#88,(#92,#99),.PCURVE_S1.);
#88 = LINE('',#89,#90);
#89 = CARTESIAN_POINT('',(-24.,8.,-6.));
#90 = VECTOR('',#91,1.);
#91 = DIRECTION('',(0.,0.,1.));
#92 = PCURVE('',#32,#93);
#93 = DEFINITIONAL_REPRESENTATION('',(#94),#98);
#94 = LINE('',#95,#96);
#95 = CARTESIAN_POINT('',(0.,-66.));
#96 = VECTOR('',#97,1.);
#97 = DIRECTION('',(1.,0.));
#98 = ( GEOMETRIC_REPRESENTATION_CONTEXT(2) 
PARAMETRIC_REPRESENTATION_CONTEXT() REPRESENTATION_CONTEXT('2D SPACE',''
  ) );
#99 = PCURVE('',#100,#105);
#100 = PLANE('',#101);
#101 = AXIS2_PLACEMENT_3D('',#102,#103,#104);
#102 = CARTESIAN_POINT('',(-24.,8.,-6.));
#103 = DIRECTION('',(-0.,1.,0.));
#104 = DIRECTION('',(0.,0.,1.));
#105 = DEFINITIONAL_REPRESENTATION('',(#106),#110);
#106 = LINE('',#107,#108);
#107 = CARTESIAN_POINT('',(0.,0.));
#108 = VECTOR('',#109,1.);
#109 = DIRECTION('',(1.,0.));
#110 = ( GEOMETRIC_REPRESENTATION_CONTEXT(2) 
PARAMETRIC_REPRESENTATION_CONTEXT() REPRESENTATION_CONTEXT('2D SPACE',''
  ) );
#111 = ORIENTED_EDGE('',*,*,#112,.F.);
#112 = EDGE_CURVE('',#24,#85,#113,.T.);
#113 = SURFACE_CURVE('',#114,(#118,#125),.PCURVE_S1.);
#114 = LINE('',#115,#116);
#115 = CARTESIAN_POINT('',(-24.,-58.,0.));
#116 = VECTOR('',#117,1.);
#117 = DIRECTION('',(-0.,1.,0.));
#118 = PCURVE('',#32,#119);
#119 = DEFINITIONAL_REPRESENTATION('',(#120),#124);
#120 = LINE('',#121,#122);
#121 = CARTESIAN_POINT('',(6.,0.));
#122 = VECTOR('',#123,1.);
#123 = DIRECTION('',(0.,-1.));
#124 = ( GEOMETRIC_REPRESENTATION_CONTEXT(2) 
PARAMETRIC_REPRESENTATION_CONTEXT() REPRESENTATION_CONTEXT('2D SPACE',''
  ) );
#125 = PCURVE('',#126,#131);
#126 = PLANE('',#127);
#127 = AXIS2_PLACEMENT_3D('',#128,#129,#130);
#128 = CARTESIAN_POINT('',(-24.,-58.,0.));
#129 = DIRECTION('',(0.,0.,1.));
#130 = DIRECTION('',(1.,0.,-0.));
#131 = DEFINITIONAL_REPRESENTATION('',(#132),#136);
#132 = LINE('',#133,#134);
#133 = CARTESIAN_POINT('',(0.,0.));
#134 = VECTOR('',#135,1.);
#135 = DIRECTION('',(0.,1.));
#136 = ( GEOMETRIC_REPRESENTATION_CONTEXT(2) 
PARAMETRIC_REPRESENTATION_CONTEXT() REPRESENTATION_CONTEXT('2D SPACE',''
  ) );
#137 = ADVANCED_FACE('',(#138),#44,.F.);
#138 = FACE_BOUND('',#139,.F.);
#139 = EDGE_LOOP('',(#140,#163,#164,#187));
#140 = ORIENTED_EDGE('',*,*,#141,.F.);
#141 = EDGE_CURVE('',#22,#142,#144,.T.);
#142 = VERTEX_POINT('',#143);
#143 = CARTESIAN_POINT('',(24.,-58.,-6.));
#144 = SURFACE_CURVE('',#145,(#149,#156),.PCURVE_S1.);
#145 = LINE('',#146,#147);
#146 = CARTESIAN_POINT('',(-24.,-58.,-6.));
#147 = VECTOR('',#148,1.);
#148 = DIRECTION('',(1.,0.,-0.));
#149 = PCURVE('',#44,#150);
#150 = DEFINITIONAL_REPRESENTATION('',(#151),#155);
#151 = LINE('',#152,#153);
#152 = CARTESIAN_POINT('',(0.,0.));
#153 = VECTOR('',#154,1.);
#154 = DIRECTION('',(0.,1.));
#155 = ( GEOMETRIC_REPRESENTATION_CONTEXT(2) 
PARAMETRIC_REPRESENTATION_CONTEXT() REPRESENTATION_CONTEXT('2D SPACE',''
  ) );
#156 = PCURVE('',#72,#157);
#157 = DEFINITIONAL_REPRESENTATION('',(#158),#162);
#158 = LINE('',#159,#160);
#159 = CARTESIAN_POINT('',(0.,0.));
#160 = VECTOR('',#161,1.);
#161 = DIRECTION('',(1.,0.));
#162 = ( GEOMETRIC_REPRESENTATION_CONTEXT(2) 
PARAMETRIC_REPRESENTATION_CONTEXT() REPRESENTATION_CONTEXT('2D SPACE',''
  ) );
#163 = ORIENTED_EDGE('',*,*,#21,.T.);
#164 = ORIENTED_EDGE('',*,*,#165,.T.);
#165 = EDGE_CURVE('',#24,#166,#168,.T.);
#166 = VERTEX_POINT('',#167);
#167 = CARTESIAN_POINT('',(24.,-58.,0.));
#168 = SURFACE_CURVE('',#169,(#173,#180),.PCURVE_S1.);
#169 = LINE('',#170,#171);
#170 = CARTESIAN_POINT('',(-24.,-58.,0.));
#171 = VECTOR('',#172,1.);
#172 = DIRECTION('',(1.,0.,-0.));
#173 = PCURVE('',#44,#174);
#174 = DEFINITIONAL_REPRESENTATION('',(#175),#179);
#175 = LINE('',#176,#177);
#176 = CARTESIAN_POINT('',(6.,0.));
#177 = VECTOR('',#178,1.);
#178 = DIRECTION('',(0.,1.));
#179 = ( GEOMETRIC_REPRESENTATION_CONTEXT(2) 
PARAMETRIC_REPRESENTATION_CONTEXT() REPRESENTATION_CONTEXT('2D SPACE',''
  ) );
#180 = PCURVE('',#126,#181);
#181 = DEFINITIONAL_REPRESENTATION('',(#182),#186);
#182 = LINE('',#183,#184);
#183 = CARTESIAN_POINT('',(0.,0.));
#184 = VECTOR('',#185,1.);
#185 = DIRECTION('',(1.,0.));
#186 = ( GEOMETRIC_REPRESENTATION_CONTEXT(2) 
PARAMETRIC_REPRESENTATION_CONTEXT() REPRESENTATION_CONTEXT('2D SPACE',''
  ) );
#187 = ORIENTED_EDGE('',*,*,#188,.F.);
#188 = EDGE_CURVE('',#142,#166,#189,.T.);
#189 = SURFACE_CURVE('',#190,(#194,#201),.PCURVE_S1.);
#190 = LINE('',#191,#192);
#191 = CARTESIAN_POINT('',(24.,-58.,-6.));
#192 = VECTOR('',#193,1.);
#193 = DIRECTION('',(0.,0.,1.));
#194 = PCURVE('',#44,#195);
#195 = DEFINITIONAL_REPRESENTATION('',(#196),#200);
#196 = LINE('',#197,#198);
#197 = CARTESIAN_POINT('',(0.,48.));
#198 = VECTOR('',#199,1.);
#199 = DIRECTION('',(1.,0.));
#200 = ( GEOMETRIC_REPRESENTATION_CONTEXT(2) 
PARAMETRIC_REPRESENTATION_CONTEXT() REPRESENTATION_CONTEXT('2D SPACE',''
  ) );
#201 = PCURVE('',#202,#207);
#202 = PLANE('',#203);
#203 = AXIS2_PLACEMENT_3D('',#204,#205,#206);
#204 = CARTESIAN_POINT('',(24.,-58.,-6.));
#205 = DIRECTION('',(1.,0.,-0.));
#206 = DIRECTION('',(0.,0.,1.));
#207 = DEFINITIONAL_REPRESENTATION('',(#208),#212);
#208 = LINE('',#209,#210);
#209 = CARTESIAN_POINT('',(0.,0.));
#210 = VECTOR('',#211,1.);
#211 = DIRECTION('',(1.,0.));
#212 = ( GEOMETRIC_REPRESENTATION_CONTEXT(2) 
PARAMETRIC_REPRESENTATION_CONTEXT() REPRESENTATION_CONTEXT('2D SPACE',''
  ) );
#213 = ADVANCED_FACE('',(#214,#262,#293,#895,#926,#957),#126,.T.);
#214 = FACE_BOUND('',#215,.T.);
#215 = EDGE_LOOP('',(#216,#217,#218,#241));
#216 = ORIENTED_EDGE('',*,*,#112,.F.);
#217 = ORIENTED_EDGE('',*,*,#165,.T.);
#218 = ORIENTED_EDGE('',*,*,#219,.T.);
#219 = EDGE_CURVE('',#166,#220,#222,.T.);
#220 = VERTEX_POINT('',#221);
#221 = CARTESIAN_POINT('',(24.,8.,0.));
#222 = SURFACE_CURVE('',#223,(#227,#234),.PCURVE_S1.);
#223 = LINE('',#224,#225);
#224 = CARTESIAN_POINT('',(24.,-58.,0.));
#225 = VECTOR('',#226,1.);
#226 = DIRECTION('',(-0.,1.,0.));
#227 = PCURVE('',#126,#228);
#228 = DEFINITIONAL_REPRESENTATION('',(#229),#233);
#229 = LINE('',#230,#231);
#230 = CARTESIAN_POINT('',(48.,0.));
#231 = VECTOR('',#232,1.);
#232 = DIRECTION('',(0.,1.));
#233 = ( GEOMETRIC_REPRESENTATION_CONTEXT(2) 
PARAMETRIC_REPRESENTATION_CONTEXT() REPRESENTATION_CONTEXT('2D SPACE',''
  ) );
#234 = PCURVE('',#202,#235);
#235 = DEFINITIONAL_REPRESENTATION('',(#236),#240);
#236 = LINE('',#237,#238);
#237 = CARTESIAN_POINT('',(6.,0.));
#238 = VECTOR('',#239,1.);
#239 = DIRECTION('',(0.,-1.));
#240 = ( GEOMETRIC_REPRESENTATION_CONTEXT(2) 
PARAMETRIC_REPRESENTATION_CONTEXT() REPRESENTATION_CONTEXT('2D SPACE',''
  ) );
#241 = ORIENTED_EDGE('',*,*,#242,.F.);
#242 = EDGE_CURVE('',#85,#220,#243,.T.);
#243 = SURFACE_CURVE('',#244,(#248,#255),.PCURVE_S1.);
#244 = LINE('',#245,#246);
#245 = CARTESIAN_POINT('',(-24.,8.,0.));
#246 = VECTOR('',#247,1.);
#247 = DIRECTION('',(1.,0.,-0.));
#248 = PCURVE('',#126,#249);
#249 = DEFINITIONAL_REPRESENTATION('',(#250),#254);
#250 = LINE('',#251,#252);
#251 = CARTESIAN_POINT('',(0.,66.));
#252 = VECTOR('',#253,1.);
#253 = DIRECTION('',(1.,0.));
#254 = ( GEOMETRIC_REPRESENTATION_CONTEXT(2) 
PARAMETRIC_REPRESENTATION_CONTEXT() REPRESENTATION_CONTEXT('2D SPACE',''
  ) );
#255 = PCURVE('',#100,#256);
#256 = DEFINITIONAL_REPRESENTATION('',(#257),#261);
#257 = LINE('',#258,#259);
#258 = CARTESIAN_POINT('',(6.,0.));
#259 = VECTOR('',#260,1.);
#260 = DIRECTION('',(0.,1.));
#261 = ( GEOMETRIC_REPRESENTATION_CONTEXT(2) 
PARAMETRIC_REPRESENTATION_CONTEXT() REPRESENTATION_CONTEXT('2D SPACE',''
  ) );
#262 = FACE_BOUND('',#263,.T.);
#263 = EDGE_LOOP('',(#264));
#264 = ORIENTED_EDGE('',*,*,#265,.F.);
#265 = EDGE_CURVE('',#266,#266,#268,.T.);
#266 = VERTEX_POINT('',#267);
#267 = CARTESIAN_POINT('',(-11.95,-25.,0.));
#268 = SURFACE_CURVE('',#269,(#274,#281),.PCURVE_S1.);
#269 = CIRCLE('',#270,2.05);
#270 = AXIS2_PLACEMENT_3D('',#271,#272,#273);
#271 = CARTESIAN_POINT('',(-14.,-25.,0.));
#272 = DIRECTION('',(0.,0.,1.));
#273 = DIRECTION('',(1.,0.,-0.));
#274 = PCURVE('',#126,#275);
#275 = DEFINITIONAL_REPRESENTATION('',(#276),#280);
#276 = CIRCLE('',#277,2.05);
#277 = AXIS2_PLACEMENT_2D('',#278,#279);
#278 = CARTESIAN_POINT('',(10.,33.));
#279 = DIRECTION('',(1.,0.));
#280 = ( GEOMETRIC_REPRESENTATION_CONTEXT(2) 
PARAMETRIC_REPRESENTATION_CONTEXT() REPRESENTATION_CONTEXT('2D SPACE',''
  ) );
#281 = PCURVE('',#282,#287);
#282 = CYLINDRICAL_SURFACE('',#283,2.05);
#283 = AXIS2_PLACEMENT_3D('',#284,#285,#286);
#284 = CARTESIAN_POINT('',(-14.,-25.,-4.));
#285 = DIRECTION('',(0.,0.,1.));
#286 = DIRECTION('',(1.,0.,-0.));
#287 = DEFINITIONAL_REPRESENTATION('',(#288),#292);
#288 = LINE('',#289,#290);
#289 = CARTESIAN_POINT('',(0.,4.));
#290 = VECTOR('',#291,1.);
#291 = DIRECTION('',(1.,0.));
#292 = ( GEOMETRIC_REPRESENTATION_CONTEXT(2) 
PARAMETRIC_REPRESENTATION_CONTEXT() REPRESENTATION_CONTEXT('2D SPACE',''
  ) );
#293 = FACE_BOUND('',#294,.T.);
#294 = EDGE_LOOP('',(#295,#372,#447,#522,#597,#672,#747,#822));
#295 = ORIENTED_EDGE('',*,*,#296,.F.);
#296 = EDGE_CURVE('',#297,#299,#301,.T.);
#297 = VERTEX_POINT('',#298);
#298 = CARTESIAN_POINT('',(1.997314453125,-46.35766601562,0.));
#299 = VERTEX_POINT('',#300);
#300 = CARTESIAN_POINT('',(2.700439453125,-43.841796875,0.));
#301 = SURFACE_CURVE('',#302,(#321,#343),.PCURVE_S1.);
#302 = B_SPLINE_CURVE_WITH_KNOTS('',5,(#303,#304,#305,#306,#307,#308,
    #309,#310,#311,#312,#313,#314,#315,#316,#317,#318,#319,#320),
  .UNSPECIFIED.,.F.,.F.,(6,4,4,4,6),(0.,0.222588150219,0.45773932843,
    0.715333566473,1.),.UNSPECIFIED.);
#303 = CARTESIAN_POINT('',(1.997314453125,-46.35766601562,0.));
#304 = CARTESIAN_POINT('',(2.069352700295,-46.26694284809,0.));
#305 = CARTESIAN_POINT('',(2.136281543452,-46.17195794179,0.));
#306 = CARTESIAN_POINT('',(2.197968423698,-46.07317457339,0.));
#307 = CARTESIAN_POINT('',(2.254481942629,-45.97110134683,0.));
#308 = CARTESIAN_POINT('',(2.360396210559,-45.75541547767,0.));
#309 = CARTESIAN_POINT('',(2.409217018818,-45.64147327994,0.));
#310 = CARTESIAN_POINT('',(2.452651520373,-45.52494113047,0.));
#311 = CARTESIAN_POINT('',(2.491021080014,-45.40630753816,0.));
#312 = CARTESIAN_POINT('',(2.561505686364,-45.15410480606,0.));
#313 = CARTESIAN_POINT('',(2.592672812641,-45.02019667382,0.));
#314 = CARTESIAN_POINT('',(2.618603441907,-44.88471386691,0.));
#315 = CARTESIAN_POINT('',(2.639744347231,-44.74803787779,0.));
#316 = CARTESIAN_POINT('',(2.675004274951,-44.45835553412,0.));
#317 = CARTESIAN_POINT('',(2.688150918283,-44.30515298237,0.));
#318 = CARTESIAN_POINT('',(2.69647397612,-44.15117208114,0.));
#319 = CARTESIAN_POINT('',(2.700439453125,-43.99666753536,0.));
#320 = CARTESIAN_POINT('',(2.700439453125,-43.841796875,0.));
#321 = PCURVE('',#126,#322);
#322 = DEFINITIONAL_REPRESENTATION('',(#323),#342);
#323 = B_SPLINE_CURVE_WITH_KNOTS('',5,(#324,#325,#326,#327,#328,#329,
    #330,#331,#332,#333,#334,#335,#336,#337,#338,#339,#340,#341),
  .UNSPECIFIED.,.F.,.F.,(6,4,4,4,6),(0.,0.222588150219,0.45773932843,
    0.715333566473,1.),.UNSPECIFIED.);
#324 = CARTESIAN_POINT('',(25.997314453125,11.642333984375));
#325 = CARTESIAN_POINT('',(26.069352700295,11.733057151905));
#326 = CARTESIAN_POINT('',(26.136281543452,11.828042058203));
#327 = CARTESIAN_POINT('',(26.197968423698,11.926825426605));
#328 = CARTESIAN_POINT('',(26.254481942629,12.028898653165));
#329 = CARTESIAN_POINT('',(26.360396210559,12.244584522323));
#330 = CARTESIAN_POINT('',(26.409217018818,12.358526720053));
#331 = CARTESIAN_POINT('',(26.452651520373,12.475058869525));
#332 = CARTESIAN_POINT('',(26.491021080014,12.593692461836));
#333 = CARTESIAN_POINT('',(26.561505686364,12.845895193934));
#334 = CARTESIAN_POINT('',(26.592672812641,12.979803326174));
#335 = CARTESIAN_POINT('',(26.618603441907,13.115286133086));
#336 = CARTESIAN_POINT('',(26.639744347231,13.251962122205));
#337 = CARTESIAN_POINT('',(26.675004274951,13.541644465874));
#338 = CARTESIAN_POINT('',(26.688150918283,13.694847017621));
#339 = CARTESIAN_POINT('',(26.69647397612,13.848827918856));
#340 = CARTESIAN_POINT('',(26.700439453125,14.003332464632));
#341 = CARTESIAN_POINT('',(26.700439453125,14.158203125));
#342 = ( GEOMETRIC_REPRESENTATION_CONTEXT(2) 
PARAMETRIC_REPRESENTATION_CONTEXT() REPRESENTATION_CONTEXT('2D SPACE',''
  ) );
#343 = PCURVE('',#344,#351);
#344 = SURFACE_OF_LINEAR_EXTRUSION('',#345,#349);
#345 = B_SPLINE_CURVE_WITH_KNOTS('',2,(#346,#347,#348),.UNSPECIFIED.,.F.
  ,.F.,(3,3),(0.,1.),.PIECEWISE_BEZIER_KNOTS.);
#346 = CARTESIAN_POINT('',(2.700439453125,-43.841796875,-0.6));
#347 = CARTESIAN_POINT('',(2.700439453125,-45.47216796875,-0.6));
#348 = CARTESIAN_POINT('',(1.997314453125,-46.35766601562,-0.6));
#349 = VECTOR('',#350,1.);
#350 = DIRECTION('',(-0.,-0.,-1.));
#351 = DEFINITIONAL_REPRESENTATION('',(#352),#371);
#352 = B_SPLINE_CURVE_WITH_KNOTS('',5,(#353,#354,#355,#356,#357,#358,
    #359,#360,#361,#362,#363,#364,#365,#366,#367,#368,#369,#370),
  .UNSPECIFIED.,.F.,.F.,(6,4,4,4,6),(0.,0.222588150219,0.45773932843,
    0.715333566473,1.),.UNSPECIFIED.);
#353 = CARTESIAN_POINT('',(1.,-0.6));
#354 = CARTESIAN_POINT('',(0.948772802012,-0.6));
#355 = CARTESIAN_POINT('',(0.89789860222,-0.6));
#356 = CARTESIAN_POINT('',(0.847562544438,-0.6));
#357 = CARTESIAN_POINT('',(0.797898318822,-0.6));
#358 = CARTESIAN_POINT('',(0.697341826498,-0.6));
#359 = CARTESIAN_POINT('',(0.646536907877,-0.6));
#360 = CARTESIAN_POINT('',(0.59668765111,-0.6));
#361 = CARTESIAN_POINT('',(0.547839463981,-0.6));
#362 = CARTESIAN_POINT('',(0.447594690504,-0.6));
#363 = CARTESIAN_POINT('',(0.396402110091,-0.6));
#364 = CARTESIAN_POINT('',(0.346427884004,-0.6));
#365 = CARTESIAN_POINT('',(0.297643856764,-0.6));
#366 = CARTESIAN_POINT('',(0.197348951252,-0.6));
#367 = CARTESIAN_POINT('',(0.146093817476,-0.6));
#368 = CARTESIAN_POINT('',(9.616710408691E-02,-0.6));
#369 = CARTESIAN_POINT('',(4.749552447348E-02,-0.6));
#370 = CARTESIAN_POINT('',(0.,-0.6));
#371 = ( GEOMETRIC_REPRESENTATION_CONTEXT(2) 
PARAMETRIC_REPRESENTATION_CONTEXT() REPRESENTATION_CONTEXT('2D SPACE',''
  ) );
#372 = ORIENTED_EDGE('',*,*,#373,.F.);
#373 = EDGE_CURVE('',#374,#297,#376,.T.);
#374 = VERTEX_POINT('',#375);
#375 = CARTESIAN_POINT('',(2.197265625E-03,-47.2431640625,0.));
#376 = SURFACE_CURVE('',#377,(#396,#418),.PCURVE_S1.);
#377 = B_SPLINE_CURVE_WITH_KNOTS('',5,(#378,#379,#380,#381,#382,#383,
    #384,#385,#386,#387,#388,#389,#390,#391,#392,#393,#394,#395),
  .UNSPECIFIED.,.F.,.F.,(6,4,4,4,6),(0.,0.262161234097,0.402154002492,
    0.682179261987,1.),.UNSPECIFIED.);
#378 = CARTESIAN_POINT('',(2.197265625E-03,-47.2431640625,0.));
#379 = CARTESIAN_POINT('',(0.123252037127,-47.2431640625,0.));
#380 = CARTESIAN_POINT('',(0.243883949323,-47.23830512528,0.));
#381 = CARTESIAN_POINT('',(0.363823146161,-47.22813848544,0.));
#382 = CARTESIAN_POINT('',(0.482671864828,-47.21217606304,0.));
#383 = CARTESIAN_POINT('',(0.66254016318,-47.17817656762,0.));
#384 = CARTESIAN_POINT('',(0.724698186372,-47.16457297887,0.));
#385 = CARTESIAN_POINT('',(0.786322509537,-47.1491403312,0.));
#386 = CARTESIAN_POINT('',(0.847325951086,-47.13182546345,0.));
#387 = CARTESIAN_POINT('',(1.028211001692,-47.07411980314,0.));
#388 = CARTESIAN_POINT('',(1.14596984811,-47.02796471707,0.));
#389 = CARTESIAN_POINT('',(1.260095975746,-46.97384703593,0.));
#390 = CARTESIAN_POINT('',(1.36982120469,-46.91174641748,0.));
#391 = CARTESIAN_POINT('',(1.593315417576,-46.76304542707,0.));
#392 = CARTESIAN_POINT('',(1.705672740992,-46.67424185742,0.));
#393 = CARTESIAN_POINT('',(1.81061470425,-46.57631564036,0.));
#394 = CARTESIAN_POINT('',(1.907819597281,-46.4703735997,0.));
#395 = CARTESIAN_POINT('',(1.997314453125,-46.35766601562,0.));
#396 = PCURVE('',#126,#397);
#397 = DEFINITIONAL_REPRESENTATION('',(#398),#417);
#398 = B_SPLINE_CURVE_WITH_KNOTS('',5,(#399,#400,#401,#402,#403,#404,
    #405,#406,#407,#408,#409,#410,#411,#412,#413,#414,#415,#416),
  .UNSPECIFIED.,.F.,.F.,(6,4,4,4,6),(0.,0.262161234097,0.402154002492,
    0.682179261987,1.),.UNSPECIFIED.);
#399 = CARTESIAN_POINT('',(24.002197265625,10.7568359375));
#400 = CARTESIAN_POINT('',(24.123252037127,10.7568359375));
#401 = CARTESIAN_POINT('',(24.243883949323,10.761694874717));
#402 = CARTESIAN_POINT('',(24.363823146161,10.771861514557));
#403 = CARTESIAN_POINT('',(24.482671864828,10.787823936959));
#404 = CARTESIAN_POINT('',(24.66254016318,10.821823432379));
#405 = CARTESIAN_POINT('',(24.724698186372,10.835427021128));
#406 = CARTESIAN_POINT('',(24.786322509537,10.8508596688));
#407 = CARTESIAN_POINT('',(24.847325951086,10.868174536543));
#408 = CARTESIAN_POINT('',(25.028211001692,10.925880196859));
#409 = CARTESIAN_POINT('',(25.14596984811,10.972035282924));
#410 = CARTESIAN_POINT('',(25.260095975746,11.026152964067));
#411 = CARTESIAN_POINT('',(25.36982120469,11.088253582516));
#412 = CARTESIAN_POINT('',(25.593315417576,11.236954572922));
#413 = CARTESIAN_POINT('',(25.705672740992,11.325758142576));
#414 = CARTESIAN_POINT('',(25.81061470425,11.423684359631));
#415 = CARTESIAN_POINT('',(25.907819597281,11.529626400297));
#416 = CARTESIAN_POINT('',(25.997314453125,11.642333984375));
#417 = ( GEOMETRIC_REPRESENTATION_CONTEXT(2) 
PARAMETRIC_REPRESENTATION_CONTEXT() REPRESENTATION_CONTEXT('2D SPACE',''
  ) );
#418 = PCURVE('',#419,#426);
#419 = SURFACE_OF_LINEAR_EXTRUSION('',#420,#424);
#420 = B_SPLINE_CURVE_WITH_KNOTS('',2,(#421,#422,#423),.UNSPECIFIED.,.F.
  ,.F.,(3,3),(0.,1.),.PIECEWISE_BEZIER_KNOTS.);
#421 = CARTESIAN_POINT('',(1.997314453125,-46.35766601562,-0.6));
#422 = CARTESIAN_POINT('',(1.294189453125,-47.2431640625,-0.6));
#423 = CARTESIAN_POINT('',(2.197265625E-03,-47.2431640625,-0.6));
#424 = VECTOR('',#425,1.);
#425 = DIRECTION('',(-0.,-0.,-1.));
#426 = DEFINITIONAL_REPRESENTATION('',(#427),#446);
#427 = B_SPLINE_CURVE_WITH_KNOTS('',5,(#428,#429,#430,#431,#432,#433,
    #434,#435,#436,#437,#438,#439,#440,#441,#442,#443,#444,#445),
  .UNSPECIFIED.,.F.,.F.,(6,4,4,4,6),(0.,0.262161234097,0.402154002492,
    0.682179261987,1.),.UNSPECIFIED.);
#428 = CARTESIAN_POINT('',(1.,-0.6));
#429 = CARTESIAN_POINT('',(0.953151894929,-0.6));
#430 = CARTESIAN_POINT('',(0.905216943414,-0.6));
#431 = CARTESIAN_POINT('',(0.856184085595,-0.6));
#432 = CARTESIAN_POINT('',(0.806081643466,-0.6));
#433 = CARTESIAN_POINT('',(0.727722661657,-0.6));
#434 = CARTESIAN_POINT('',(0.700166543602,-0.6));
#435 = CARTESIAN_POINT('',(0.672346241732,-0.6));
#436 = CARTESIAN_POINT('',(0.644281813741,-0.6));
#437 = CARTESIAN_POINT('',(0.559428347602,-0.6));
#438 = CARTESIAN_POINT('',(0.50197732246,-0.6));
#439 = CARTESIAN_POINT('',(0.443882908854,-0.6));
#440 = CARTESIAN_POINT('',(0.385437156569,-0.6));
#441 = CARTESIAN_POINT('',(0.260675482485,-0.6));
#442 = CARTESIAN_POINT('',(0.194338858829,-0.6));
#443 = CARTESIAN_POINT('',(0.12852417581,-0.6));
#444 = CARTESIAN_POINT('',(6.364078637792E-02,-0.6));
#445 = CARTESIAN_POINT('',(0.,-0.6));
#446 = ( GEOMETRIC_REPRESENTATION_CONTEXT(2) 
PARAMETRIC_REPRESENTATION_CONTEXT() REPRESENTATION_CONTEXT('2D SPACE',''
  ) );
#447 = ORIENTED_EDGE('',*,*,#448,.F.);
#448 = EDGE_CURVE('',#449,#374,#451,.T.);
#449 = VERTEX_POINT('',#450);
#450 = CARTESIAN_POINT('',(-1.997314453125,-46.35766601562,0.));
#451 = SURFACE_CURVE('',#452,(#471,#493),.PCURVE_S1.);
#452 = B_SPLINE_CURVE_WITH_KNOTS('',5,(#453,#454,#455,#456,#457,#458,
    #459,#460,#461,#462,#463,#464,#465,#466,#467,#468,#469,#470),
  .UNSPECIFIED.,.F.,.F.,(6,4,4,4,6),(0.,0.313634770872,0.594489474867,
    0.734457473547,1.),.UNSPECIFIED.);
#453 = CARTESIAN_POINT('',(-1.997314453125,-46.35766601562,0.));
#454 = CARTESIAN_POINT('',(-1.908862540014,-46.4690601437,0.));
#455 = CARTESIAN_POINT('',(-1.812850501689,-46.57382698775,0.));
#456 = CARTESIAN_POINT('',(-1.709257367319,-46.67075932954,0.));
#457 = CARTESIAN_POINT('',(-1.598398973895,-46.75879210117,0.));
#458 = CARTESIAN_POINT('',(-1.376252740998,-46.90763024087,0.));
#459 = CARTESIAN_POINT('',(-1.266188595444,-46.97034134055,0.));
#460 = CARTESIAN_POINT('',(-1.151659286464,-47.02500613016,0.));
#461 = CARTESIAN_POINT('',(-1.03344505712,-47.07164561864,0.));
#462 = CARTESIAN_POINT('',(-0.852006283284,-47.12992942866,0.));
#463 = CARTESIAN_POINT('',(-0.790938994452,-47.14739395734,0.));
#464 = CARTESIAN_POINT('',(-0.729245705175,-47.16297404552,0.));
#465 = CARTESIAN_POINT('',(-0.66701403449,-47.17672312534,0.));
#466 = CARTESIAN_POINT('',(-0.485386479395,-47.21142904528,0.));
#467 = CARTESIAN_POINT('',(-0.364799194023,-47.22778464864,0.));
#468 = CARTESIAN_POINT('',(-0.243086137802,-47.23819311138,0.));
#469 = CARTESIAN_POINT('',(-0.120661150298,-47.2431640625,0.));
#470 = CARTESIAN_POINT('',(2.197265625E-03,-47.2431640625,0.));
#471 = PCURVE('',#126,#472);
#472 = DEFINITIONAL_REPRESENTATION('',(#473),#492);
#473 = B_SPLINE_CURVE_WITH_KNOTS('',5,(#474,#475,#476,#477,#478,#479,
    #480,#481,#482,#483,#484,#485,#486,#487,#488,#489,#490,#491),
  .UNSPECIFIED.,.F.,.F.,(6,4,4,4,6),(0.,0.313634770872,0.594489474867,
    0.734457473547,1.),.UNSPECIFIED.);
#474 = CARTESIAN_POINT('',(22.002685546875,11.642333984375));
#475 = CARTESIAN_POINT('',(22.091137459986,11.5309398563));
#476 = CARTESIAN_POINT('',(22.187149498311,11.426173012247));
#477 = CARTESIAN_POINT('',(22.290742632681,11.329240670456));
#478 = CARTESIAN_POINT('',(22.401601026105,11.241207898827));
#479 = CARTESIAN_POINT('',(22.623747259002,11.092369759127));
#480 = CARTESIAN_POINT('',(22.733811404556,11.029658659445));
#481 = CARTESIAN_POINT('',(22.848340713536,10.974993869834));
#482 = CARTESIAN_POINT('',(22.96655494288,10.928354381359));
#483 = CARTESIAN_POINT('',(23.147993716716,10.870070571332));
#484 = CARTESIAN_POINT('',(23.209061005548,10.852606042659));
#485 = CARTESIAN_POINT('',(23.270754294825,10.837025954474));
#486 = CARTESIAN_POINT('',(23.33298596551,10.82327687466));
#487 = CARTESIAN_POINT('',(23.514613520605,10.788570954719));
#488 = CARTESIAN_POINT('',(23.635200805977,10.772215351358));
#489 = CARTESIAN_POINT('',(23.756913862198,10.761806888616));
#490 = CARTESIAN_POINT('',(23.879338849702,10.7568359375));
#491 = CARTESIAN_POINT('',(24.002197265625,10.7568359375));
#492 = ( GEOMETRIC_REPRESENTATION_CONTEXT(2) 
PARAMETRIC_REPRESENTATION_CONTEXT() REPRESENTATION_CONTEXT('2D SPACE',''
  ) );
#493 = PCURVE('',#494,#501);
#494 = SURFACE_OF_LINEAR_EXTRUSION('',#495,#499);
#495 = B_SPLINE_CURVE_WITH_KNOTS('',2,(#496,#497,#498),.UNSPECIFIED.,.F.
  ,.F.,(3,3),(0.,1.),.PIECEWISE_BEZIER_KNOTS.);
#496 = CARTESIAN_POINT('',(2.197265625E-03,-47.2431640625,-0.6));
#497 = CARTESIAN_POINT('',(-1.294189453125,-47.2431640625,-0.6));
#498 = CARTESIAN_POINT('',(-1.997314453125,-46.35766601562,-0.6));
#499 = VECTOR('',#500,1.);
#500 = DIRECTION('',(-0.,-0.,-1.));
#501 = DEFINITIONAL_REPRESENTATION('',(#502),#521);
#502 = B_SPLINE_CURVE_WITH_KNOTS('',5,(#503,#504,#505,#506,#507,#508,
    #509,#510,#511,#512,#513,#514,#515,#516,#517,#518,#519,#520),
  .UNSPECIFIED.,.F.,.F.,(6,4,4,4,6),(0.,0.313634770872,0.594489474867,
    0.734457473547,1.),.UNSPECIFIED.);
#503 = CARTESIAN_POINT('',(1.,-0.6));
#504 = CARTESIAN_POINT('',(0.937100861787,-0.6));
#505 = CARTESIAN_POINT('',(0.872998375329,-0.6));
#506 = CARTESIAN_POINT('',(0.807996398811,-0.6));
#507 = CARTESIAN_POINT('',(0.74249196116,-0.6));
#508 = CARTESIAN_POINT('',(0.618353041582,-0.6));
#509 = CARTESIAN_POINT('',(0.559698080051,-0.6));
#510 = CARTESIAN_POINT('',(0.501400135701,-0.6));
#511 = CARTESIAN_POINT('',(0.443754709706,-0.6));
#512 = CARTESIAN_POINT('',(0.358715470597,-0.6));
#513 = CARTESIAN_POINT('',(0.330649736573,-0.6));
#514 = CARTESIAN_POINT('',(0.302829503338,-0.6));
#515 = CARTESIAN_POINT('',(0.275274757536,-0.6));
#516 = CARTESIAN_POINT('',(0.196255257682,-0.6));
#517 = CARTESIAN_POINT('',(0.145519959381,-0.6));
#518 = CARTESIAN_POINT('',(9.588721240746E-02,-0.6));
#519 = CARTESIAN_POINT('',(4.738494083067E-02,-0.6));
#520 = CARTESIAN_POINT('',(0.,-0.6));
#521 = ( GEOMETRIC_REPRESENTATION_CONTEXT(2) 
PARAMETRIC_REPRESENTATION_CONTEXT() REPRESENTATION_CONTEXT('2D SPACE',''
  ) );
#522 = ORIENTED_EDGE('',*,*,#523,.F.);
#523 = EDGE_CURVE('',#524,#449,#526,.T.);
#524 = VERTEX_POINT('',#525);
#525 = CARTESIAN_POINT('',(-2.700439453125,-43.841796875,0.));
#526 = SURFACE_CURVE('',#527,(#546,#568),.PCURVE_S1.);
#527 = B_SPLINE_CURVE_WITH_KNOTS('',5,(#528,#529,#530,#531,#532,#533,
    #534,#535,#536,#537,#538,#539,#540,#541,#542,#543,#544,#545),
  .UNSPECIFIED.,.F.,.F.,(6,4,4,4,6),(0.,0.284666428431,0.542260661862,
    0.778322126702,1.),.UNSPECIFIED.);
#528 = CARTESIAN_POINT('',(-2.700439453125,-43.841796875,0.));
#529 = CARTESIAN_POINT('',(-2.700439453125,-43.99666753536,0.));
#530 = CARTESIAN_POINT('',(-2.69647397612,-44.15117208114,0.));
#531 = CARTESIAN_POINT('',(-2.688150918283,-44.30515298237,0.));
#532 = CARTESIAN_POINT('',(-2.675004274951,-44.45835553412,0.));
#533 = CARTESIAN_POINT('',(-2.639744347231,-44.74803787779,0.));
#534 = CARTESIAN_POINT('',(-2.618603441907,-44.88471386691,0.));
#535 = CARTESIAN_POINT('',(-2.592672812641,-45.02019667382,0.));
#536 = CARTESIAN_POINT('',(-2.561505686364,-45.15410480606,0.));
#537 = CARTESIAN_POINT('',(-2.490890867757,-45.40677345389,0.));
#538 = CARTESIAN_POINT('',(-2.45235437952,-45.52585959173,0.));
#539 = CARTESIAN_POINT('',(-2.408712373371,-45.64282653391,0.));
#540 = CARTESIAN_POINT('',(-2.359639748942,-45.75717959412,0.));
#541 = CARTESIAN_POINT('',(-2.253556982283,-45.97277071678,0.));
#542 = CARTESIAN_POINT('',(-2.197211349288,-46.07438631513,0.));
#543 = CARTESIAN_POINT('',(-2.135734031662,-46.17273477634,0.));
#544 = CARTESIAN_POINT('',(-2.069058098225,-46.26731386257,0.));
#545 = CARTESIAN_POINT('',(-1.997314453125,-46.35766601562,0.));
#546 = PCURVE('',#126,#547);
#547 = DEFINITIONAL_REPRESENTATION('',(#548),#567);
#548 = B_SPLINE_CURVE_WITH_KNOTS('',5,(#549,#550,#551,#552,#553,#554,
    #555,#556,#557,#558,#559,#560,#561,#562,#563,#564,#565,#566),
  .UNSPECIFIED.,.F.,.F.,(6,4,4,4,6),(0.,0.284666428431,0.542260661862,
    0.778322126702,1.),.UNSPECIFIED.);
#549 = CARTESIAN_POINT('',(21.299560546875,14.158203125));
#550 = CARTESIAN_POINT('',(21.299560546875,14.003332464632));
#551 = CARTESIAN_POINT('',(21.30352602388,13.848827918856));
#552 = CARTESIAN_POINT('',(21.311849081717,13.694847017621));
#553 = CARTESIAN_POINT('',(21.324995725049,13.541644465874));
#554 = CARTESIAN_POINT('',(21.360255652769,13.251962122205));
#555 = CARTESIAN_POINT('',(21.381396558093,13.115286133086));
#556 = CARTESIAN_POINT('',(21.407327187359,12.979803326174));
#557 = CARTESIAN_POINT('',(21.438494313636,12.845895193934));
#558 = CARTESIAN_POINT('',(21.509109132243,12.593226546105));
#559 = CARTESIAN_POINT('',(21.54764562048,12.474140408261));
#560 = CARTESIAN_POINT('',(21.591287626629,12.357173466081));
#561 = CARTESIAN_POINT('',(21.640360251058,12.242820405874));
#562 = CARTESIAN_POINT('',(21.746443017717,12.027229283216));
#563 = CARTESIAN_POINT('',(21.802788650712,11.925613684861));
#564 = CARTESIAN_POINT('',(21.864265968338,11.827265223655));
#565 = CARTESIAN_POINT('',(21.930941901775,11.732686137423));
#566 = CARTESIAN_POINT('',(22.002685546875,11.642333984375));
#567 = ( GEOMETRIC_REPRESENTATION_CONTEXT(2) 
PARAMETRIC_REPRESENTATION_CONTEXT() REPRESENTATION_CONTEXT('2D SPACE',''
  ) );
#568 = PCURVE('',#569,#576);
#569 = SURFACE_OF_LINEAR_EXTRUSION('',#570,#574);
#570 = B_SPLINE_CURVE_WITH_KNOTS('',2,(#571,#572,#573),.UNSPECIFIED.,.F.
  ,.F.,(3,3),(0.,1.),.PIECEWISE_BEZIER_KNOTS.);
#571 = CARTESIAN_POINT('',(-1.997314453125,-46.35766601562,-0.6));
#572 = CARTESIAN_POINT('',(-2.700439453125,-45.47216796875,-0.6));
#573 = CARTESIAN_POINT('',(-2.700439453125,-43.841796875,-0.6));
#574 = VECTOR('',#575,1.);
#575 = DIRECTION('',(-0.,-0.,-1.));
#576 = DEFINITIONAL_REPRESENTATION('',(#577),#596);
#577 = B_SPLINE_CURVE_WITH_KNOTS('',5,(#578,#579,#580,#581,#582,#583,
    #584,#585,#586,#587,#588,#589,#590,#591,#592,#593,#594,#595),
  .UNSPECIFIED.,.F.,.F.,(6,4,4,4,6),(0.,0.284666428431,0.542260661862,
    0.778322126702,1.),.UNSPECIFIED.);
#578 = CARTESIAN_POINT('',(1.,-0.6));
#579 = CARTESIAN_POINT('',(0.952504475527,-0.6));
#580 = CARTESIAN_POINT('',(0.903832895913,-0.6));
#581 = CARTESIAN_POINT('',(0.853906182524,-0.6));
#582 = CARTESIAN_POINT('',(0.802651048748,-0.6));
#583 = CARTESIAN_POINT('',(0.702356143236,-0.6));
#584 = CARTESIAN_POINT('',(0.653572115996,-0.6));
#585 = CARTESIAN_POINT('',(0.603597889909,-0.6));
#586 = CARTESIAN_POINT('',(0.552405309496,-0.6));
#587 = CARTESIAN_POINT('',(0.451975345254,-0.6));
#588 = CARTESIAN_POINT('',(0.402934139028,-0.6));
#589 = CARTESIAN_POINT('',(0.352884124932,-0.6));
#590 = CARTESIAN_POINT('',(0.30187139159,-0.6));
#591 = CARTESIAN_POINT('',(0.201289212831,-0.6));
#592 = CARTESIAN_POINT('',(0.151819876087,-0.6));
#593 = CARTESIAN_POINT('',(0.101685279371,-0.6));
#594 = CARTESIAN_POINT('',(5.10177031821E-02,-0.6));
#595 = CARTESIAN_POINT('',(0.,-0.6));
#596 = ( GEOMETRIC_REPRESENTATION_CONTEXT(2) 
PARAMETRIC_REPRESENTATION_CONTEXT() REPRESENTATION_CONTEXT('2D SPACE',''
  ) );
#597 = ORIENTED_EDGE('',*,*,#598,.F.);
#598 = EDGE_CURVE('',#599,#524,#601,.T.);
#599 = VERTEX_POINT('',#600);
#600 = CARTESIAN_POINT('',(-1.997314453125,-41.32153320312,0.));
#601 = SURFACE_CURVE('',#602,(#621,#643),.PCURVE_S1.);
#602 = B_SPLINE_CURVE_WITH_KNOTS('',5,(#603,#604,#605,#606,#607,#608,
    #609,#610,#611,#612,#613,#614,#615,#616,#617,#618,#619,#620),
  .UNSPECIFIED.,.F.,.F.,(6,4,4,4,6),(0.,0.221441005078,0.455455082248,
    0.714013656518,1.),.UNSPECIFIED.);
#603 = CARTESIAN_POINT('',(-1.997314453125,-41.32153320312,0.));
#604 = CARTESIAN_POINT('',(-2.069082915331,-41.41191661021,0.));
#605 = CARTESIAN_POINT('',(-2.135768461749,-41.50654376932,0.));
#606 = CARTESIAN_POINT('',(-2.19724232612,-41.60495172068,0.));
#607 = CARTESIAN_POINT('',(-2.253575291164,-41.70663337676,0.));
#608 = CARTESIAN_POINT('',(-2.35920392286,-41.92152162436,0.));
#609 = CARTESIAN_POINT('',(-2.407919888321,-42.03505805996,0.));
#610 = CARTESIAN_POINT('',(-2.451284039809,-42.15117372077,0.));
#611 = CARTESIAN_POINT('',(-2.489616813212,-42.2693828097,0.));
#612 = CARTESIAN_POINT('',(-2.560408984727,-42.52181701103,0.));
#613 = CARTESIAN_POINT('',(-2.591829104334,-42.65641544973,0.));
#614 = CARTESIAN_POINT('',(-2.617962836015,-42.79260799885,0.));
#615 = CARTESIAN_POINT('',(-2.639265337924,-42.9300067089,0.));
#616 = CARTESIAN_POINT('',(-2.674808667013,-43.22136686531,0.));
#617 = CARTESIAN_POINT('',(-2.688059796251,-43.37552832552,0.));
#618 = CARTESIAN_POINT('',(-2.696445431494,-43.53047603787,0.));
#619 = CARTESIAN_POINT('',(-2.700439453125,-43.68595183741,0.));
#620 = CARTESIAN_POINT('',(-2.700439453125,-43.841796875,0.));
#621 = PCURVE('',#126,#622);
#622 = DEFINITIONAL_REPRESENTATION('',(#623),#642);
#623 = B_SPLINE_CURVE_WITH_KNOTS('',5,(#624,#625,#626,#627,#628,#629,
    #630,#631,#632,#633,#634,#635,#636,#637,#638,#639,#640,#641),
  .UNSPECIFIED.,.F.,.F.,(6,4,4,4,6),(0.,0.221441005078,0.455455082248,
    0.714013656518,1.),.UNSPECIFIED.);
#624 = CARTESIAN_POINT('',(22.002685546875,16.678466796875));
#625 = CARTESIAN_POINT('',(21.930917084669,16.588083389784));
#626 = CARTESIAN_POINT('',(21.864231538251,16.49345623068));
#627 = CARTESIAN_POINT('',(21.80275767388,16.395048279316));
#628 = CARTESIAN_POINT('',(21.746424708836,16.29336662324));
#629 = CARTESIAN_POINT('',(21.64079607714,16.078478375632));
#630 = CARTESIAN_POINT('',(21.592080111679,15.964941940033));
#631 = CARTESIAN_POINT('',(21.548715960191,15.848826279222));
#632 = CARTESIAN_POINT('',(21.510383186788,15.730617190299));
#633 = CARTESIAN_POINT('',(21.439591015273,15.478182988963));
#634 = CARTESIAN_POINT('',(21.408170895666,15.343584550261));
#635 = CARTESIAN_POINT('',(21.382037163985,15.207392001143));
#636 = CARTESIAN_POINT('',(21.360734662076,15.069993291092));
#637 = CARTESIAN_POINT('',(21.325191332987,14.778633134688));
#638 = CARTESIAN_POINT('',(21.311940203749,14.624471674472));
#639 = CARTESIAN_POINT('',(21.303554568506,14.469523962127));
#640 = CARTESIAN_POINT('',(21.299560546875,14.314048162587));
#641 = CARTESIAN_POINT('',(21.299560546875,14.158203125));
#642 = ( GEOMETRIC_REPRESENTATION_CONTEXT(2) 
PARAMETRIC_REPRESENTATION_CONTEXT() REPRESENTATION_CONTEXT('2D SPACE',''
  ) );
#643 = PCURVE('',#644,#651);
#644 = SURFACE_OF_LINEAR_EXTRUSION('',#645,#649);
#645 = B_SPLINE_CURVE_WITH_KNOTS('',2,(#646,#647,#648),.UNSPECIFIED.,.F.
  ,.F.,(3,3),(0.,1.),.PIECEWISE_BEZIER_KNOTS.);
#646 = CARTESIAN_POINT('',(-2.700439453125,-43.841796875,-0.6));
#647 = CARTESIAN_POINT('',(-2.700439453125,-42.20703125,-0.6));
#648 = CARTESIAN_POINT('',(-1.997314453125,-41.32153320312,-0.6));
#649 = VECTOR('',#650,1.);
#650 = DIRECTION('',(-0.,-0.,-1.));
#651 = DEFINITIONAL_REPRESENTATION('',(#652),#671);
#652 = B_SPLINE_CURVE_WITH_KNOTS('',5,(#653,#654,#655,#656,#657,#658,
    #659,#660,#661,#662,#663,#664,#665,#666,#667,#668,#669,#670),
  .UNSPECIFIED.,.F.,.F.,(6,4,4,4,6),(0.,0.221441005078,0.455455082248,
    0.714013656518,1.),.UNSPECIFIED.);
#653 = CARTESIAN_POINT('',(1.,-0.6));
#654 = CARTESIAN_POINT('',(0.948964649098,-0.6));
#655 = CARTESIAN_POINT('',(0.898287982678,-0.6));
#656 = CARTESIAN_POINT('',(0.848153567207,-0.6));
#657 = CARTESIAN_POINT('',(0.798693427638,-0.6));
#658 = CARTESIAN_POINT('',(0.698541836103,-0.6));
#659 = CARTESIAN_POINT('',(0.647938439579,-0.6));
#660 = CARTESIAN_POINT('',(0.598290471008,-0.6));
#661 = CARTESIAN_POINT('',(0.549642075131,-0.6));
#662 = CARTESIAN_POINT('',(0.449360999945,-0.6));
#663 = CARTESIAN_POINT('',(0.397952865014,-0.6));
#664 = CARTESIAN_POINT('',(0.347780135532,-0.6));
#665 = CARTESIAN_POINT('',(0.298813119649,-0.6));
#666 = CARTESIAN_POINT('',(0.198114887612,-0.6));
#667 = CARTESIAN_POINT('',(0.146645064588,-0.6));
#668 = CARTESIAN_POINT('',(9.652055365044E-02,-0.6));
#669 = CARTESIAN_POINT('',(4.766586573741E-02,-0.6));
#670 = CARTESIAN_POINT('',(0.,-0.6));
#671 = ( GEOMETRIC_REPRESENTATION_CONTEXT(2) 
PARAMETRIC_REPRESENTATION_CONTEXT() REPRESENTATION_CONTEXT('2D SPACE',''
  ) );
#672 = ORIENTED_EDGE('',*,*,#673,.F.);
#673 = EDGE_CURVE('',#674,#599,#676,.T.);
#674 = VERTEX_POINT('',#675);
#675 = CARTESIAN_POINT('',(2.197265625E-03,-40.43603515625,0.));
#676 = SURFACE_CURVE('',#677,(#696,#718),.PCURVE_S1.);
#677 = B_SPLINE_CURVE_WITH_KNOTS('',5,(#678,#679,#680,#681,#682,#683,
    #684,#685,#686,#687,#688,#689,#690,#691,#692,#693,#694,#695),
  .UNSPECIFIED.,.F.,.F.,(6,4,4,4,6),(0.,0.265542526453,0.405510525133,
    0.686365229128,1.),.UNSPECIFIED.);
#678 = CARTESIAN_POINT('',(2.197265625E-03,-40.43603515625,0.));
#679 = CARTESIAN_POINT('',(-0.120661150298,-40.43603515625,0.));
#680 = CARTESIAN_POINT('',(-0.243086137802,-40.44100610736,0.));
#681 = CARTESIAN_POINT('',(-0.364799194023,-40.4514145701,0.));
#682 = CARTESIAN_POINT('',(-0.485386479395,-40.46777017346,0.));
#683 = CARTESIAN_POINT('',(-0.66701403449,-40.50247609341,0.));
#684 = CARTESIAN_POINT('',(-0.729245705175,-40.51622517322,0.));
#685 = CARTESIAN_POINT('',(-0.790938994452,-40.5318052614,0.));
#686 = CARTESIAN_POINT('',(-0.852006283284,-40.54926979008,0.));
#687 = CARTESIAN_POINT('',(-1.03344505712,-40.6075536001,0.));
#688 = CARTESIAN_POINT('',(-1.151659286464,-40.65419308858,0.));
#689 = CARTESIAN_POINT('',(-1.266188595444,-40.70885787819,0.));
#690 = CARTESIAN_POINT('',(-1.376252740998,-40.77156897787,0.));
#691 = CARTESIAN_POINT('',(-1.598398973895,-40.92040711757,0.));
#692 = CARTESIAN_POINT('',(-1.709257367319,-41.0084398892,0.));
#693 = CARTESIAN_POINT('',(-1.812850501689,-41.10537223099,0.));
#694 = CARTESIAN_POINT('',(-1.908862540014,-41.21013907505,0.));
#695 = CARTESIAN_POINT('',(-1.997314453125,-41.32153320312,0.));
#696 = PCURVE('',#126,#697);
#697 = DEFINITIONAL_REPRESENTATION('',(#698),#717);
#698 = B_SPLINE_CURVE_WITH_KNOTS('',5,(#699,#700,#701,#702,#703,#704,
    #705,#706,#707,#708,#709,#710,#711,#712,#713,#714,#715,#716),
  .UNSPECIFIED.,.F.,.F.,(6,4,4,4,6),(0.,0.265542526453,0.405510525133,
    0.686365229128,1.),.UNSPECIFIED.);
#699 = CARTESIAN_POINT('',(24.002197265625,17.56396484375));
#700 = CARTESIAN_POINT('',(23.879338849702,17.56396484375));
#701 = CARTESIAN_POINT('',(23.756913862198,17.558993892634));
#702 = CARTESIAN_POINT('',(23.635200805977,17.548585429892));
#703 = CARTESIAN_POINT('',(23.514613520605,17.532229826531));
#704 = CARTESIAN_POINT('',(23.33298596551,17.49752390659));
#705 = CARTESIAN_POINT('',(23.270754294825,17.483774826776));
#706 = CARTESIAN_POINT('',(23.209061005548,17.468194738591));
#707 = CARTESIAN_POINT('',(23.147993716716,17.450730209918));
#708 = CARTESIAN_POINT('',(22.96655494288,17.392446399891));
#709 = CARTESIAN_POINT('',(22.848340713536,17.345806911416));
#710 = CARTESIAN_POINT('',(22.733811404556,17.291142121805));
#711 = CARTESIAN_POINT('',(22.623747259002,17.228431022123));
#712 = CARTESIAN_POINT('',(22.401601026105,17.079592882423));
#713 = CARTESIAN_POINT('',(22.290742632681,16.991560110794));
#714 = CARTESIAN_POINT('',(22.187149498311,16.894627769003));
#715 = CARTESIAN_POINT('',(22.091137459986,16.78986092495));
#716 = CARTESIAN_POINT('',(22.002685546875,16.678466796875));
#717 = ( GEOMETRIC_REPRESENTATION_CONTEXT(2) 
PARAMETRIC_REPRESENTATION_CONTEXT() REPRESENTATION_CONTEXT('2D SPACE',''
  ) );
#718 = PCURVE('',#719,#726);
#719 = SURFACE_OF_LINEAR_EXTRUSION('',#720,#724);
#720 = B_SPLINE_CURVE_WITH_KNOTS('',2,(#721,#722,#723),.UNSPECIFIED.,.F.
  ,.F.,(3,3),(0.,1.),.PIECEWISE_BEZIER_KNOTS.);
#721 = CARTESIAN_POINT('',(-1.997314453125,-41.32153320312,-0.6));
#722 = CARTESIAN_POINT('',(-1.294189453125,-40.43603515625,-0.6));
#723 = CARTESIAN_POINT('',(2.197265625E-03,-40.43603515625,-0.6));
#724 = VECTOR('',#725,1.);
#725 = DIRECTION('',(-0.,-0.,-1.));
#726 = DEFINITIONAL_REPRESENTATION('',(#727),#746);
#727 = B_SPLINE_CURVE_WITH_KNOTS('',5,(#728,#729,#730,#731,#732,#733,
    #734,#735,#736,#737,#738,#739,#740,#741,#742,#743,#744,#745),
  .UNSPECIFIED.,.F.,.F.,(6,4,4,4,6),(0.,0.265542526453,0.405510525133,
    0.686365229128,1.),.UNSPECIFIED.);
#728 = CARTESIAN_POINT('',(1.,-0.6));
#729 = CARTESIAN_POINT('',(0.952615059169,-0.6));
#730 = CARTESIAN_POINT('',(0.904112787593,-0.6));
#731 = CARTESIAN_POINT('',(0.854480040619,-0.6));
#732 = CARTESIAN_POINT('',(0.803744742318,-0.6));
#733 = CARTESIAN_POINT('',(0.724725242464,-0.6));
#734 = CARTESIAN_POINT('',(0.697170496662,-0.6));
#735 = CARTESIAN_POINT('',(0.669350263427,-0.6));
#736 = CARTESIAN_POINT('',(0.641284529403,-0.6));
#737 = CARTESIAN_POINT('',(0.556245290294,-0.6));
#738 = CARTESIAN_POINT('',(0.498599864299,-0.6));
#739 = CARTESIAN_POINT('',(0.440301919949,-0.6));
#740 = CARTESIAN_POINT('',(0.381646958418,-0.6));
#741 = CARTESIAN_POINT('',(0.25750803884,-0.6));
#742 = CARTESIAN_POINT('',(0.192003601189,-0.6));
#743 = CARTESIAN_POINT('',(0.127001624671,-0.6));
#744 = CARTESIAN_POINT('',(6.289913821252E-02,-0.6));
#745 = CARTESIAN_POINT('',(0.,-0.6));
#746 = ( GEOMETRIC_REPRESENTATION_CONTEXT(2) 
PARAMETRIC_REPRESENTATION_CONTEXT() REPRESENTATION_CONTEXT('2D SPACE',''
  ) );
#747 = ORIENTED_EDGE('',*,*,#748,.F.);
#748 = EDGE_CURVE('',#749,#674,#751,.T.);
#749 = VERTEX_POINT('',#750);
#750 = CARTESIAN_POINT('',(1.997314453125,-41.32153320312,0.));
#751 = SURFACE_CURVE('',#752,(#771,#793),.PCURVE_S1.);
#752 = B_SPLINE_CURVE_WITH_KNOTS('',5,(#753,#754,#755,#756,#757,#758,
    #759,#760,#761,#762,#763,#764,#765,#766,#767,#768,#769,#770),
  .UNSPECIFIED.,.F.,.F.,(6,4,4,4,6),(0.,0.317820738013,0.597845997508,
    0.737838765903,1.),.UNSPECIFIED.);
#753 = CARTESIAN_POINT('',(1.997314453125,-41.32153320312,0.));
#754 = CARTESIAN_POINT('',(1.907819597281,-41.20882561904,0.));
#755 = CARTESIAN_POINT('',(1.810614704251,-41.10288357838,0.));
#756 = CARTESIAN_POINT('',(1.705672740992,-41.00495736132,0.));
#757 = CARTESIAN_POINT('',(1.593315417576,-40.91615379167,0.));
#758 = CARTESIAN_POINT('',(1.36982120469,-40.76745280126,0.));
#759 = CARTESIAN_POINT('',(1.260095975746,-40.70535218281,0.));
#760 = CARTESIAN_POINT('',(1.14596984811,-40.65123450167,0.));
#761 = CARTESIAN_POINT('',(1.028211001692,-40.6050794156,0.));
#762 = CARTESIAN_POINT('',(0.847325951086,-40.54737375529,0.));
#763 = CARTESIAN_POINT('',(0.786322509537,-40.53005888755,0.));
#764 = CARTESIAN_POINT('',(0.724698186372,-40.51462623987,0.));
#765 = CARTESIAN_POINT('',(0.66254016318,-40.50102265112,0.));
#766 = CARTESIAN_POINT('',(0.482671864828,-40.4670231557,0.));
#767 = CARTESIAN_POINT('',(0.363823146161,-40.4510607333,0.));
#768 = CARTESIAN_POINT('',(0.243883949323,-40.44089409346,0.));
#769 = CARTESIAN_POINT('',(0.123252037127,-40.43603515625,0.));
#770 = CARTESIAN_POINT('',(2.197265625E-03,-40.43603515625,0.));
#771 = PCURVE('',#126,#772);
#772 = DEFINITIONAL_REPRESENTATION('',(#773),#792);
#773 = B_SPLINE_CURVE_WITH_KNOTS('',5,(#774,#775,#776,#777,#778,#779,
    #780,#781,#782,#783,#784,#785,#786,#787,#788,#789,#790,#791),
  .UNSPECIFIED.,.F.,.F.,(6,4,4,4,6),(0.,0.317820738013,0.597845997508,
    0.737838765903,1.),.UNSPECIFIED.);
#774 = CARTESIAN_POINT('',(25.997314453125,16.678466796875));
#775 = CARTESIAN_POINT('',(25.907819597281,16.791174380954));
#776 = CARTESIAN_POINT('',(25.810614704251,16.897116421619));
#777 = CARTESIAN_POINT('',(25.705672740992,16.995042638674));
#778 = CARTESIAN_POINT('',(25.593315417576,17.083846208328));
#779 = CARTESIAN_POINT('',(25.36982120469,17.232547198734));
#780 = CARTESIAN_POINT('',(25.260095975746,17.294647817182));
#781 = CARTESIAN_POINT('',(25.14596984811,17.348765498326));
#782 = CARTESIAN_POINT('',(25.028211001692,17.394920584391));
#783 = CARTESIAN_POINT('',(24.847325951086,17.452626244707));
#784 = CARTESIAN_POINT('',(24.786322509537,17.46994111245));
#785 = CARTESIAN_POINT('',(24.724698186372,17.485373760122));
#786 = CARTESIAN_POINT('',(24.66254016318,17.498977348871));
#787 = CARTESIAN_POINT('',(24.482671864828,17.532976844291));
#788 = CARTESIAN_POINT('',(24.363823146161,17.548939266693));
#789 = CARTESIAN_POINT('',(24.243883949323,17.559105906533));
#790 = CARTESIAN_POINT('',(24.123252037127,17.56396484375));
#791 = CARTESIAN_POINT('',(24.002197265625,17.56396484375));
#792 = ( GEOMETRIC_REPRESENTATION_CONTEXT(2) 
PARAMETRIC_REPRESENTATION_CONTEXT() REPRESENTATION_CONTEXT('2D SPACE',''
  ) );
#793 = PCURVE('',#794,#801);
#794 = SURFACE_OF_LINEAR_EXTRUSION('',#795,#799);
#795 = B_SPLINE_CURVE_WITH_KNOTS('',2,(#796,#797,#798),.UNSPECIFIED.,.F.
  ,.F.,(3,3),(0.,1.),.PIECEWISE_BEZIER_KNOTS.);
#796 = CARTESIAN_POINT('',(2.197265625E-03,-40.43603515625,-0.6));
#797 = CARTESIAN_POINT('',(1.294189453125,-40.43603515625,-0.6));
#798 = CARTESIAN_POINT('',(1.997314453125,-41.32153320312,-0.6));
#799 = VECTOR('',#800,1.);
#800 = DIRECTION('',(-0.,-0.,-1.));
#801 = DEFINITIONAL_REPRESENTATION('',(#802),#821);
#802 = B_SPLINE_CURVE_WITH_KNOTS('',5,(#803,#804,#805,#806,#807,#808,
    #809,#810,#811,#812,#813,#814,#815,#816,#817,#818,#819,#820),
  .UNSPECIFIED.,.F.,.F.,(6,4,4,4,6),(0.,0.317820738013,0.597845997508,
    0.737838765903,1.),.UNSPECIFIED.);
#803 = CARTESIAN_POINT('',(1.,-0.6));
#804 = CARTESIAN_POINT('',(0.936359213622,-0.6));
#805 = CARTESIAN_POINT('',(0.87147582419,-0.6));
#806 = CARTESIAN_POINT('',(0.805661141171,-0.6));
#807 = CARTESIAN_POINT('',(0.739324517515,-0.6));
#808 = CARTESIAN_POINT('',(0.614562843431,-0.6));
#809 = CARTESIAN_POINT('',(0.556117091146,-0.6));
#810 = CARTESIAN_POINT('',(0.49802267754,-0.6));
#811 = CARTESIAN_POINT('',(0.440571652398,-0.6));
#812 = CARTESIAN_POINT('',(0.355718186259,-0.6));
#813 = CARTESIAN_POINT('',(0.327653758268,-0.6));
#814 = CARTESIAN_POINT('',(0.299833456398,-0.6));
#815 = CARTESIAN_POINT('',(0.272277338343,-0.6));
#816 = CARTESIAN_POINT('',(0.193918356534,-0.6));
#817 = CARTESIAN_POINT('',(0.143815914405,-0.6));
#818 = CARTESIAN_POINT('',(9.478305658565E-02,-0.6));
#819 = CARTESIAN_POINT('',(4.684810507102E-02,-0.6));
#820 = CARTESIAN_POINT('',(0.,-0.6));
#821 = ( GEOMETRIC_REPRESENTATION_CONTEXT(2) 
PARAMETRIC_REPRESENTATION_CONTEXT() REPRESENTATION_CONTEXT('2D SPACE',''
  ) );
#822 = ORIENTED_EDGE('',*,*,#823,.F.);
#823 = EDGE_CURVE('',#299,#749,#824,.T.);
#824 = SURFACE_CURVE('',#825,(#844,#866),.PCURVE_S1.);
#825 = B_SPLINE_CURVE_WITH_KNOTS('',5,(#826,#827,#828,#829,#830,#831,
    #832,#833,#834,#835,#836,#837,#838,#839,#840,#841,#842,#843),
  .UNSPECIFIED.,.F.,.F.,(6,4,4,4,6),(0.,0.285986338326,0.544544907933,
    0.779468390478,1.),.UNSPECIFIED.);
#826 = CARTESIAN_POINT('',(2.700439453125,-43.841796875,0.));
#827 = CARTESIAN_POINT('',(2.700439453125,-43.68595183741,0.));
#828 = CARTESIAN_POINT('',(2.696445431494,-43.53047603787,0.));
#829 = CARTESIAN_POINT('',(2.688059796251,-43.37552832552,0.));
#830 = CARTESIAN_POINT('',(2.674808667013,-43.22136686531,0.));
#831 = CARTESIAN_POINT('',(2.639265337924,-42.9300067089,0.));
#832 = CARTESIAN_POINT('',(2.617962836015,-42.79260799885,0.));
#833 = CARTESIAN_POINT('',(2.591829104334,-42.65641544973,0.));
#834 = CARTESIAN_POINT('',(2.560408984727,-42.52181701103,0.));
#835 = CARTESIAN_POINT('',(2.489486113546,-42.26891675441,0.));
#836 = CARTESIAN_POINT('',(2.450986030566,-42.15025499035,0.));
#837 = CARTESIAN_POINT('',(2.407414102892,-42.0337044036,0.));
#838 = CARTESIAN_POINT('',(2.358446152713,-41.91975696015,0.));
#839 = CARTESIAN_POINT('',(2.252649406492,-41.70496341549,0.));
#840 = CARTESIAN_POINT('',(2.196484691667,-41.60373950687,0.));
#841 = CARTESIAN_POINT('',(2.135220645505,-41.50576660555,0.));
#842 = CARTESIAN_POINT('',(2.068788181682,-41.41154543002,0.));
#843 = CARTESIAN_POINT('',(1.997314453125,-41.32153320312,0.));
#844 = PCURVE('',#126,#845);
#845 = DEFINITIONAL_REPRESENTATION('',(#846),#865);
#846 = B_SPLINE_CURVE_WITH_KNOTS('',5,(#847,#848,#849,#850,#851,#852,
    #853,#854,#855,#856,#857,#858,#859,#860,#861,#862,#863,#864),
  .UNSPECIFIED.,.F.,.F.,(6,4,4,4,6),(0.,0.285986338326,0.544544907933,
    0.779468390478,1.),.UNSPECIFIED.);
#847 = CARTESIAN_POINT('',(26.700439453125,14.158203125));
#848 = CARTESIAN_POINT('',(26.700439453125,14.314048162587));
#849 = CARTESIAN_POINT('',(26.696445431494,14.469523962127));
#850 = CARTESIAN_POINT('',(26.688059796251,14.624471674472));
#851 = CARTESIAN_POINT('',(26.674808667013,14.778633134688));
#852 = CARTESIAN_POINT('',(26.639265337924,15.069993291092));
#853 = CARTESIAN_POINT('',(26.617962836015,15.207392001143));
#854 = CARTESIAN_POINT('',(26.591829104334,15.343584550261));
#855 = CARTESIAN_POINT('',(26.560408984727,15.478182988963));
#856 = CARTESIAN_POINT('',(26.489486113546,15.731083245586));
#857 = CARTESIAN_POINT('',(26.450986030566,15.849745009645));
#858 = CARTESIAN_POINT('',(26.407414102892,15.966295596395));
#859 = CARTESIAN_POINT('',(26.358446152713,16.080243039847));
#860 = CARTESIAN_POINT('',(26.252649406492,16.295036584503));
#861 = CARTESIAN_POINT('',(26.196484691667,16.396260493123));
#862 = CARTESIAN_POINT('',(26.135220645505,16.494233394447));
#863 = CARTESIAN_POINT('',(26.068788181682,16.588454569974));
#864 = CARTESIAN_POINT('',(25.997314453125,16.678466796875));
#865 = ( GEOMETRIC_REPRESENTATION_CONTEXT(2) 
PARAMETRIC_REPRESENTATION_CONTEXT() REPRESENTATION_CONTEXT('2D SPACE',''
  ) );
#866 = PCURVE('',#867,#874);
#867 = SURFACE_OF_LINEAR_EXTRUSION('',#868,#872);
#868 = B_SPLINE_CURVE_WITH_KNOTS('',2,(#869,#870,#871),.UNSPECIFIED.,.F.
  ,.F.,(3,3),(0.,1.),.PIECEWISE_BEZIER_KNOTS.);
#869 = CARTESIAN_POINT('',(1.997314453125,-41.32153320312,-0.6));
#870 = CARTESIAN_POINT('',(2.700439453125,-42.20703125,-0.6));
#871 = CARTESIAN_POINT('',(2.700439453125,-43.841796875,-0.6));
#872 = VECTOR('',#873,1.);
#873 = DIRECTION('',(-0.,-0.,-1.));
#874 = DEFINITIONAL_REPRESENTATION('',(#875),#894);
#875 = B_SPLINE_CURVE_WITH_KNOTS('',5,(#876,#877,#878,#879,#880,#881,
    #882,#883,#884,#885,#886,#887,#888,#889,#890,#891,#892,#893),
  .UNSPECIFIED.,.F.,.F.,(6,4,4,4,6),(0.,0.285986338326,0.544544907933,
    0.779468390478,1.),.UNSPECIFIED.);
#876 = CARTESIAN_POINT('',(1.,-0.6));
#877 = CARTESIAN_POINT('',(0.952334134263,-0.6));
#878 = CARTESIAN_POINT('',(0.90347944635,-0.6));
#879 = CARTESIAN_POINT('',(0.853354935412,-0.6));
#880 = CARTESIAN_POINT('',(0.801885112388,-0.6));
#881 = CARTESIAN_POINT('',(0.701186880351,-0.6));
#882 = CARTESIAN_POINT('',(0.652219864468,-0.6));
#883 = CARTESIAN_POINT('',(0.602047134986,-0.6));
#884 = CARTESIAN_POINT('',(0.550639000055,-0.6));
#885 = CARTESIAN_POINT('',(0.450172781473,-0.6));
#886 = CARTESIAN_POINT('',(0.401331402458,-0.6));
#887 = CARTESIAN_POINT('',(0.351482690298,-0.6));
#888 = CARTESIAN_POINT('',(0.300671456926,-0.6));
#889 = CARTESIAN_POINT('',(0.200494037809,-0.6));
#890 = CARTESIAN_POINT('',(0.151228739349,-0.6));
#891 = CARTESIAN_POINT('',(0.101295770971,-0.6));
#892 = CARTESIAN_POINT('',(5.082576252917E-02,-0.6));
#893 = CARTESIAN_POINT('',(0.,-0.6));
#894 = ( GEOMETRIC_REPRESENTATION_CONTEXT(2) 
PARAMETRIC_REPRESENTATION_CONTEXT() REPRESENTATION_CONTEXT('2D SPACE',''
  ) );
#895 = FACE_BOUND('',#896,.T.);
#896 = EDGE_LOOP('',(#897));
#897 = ORIENTED_EDGE('',*,*,#898,.F.);
#898 = EDGE_CURVE('',#899,#899,#901,.T.);
#899 = VERTEX_POINT('',#900);
#900 = CARTESIAN_POINT('',(2.25,-25.,0.));
#901 = SURFACE_CURVE('',#902,(#907,#914),.PCURVE_S1.);
#902 = CIRCLE('',#903,2.25);
#903 = AXIS2_PLACEMENT_3D('',#904,#905,#906);
#904 = CARTESIAN_POINT('',(0.,-25.,0.));
#905 = DIRECTION('',(0.,0.,1.));
#906 = DIRECTION('',(1.,0.,-0.));
#907 = PCURVE('',#126,#908);
#908 = DEFINITIONAL_REPRESENTATION('',(#909),#913);
#909 = CIRCLE('',#910,2.25);
#910 = AXIS2_PLACEMENT_2D('',#911,#912);
#911 = CARTESIAN_POINT('',(24.,33.));
#912 = DIRECTION('',(1.,0.));
#913 = ( GEOMETRIC_REPRESENTATION_CONTEXT(2) 
PARAMETRIC_REPRESENTATION_CONTEXT() REPRESENTATION_CONTEXT('2D SPACE',''
  ) );
#914 = PCURVE('',#915,#920);
#915 = CYLINDRICAL_SURFACE('',#916,2.25);
#916 = AXIS2_PLACEMENT_3D('',#917,#918,#919);
#917 = CARTESIAN_POINT('',(0.,-25.,-7.));
#918 = DIRECTION('',(0.,0.,1.));
#919 = DIRECTION('',(1.,0.,-0.));
#920 = DEFINITIONAL_REPRESENTATION('',(#921),#925);
#921 = LINE('',#922,#923);
#922 = CARTESIAN_POINT('',(0.,7.));
#923 = VECTOR('',#924,1.);
#924 = DIRECTION('',(1.,0.));
#925 = ( GEOMETRIC_REPRESENTATION_CONTEXT(2) 
PARAMETRIC_REPRESENTATION_CONTEXT() REPRESENTATION_CONTEXT('2D SPACE',''
  ) );
#926 = FACE_BOUND('',#927,.T.);
#927 = EDGE_LOOP('',(#928));
#928 = ORIENTED_EDGE('',*,*,#929,.F.);
#929 = EDGE_CURVE('',#930,#930,#932,.T.);
#930 = VERTEX_POINT('',#931);
#931 = CARTESIAN_POINT('',(16.05,-25.,0.));
#932 = SURFACE_CURVE('',#933,(#938,#945),.PCURVE_S1.);
#933 = CIRCLE('',#934,2.05);
#934 = AXIS2_PLACEMENT_3D('',#935,#936,#937);
#935 = CARTESIAN_POINT('',(14.,-25.,0.));
#936 = DIRECTION('',(0.,0.,1.));
#937 = DIRECTION('',(1.,0.,-0.));
#938 = PCURVE('',#126,#939);
#939 = DEFINITIONAL_REPRESENTATION('',(#940),#944);
#940 = CIRCLE('',#941,2.05);
#941 = AXIS2_PLACEMENT_2D('',#942,#943);
#942 = CARTESIAN_POINT('',(38.,33.));
#943 = DIRECTION('',(1.,0.));
#944 = ( GEOMETRIC_REPRESENTATION_CONTEXT(2) 
PARAMETRIC_REPRESENTATION_CONTEXT() REPRESENTATION_CONTEXT('2D SPACE',''
  ) );
#945 = PCURVE('',#946,#951);
#946 = CYLINDRICAL_SURFACE('',#947,2.05);
#947 = AXIS2_PLACEMENT_3D('',#948,#949,#950);
#948 = CARTESIAN_POINT('',(14.,-25.,-4.));
#949 = DIRECTION('',(0.,0.,1.));
#950 = DIRECTION('',(1.,0.,-0.));
#951 = DEFINITIONAL_REPRESENTATION('',(#952),#956);
#952 = LINE('',#953,#954);
#953 = CARTESIAN_POINT('',(0.,4.));
#954 = VECTOR('',#955,1.);
#955 = DIRECTION('',(1.,0.));
#956 = ( GEOMETRIC_REPRESENTATION_CONTEXT(2) 
PARAMETRIC_REPRESENTATION_CONTEXT() REPRESENTATION_CONTEXT('2D SPACE',''
  ) );
#957 = FACE_BOUND('',#958,.T.);
#958 = EDGE_LOOP('',(#959,#987,#1013));
#959 = ORIENTED_EDGE('',*,*,#960,.T.);
#960 = EDGE_CURVE('',#961,#963,#965,.T.);
#961 = VERTEX_POINT('',#962);
#962 = CARTESIAN_POINT('',(0.,1.,0.));
#963 = VERTEX_POINT('',#964);
#964 = CARTESIAN_POINT('',(4.,-6.,0.));
#965 = SURFACE_CURVE('',#966,(#970,#976),.PCURVE_S1.);
#966 = LINE('',#967,#968);
#967 = CARTESIAN_POINT('',(11.753846153846,-19.56923076923,
    5.551115123126E-17));
#968 = VECTOR('',#969,1.);
#969 = DIRECTION('',(0.496138938357,-0.868243142124,0.));
#970 = PCURVE('',#126,#971);
#971 = DEFINITIONAL_REPRESENTATION('',(#972),#975);
#972 = B_SPLINE_CURVE_WITH_KNOTS('',1,(#973,#974),.UNSPECIFIED.,.F.,.F.,
  (2,2),(-23.69063430653,-15.62837655824),.PIECEWISE_BEZIER_KNOTS.);
#973 = CARTESIAN_POINT('',(24.,59.));
#974 = CARTESIAN_POINT('',(28.,52.));
#975 = ( GEOMETRIC_REPRESENTATION_CONTEXT(2) 
PARAMETRIC_REPRESENTATION_CONTEXT() REPRESENTATION_CONTEXT('2D SPACE',''
  ) );
#976 = PCURVE('',#977,#982);
#977 = PLANE('',#978);
#978 = AXIS2_PLACEMENT_3D('',#979,#980,#981);
#979 = CARTESIAN_POINT('',(4.,-6.,-0.6));
#980 = DIRECTION('',(-0.868243142124,-0.496138938357,0.));
#981 = DIRECTION('',(-0.496138938357,0.868243142124,0.));
#982 = DEFINITIONAL_REPRESENTATION('',(#983),#986);
#983 = B_SPLINE_CURVE_WITH_KNOTS('',1,(#984,#985),.UNSPECIFIED.,.F.,.F.,
  (2,2),(-23.69063430653,-15.62837655824),.PIECEWISE_BEZIER_KNOTS.);
#984 = CARTESIAN_POINT('',(8.062257748299,-0.6));
#985 = CARTESIAN_POINT('',(0.,-0.6));
#986 = ( GEOMETRIC_REPRESENTATION_CONTEXT(2) 
PARAMETRIC_REPRESENTATION_CONTEXT() REPRESENTATION_CONTEXT('2D SPACE',''
  ) );
#987 = ORIENTED_EDGE('',*,*,#988,.T.);
#988 = EDGE_CURVE('',#963,#989,#991,.T.);
#989 = VERTEX_POINT('',#990);
#990 = CARTESIAN_POINT('',(-4.,-6.,0.));
#991 = SURFACE_CURVE('',#992,(#996,#1002),.PCURVE_S1.);
#992 = LINE('',#993,#994);
#993 = CARTESIAN_POINT('',(-14.,-6.,0.));
#994 = VECTOR('',#995,1.);
#995 = DIRECTION('',(-1.,0.,0.));
#996 = PCURVE('',#126,#997);
#997 = DEFINITIONAL_REPRESENTATION('',(#998),#1001);
#998 = B_SPLINE_CURVE_WITH_KNOTS('',1,(#999,#1000),.UNSPECIFIED.,.F.,.F.
  ,(2,2),(-18.,-10.),.PIECEWISE_BEZIER_KNOTS.);
#999 = CARTESIAN_POINT('',(28.,52.));
#1000 = CARTESIAN_POINT('',(20.,52.));
#1001 = ( GEOMETRIC_REPRESENTATION_CONTEXT(2) 
PARAMETRIC_REPRESENTATION_CONTEXT() REPRESENTATION_CONTEXT('2D SPACE',''
  ) );
#1002 = PCURVE('',#1003,#1008);
#1003 = PLANE('',#1004);
#1004 = AXIS2_PLACEMENT_3D('',#1005,#1006,#1007);
#1005 = CARTESIAN_POINT('',(-4.,-6.,-0.6));
#1006 = DIRECTION('',(0.,1.,0.));
#1007 = DIRECTION('',(1.,0.,0.));
#1008 = DEFINITIONAL_REPRESENTATION('',(#1009),#1012);
#1009 = B_SPLINE_CURVE_WITH_KNOTS('',1,(#1010,#1011),.UNSPECIFIED.,.F.,
  .F.,(2,2),(-18.,-10.),.PIECEWISE_BEZIER_KNOTS.);
#1010 = CARTESIAN_POINT('',(8.,-0.6));
#1011 = CARTESIAN_POINT('',(0.,-0.6));
#1012 = ( GEOMETRIC_REPRESENTATION_CONTEXT(2) 
PARAMETRIC_REPRESENTATION_CONTEXT() REPRESENTATION_CONTEXT('2D SPACE',''
  ) );
#1013 = ORIENTED_EDGE('',*,*,#1014,.T.);
#1014 = EDGE_CURVE('',#989,#961,#1015,.T.);
#1015 = SURFACE_CURVE('',#1016,(#1020,#1026),.PCURVE_S1.);
#1016 = LINE('',#1017,#1018);
#1017 = CARTESIAN_POINT('',(-15.66153846153,-26.40769230769,
    5.551115123126E-17));
#1018 = VECTOR('',#1019,1.);
#1019 = DIRECTION('',(0.496138938357,0.868243142124,-0.));
#1020 = PCURVE('',#126,#1021);
#1021 = DEFINITIONAL_REPRESENTATION('',(#1022),#1025);
#1022 = B_SPLINE_CURVE_WITH_KNOTS('',1,(#1023,#1024),.UNSPECIFIED.,.F.,
  .F.,(2,2),(23.504582204655,31.566839952954),.PIECEWISE_BEZIER_KNOTS.);
#1023 = CARTESIAN_POINT('',(20.,52.));
#1024 = CARTESIAN_POINT('',(24.,59.));
#1025 = ( GEOMETRIC_REPRESENTATION_CONTEXT(2) 
PARAMETRIC_REPRESENTATION_CONTEXT() REPRESENTATION_CONTEXT('2D SPACE',''
  ) );
#1026 = PCURVE('',#1027,#1032);
#1027 = PLANE('',#1028);
#1028 = AXIS2_PLACEMENT_3D('',#1029,#1030,#1031);
#1029 = CARTESIAN_POINT('',(0.,1.,-0.6));
#1030 = DIRECTION('',(0.868243142124,-0.496138938357,0.));
#1031 = DIRECTION('',(-0.496138938357,-0.868243142124,0.));
#1032 = DEFINITIONAL_REPRESENTATION('',(#1033),#1036);
#1033 = B_SPLINE_CURVE_WITH_KNOTS('',1,(#1034,#1035),.UNSPECIFIED.,.F.,
  .F.,(2,2),(23.504582204655,31.566839952954),.PIECEWISE_BEZIER_KNOTS.);
#1034 = CARTESIAN_POINT('',(8.062257748299,-0.6));
#1035 = CARTESIAN_POINT('',(0.,-0.6));
#1036 = ( GEOMETRIC_REPRESENTATION_CONTEXT(2) 
PARAMETRIC_REPRESENTATION_CONTEXT() REPRESENTATION_CONTEXT('2D SPACE',''
  ) );
#1037 = ADVANCED_FACE('',(#1038),#100,.T.);
#1038 = FACE_BOUND('',#1039,.T.);
#1039 = EDGE_LOOP('',(#1040,#1063,#1064,#1065));
#1040 = ORIENTED_EDGE('',*,*,#1041,.F.);
#1041 = EDGE_CURVE('',#57,#1042,#1044,.T.);
#1042 = VERTEX_POINT('',#1043);
#1043 = CARTESIAN_POINT('',(24.,8.,-6.));
#1044 = SURFACE_CURVE('',#1045,(#1049,#1056),.PCURVE_S1.);
#1045 = LINE('',#1046,#1047);
#1046 = CARTESIAN_POINT('',(-24.,8.,-6.));
#1047 = VECTOR('',#1048,1.);
#1048 = DIRECTION('',(1.,0.,-0.));
#1049 = PCURVE('',#100,#1050);
#1050 = DEFINITIONAL_REPRESENTATION('',(#1051),#1055);
#1051 = LINE('',#1052,#1053);
#1052 = CARTESIAN_POINT('',(0.,0.));
#1053 = VECTOR('',#1054,1.);
#1054 = DIRECTION('',(0.,1.));
#1055 = ( GEOMETRIC_REPRESENTATION_CONTEXT(2) 
PARAMETRIC_REPRESENTATION_CONTEXT() REPRESENTATION_CONTEXT('2D SPACE',''
  ) );
#1056 = PCURVE('',#72,#1057);
#1057 = DEFINITIONAL_REPRESENTATION('',(#1058),#1062);
#1058 = LINE('',#1059,#1060);
#1059 = CARTESIAN_POINT('',(0.,66.));
#1060 = VECTOR('',#1061,1.);
#1061 = DIRECTION('',(1.,0.));
#1062 = ( GEOMETRIC_REPRESENTATION_CONTEXT(2) 
PARAMETRIC_REPRESENTATION_CONTEXT() REPRESENTATION_CONTEXT('2D SPACE',''
  ) );
#1063 = ORIENTED_EDGE('',*,*,#84,.T.);
#1064 = ORIENTED_EDGE('',*,*,#242,.T.);
#1065 = ORIENTED_EDGE('',*,*,#1066,.F.);
#1066 = EDGE_CURVE('',#1042,#220,#1067,.T.);
#1067 = SURFACE_CURVE('',#1068,(#1072,#1079),.PCURVE_S1.);
#1068 = LINE('',#1069,#1070);
#1069 = CARTESIAN_POINT('',(24.,8.,-6.));
#1070 = VECTOR('',#1071,1.);
#1071 = DIRECTION('',(0.,0.,1.));
#1072 = PCURVE('',#100,#1073);
#1073 = DEFINITIONAL_REPRESENTATION('',(#1074),#1078);
#1074 = LINE('',#1075,#1076);
#1075 = CARTESIAN_POINT('',(0.,48.));
#1076 = VECTOR('',#1077,1.);
#1077 = DIRECTION('',(1.,0.));
#1078 = ( GEOMETRIC_REPRESENTATION_CONTEXT(2) 
PARAMETRIC_REPRESENTATION_CONTEXT() REPRESENTATION_CONTEXT('2D SPACE',''
  ) );
#1079 = PCURVE('',#202,#1080);
#1080 = DEFINITIONAL_REPRESENTATION('',(#1081),#1085);
#1081 = LINE('',#1082,#1083);
#1082 = CARTESIAN_POINT('',(0.,-66.));
#1083 = VECTOR('',#1084,1.);
#1084 = DIRECTION('',(1.,0.));
#1085 = ( GEOMETRIC_REPRESENTATION_CONTEXT(2) 
PARAMETRIC_REPRESENTATION_CONTEXT() REPRESENTATION_CONTEXT('2D SPACE',''
  ) );
#1086 = ADVANCED_FACE('',(#1087,#1113,#1229,#1255),#72,.F.);
#1087 = FACE_BOUND('',#1088,.F.);
#1088 = EDGE_LOOP('',(#1089,#1090,#1091,#1112));
#1089 = ORIENTED_EDGE('',*,*,#56,.F.);
#1090 = ORIENTED_EDGE('',*,*,#141,.T.);
#1091 = ORIENTED_EDGE('',*,*,#1092,.T.);
#1092 = EDGE_CURVE('',#142,#1042,#1093,.T.);
#1093 = SURFACE_CURVE('',#1094,(#1098,#1105),.PCURVE_S1.);
#1094 = LINE('',#1095,#1096);
#1095 = CARTESIAN_POINT('',(24.,-58.,-6.));
#1096 = VECTOR('',#1097,1.);
#1097 = DIRECTION('',(-0.,1.,0.));
#1098 = PCURVE('',#72,#1099);
#1099 = DEFINITIONAL_REPRESENTATION('',(#1100),#1104);
#1100 = LINE('',#1101,#1102);
#1101 = CARTESIAN_POINT('',(48.,0.));
#1102 = VECTOR('',#1103,1.);
#1103 = DIRECTION('',(0.,1.));
#1104 = ( GEOMETRIC_REPRESENTATION_CONTEXT(2) 
PARAMETRIC_REPRESENTATION_CONTEXT() REPRESENTATION_CONTEXT('2D SPACE',''
  ) );
#1105 = PCURVE('',#202,#1106);
#1106 = DEFINITIONAL_REPRESENTATION('',(#1107),#1111);
#1107 = LINE('',#1108,#1109);
#1108 = CARTESIAN_POINT('',(0.,0.));
#1109 = VECTOR('',#1110,1.);
#1110 = DIRECTION('',(0.,-1.));
#1111 = ( GEOMETRIC_REPRESENTATION_CONTEXT(2) 
PARAMETRIC_REPRESENTATION_CONTEXT() REPRESENTATION_CONTEXT('2D SPACE',''
  ) );
#1112 = ORIENTED_EDGE('',*,*,#1041,.F.);
#1113 = FACE_BOUND('',#1114,.F.);
#1114 = EDGE_LOOP('',(#1115,#1146,#1174,#1203));
#1115 = ORIENTED_EDGE('',*,*,#1116,.F.);
#1116 = EDGE_CURVE('',#1117,#1119,#1121,.T.);
#1117 = VERTEX_POINT('',#1118);
#1118 = CARTESIAN_POINT('',(7.5,-54.9,-6.));
#1119 = VERTEX_POINT('',#1120);
#1120 = CARTESIAN_POINT('',(7.5,-45.1,-6.));
#1121 = SURFACE_CURVE('',#1122,(#1127,#1134),.PCURVE_S1.);
#1122 = CIRCLE('',#1123,4.9);
#1123 = AXIS2_PLACEMENT_3D('',#1124,#1125,#1126);
#1124 = CARTESIAN_POINT('',(7.5,-50.,-6.));
#1125 = DIRECTION('',(0.,-0.,1.));
#1126 = DIRECTION('',(1.110223024625E-16,1.,0.));
#1127 = PCURVE('',#72,#1128);
#1128 = DEFINITIONAL_REPRESENTATION('',(#1129),#1133);
#1129 = CIRCLE('',#1130,4.9);
#1130 = AXIS2_PLACEMENT_2D('',#1131,#1132);
#1131 = CARTESIAN_POINT('',(31.5,8.));
#1132 = DIRECTION('',(1.110223024625E-16,1.));
#1133 = ( GEOMETRIC_REPRESENTATION_CONTEXT(2) 
PARAMETRIC_REPRESENTATION_CONTEXT() REPRESENTATION_CONTEXT('2D SPACE',''
  ) );
#1134 = PCURVE('',#1135,#1140);
#1135 = CYLINDRICAL_SURFACE('',#1136,4.9);
#1136 = AXIS2_PLACEMENT_3D('',#1137,#1138,#1139);
#1137 = CARTESIAN_POINT('',(7.5,-50.,-21.));
#1138 = DIRECTION('',(0.,0.,1.));
#1139 = DIRECTION('',(1.110223024625E-16,1.,0.));
#1140 = DEFINITIONAL_REPRESENTATION('',(#1141),#1145);
#1141 = LINE('',#1142,#1143);
#1142 = CARTESIAN_POINT('',(0.,15.));
#1143 = VECTOR('',#1144,1.);
#1144 = DIRECTION('',(1.,0.));
#1145 = ( GEOMETRIC_REPRESENTATION_CONTEXT(2) 
PARAMETRIC_REPRESENTATION_CONTEXT() REPRESENTATION_CONTEXT('2D SPACE',''
  ) );
#1146 = ORIENTED_EDGE('',*,*,#1147,.T.);
#1147 = EDGE_CURVE('',#1117,#1148,#1150,.T.);
#1148 = VERTEX_POINT('',#1149);
#1149 = CARTESIAN_POINT('',(-7.5,-54.9,-6.));
#1150 = SURFACE_CURVE('',#1151,(#1155,#1162),.PCURVE_S1.);
#1151 = LINE('',#1152,#1153);
#1152 = CARTESIAN_POINT('',(112.5,-54.9,-6.));
#1153 = VECTOR('',#1154,1.);
#1154 = DIRECTION('',(-1.,1.688464183284E-16,0.));
#1155 = PCURVE('',#72,#1156);
#1156 = DEFINITIONAL_REPRESENTATION('',(#1157),#1161);
#1157 = LINE('',#1158,#1159);
#1158 = CARTESIAN_POINT('',(136.5,3.1));
#1159 = VECTOR('',#1160,1.);
#1160 = DIRECTION('',(-1.,1.688464183284E-16));
#1161 = ( GEOMETRIC_REPRESENTATION_CONTEXT(2) 
PARAMETRIC_REPRESENTATION_CONTEXT() REPRESENTATION_CONTEXT('2D SPACE',''
  ) );
#1162 = PCURVE('',#1163,#1168);
#1163 = PLANE('',#1164);
#1164 = AXIS2_PLACEMENT_3D('',#1165,#1166,#1167);
#1165 = CARTESIAN_POINT('',(-5.382268704797E-16,-54.9,-21.));
#1166 = DIRECTION('',(1.688464183284E-16,1.,0.));
#1167 = DIRECTION('',(-1.,1.688464183284E-16,0.));
#1168 = DEFINITIONAL_REPRESENTATION('',(#1169),#1173);
#1169 = LINE('',#1170,#1171);
#1170 = CARTESIAN_POINT('',(-112.5,15.));
#1171 = VECTOR('',#1172,1.);
#1172 = DIRECTION('',(1.,0.));
#1173 = ( GEOMETRIC_REPRESENTATION_CONTEXT(2) 
PARAMETRIC_REPRESENTATION_CONTEXT() REPRESENTATION_CONTEXT('2D SPACE',''
  ) );
#1174 = ORIENTED_EDGE('',*,*,#1175,.F.);
#1175 = EDGE_CURVE('',#1176,#1148,#1178,.T.);
#1176 = VERTEX_POINT('',#1177);
#1177 = CARTESIAN_POINT('',(-7.5,-45.1,-6.));
#1178 = SURFACE_CURVE('',#1179,(#1184,#1191),.PCURVE_S1.);
#1179 = CIRCLE('',#1180,4.9);
#1180 = AXIS2_PLACEMENT_3D('',#1181,#1182,#1183);
#1181 = CARTESIAN_POINT('',(-7.5,-50.,-6.));
#1182 = DIRECTION('',(0.,-0.,1.));
#1183 = DIRECTION('',(1.110223024625E-16,1.,0.));
#1184 = PCURVE('',#72,#1185);
#1185 = DEFINITIONAL_REPRESENTATION('',(#1186),#1190);
#1186 = CIRCLE('',#1187,4.9);
#1187 = AXIS2_PLACEMENT_2D('',#1188,#1189);
#1188 = CARTESIAN_POINT('',(16.5,8.));
#1189 = DIRECTION('',(1.110223024625E-16,1.));
#1190 = ( GEOMETRIC_REPRESENTATION_CONTEXT(2) 
PARAMETRIC_REPRESENTATION_CONTEXT() REPRESENTATION_CONTEXT('2D SPACE',''
  ) );
#1191 = PCURVE('',#1192,#1197);
#1192 = CYLINDRICAL_SURFACE('',#1193,4.9);
#1193 = AXIS2_PLACEMENT_3D('',#1194,#1195,#1196);
#1194 = CARTESIAN_POINT('',(-7.5,-50.,-21.));
#1195 = DIRECTION('',(0.,0.,1.));
#1196 = DIRECTION('',(1.110223024625E-16,1.,0.));
#1197 = DEFINITIONAL_REPRESENTATION('',(#1198),#1202);
#1198 = LINE('',#1199,#1200);
#1199 = CARTESIAN_POINT('',(0.,15.));
#1200 = VECTOR('',#1201,1.);
#1201 = DIRECTION('',(1.,0.));
#1202 = ( GEOMETRIC_REPRESENTATION_CONTEXT(2) 
PARAMETRIC_REPRESENTATION_CONTEXT() REPRESENTATION_CONTEXT('2D SPACE',''
  ) );
#1203 = ORIENTED_EDGE('',*,*,#1204,.F.);
#1204 = EDGE_CURVE('',#1119,#1176,#1205,.T.);
#1205 = SURFACE_CURVE('',#1206,(#1210,#1217),.PCURVE_S1.);
#1206 = LINE('',#1207,#1208);
#1207 = CARTESIAN_POINT('',(112.5,-45.1,-6.));
#1208 = VECTOR('',#1209,1.);
#1209 = DIRECTION('',(-1.,1.688464183284E-16,0.));
#1210 = PCURVE('',#72,#1211);
#1211 = DEFINITIONAL_REPRESENTATION('',(#1212),#1216);
#1212 = LINE('',#1213,#1214);
#1213 = CARTESIAN_POINT('',(136.5,12.9));
#1214 = VECTOR('',#1215,1.);
#1215 = DIRECTION('',(-1.,1.688464183284E-16));
#1216 = ( GEOMETRIC_REPRESENTATION_CONTEXT(2) 
PARAMETRIC_REPRESENTATION_CONTEXT() REPRESENTATION_CONTEXT('2D SPACE',''
  ) );
#1217 = PCURVE('',#1218,#1223);
#1218 = PLANE('',#1219);
#1219 = AXIS2_PLACEMENT_3D('',#1220,#1221,#1222);
#1220 = CARTESIAN_POINT('',(5.382268704797E-16,-45.1,-21.));
#1221 = DIRECTION('',(1.688464183284E-16,1.,0.));
#1222 = DIRECTION('',(-1.,1.688464183284E-16,0.));
#1223 = DEFINITIONAL_REPRESENTATION('',(#1224),#1228);
#1224 = LINE('',#1225,#1226);
#1225 = CARTESIAN_POINT('',(-112.5,15.));
#1226 = VECTOR('',#1227,1.);
#1227 = DIRECTION('',(1.,0.));
#1228 = ( GEOMETRIC_REPRESENTATION_CONTEXT(2) 
PARAMETRIC_REPRESENTATION_CONTEXT() REPRESENTATION_CONTEXT('2D SPACE',''
  ) );
#1229 = FACE_BOUND('',#1230,.F.);
#1230 = EDGE_LOOP('',(#1231));
#1231 = ORIENTED_EDGE('',*,*,#1232,.F.);
#1232 = EDGE_CURVE('',#1233,#1233,#1235,.T.);
#1233 = VERTEX_POINT('',#1234);
#1234 = CARTESIAN_POINT('',(2.25,-25.,-6.));
#1235 = SURFACE_CURVE('',#1236,(#1241,#1248),.PCURVE_S1.);
#1236 = CIRCLE('',#1237,2.25);
#1237 = AXIS2_PLACEMENT_3D('',#1238,#1239,#1240);
#1238 = CARTESIAN_POINT('',(0.,-25.,-6.));
#1239 = DIRECTION('',(0.,0.,1.));
#1240 = DIRECTION('',(1.,0.,-0.));
#1241 = PCURVE('',#72,#1242);
#1242 = DEFINITIONAL_REPRESENTATION('',(#1243),#1247);
#1243 = CIRCLE('',#1244,2.25);
#1244 = AXIS2_PLACEMENT_2D('',#1245,#1246);
#1245 = CARTESIAN_POINT('',(24.,33.));
#1246 = DIRECTION('',(1.,0.));
#1247 = ( GEOMETRIC_REPRESENTATION_CONTEXT(2) 
PARAMETRIC_REPRESENTATION_CONTEXT() REPRESENTATION_CONTEXT('2D SPACE',''
  ) );
#1248 = PCURVE('',#915,#1249);
#1249 = DEFINITIONAL_REPRESENTATION('',(#1250),#1254);
#1250 = LINE('',#1251,#1252);
#1251 = CARTESIAN_POINT('',(0.,1.));
#1252 = VECTOR('',#1253,1.);
#1253 = DIRECTION('',(1.,0.));
#1254 = ( GEOMETRIC_REPRESENTATION_CONTEXT(2) 
PARAMETRIC_REPRESENTATION_CONTEXT() REPRESENTATION_CONTEXT('2D SPACE',''
  ) );
#1255 = FACE_BOUND('',#1256,.F.);
#1256 = EDGE_LOOP('',(#1257,#1288,#1316,#1345));
#1257 = ORIENTED_EDGE('',*,*,#1258,.F.);
#1258 = EDGE_CURVE('',#1259,#1261,#1263,.T.);
#1259 = VERTEX_POINT('',#1260);
#1260 = CARTESIAN_POINT('',(7.5,-4.9,-6.));
#1261 = VERTEX_POINT('',#1262);
#1262 = CARTESIAN_POINT('',(7.5,4.9,-6.));
#1263 = SURFACE_CURVE('',#1264,(#1269,#1276),.PCURVE_S1.);
#1264 = CIRCLE('',#1265,4.9);
#1265 = AXIS2_PLACEMENT_3D('',#1266,#1267,#1268);
#1266 = CARTESIAN_POINT('',(7.5,-8.326672684689E-16,-6.));
#1267 = DIRECTION('',(0.,-0.,1.));
#1268 = DIRECTION('',(1.110223024625E-16,1.,0.));
#1269 = PCURVE('',#72,#1270);
#1270 = DEFINITIONAL_REPRESENTATION('',(#1271),#1275);
#1271 = CIRCLE('',#1272,4.9);
#1272 = AXIS2_PLACEMENT_2D('',#1273,#1274);
#1273 = CARTESIAN_POINT('',(31.5,58.));
#1274 = DIRECTION('',(1.110223024625E-16,1.));
#1275 = ( GEOMETRIC_REPRESENTATION_CONTEXT(2) 
PARAMETRIC_REPRESENTATION_CONTEXT() REPRESENTATION_CONTEXT('2D SPACE',''
  ) );
#1276 = PCURVE('',#1277,#1282);
#1277 = CYLINDRICAL_SURFACE('',#1278,4.9);
#1278 = AXIS2_PLACEMENT_3D('',#1279,#1280,#1281);
#1279 = CARTESIAN_POINT('',(7.5,-8.326672684689E-16,-21.));
#1280 = DIRECTION('',(0.,0.,1.));
#1281 = DIRECTION('',(1.110223024625E-16,1.,0.));
#1282 = DEFINITIONAL_REPRESENTATION('',(#1283),#1287);
#1283 = LINE('',#1284,#1285);
#1284 = CARTESIAN_POINT('',(0.,15.));
#1285 = VECTOR('',#1286,1.);
#1286 = DIRECTION('',(1.,0.));
#1287 = ( GEOMETRIC_REPRESENTATION_CONTEXT(2) 
PARAMETRIC_REPRESENTATION_CONTEXT() REPRESENTATION_CONTEXT('2D SPACE',''
  ) );
#1288 = ORIENTED_EDGE('',*,*,#1289,.T.);
#1289 = EDGE_CURVE('',#1259,#1290,#1292,.T.);
#1290 = VERTEX_POINT('',#1291);
#1291 = CARTESIAN_POINT('',(-7.5,-4.9,-6.));
#1292 = SURFACE_CURVE('',#1293,(#1297,#1304),.PCURVE_S1.);
#1293 = LINE('',#1294,#1295);
#1294 = CARTESIAN_POINT('',(112.5,-4.9,-6.));
#1295 = VECTOR('',#1296,1.);
#1296 = DIRECTION('',(-1.,1.688464183284E-16,0.));
#1297 = PCURVE('',#72,#1298);
#1298 = DEFINITIONAL_REPRESENTATION('',(#1299),#1303);
#1299 = LINE('',#1300,#1301);
#1300 = CARTESIAN_POINT('',(136.5,53.1));
#1301 = VECTOR('',#1302,1.);
#1302 = DIRECTION('',(-1.,1.688464183284E-16));
#1303 = ( GEOMETRIC_REPRESENTATION_CONTEXT(2) 
PARAMETRIC_REPRESENTATION_CONTEXT() REPRESENTATION_CONTEXT('2D SPACE',''
  ) );
#1304 = PCURVE('',#1305,#1310);
#1305 = PLANE('',#1306);
#1306 = AXIS2_PLACEMENT_3D('',#1307,#1308,#1309);
#1307 = CARTESIAN_POINT('',(-5.382268704797E-16,-4.9,-21.));
#1308 = DIRECTION('',(1.688464183284E-16,1.,0.));
#1309 = DIRECTION('',(-1.,1.688464183284E-16,0.));
#1310 = DEFINITIONAL_REPRESENTATION('',(#1311),#1315);
#1311 = LINE('',#1312,#1313);
#1312 = CARTESIAN_POINT('',(-112.5,15.));
#1313 = VECTOR('',#1314,1.);
#1314 = DIRECTION('',(1.,0.));
#1315 = ( GEOMETRIC_REPRESENTATION_CONTEXT(2) 
PARAMETRIC_REPRESENTATION_CONTEXT() REPRESENTATION_CONTEXT('2D SPACE',''
  ) );
#1316 = ORIENTED_EDGE('',*,*,#1317,.F.);
#1317 = EDGE_CURVE('',#1318,#1290,#1320,.T.);
#1318 = VERTEX_POINT('',#1319);
#1319 = CARTESIAN_POINT('',(-7.5,4.9,-6.));
#1320 = SURFACE_CURVE('',#1321,(#1326,#1333),.PCURVE_S1.);
#1321 = CIRCLE('',#1322,4.9);
#1322 = AXIS2_PLACEMENT_3D('',#1323,#1324,#1325);
#1323 = CARTESIAN_POINT('',(-7.5,8.326672684689E-16,-6.));
#1324 = DIRECTION('',(0.,-0.,1.));
#1325 = DIRECTION('',(1.110223024625E-16,1.,0.));
#1326 = PCURVE('',#72,#1327);
#1327 = DEFINITIONAL_REPRESENTATION('',(#1328),#1332);
#1328 = CIRCLE('',#1329,4.9);
#1329 = AXIS2_PLACEMENT_2D('',#1330,#1331);
#1330 = CARTESIAN_POINT('',(16.5,58.));
#1331 = DIRECTION('',(1.110223024625E-16,1.));
#1332 = ( GEOMETRIC_REPRESENTATION_CONTEXT(2) 
PARAMETRIC_REPRESENTATION_CONTEXT() REPRESENTATION_CONTEXT('2D SPACE',''
  ) );
#1333 = PCURVE('',#1334,#1339);
#1334 = CYLINDRICAL_SURFACE('',#1335,4.9);
#1335 = AXIS2_PLACEMENT_3D('',#1336,#1337,#1338);
#1336 = CARTESIAN_POINT('',(-7.5,8.326672684689E-16,-21.));
#1337 = DIRECTION('',(0.,0.,1.));
#1338 = DIRECTION('',(1.110223024625E-16,1.,0.));
#1339 = DEFINITIONAL_REPRESENTATION('',(#1340),#1344);
#1340 = LINE('',#1341,#1342);
#1341 = CARTESIAN_POINT('',(0.,15.));
#1342 = VECTOR('',#1343,1.);
#1343 = DIRECTION('',(1.,0.));
#1344 = ( GEOMETRIC_REPRESENTATION_CONTEXT(2) 
PARAMETRIC_REPRESENTATION_CONTEXT() REPRESENTATION_CONTEXT('2D SPACE',''
  ) );
#1345 = ORIENTED_EDGE('',*,*,#1346,.F.);
#1346 = EDGE_CURVE('',#1261,#1318,#1347,.T.);
#1347 = SURFACE_CURVE('',#1348,(#1352,#1359),.PCURVE_S1.);
#1348 = LINE('',#1349,#1350);
#1349 = CARTESIAN_POINT('',(112.5,4.9,-6.));
#1350 = VECTOR('',#1351,1.);
#1351 = DIRECTION('',(-1.,1.688464183284E-16,0.));
#1352 = PCURVE('',#72,#1353);
#1353 = DEFINITIONAL_REPRESENTATION('',(#1354),#1358);
#1354 = LINE('',#1355,#1356);
#1355 = CARTESIAN_POINT('',(136.5,62.9));
#1356 = VECTOR('',#1357,1.);
#1357 = DIRECTION('',(-1.,1.688464183284E-16));
#1358 = ( GEOMETRIC_REPRESENTATION_CONTEXT(2) 
PARAMETRIC_REPRESENTATION_CONTEXT() REPRESENTATION_CONTEXT('2D SPACE',''
  ) );
#1359 = PCURVE('',#1360,#1365);
#1360 = PLANE('',#1361);
#1361 = AXIS2_PLACEMENT_3D('',#1362,#1363,#1364);
#1362 = CARTESIAN_POINT('',(5.382268704797E-16,4.9,-21.));
#1363 = DIRECTION('',(1.688464183284E-16,1.,0.));
#1364 = DIRECTION('',(-1.,1.688464183284E-16,0.));
#1365 = DEFINITIONAL_REPRESENTATION('',(#1366),#1370);
#1366 = LINE('',#1367,#1368);
#1367 = CARTESIAN_POINT('',(-112.5,15.));
#1368 = VECTOR('',#1369,1.);
#1369 = DIRECTION('',(1.,0.));
#1370 = ( GEOMETRIC_REPRESENTATION_CONTEXT(2) 
PARAMETRIC_REPRESENTATION_CONTEXT() REPRESENTATION_CONTEXT('2D SPACE',''
  ) );
#1371 = ADVANCED_FACE('',(#1372),#202,.T.);
#1372 = FACE_BOUND('',#1373,.T.);
#1373 = EDGE_LOOP('',(#1374,#1375,#1376,#1377));
#1374 = ORIENTED_EDGE('',*,*,#188,.F.);
#1375 = ORIENTED_EDGE('',*,*,#1092,.T.);
#1376 = ORIENTED_EDGE('',*,*,#1066,.T.);
#1377 = ORIENTED_EDGE('',*,*,#219,.F.);
#1378 = ADVANCED_FACE('',(#1379),#282,.F.);
#1379 = FACE_BOUND('',#1380,.F.);
#1380 = EDGE_LOOP('',(#1381,#1382,#1405,#1432));
#1381 = ORIENTED_EDGE('',*,*,#265,.F.);
#1382 = ORIENTED_EDGE('',*,*,#1383,.F.);
#1383 = EDGE_CURVE('',#1384,#266,#1386,.T.);
#1384 = VERTEX_POINT('',#1385);
#1385 = CARTESIAN_POINT('',(-11.95,-25.,-4.));
#1386 = SEAM_CURVE('',#1387,(#1391,#1398),.PCURVE_S1.);
#1387 = LINE('',#1388,#1389);
#1388 = CARTESIAN_POINT('',(-11.95,-25.,-4.));
#1389 = VECTOR('',#1390,1.);
#1390 = DIRECTION('',(0.,0.,1.));
#1391 = PCURVE('',#282,#1392);
#1392 = DEFINITIONAL_REPRESENTATION('',(#1393),#1397);
#1393 = LINE('',#1394,#1395);
#1394 = CARTESIAN_POINT('',(6.28318530718,-0.));
#1395 = VECTOR('',#1396,1.);
#1396 = DIRECTION('',(0.,1.));
#1397 = ( GEOMETRIC_REPRESENTATION_CONTEXT(2) 
PARAMETRIC_REPRESENTATION_CONTEXT() REPRESENTATION_CONTEXT('2D SPACE',''
  ) );
#1398 = PCURVE('',#282,#1399);
#1399 = DEFINITIONAL_REPRESENTATION('',(#1400),#1404);
#1400 = LINE('',#1401,#1402);
#1401 = CARTESIAN_POINT('',(0.,-0.));
#1402 = VECTOR('',#1403,1.);
#1403 = DIRECTION('',(0.,1.));
#1404 = ( GEOMETRIC_REPRESENTATION_CONTEXT(2) 
PARAMETRIC_REPRESENTATION_CONTEXT() REPRESENTATION_CONTEXT('2D SPACE',''
  ) );
#1405 = ORIENTED_EDGE('',*,*,#1406,.T.);
#1406 = EDGE_CURVE('',#1384,#1384,#1407,.T.);
#1407 = SURFACE_CURVE('',#1408,(#1413,#1420),.PCURVE_S1.);
#1408 = CIRCLE('',#1409,2.05);
#1409 = AXIS2_PLACEMENT_3D('',#1410,#1411,#1412);
#1410 = CARTESIAN_POINT('',(-14.,-25.,-4.));
#1411 = DIRECTION('',(0.,0.,1.));
#1412 = DIRECTION('',(1.,0.,-0.));
#1413 = PCURVE('',#282,#1414);
#1414 = DEFINITIONAL_REPRESENTATION('',(#1415),#1419);
#1415 = LINE('',#1416,#1417);
#1416 = CARTESIAN_POINT('',(0.,0.));
#1417 = VECTOR('',#1418,1.);
#1418 = DIRECTION('',(1.,0.));
#1419 = ( GEOMETRIC_REPRESENTATION_CONTEXT(2) 
PARAMETRIC_REPRESENTATION_CONTEXT() REPRESENTATION_CONTEXT('2D SPACE',''
  ) );
#1420 = PCURVE('',#1421,#1426);
#1421 = PLANE('',#1422);
#1422 = AXIS2_PLACEMENT_3D('',#1423,#1424,#1425);
#1423 = CARTESIAN_POINT('',(-14.,-25.,-4.));
#1424 = DIRECTION('',(0.,0.,1.));
#1425 = DIRECTION('',(1.,0.,-0.));
#1426 = DEFINITIONAL_REPRESENTATION('',(#1427),#1431);
#1427 = CIRCLE('',#1428,2.05);
#1428 = AXIS2_PLACEMENT_2D('',#1429,#1430);
#1429 = CARTESIAN_POINT('',(0.,0.));
#1430 = DIRECTION('',(1.,0.));
#1431 = ( GEOMETRIC_REPRESENTATION_CONTEXT(2) 
PARAMETRIC_REPRESENTATION_CONTEXT() REPRESENTATION_CONTEXT('2D SPACE',''
  ) );
#1432 = ORIENTED_EDGE('',*,*,#1383,.T.);
#1433 = ADVANCED_FACE('',(#1434),#344,.F.);
#1434 = FACE_BOUND('',#1435,.F.);
#1435 = EDGE_LOOP('',(#1436,#1466,#1487,#1488));
#1436 = ORIENTED_EDGE('',*,*,#1437,.F.);
#1437 = EDGE_CURVE('',#1438,#1440,#1442,.T.);
#1438 = VERTEX_POINT('',#1439);
#1439 = CARTESIAN_POINT('',(2.700439453125,-43.841796875,-0.6));
#1440 = VERTEX_POINT('',#1441);
#1441 = CARTESIAN_POINT('',(1.997314453125,-46.35766601562,-0.6));
#1442 = SURFACE_CURVE('',#1443,(#1447,#1454),.PCURVE_S1.);
#1443 = B_SPLINE_CURVE_WITH_KNOTS('',2,(#1444,#1445,#1446),
  .UNSPECIFIED.,.F.,.F.,(3,3),(0.,1.),.PIECEWISE_BEZIER_KNOTS.);
#1444 = CARTESIAN_POINT('',(2.700439453125,-43.841796875,-0.6));
#1445 = CARTESIAN_POINT('',(2.700439453125,-45.47216796875,-0.6));
#1446 = CARTESIAN_POINT('',(1.997314453125,-46.35766601562,-0.6));
#1447 = PCURVE('',#344,#1448);
#1448 = DEFINITIONAL_REPRESENTATION('',(#1449),#1453);
#1449 = LINE('',#1450,#1451);
#1450 = CARTESIAN_POINT('',(0.,0.));
#1451 = VECTOR('',#1452,1.);
#1452 = DIRECTION('',(1.,0.));
#1453 = ( GEOMETRIC_REPRESENTATION_CONTEXT(2) 
PARAMETRIC_REPRESENTATION_CONTEXT() REPRESENTATION_CONTEXT('2D SPACE',''
  ) );
#1454 = PCURVE('',#1455,#1460);
#1455 = PLANE('',#1456);
#1456 = AXIS2_PLACEMENT_3D('',#1457,#1458,#1459);
#1457 = CARTESIAN_POINT('',(-3.131103515625,-47.11572265625,-0.6));
#1458 = DIRECTION('',(0.,0.,1.));
#1459 = DIRECTION('',(1.,0.,0.));
#1460 = DEFINITIONAL_REPRESENTATION('',(#1461),#1465);
#1461 = B_SPLINE_CURVE_WITH_KNOTS('',2,(#1462,#1463,#1464),
  .UNSPECIFIED.,.F.,.F.,(3,3),(0.,1.),.PIECEWISE_BEZIER_KNOTS.);
#1462 = CARTESIAN_POINT('',(5.83154296875,3.27392578125));
#1463 = CARTESIAN_POINT('',(5.83154296875,1.6435546875));
#1464 = CARTESIAN_POINT('',(5.12841796875,0.758056640625));
#1465 = ( GEOMETRIC_REPRESENTATION_CONTEXT(2) 
PARAMETRIC_REPRESENTATION_CONTEXT() REPRESENTATION_CONTEXT('2D SPACE',''
  ) );
#1466 = ORIENTED_EDGE('',*,*,#1467,.T.);
#1467 = EDGE_CURVE('',#1438,#299,#1468,.T.);
#1468 = SURFACE_CURVE('',#1469,(#1473,#1480),.PCURVE_S1.);
#1469 = LINE('',#1470,#1471);
#1470 = CARTESIAN_POINT('',(2.700439453125,-43.841796875,-0.6));
#1471 = VECTOR('',#1472,1.);
#1472 = DIRECTION('',(0.,0.,1.));
#1473 = PCURVE('',#344,#1474);
#1474 = DEFINITIONAL_REPRESENTATION('',(#1475),#1479);
#1475 = LINE('',#1476,#1477);
#1476 = CARTESIAN_POINT('',(0.,0.));
#1477 = VECTOR('',#1478,1.);
#1478 = DIRECTION('',(0.,-1.));
#1479 = ( GEOMETRIC_REPRESENTATION_CONTEXT(2) 
PARAMETRIC_REPRESENTATION_CONTEXT() REPRESENTATION_CONTEXT('2D SPACE',''
  ) );
#1480 = PCURVE('',#867,#1481);
#1481 = DEFINITIONAL_REPRESENTATION('',(#1482),#1486);
#1482 = LINE('',#1483,#1484);
#1483 = CARTESIAN_POINT('',(1.,0.));
#1484 = VECTOR('',#1485,1.);
#1485 = DIRECTION('',(0.,-1.));
#1486 = ( GEOMETRIC_REPRESENTATION_CONTEXT(2) 
PARAMETRIC_REPRESENTATION_CONTEXT() REPRESENTATION_CONTEXT('2D SPACE',''
  ) );
#1487 = ORIENTED_EDGE('',*,*,#296,.F.);
#1488 = ORIENTED_EDGE('',*,*,#1489,.F.);
#1489 = EDGE_CURVE('',#1440,#297,#1490,.T.);
#1490 = SURFACE_CURVE('',#1491,(#1495,#1502),.PCURVE_S1.);
#1491 = LINE('',#1492,#1493);
#1492 = CARTESIAN_POINT('',(1.997314453125,-46.35766601562,-0.6));
#1493 = VECTOR('',#1494,1.);
#1494 = DIRECTION('',(0.,0.,1.));
#1495 = PCURVE('',#344,#1496);
#1496 = DEFINITIONAL_REPRESENTATION('',(#1497),#1501);
#1497 = LINE('',#1498,#1499);
#1498 = CARTESIAN_POINT('',(1.,0.));
#1499 = VECTOR('',#1500,1.);
#1500 = DIRECTION('',(0.,-1.));
#1501 = ( GEOMETRIC_REPRESENTATION_CONTEXT(2) 
PARAMETRIC_REPRESENTATION_CONTEXT() REPRESENTATION_CONTEXT('2D SPACE',''
  ) );
#1502 = PCURVE('',#419,#1503);
#1503 = DEFINITIONAL_REPRESENTATION('',(#1504),#1508);
#1504 = LINE('',#1505,#1506);
#1505 = CARTESIAN_POINT('',(0.,0.));
#1506 = VECTOR('',#1507,1.);
#1507 = DIRECTION('',(0.,-1.));
#1508 = ( GEOMETRIC_REPRESENTATION_CONTEXT(2) 
PARAMETRIC_REPRESENTATION_CONTEXT() REPRESENTATION_CONTEXT('2D SPACE',''
  ) );
#1509 = ADVANCED_FACE('',(#1510),#419,.F.);
#1510 = FACE_BOUND('',#1511,.F.);
#1511 = EDGE_LOOP('',(#1512,#1535,#1536,#1537));
#1512 = ORIENTED_EDGE('',*,*,#1513,.F.);
#1513 = EDGE_CURVE('',#1440,#1514,#1516,.T.);
#1514 = VERTEX_POINT('',#1515);
#1515 = CARTESIAN_POINT('',(2.197265625E-03,-47.2431640625,-0.6));
#1516 = SURFACE_CURVE('',#1517,(#1521,#1528),.PCURVE_S1.);
#1517 = B_SPLINE_CURVE_WITH_KNOTS('',2,(#1518,#1519,#1520),
  .UNSPECIFIED.,.F.,.F.,(3,3),(0.,1.),.PIECEWISE_BEZIER_KNOTS.);
#1518 = CARTESIAN_POINT('',(1.997314453125,-46.35766601562,-0.6));
#1519 = CARTESIAN_POINT('',(1.294189453125,-47.2431640625,-0.6));
#1520 = CARTESIAN_POINT('',(2.197265625E-03,-47.2431640625,-0.6));
#1521 = PCURVE('',#419,#1522);
#1522 = DEFINITIONAL_REPRESENTATION('',(#1523),#1527);
#1523 = LINE('',#1524,#1525);
#1524 = CARTESIAN_POINT('',(0.,0.));
#1525 = VECTOR('',#1526,1.);
#1526 = DIRECTION('',(1.,0.));
#1527 = ( GEOMETRIC_REPRESENTATION_CONTEXT(2) 
PARAMETRIC_REPRESENTATION_CONTEXT() REPRESENTATION_CONTEXT('2D SPACE',''
  ) );
#1528 = PCURVE('',#1455,#1529);
#1529 = DEFINITIONAL_REPRESENTATION('',(#1530),#1534);
#1530 = B_SPLINE_CURVE_WITH_KNOTS('',2,(#1531,#1532,#1533),
  .UNSPECIFIED.,.F.,.F.,(3,3),(0.,1.),.PIECEWISE_BEZIER_KNOTS.);
#1531 = CARTESIAN_POINT('',(5.12841796875,0.758056640625));
#1532 = CARTESIAN_POINT('',(4.42529296875,-0.12744140625));
#1533 = CARTESIAN_POINT('',(3.13330078125,-0.12744140625));
#1534 = ( GEOMETRIC_REPRESENTATION_CONTEXT(2) 
PARAMETRIC_REPRESENTATION_CONTEXT() REPRESENTATION_CONTEXT('2D SPACE',''
  ) );
#1535 = ORIENTED_EDGE('',*,*,#1489,.T.);
#1536 = ORIENTED_EDGE('',*,*,#373,.F.);
#1537 = ORIENTED_EDGE('',*,*,#1538,.F.);
#1538 = EDGE_CURVE('',#1514,#374,#1539,.T.);
#1539 = SURFACE_CURVE('',#1540,(#1544,#1551),.PCURVE_S1.);
#1540 = LINE('',#1541,#1542);
#1541 = CARTESIAN_POINT('',(2.197265625E-03,-47.2431640625,-0.6));
#1542 = VECTOR('',#1543,1.);
#1543 = DIRECTION('',(0.,0.,1.));
#1544 = PCURVE('',#419,#1545);
#1545 = DEFINITIONAL_REPRESENTATION('',(#1546),#1550);
#1546 = LINE('',#1547,#1548);
#1547 = CARTESIAN_POINT('',(1.,0.));
#1548 = VECTOR('',#1549,1.);
#1549 = DIRECTION('',(0.,-1.));
#1550 = ( GEOMETRIC_REPRESENTATION_CONTEXT(2) 
PARAMETRIC_REPRESENTATION_CONTEXT() REPRESENTATION_CONTEXT('2D SPACE',''
  ) );
#1551 = PCURVE('',#494,#1552);
#1552 = DEFINITIONAL_REPRESENTATION('',(#1553),#1557);
#1553 = LINE('',#1554,#1555);
#1554 = CARTESIAN_POINT('',(0.,0.));
#1555 = VECTOR('',#1556,1.);
#1556 = DIRECTION('',(0.,-1.));
#1557 = ( GEOMETRIC_REPRESENTATION_CONTEXT(2) 
PARAMETRIC_REPRESENTATION_CONTEXT() REPRESENTATION_CONTEXT('2D SPACE',''
  ) );
#1558 = ADVANCED_FACE('',(#1559),#867,.F.);
#1559 = FACE_BOUND('',#1560,.F.);
#1560 = EDGE_LOOP('',(#1561,#1584,#1605,#1606));
#1561 = ORIENTED_EDGE('',*,*,#1562,.F.);
#1562 = EDGE_CURVE('',#1563,#1438,#1565,.T.);
#1563 = VERTEX_POINT('',#1564);
#1564 = CARTESIAN_POINT('',(1.997314453125,-41.32153320312,-0.6));
#1565 = SURFACE_CURVE('',#1566,(#1570,#1577),.PCURVE_S1.);
#1566 = B_SPLINE_CURVE_WITH_KNOTS('',2,(#1567,#1568,#1569),
  .UNSPECIFIED.,.F.,.F.,(3,3),(0.,1.),.PIECEWISE_BEZIER_KNOTS.);
#1567 = CARTESIAN_POINT('',(1.997314453125,-41.32153320312,-0.6));
#1568 = CARTESIAN_POINT('',(2.700439453125,-42.20703125,-0.6));
#1569 = CARTESIAN_POINT('',(2.700439453125,-43.841796875,-0.6));
#1570 = PCURVE('',#867,#1571);
#1571 = DEFINITIONAL_REPRESENTATION('',(#1572),#1576);
#1572 = LINE('',#1573,#1574);
#1573 = CARTESIAN_POINT('',(0.,0.));
#1574 = VECTOR('',#1575,1.);
#1575 = DIRECTION('',(1.,0.));
#1576 = ( GEOMETRIC_REPRESENTATION_CONTEXT(2) 
PARAMETRIC_REPRESENTATION_CONTEXT() REPRESENTATION_CONTEXT('2D SPACE',''
  ) );
#1577 = PCURVE('',#1455,#1578);
#1578 = DEFINITIONAL_REPRESENTATION('',(#1579),#1583);
#1579 = B_SPLINE_CURVE_WITH_KNOTS('',2,(#1580,#1581,#1582),
  .UNSPECIFIED.,.F.,.F.,(3,3),(0.,1.),.PIECEWISE_BEZIER_KNOTS.);
#1580 = CARTESIAN_POINT('',(5.12841796875,5.794189453125));
#1581 = CARTESIAN_POINT('',(5.83154296875,4.90869140625));
#1582 = CARTESIAN_POINT('',(5.83154296875,3.27392578125));
#1583 = ( GEOMETRIC_REPRESENTATION_CONTEXT(2) 
PARAMETRIC_REPRESENTATION_CONTEXT() REPRESENTATION_CONTEXT('2D SPACE',''
  ) );
#1584 = ORIENTED_EDGE('',*,*,#1585,.T.);
#1585 = EDGE_CURVE('',#1563,#749,#1586,.T.);
#1586 = SURFACE_CURVE('',#1587,(#1591,#1598),.PCURVE_S1.);
#1587 = LINE('',#1588,#1589);
#1588 = CARTESIAN_POINT('',(1.997314453125,-41.32153320312,-0.6));
#1589 = VECTOR('',#1590,1.);
#1590 = DIRECTION('',(0.,0.,1.));
#1591 = PCURVE('',#867,#1592);
#1592 = DEFINITIONAL_REPRESENTATION('',(#1593),#1597);
#1593 = LINE('',#1594,#1595);
#1594 = CARTESIAN_POINT('',(0.,0.));
#1595 = VECTOR('',#1596,1.);
#1596 = DIRECTION('',(0.,-1.));
#1597 = ( GEOMETRIC_REPRESENTATION_CONTEXT(2) 
PARAMETRIC_REPRESENTATION_CONTEXT() REPRESENTATION_CONTEXT('2D SPACE',''
  ) );
#1598 = PCURVE('',#794,#1599);
#1599 = DEFINITIONAL_REPRESENTATION('',(#1600),#1604);
#1600 = LINE('',#1601,#1602);
#1601 = CARTESIAN_POINT('',(1.,0.));
#1602 = VECTOR('',#1603,1.);
#1603 = DIRECTION('',(0.,-1.));
#1604 = ( GEOMETRIC_REPRESENTATION_CONTEXT(2) 
PARAMETRIC_REPRESENTATION_CONTEXT() REPRESENTATION_CONTEXT('2D SPACE',''
  ) );
#1605 = ORIENTED_EDGE('',*,*,#823,.F.);
#1606 = ORIENTED_EDGE('',*,*,#1467,.F.);
#1607 = ADVANCED_FACE('',(#1608),#494,.F.);
#1608 = FACE_BOUND('',#1609,.F.);
#1609 = EDGE_LOOP('',(#1610,#1633,#1634,#1635));
#1610 = ORIENTED_EDGE('',*,*,#1611,.F.);
#1611 = EDGE_CURVE('',#1514,#1612,#1614,.T.);
#1612 = VERTEX_POINT('',#1613);
#1613 = CARTESIAN_POINT('',(-1.997314453125,-46.35766601562,-0.6));
#1614 = SURFACE_CURVE('',#1615,(#1619,#1626),.PCURVE_S1.);
#1615 = B_SPLINE_CURVE_WITH_KNOTS('',2,(#1616,#1617,#1618),
  .UNSPECIFIED.,.F.,.F.,(3,3),(0.,1.),.PIECEWISE_BEZIER_KNOTS.);
#1616 = CARTESIAN_POINT('',(2.197265625E-03,-47.2431640625,-0.6));
#1617 = CARTESIAN_POINT('',(-1.294189453125,-47.2431640625,-0.6));
#1618 = CARTESIAN_POINT('',(-1.997314453125,-46.35766601562,-0.6));
#1619 = PCURVE('',#494,#1620);
#1620 = DEFINITIONAL_REPRESENTATION('',(#1621),#1625);
#1621 = LINE('',#1622,#1623);
#1622 = CARTESIAN_POINT('',(0.,0.));
#1623 = VECTOR('',#1624,1.);
#1624 = DIRECTION('',(1.,0.));
#1625 = ( GEOMETRIC_REPRESENTATION_CONTEXT(2) 
PARAMETRIC_REPRESENTATION_CONTEXT() REPRESENTATION_CONTEXT('2D SPACE',''
  ) );
#1626 = PCURVE('',#1455,#1627);
#1627 = DEFINITIONAL_REPRESENTATION('',(#1628),#1632);
#1628 = B_SPLINE_CURVE_WITH_KNOTS('',2,(#1629,#1630,#1631),
  .UNSPECIFIED.,.F.,.F.,(3,3),(0.,1.),.PIECEWISE_BEZIER_KNOTS.);
#1629 = CARTESIAN_POINT('',(3.13330078125,-0.12744140625));
#1630 = CARTESIAN_POINT('',(1.8369140625,-0.12744140625));
#1631 = CARTESIAN_POINT('',(1.1337890625,0.758056640625));
#1632 = ( GEOMETRIC_REPRESENTATION_CONTEXT(2) 
PARAMETRIC_REPRESENTATION_CONTEXT() REPRESENTATION_CONTEXT('2D SPACE',''
  ) );
#1633 = ORIENTED_EDGE('',*,*,#1538,.T.);
#1634 = ORIENTED_EDGE('',*,*,#448,.F.);
#1635 = ORIENTED_EDGE('',*,*,#1636,.F.);
#1636 = EDGE_CURVE('',#1612,#449,#1637,.T.);
#1637 = SURFACE_CURVE('',#1638,(#1642,#1649),.PCURVE_S1.);
#1638 = LINE('',#1639,#1640);
#1639 = CARTESIAN_POINT('',(-1.997314453125,-46.35766601562,-0.6));
#1640 = VECTOR('',#1641,1.);
#1641 = DIRECTION('',(0.,0.,1.));
#1642 = PCURVE('',#494,#1643);
#1643 = DEFINITIONAL_REPRESENTATION('',(#1644),#1648);
#1644 = LINE('',#1645,#1646);
#1645 = CARTESIAN_POINT('',(1.,0.));
#1646 = VECTOR('',#1647,1.);
#1647 = DIRECTION('',(0.,-1.));
#1648 = ( GEOMETRIC_REPRESENTATION_CONTEXT(2) 
PARAMETRIC_REPRESENTATION_CONTEXT() REPRESENTATION_CONTEXT('2D SPACE',''
  ) );
#1649 = PCURVE('',#569,#1650);
#1650 = DEFINITIONAL_REPRESENTATION('',(#1651),#1655);
#1651 = LINE('',#1652,#1653);
#1652 = CARTESIAN_POINT('',(0.,0.));
#1653 = VECTOR('',#1654,1.);
#1654 = DIRECTION('',(0.,-1.));
#1655 = ( GEOMETRIC_REPRESENTATION_CONTEXT(2) 
PARAMETRIC_REPRESENTATION_CONTEXT() REPRESENTATION_CONTEXT('2D SPACE',''
  ) );
#1656 = ADVANCED_FACE('',(#1657),#794,.F.);
#1657 = FACE_BOUND('',#1658,.F.);
#1658 = EDGE_LOOP('',(#1659,#1682,#1703,#1704));
#1659 = ORIENTED_EDGE('',*,*,#1660,.F.);
#1660 = EDGE_CURVE('',#1661,#1563,#1663,.T.);
#1661 = VERTEX_POINT('',#1662);
#1662 = CARTESIAN_POINT('',(2.197265625E-03,-40.43603515625,-0.6));
#1663 = SURFACE_CURVE('',#1664,(#1668,#1675),.PCURVE_S1.);
#1664 = B_SPLINE_CURVE_WITH_KNOTS('',2,(#1665,#1666,#1667),
  .UNSPECIFIED.,.F.,.F.,(3,3),(0.,1.),.PIECEWISE_BEZIER_KNOTS.);
#1665 = CARTESIAN_POINT('',(2.197265625E-03,-40.43603515625,-0.6));
#1666 = CARTESIAN_POINT('',(1.294189453125,-40.43603515625,-0.6));
#1667 = CARTESIAN_POINT('',(1.997314453125,-41.32153320312,-0.6));
#1668 = PCURVE('',#794,#1669);
#1669 = DEFINITIONAL_REPRESENTATION('',(#1670),#1674);
#1670 = LINE('',#1671,#1672);
#1671 = CARTESIAN_POINT('',(0.,0.));
#1672 = VECTOR('',#1673,1.);
#1673 = DIRECTION('',(1.,0.));
#1674 = ( GEOMETRIC_REPRESENTATION_CONTEXT(2) 
PARAMETRIC_REPRESENTATION_CONTEXT() REPRESENTATION_CONTEXT('2D SPACE',''
  ) );
#1675 = PCURVE('',#1455,#1676);
#1676 = DEFINITIONAL_REPRESENTATION('',(#1677),#1681);
#1677 = B_SPLINE_CURVE_WITH_KNOTS('',2,(#1678,#1679,#1680),
  .UNSPECIFIED.,.F.,.F.,(3,3),(0.,1.),.PIECEWISE_BEZIER_KNOTS.);
#1678 = CARTESIAN_POINT('',(3.13330078125,6.6796875));
#1679 = CARTESIAN_POINT('',(4.42529296875,6.6796875));
#1680 = CARTESIAN_POINT('',(5.12841796875,5.794189453125));
#1681 = ( GEOMETRIC_REPRESENTATION_CONTEXT(2) 
PARAMETRIC_REPRESENTATION_CONTEXT() REPRESENTATION_CONTEXT('2D SPACE',''
  ) );
#1682 = ORIENTED_EDGE('',*,*,#1683,.T.);
#1683 = EDGE_CURVE('',#1661,#674,#1684,.T.);
#1684 = SURFACE_CURVE('',#1685,(#1689,#1696),.PCURVE_S1.);
#1685 = LINE('',#1686,#1687);
#1686 = CARTESIAN_POINT('',(2.197265625E-03,-40.43603515625,-0.6));
#1687 = VECTOR('',#1688,1.);
#1688 = DIRECTION('',(0.,0.,1.));
#1689 = PCURVE('',#794,#1690);
#1690 = DEFINITIONAL_REPRESENTATION('',(#1691),#1695);
#1691 = LINE('',#1692,#1693);
#1692 = CARTESIAN_POINT('',(0.,0.));
#1693 = VECTOR('',#1694,1.);
#1694 = DIRECTION('',(0.,-1.));
#1695 = ( GEOMETRIC_REPRESENTATION_CONTEXT(2) 
PARAMETRIC_REPRESENTATION_CONTEXT() REPRESENTATION_CONTEXT('2D SPACE',''
  ) );
#1696 = PCURVE('',#719,#1697);
#1697 = DEFINITIONAL_REPRESENTATION('',(#1698),#1702);
#1698 = LINE('',#1699,#1700);
#1699 = CARTESIAN_POINT('',(1.,0.));
#1700 = VECTOR('',#1701,1.);
#1701 = DIRECTION('',(0.,-1.));
#1702 = ( GEOMETRIC_REPRESENTATION_CONTEXT(2) 
PARAMETRIC_REPRESENTATION_CONTEXT() REPRESENTATION_CONTEXT('2D SPACE',''
  ) );
#1703 = ORIENTED_EDGE('',*,*,#748,.F.);
#1704 = ORIENTED_EDGE('',*,*,#1585,.F.);
#1705 = ADVANCED_FACE('',(#1706),#569,.F.);
#1706 = FACE_BOUND('',#1707,.F.);
#1707 = EDGE_LOOP('',(#1708,#1731,#1732,#1733));
#1708 = ORIENTED_EDGE('',*,*,#1709,.F.);
#1709 = EDGE_CURVE('',#1612,#1710,#1712,.T.);
#1710 = VERTEX_POINT('',#1711);
#1711 = CARTESIAN_POINT('',(-2.700439453125,-43.841796875,-0.6));
#1712 = SURFACE_CURVE('',#1713,(#1717,#1724),.PCURVE_S1.);
#1713 = B_SPLINE_CURVE_WITH_KNOTS('',2,(#1714,#1715,#1716),
  .UNSPECIFIED.,.F.,.F.,(3,3),(0.,1.),.PIECEWISE_BEZIER_KNOTS.);
#1714 = CARTESIAN_POINT('',(-1.997314453125,-46.35766601562,-0.6));
#1715 = CARTESIAN_POINT('',(-2.700439453125,-45.47216796875,-0.6));
#1716 = CARTESIAN_POINT('',(-2.700439453125,-43.841796875,-0.6));
#1717 = PCURVE('',#569,#1718);
#1718 = DEFINITIONAL_REPRESENTATION('',(#1719),#1723);
#1719 = LINE('',#1720,#1721);
#1720 = CARTESIAN_POINT('',(0.,0.));
#1721 = VECTOR('',#1722,1.);
#1722 = DIRECTION('',(1.,0.));
#1723 = ( GEOMETRIC_REPRESENTATION_CONTEXT(2) 
PARAMETRIC_REPRESENTATION_CONTEXT() REPRESENTATION_CONTEXT('2D SPACE',''
  ) );
#1724 = PCURVE('',#1455,#1725);
#1725 = DEFINITIONAL_REPRESENTATION('',(#1726),#1730);
#1726 = B_SPLINE_CURVE_WITH_KNOTS('',2,(#1727,#1728,#1729),
  .UNSPECIFIED.,.F.,.F.,(3,3),(0.,1.),.PIECEWISE_BEZIER_KNOTS.);
#1727 = CARTESIAN_POINT('',(1.1337890625,0.758056640625));
#1728 = CARTESIAN_POINT('',(0.4306640625,1.6435546875));
#1729 = CARTESIAN_POINT('',(0.4306640625,3.27392578125));
#1730 = ( GEOMETRIC_REPRESENTATION_CONTEXT(2) 
PARAMETRIC_REPRESENTATION_CONTEXT() REPRESENTATION_CONTEXT('2D SPACE',''
  ) );
#1731 = ORIENTED_EDGE('',*,*,#1636,.T.);
#1732 = ORIENTED_EDGE('',*,*,#523,.F.);
#1733 = ORIENTED_EDGE('',*,*,#1734,.F.);
#1734 = EDGE_CURVE('',#1710,#524,#1735,.T.);
#1735 = SURFACE_CURVE('',#1736,(#1740,#1747),.PCURVE_S1.);
#1736 = LINE('',#1737,#1738);
#1737 = CARTESIAN_POINT('',(-2.700439453125,-43.841796875,-0.6));
#1738 = VECTOR('',#1739,1.);
#1739 = DIRECTION('',(0.,0.,1.));
#1740 = PCURVE('',#569,#1741);
#1741 = DEFINITIONAL_REPRESENTATION('',(#1742),#1746);
#1742 = LINE('',#1743,#1744);
#1743 = CARTESIAN_POINT('',(1.,0.));
#1744 = VECTOR('',#1745,1.);
#1745 = DIRECTION('',(0.,-1.));
#1746 = ( GEOMETRIC_REPRESENTATION_CONTEXT(2) 
PARAMETRIC_REPRESENTATION_CONTEXT() REPRESENTATION_CONTEXT('2D SPACE',''
  ) );
#1747 = PCURVE('',#644,#1748);
#1748 = DEFINITIONAL_REPRESENTATION('',(#1749),#1753);
#1749 = LINE('',#1750,#1751);
#1750 = CARTESIAN_POINT('',(0.,0.));
#1751 = VECTOR('',#1752,1.);
#1752 = DIRECTION('',(0.,-1.));
#1753 = ( GEOMETRIC_REPRESENTATION_CONTEXT(2) 
PARAMETRIC_REPRESENTATION_CONTEXT() REPRESENTATION_CONTEXT('2D SPACE',''
  ) );
#1754 = ADVANCED_FACE('',(#1755),#719,.F.);
#1755 = FACE_BOUND('',#1756,.F.);
#1756 = EDGE_LOOP('',(#1757,#1780,#1801,#1802));
#1757 = ORIENTED_EDGE('',*,*,#1758,.F.);
#1758 = EDGE_CURVE('',#1759,#1661,#1761,.T.);
#1759 = VERTEX_POINT('',#1760);
#1760 = CARTESIAN_POINT('',(-1.997314453125,-41.32153320312,-0.6));
#1761 = SURFACE_CURVE('',#1762,(#1766,#1773),.PCURVE_S1.);
#1762 = B_SPLINE_CURVE_WITH_KNOTS('',2,(#1763,#1764,#1765),
  .UNSPECIFIED.,.F.,.F.,(3,3),(0.,1.),.PIECEWISE_BEZIER_KNOTS.);
#1763 = CARTESIAN_POINT('',(-1.997314453125,-41.32153320312,-0.6));
#1764 = CARTESIAN_POINT('',(-1.294189453125,-40.43603515625,-0.6));
#1765 = CARTESIAN_POINT('',(2.197265625E-03,-40.43603515625,-0.6));
#1766 = PCURVE('',#719,#1767);
#1767 = DEFINITIONAL_REPRESENTATION('',(#1768),#1772);
#1768 = LINE('',#1769,#1770);
#1769 = CARTESIAN_POINT('',(0.,0.));
#1770 = VECTOR('',#1771,1.);
#1771 = DIRECTION('',(1.,0.));
#1772 = ( GEOMETRIC_REPRESENTATION_CONTEXT(2) 
PARAMETRIC_REPRESENTATION_CONTEXT() REPRESENTATION_CONTEXT('2D SPACE',''
  ) );
#1773 = PCURVE('',#1455,#1774);
#1774 = DEFINITIONAL_REPRESENTATION('',(#1775),#1779);
#1775 = B_SPLINE_CURVE_WITH_KNOTS('',2,(#1776,#1777,#1778),
  .UNSPECIFIED.,.F.,.F.,(3,3),(0.,1.),.PIECEWISE_BEZIER_KNOTS.);
#1776 = CARTESIAN_POINT('',(1.1337890625,5.794189453125));
#1777 = CARTESIAN_POINT('',(1.8369140625,6.6796875));
#1778 = CARTESIAN_POINT('',(3.13330078125,6.6796875));
#1779 = ( GEOMETRIC_REPRESENTATION_CONTEXT(2) 
PARAMETRIC_REPRESENTATION_CONTEXT() REPRESENTATION_CONTEXT('2D SPACE',''
  ) );
#1780 = ORIENTED_EDGE('',*,*,#1781,.T.);
#1781 = EDGE_CURVE('',#1759,#599,#1782,.T.);
#1782 = SURFACE_CURVE('',#1783,(#1787,#1794),.PCURVE_S1.);
#1783 = LINE('',#1784,#1785);
#1784 = CARTESIAN_POINT('',(-1.997314453125,-41.32153320312,-0.6));
#1785 = VECTOR('',#1786,1.);
#1786 = DIRECTION('',(0.,0.,1.));
#1787 = PCURVE('',#719,#1788);
#1788 = DEFINITIONAL_REPRESENTATION('',(#1789),#1793);
#1789 = LINE('',#1790,#1791);
#1790 = CARTESIAN_POINT('',(0.,0.));
#1791 = VECTOR('',#1792,1.);
#1792 = DIRECTION('',(0.,-1.));
#1793 = ( GEOMETRIC_REPRESENTATION_CONTEXT(2) 
PARAMETRIC_REPRESENTATION_CONTEXT() REPRESENTATION_CONTEXT('2D SPACE',''
  ) );
#1794 = PCURVE('',#644,#1795);
#1795 = DEFINITIONAL_REPRESENTATION('',(#1796),#1800);
#1796 = LINE('',#1797,#1798);
#1797 = CARTESIAN_POINT('',(1.,0.));
#1798 = VECTOR('',#1799,1.);
#1799 = DIRECTION('',(0.,-1.));
#1800 = ( GEOMETRIC_REPRESENTATION_CONTEXT(2) 
PARAMETRIC_REPRESENTATION_CONTEXT() REPRESENTATION_CONTEXT('2D SPACE',''
  ) );
#1801 = ORIENTED_EDGE('',*,*,#673,.F.);
#1802 = ORIENTED_EDGE('',*,*,#1683,.F.);
#1803 = ADVANCED_FACE('',(#1804),#644,.F.);
#1804 = FACE_BOUND('',#1805,.F.);
#1805 = EDGE_LOOP('',(#1806,#1827,#1828,#1829));
#1806 = ORIENTED_EDGE('',*,*,#1807,.F.);
#1807 = EDGE_CURVE('',#1710,#1759,#1808,.T.);
#1808 = SURFACE_CURVE('',#1809,(#1813,#1820),.PCURVE_S1.);
#1809 = B_SPLINE_CURVE_WITH_KNOTS('',2,(#1810,#1811,#1812),
  .UNSPECIFIED.,.F.,.F.,(3,3),(0.,1.),.PIECEWISE_BEZIER_KNOTS.);
#1810 = CARTESIAN_POINT('',(-2.700439453125,-43.841796875,-0.6));
#1811 = CARTESIAN_POINT('',(-2.700439453125,-42.20703125,-0.6));
#1812 = CARTESIAN_POINT('',(-1.997314453125,-41.32153320312,-0.6));
#1813 = PCURVE('',#644,#1814);
#1814 = DEFINITIONAL_REPRESENTATION('',(#1815),#1819);
#1815 = LINE('',#1816,#1817);
#1816 = CARTESIAN_POINT('',(0.,0.));
#1817 = VECTOR('',#1818,1.);
#1818 = DIRECTION('',(1.,0.));
#1819 = ( GEOMETRIC_REPRESENTATION_CONTEXT(2) 
PARAMETRIC_REPRESENTATION_CONTEXT() REPRESENTATION_CONTEXT('2D SPACE',''
  ) );
#1820 = PCURVE('',#1455,#1821);
#1821 = DEFINITIONAL_REPRESENTATION('',(#1822),#1826);
#1822 = B_SPLINE_CURVE_WITH_KNOTS('',2,(#1823,#1824,#1825),
  .UNSPECIFIED.,.F.,.F.,(3,3),(0.,1.),.PIECEWISE_BEZIER_KNOTS.);
#1823 = CARTESIAN_POINT('',(0.4306640625,3.27392578125));
#1824 = CARTESIAN_POINT('',(0.4306640625,4.90869140625));
#1825 = CARTESIAN_POINT('',(1.1337890625,5.794189453125));
#1826 = ( GEOMETRIC_REPRESENTATION_CONTEXT(2) 
PARAMETRIC_REPRESENTATION_CONTEXT() REPRESENTATION_CONTEXT('2D SPACE',''
  ) );
#1827 = ORIENTED_EDGE('',*,*,#1734,.T.);
#1828 = ORIENTED_EDGE('',*,*,#598,.F.);
#1829 = ORIENTED_EDGE('',*,*,#1781,.F.);
#1830 = ADVANCED_FACE('',(#1831),#915,.F.);
#1831 = FACE_BOUND('',#1832,.F.);
#1832 = EDGE_LOOP('',(#1833,#1834,#1855,#1856));
#1833 = ORIENTED_EDGE('',*,*,#898,.F.);
#1834 = ORIENTED_EDGE('',*,*,#1835,.F.);
#1835 = EDGE_CURVE('',#1233,#899,#1836,.T.);
#1836 = SEAM_CURVE('',#1837,(#1841,#1848),.PCURVE_S1.);
#1837 = LINE('',#1838,#1839);
#1838 = CARTESIAN_POINT('',(2.25,-25.,-7.));
#1839 = VECTOR('',#1840,1.);
#1840 = DIRECTION('',(0.,0.,1.));
#1841 = PCURVE('',#915,#1842);
#1842 = DEFINITIONAL_REPRESENTATION('',(#1843),#1847);
#1843 = LINE('',#1844,#1845);
#1844 = CARTESIAN_POINT('',(6.28318530718,-0.));
#1845 = VECTOR('',#1846,1.);
#1846 = DIRECTION('',(0.,1.));
#1847 = ( GEOMETRIC_REPRESENTATION_CONTEXT(2) 
PARAMETRIC_REPRESENTATION_CONTEXT() REPRESENTATION_CONTEXT('2D SPACE',''
  ) );
#1848 = PCURVE('',#915,#1849);
#1849 = DEFINITIONAL_REPRESENTATION('',(#1850),#1854);
#1850 = LINE('',#1851,#1852);
#1851 = CARTESIAN_POINT('',(0.,-0.));
#1852 = VECTOR('',#1853,1.);
#1853 = DIRECTION('',(0.,1.));
#1854 = ( GEOMETRIC_REPRESENTATION_CONTEXT(2) 
PARAMETRIC_REPRESENTATION_CONTEXT() REPRESENTATION_CONTEXT('2D SPACE',''
  ) );
#1855 = ORIENTED_EDGE('',*,*,#1232,.T.);
#1856 = ORIENTED_EDGE('',*,*,#1835,.T.);
#1857 = ADVANCED_FACE('',(#1858),#946,.F.);
#1858 = FACE_BOUND('',#1859,.F.);
#1859 = EDGE_LOOP('',(#1860,#1861,#1884,#1911));
#1860 = ORIENTED_EDGE('',*,*,#929,.F.);
#1861 = ORIENTED_EDGE('',*,*,#1862,.F.);
#1862 = EDGE_CURVE('',#1863,#930,#1865,.T.);
#1863 = VERTEX_POINT('',#1864);
#1864 = CARTESIAN_POINT('',(16.05,-25.,-4.));
#1865 = SEAM_CURVE('',#1866,(#1870,#1877),.PCURVE_S1.);
#1866 = LINE('',#1867,#1868);
#1867 = CARTESIAN_POINT('',(16.05,-25.,-4.));
#1868 = VECTOR('',#1869,1.);
#1869 = DIRECTION('',(0.,0.,1.));
#1870 = PCURVE('',#946,#1871);
#1871 = DEFINITIONAL_REPRESENTATION('',(#1872),#1876);
#1872 = LINE('',#1873,#1874);
#1873 = CARTESIAN_POINT('',(6.28318530718,-0.));
#1874 = VECTOR('',#1875,1.);
#1875 = DIRECTION('',(0.,1.));
#1876 = ( GEOMETRIC_REPRESENTATION_CONTEXT(2) 
PARAMETRIC_REPRESENTATION_CONTEXT() REPRESENTATION_CONTEXT('2D SPACE',''
  ) );
#1877 = PCURVE('',#946,#1878);
#1878 = DEFINITIONAL_REPRESENTATION('',(#1879),#1883);
#1879 = LINE('',#1880,#1881);
#1880 = CARTESIAN_POINT('',(0.,-0.));
#1881 = VECTOR('',#1882,1.);
#1882 = DIRECTION('',(0.,1.));
#1883 = ( GEOMETRIC_REPRESENTATION_CONTEXT(2) 
PARAMETRIC_REPRESENTATION_CONTEXT() REPRESENTATION_CONTEXT('2D SPACE',''
  ) );
#1884 = ORIENTED_EDGE('',*,*,#1885,.T.);
#1885 = EDGE_CURVE('',#1863,#1863,#1886,.T.);
#1886 = SURFACE_CURVE('',#1887,(#1892,#1899),.PCURVE_S1.);
#1887 = CIRCLE('',#1888,2.05);
#1888 = AXIS2_PLACEMENT_3D('',#1889,#1890,#1891);
#1889 = CARTESIAN_POINT('',(14.,-25.,-4.));
#1890 = DIRECTION('',(0.,0.,1.));
#1891 = DIRECTION('',(1.,0.,-0.));
#1892 = PCURVE('',#946,#1893);
#1893 = DEFINITIONAL_REPRESENTATION('',(#1894),#1898);
#1894 = LINE('',#1895,#1896);
#1895 = CARTESIAN_POINT('',(0.,0.));
#1896 = VECTOR('',#1897,1.);
#1897 = DIRECTION('',(1.,0.));
#1898 = ( GEOMETRIC_REPRESENTATION_CONTEXT(2) 
PARAMETRIC_REPRESENTATION_CONTEXT() REPRESENTATION_CONTEXT('2D SPACE',''
  ) );
#1899 = PCURVE('',#1900,#1905);
#1900 = PLANE('',#1901);
#1901 = AXIS2_PLACEMENT_3D('',#1902,#1903,#1904);
#1902 = CARTESIAN_POINT('',(14.,-25.,-4.));
#1903 = DIRECTION('',(0.,0.,1.));
#1904 = DIRECTION('',(1.,0.,-0.));
#1905 = DEFINITIONAL_REPRESENTATION('',(#1906),#1910);
#1906 = CIRCLE('',#1907,2.05);
#1907 = AXIS2_PLACEMENT_2D('',#1908,#1909);
#1908 = CARTESIAN_POINT('',(0.,0.));
#1909 = DIRECTION('',(1.,0.));
#1910 = ( GEOMETRIC_REPRESENTATION_CONTEXT(2) 
PARAMETRIC_REPRESENTATION_CONTEXT() REPRESENTATION_CONTEXT('2D SPACE',''
  ) );
#1911 = ORIENTED_EDGE('',*,*,#1862,.T.);
#1912 = ADVANCED_FACE('',(#1913),#977,.T.);
#1913 = FACE_BOUND('',#1914,.T.);
#1914 = EDGE_LOOP('',(#1915,#1945,#1966,#1967));
#1915 = ORIENTED_EDGE('',*,*,#1916,.F.);
#1916 = EDGE_CURVE('',#1917,#1919,#1921,.T.);
#1917 = VERTEX_POINT('',#1918);
#1918 = CARTESIAN_POINT('',(4.,-6.,-0.6));
#1919 = VERTEX_POINT('',#1920);
#1920 = CARTESIAN_POINT('',(0.,1.,-0.6));
#1921 = SURFACE_CURVE('',#1922,(#1926,#1933),.PCURVE_S1.);
#1922 = LINE('',#1923,#1924);
#1923 = CARTESIAN_POINT('',(4.,-6.,-0.6));
#1924 = VECTOR('',#1925,1.);
#1925 = DIRECTION('',(-0.496138938357,0.868243142124,0.));
#1926 = PCURVE('',#977,#1927);
#1927 = DEFINITIONAL_REPRESENTATION('',(#1928),#1932);
#1928 = LINE('',#1929,#1930);
#1929 = CARTESIAN_POINT('',(0.,0.));
#1930 = VECTOR('',#1931,1.);
#1931 = DIRECTION('',(1.,0.));
#1932 = ( GEOMETRIC_REPRESENTATION_CONTEXT(2) 
PARAMETRIC_REPRESENTATION_CONTEXT() REPRESENTATION_CONTEXT('2D SPACE',''
  ) );
#1933 = PCURVE('',#1934,#1939);
#1934 = PLANE('',#1935);
#1935 = AXIS2_PLACEMENT_3D('',#1936,#1937,#1938);
#1936 = CARTESIAN_POINT('',(0.,-3.660645070942,-0.6));
#1937 = DIRECTION('',(0.,0.,1.));
#1938 = DIRECTION('',(1.,0.,-0.));
#1939 = DEFINITIONAL_REPRESENTATION('',(#1940),#1944);
#1940 = LINE('',#1941,#1942);
#1941 = CARTESIAN_POINT('',(4.,-2.339354929058));
#1942 = VECTOR('',#1943,1.);
#1943 = DIRECTION('',(-0.496138938357,0.868243142124));
#1944 = ( GEOMETRIC_REPRESENTATION_CONTEXT(2) 
PARAMETRIC_REPRESENTATION_CONTEXT() REPRESENTATION_CONTEXT('2D SPACE',''
  ) );
#1945 = ORIENTED_EDGE('',*,*,#1946,.T.);
#1946 = EDGE_CURVE('',#1917,#963,#1947,.T.);
#1947 = SURFACE_CURVE('',#1948,(#1952,#1959),.PCURVE_S1.);
#1948 = LINE('',#1949,#1950);
#1949 = CARTESIAN_POINT('',(4.,-6.,-0.6));
#1950 = VECTOR('',#1951,1.);
#1951 = DIRECTION('',(0.,0.,1.));
#1952 = PCURVE('',#977,#1953);
#1953 = DEFINITIONAL_REPRESENTATION('',(#1954),#1958);
#1954 = LINE('',#1955,#1956);
#1955 = CARTESIAN_POINT('',(0.,0.));
#1956 = VECTOR('',#1957,1.);
#1957 = DIRECTION('',(0.,-1.));
#1958 = ( GEOMETRIC_REPRESENTATION_CONTEXT(2) 
PARAMETRIC_REPRESENTATION_CONTEXT() REPRESENTATION_CONTEXT('2D SPACE',''
  ) );
#1959 = PCURVE('',#1003,#1960);
#1960 = DEFINITIONAL_REPRESENTATION('',(#1961),#1965);
#1961 = LINE('',#1962,#1963);
#1962 = CARTESIAN_POINT('',(8.,0.));
#1963 = VECTOR('',#1964,1.);
#1964 = DIRECTION('',(0.,-1.));
#1965 = ( GEOMETRIC_REPRESENTATION_CONTEXT(2) 
PARAMETRIC_REPRESENTATION_CONTEXT() REPRESENTATION_CONTEXT('2D SPACE',''
  ) );
#1966 = ORIENTED_EDGE('',*,*,#960,.F.);
#1967 = ORIENTED_EDGE('',*,*,#1968,.F.);
#1968 = EDGE_CURVE('',#1919,#961,#1969,.T.);
#1969 = SURFACE_CURVE('',#1970,(#1974,#1981),.PCURVE_S1.);
#1970 = LINE('',#1971,#1972);
#1971 = CARTESIAN_POINT('',(0.,1.,-0.6));
#1972 = VECTOR('',#1973,1.);
#1973 = DIRECTION('',(0.,0.,1.));
#1974 = PCURVE('',#977,#1975);
#1975 = DEFINITIONAL_REPRESENTATION('',(#1976),#1980);
#1976 = LINE('',#1977,#1978);
#1977 = CARTESIAN_POINT('',(8.062257748299,0.));
#1978 = VECTOR('',#1979,1.);
#1979 = DIRECTION('',(0.,-1.));
#1980 = ( GEOMETRIC_REPRESENTATION_CONTEXT(2) 
PARAMETRIC_REPRESENTATION_CONTEXT() REPRESENTATION_CONTEXT('2D SPACE',''
  ) );
#1981 = PCURVE('',#1027,#1982);
#1982 = DEFINITIONAL_REPRESENTATION('',(#1983),#1987);
#1983 = LINE('',#1984,#1985);
#1984 = CARTESIAN_POINT('',(0.,0.));
#1985 = VECTOR('',#1986,1.);
#1986 = DIRECTION('',(0.,-1.));
#1987 = ( GEOMETRIC_REPRESENTATION_CONTEXT(2) 
PARAMETRIC_REPRESENTATION_CONTEXT() REPRESENTATION_CONTEXT('2D SPACE',''
  ) );
#1988 = ADVANCED_FACE('',(#1989),#1027,.T.);
#1989 = FACE_BOUND('',#1990,.T.);
#1990 = EDGE_LOOP('',(#1991,#2014,#2015,#2016));
#1991 = ORIENTED_EDGE('',*,*,#1992,.F.);
#1992 = EDGE_CURVE('',#1919,#1993,#1995,.T.);
#1993 = VERTEX_POINT('',#1994);
#1994 = CARTESIAN_POINT('',(-4.,-6.,-0.6));
#1995 = SURFACE_CURVE('',#1996,(#2000,#2007),.PCURVE_S1.);
#1996 = LINE('',#1997,#1998);
#1997 = CARTESIAN_POINT('',(0.,1.,-0.6));
#1998 = VECTOR('',#1999,1.);
#1999 = DIRECTION('',(-0.496138938357,-0.868243142124,0.));
#2000 = PCURVE('',#1027,#2001);
#2001 = DEFINITIONAL_REPRESENTATION('',(#2002),#2006);
#2002 = LINE('',#2003,#2004);
#2003 = CARTESIAN_POINT('',(0.,0.));
#2004 = VECTOR('',#2005,1.);
#2005 = DIRECTION('',(1.,0.));
#2006 = ( GEOMETRIC_REPRESENTATION_CONTEXT(2) 
PARAMETRIC_REPRESENTATION_CONTEXT() REPRESENTATION_CONTEXT('2D SPACE',''
  ) );
#2007 = PCURVE('',#1934,#2008);
#2008 = DEFINITIONAL_REPRESENTATION('',(#2009),#2013);
#2009 = LINE('',#2010,#2011);
#2010 = CARTESIAN_POINT('',(0.,4.660645070942));
#2011 = VECTOR('',#2012,1.);
#2012 = DIRECTION('',(-0.496138938357,-0.868243142124));
#2013 = ( GEOMETRIC_REPRESENTATION_CONTEXT(2) 
PARAMETRIC_REPRESENTATION_CONTEXT() REPRESENTATION_CONTEXT('2D SPACE',''
  ) );
#2014 = ORIENTED_EDGE('',*,*,#1968,.T.);
#2015 = ORIENTED_EDGE('',*,*,#1014,.F.);
#2016 = ORIENTED_EDGE('',*,*,#2017,.F.);
#2017 = EDGE_CURVE('',#1993,#989,#2018,.T.);
#2018 = SURFACE_CURVE('',#2019,(#2023,#2030),.PCURVE_S1.);
#2019 = LINE('',#2020,#2021);
#2020 = CARTESIAN_POINT('',(-4.,-6.,-0.6));
#2021 = VECTOR('',#2022,1.);
#2022 = DIRECTION('',(0.,0.,1.));
#2023 = PCURVE('',#1027,#2024);
#2024 = DEFINITIONAL_REPRESENTATION('',(#2025),#2029);
#2025 = LINE('',#2026,#2027);
#2026 = CARTESIAN_POINT('',(8.062257748299,0.));
#2027 = VECTOR('',#2028,1.);
#2028 = DIRECTION('',(0.,-1.));
#2029 = ( GEOMETRIC_REPRESENTATION_CONTEXT(2) 
PARAMETRIC_REPRESENTATION_CONTEXT() REPRESENTATION_CONTEXT('2D SPACE',''
  ) );
#2030 = PCURVE('',#1003,#2031);
#2031 = DEFINITIONAL_REPRESENTATION('',(#2032),#2036);
#2032 = LINE('',#2033,#2034);
#2033 = CARTESIAN_POINT('',(0.,0.));
#2034 = VECTOR('',#2035,1.);
#2035 = DIRECTION('',(0.,-1.));
#2036 = ( GEOMETRIC_REPRESENTATION_CONTEXT(2) 
PARAMETRIC_REPRESENTATION_CONTEXT() REPRESENTATION_CONTEXT('2D SPACE',''
  ) );
#2037 = ADVANCED_FACE('',(#2038),#1003,.T.);
#2038 = FACE_BOUND('',#2039,.T.);
#2039 = EDGE_LOOP('',(#2040,#2061,#2062,#2063));
#2040 = ORIENTED_EDGE('',*,*,#2041,.F.);
#2041 = EDGE_CURVE('',#1993,#1917,#2042,.T.);
#2042 = SURFACE_CURVE('',#2043,(#2047,#2054),.PCURVE_S1.);
#2043 = LINE('',#2044,#2045);
#2044 = CARTESIAN_POINT('',(-4.,-6.,-0.6));
#2045 = VECTOR('',#2046,1.);
#2046 = DIRECTION('',(1.,0.,0.));
#2047 = PCURVE('',#1003,#2048);
#2048 = DEFINITIONAL_REPRESENTATION('',(#2049),#2053);
#2049 = LINE('',#2050,#2051);
#2050 = CARTESIAN_POINT('',(0.,0.));
#2051 = VECTOR('',#2052,1.);
#2052 = DIRECTION('',(1.,0.));
#2053 = ( GEOMETRIC_REPRESENTATION_CONTEXT(2) 
PARAMETRIC_REPRESENTATION_CONTEXT() REPRESENTATION_CONTEXT('2D SPACE',''
  ) );
#2054 = PCURVE('',#1934,#2055);
#2055 = DEFINITIONAL_REPRESENTATION('',(#2056),#2060);
#2056 = LINE('',#2057,#2058);
#2057 = CARTESIAN_POINT('',(-4.,-2.339354929058));
#2058 = VECTOR('',#2059,1.);
#2059 = DIRECTION('',(1.,0.));
#2060 = ( GEOMETRIC_REPRESENTATION_CONTEXT(2) 
PARAMETRIC_REPRESENTATION_CONTEXT() REPRESENTATION_CONTEXT('2D SPACE',''
  ) );
#2061 = ORIENTED_EDGE('',*,*,#2017,.T.);
#2062 = ORIENTED_EDGE('',*,*,#988,.F.);
#2063 = ORIENTED_EDGE('',*,*,#1946,.F.);
#2064 = ADVANCED_FACE('',(#2065),#1135,.T.);
#2065 = FACE_BOUND('',#2066,.T.);
#2066 = EDGE_LOOP('',(#2067,#2090,#2119,#2140));
#2067 = ORIENTED_EDGE('',*,*,#2068,.F.);
#2068 = EDGE_CURVE('',#2069,#1117,#2071,.T.);
#2069 = VERTEX_POINT('',#2070);
#2070 = CARTESIAN_POINT('',(7.5,-54.9,-15.));
#2071 = SURFACE_CURVE('',#2072,(#2076,#2083),.PCURVE_S1.);
#2072 = LINE('',#2073,#2074);
#2073 = CARTESIAN_POINT('',(7.5,-54.9,-21.));
#2074 = VECTOR('',#2075,1.);
#2075 = DIRECTION('',(0.,0.,1.));
#2076 = PCURVE('',#1135,#2077);
#2077 = DEFINITIONAL_REPRESENTATION('',(#2078),#2082);
#2078 = LINE('',#2079,#2080);
#2079 = CARTESIAN_POINT('',(3.14159265359,0.));
#2080 = VECTOR('',#2081,1.);
#2081 = DIRECTION('',(0.,1.));
#2082 = ( GEOMETRIC_REPRESENTATION_CONTEXT(2) 
PARAMETRIC_REPRESENTATION_CONTEXT() REPRESENTATION_CONTEXT('2D SPACE',''
  ) );
#2083 = PCURVE('',#1163,#2084);
#2084 = DEFINITIONAL_REPRESENTATION('',(#2085),#2089);
#2085 = LINE('',#2086,#2087);
#2086 = CARTESIAN_POINT('',(-7.5,0.));
#2087 = VECTOR('',#2088,1.);
#2088 = DIRECTION('',(0.,1.));
#2089 = ( GEOMETRIC_REPRESENTATION_CONTEXT(2) 
PARAMETRIC_REPRESENTATION_CONTEXT() REPRESENTATION_CONTEXT('2D SPACE',''
  ) );
#2090 = ORIENTED_EDGE('',*,*,#2091,.T.);
#2091 = EDGE_CURVE('',#2069,#2092,#2094,.T.);
#2092 = VERTEX_POINT('',#2093);
#2093 = CARTESIAN_POINT('',(7.5,-45.1,-15.));
#2094 = SURFACE_CURVE('',#2095,(#2100,#2107),.PCURVE_S1.);
#2095 = CIRCLE('',#2096,4.9);
#2096 = AXIS2_PLACEMENT_3D('',#2097,#2098,#2099);
#2097 = CARTESIAN_POINT('',(7.5,-50.,-15.));
#2098 = DIRECTION('',(0.,-0.,1.));
#2099 = DIRECTION('',(1.110223024625E-16,1.,0.));
#2100 = PCURVE('',#1135,#2101);
#2101 = DEFINITIONAL_REPRESENTATION('',(#2102),#2106);
#2102 = LINE('',#2103,#2104);
#2103 = CARTESIAN_POINT('',(0.,6.));
#2104 = VECTOR('',#2105,1.);
#2105 = DIRECTION('',(1.,0.));
#2106 = ( GEOMETRIC_REPRESENTATION_CONTEXT(2) 
PARAMETRIC_REPRESENTATION_CONTEXT() REPRESENTATION_CONTEXT('2D SPACE',''
  ) );
#2107 = PCURVE('',#2108,#2113);
#2108 = TOROIDAL_SURFACE('',#2109,3.9,1.);
#2109 = AXIS2_PLACEMENT_3D('',#2110,#2111,#2112);
#2110 = CARTESIAN_POINT('',(7.5,-50.,-15.));
#2111 = DIRECTION('',(0.,0.,1.));
#2112 = DIRECTION('',(1.110223024625E-16,1.,0.));
#2113 = DEFINITIONAL_REPRESENTATION('',(#2114),#2118);
#2114 = LINE('',#2115,#2116);
#2115 = CARTESIAN_POINT('',(0.,6.28318530718));
#2116 = VECTOR('',#2117,1.);
#2117 = DIRECTION('',(1.,0.));
#2118 = ( GEOMETRIC_REPRESENTATION_CONTEXT(2) 
PARAMETRIC_REPRESENTATION_CONTEXT() REPRESENTATION_CONTEXT('2D SPACE',''
  ) );
#2119 = ORIENTED_EDGE('',*,*,#2120,.T.);
#2120 = EDGE_CURVE('',#2092,#1119,#2121,.T.);
#2121 = SURFACE_CURVE('',#2122,(#2126,#2133),.PCURVE_S1.);
#2122 = LINE('',#2123,#2124);
#2123 = CARTESIAN_POINT('',(7.5,-45.1,-21.));
#2124 = VECTOR('',#2125,1.);
#2125 = DIRECTION('',(0.,0.,1.));
#2126 = PCURVE('',#1135,#2127);
#2127 = DEFINITIONAL_REPRESENTATION('',(#2128),#2132);
#2128 = LINE('',#2129,#2130);
#2129 = CARTESIAN_POINT('',(6.28318530718,0.));
#2130 = VECTOR('',#2131,1.);
#2131 = DIRECTION('',(0.,1.));
#2132 = ( GEOMETRIC_REPRESENTATION_CONTEXT(2) 
PARAMETRIC_REPRESENTATION_CONTEXT() REPRESENTATION_CONTEXT('2D SPACE',''
  ) );
#2133 = PCURVE('',#1218,#2134);
#2134 = DEFINITIONAL_REPRESENTATION('',(#2135),#2139);
#2135 = LINE('',#2136,#2137);
#2136 = CARTESIAN_POINT('',(-7.5,0.));
#2137 = VECTOR('',#2138,1.);
#2138 = DIRECTION('',(0.,1.));
#2139 = ( GEOMETRIC_REPRESENTATION_CONTEXT(2) 
PARAMETRIC_REPRESENTATION_CONTEXT() REPRESENTATION_CONTEXT('2D SPACE',''
  ) );
#2140 = ORIENTED_EDGE('',*,*,#1116,.F.);
#2141 = ADVANCED_FACE('',(#2142),#1163,.F.);
#2142 = FACE_BOUND('',#2143,.T.);
#2143 = EDGE_LOOP('',(#2144,#2167,#2193,#2194));
#2144 = ORIENTED_EDGE('',*,*,#2145,.F.);
#2145 = EDGE_CURVE('',#2146,#1148,#2148,.T.);
#2146 = VERTEX_POINT('',#2147);
#2147 = CARTESIAN_POINT('',(-7.5,-54.9,-15.));
#2148 = SURFACE_CURVE('',#2149,(#2153,#2160),.PCURVE_S1.);
#2149 = LINE('',#2150,#2151);
#2150 = CARTESIAN_POINT('',(-7.5,-54.9,-21.));
#2151 = VECTOR('',#2152,1.);
#2152 = DIRECTION('',(0.,0.,1.));
#2153 = PCURVE('',#1163,#2154);
#2154 = DEFINITIONAL_REPRESENTATION('',(#2155),#2159);
#2155 = LINE('',#2156,#2157);
#2156 = CARTESIAN_POINT('',(7.5,0.));
#2157 = VECTOR('',#2158,1.);
#2158 = DIRECTION('',(0.,1.));
#2159 = ( GEOMETRIC_REPRESENTATION_CONTEXT(2) 
PARAMETRIC_REPRESENTATION_CONTEXT() REPRESENTATION_CONTEXT('2D SPACE',''
  ) );
#2160 = PCURVE('',#1192,#2161);
#2161 = DEFINITIONAL_REPRESENTATION('',(#2162),#2166);
#2162 = LINE('',#2163,#2164);
#2163 = CARTESIAN_POINT('',(3.14159265359,0.));
#2164 = VECTOR('',#2165,1.);
#2165 = DIRECTION('',(0.,1.));
#2166 = ( GEOMETRIC_REPRESENTATION_CONTEXT(2) 
PARAMETRIC_REPRESENTATION_CONTEXT() REPRESENTATION_CONTEXT('2D SPACE',''
  ) );
#2167 = ORIENTED_EDGE('',*,*,#2168,.F.);
#2168 = EDGE_CURVE('',#2069,#2146,#2169,.T.);
#2169 = SURFACE_CURVE('',#2170,(#2174,#2181),.PCURVE_S1.);
#2170 = LINE('',#2171,#2172);
#2171 = CARTESIAN_POINT('',(-5.382268704797E-16,-54.9,-15.));
#2172 = VECTOR('',#2173,1.);
#2173 = DIRECTION('',(-1.,1.688464183284E-16,0.));
#2174 = PCURVE('',#1163,#2175);
#2175 = DEFINITIONAL_REPRESENTATION('',(#2176),#2180);
#2176 = LINE('',#2177,#2178);
#2177 = CARTESIAN_POINT('',(0.,6.));
#2178 = VECTOR('',#2179,1.);
#2179 = DIRECTION('',(1.,0.));
#2180 = ( GEOMETRIC_REPRESENTATION_CONTEXT(2) 
PARAMETRIC_REPRESENTATION_CONTEXT() REPRESENTATION_CONTEXT('2D SPACE',''
  ) );
#2181 = PCURVE('',#2182,#2187);
#2182 = CYLINDRICAL_SURFACE('',#2183,1.);
#2183 = AXIS2_PLACEMENT_3D('',#2184,#2185,#2186);
#2184 = CARTESIAN_POINT('',(112.5,-53.9,-15.));
#2185 = DIRECTION('',(-1.,1.688464183284E-16,0.));
#2186 = DIRECTION('',(-1.688464183284E-16,-1.,0.));
#2187 = DEFINITIONAL_REPRESENTATION('',(#2188),#2192);
#2188 = LINE('',#2189,#2190);
#2189 = CARTESIAN_POINT('',(6.28318530718,112.5));
#2190 = VECTOR('',#2191,1.);
#2191 = DIRECTION('',(0.,1.));
#2192 = ( GEOMETRIC_REPRESENTATION_CONTEXT(2) 
PARAMETRIC_REPRESENTATION_CONTEXT() REPRESENTATION_CONTEXT('2D SPACE',''
  ) );
#2193 = ORIENTED_EDGE('',*,*,#2068,.T.);
#2194 = ORIENTED_EDGE('',*,*,#1147,.T.);
#2195 = ADVANCED_FACE('',(#2196),#1218,.T.);
#2196 = FACE_BOUND('',#2197,.T.);
#2197 = EDGE_LOOP('',(#2198,#2199,#2227,#2248));
#2198 = ORIENTED_EDGE('',*,*,#2120,.F.);
#2199 = ORIENTED_EDGE('',*,*,#2200,.T.);
#2200 = EDGE_CURVE('',#2092,#2201,#2203,.T.);
#2201 = VERTEX_POINT('',#2202);
#2202 = CARTESIAN_POINT('',(-7.5,-45.1,-15.));
#2203 = SURFACE_CURVE('',#2204,(#2208,#2215),.PCURVE_S1.);
#2204 = LINE('',#2205,#2206);
#2205 = CARTESIAN_POINT('',(-7.5,-45.1,-15.));
#2206 = VECTOR('',#2207,1.);
#2207 = DIRECTION('',(-1.,1.688464183284E-16,0.));
#2208 = PCURVE('',#1218,#2209);
#2209 = DEFINITIONAL_REPRESENTATION('',(#2210),#2214);
#2210 = LINE('',#2211,#2212);
#2211 = CARTESIAN_POINT('',(7.5,6.));
#2212 = VECTOR('',#2213,1.);
#2213 = DIRECTION('',(1.,0.));
#2214 = ( GEOMETRIC_REPRESENTATION_CONTEXT(2) 
PARAMETRIC_REPRESENTATION_CONTEXT() REPRESENTATION_CONTEXT('2D SPACE',''
  ) );
#2215 = PCURVE('',#2216,#2221);
#2216 = CYLINDRICAL_SURFACE('',#2217,1.);
#2217 = AXIS2_PLACEMENT_3D('',#2218,#2219,#2220);
#2218 = CARTESIAN_POINT('',(3.693804521513E-16,-46.1,-15.));
#2219 = DIRECTION('',(1.,-1.688464183284E-16,0.));
#2220 = DIRECTION('',(1.688464183284E-16,1.,0.));
#2221 = DEFINITIONAL_REPRESENTATION('',(#2222),#2226);
#2222 = LINE('',#2223,#2224);
#2223 = CARTESIAN_POINT('',(6.28318530718,-7.5));
#2224 = VECTOR('',#2225,1.);
#2225 = DIRECTION('',(0.,-1.));
#2226 = ( GEOMETRIC_REPRESENTATION_CONTEXT(2) 
PARAMETRIC_REPRESENTATION_CONTEXT() REPRESENTATION_CONTEXT('2D SPACE',''
  ) );
#2227 = ORIENTED_EDGE('',*,*,#2228,.T.);
#2228 = EDGE_CURVE('',#2201,#1176,#2229,.T.);
#2229 = SURFACE_CURVE('',#2230,(#2234,#2241),.PCURVE_S1.);
#2230 = LINE('',#2231,#2232);
#2231 = CARTESIAN_POINT('',(-7.5,-45.1,-21.));
#2232 = VECTOR('',#2233,1.);
#2233 = DIRECTION('',(0.,0.,1.));
#2234 = PCURVE('',#1218,#2235);
#2235 = DEFINITIONAL_REPRESENTATION('',(#2236),#2240);
#2236 = LINE('',#2237,#2238);
#2237 = CARTESIAN_POINT('',(7.5,0.));
#2238 = VECTOR('',#2239,1.);
#2239 = DIRECTION('',(0.,1.));
#2240 = ( GEOMETRIC_REPRESENTATION_CONTEXT(2) 
PARAMETRIC_REPRESENTATION_CONTEXT() REPRESENTATION_CONTEXT('2D SPACE',''
  ) );
#2241 = PCURVE('',#1192,#2242);
#2242 = DEFINITIONAL_REPRESENTATION('',(#2243),#2247);
#2243 = LINE('',#2244,#2245);
#2244 = CARTESIAN_POINT('',(0.,0.));
#2245 = VECTOR('',#2246,1.);
#2246 = DIRECTION('',(0.,1.));
#2247 = ( GEOMETRIC_REPRESENTATION_CONTEXT(2) 
PARAMETRIC_REPRESENTATION_CONTEXT() REPRESENTATION_CONTEXT('2D SPACE',''
  ) );
#2248 = ORIENTED_EDGE('',*,*,#1204,.F.);
#2249 = ADVANCED_FACE('',(#2250),#1192,.T.);
#2250 = FACE_BOUND('',#2251,.T.);
#2251 = EDGE_LOOP('',(#2252,#2253,#2280,#2281));
#2252 = ORIENTED_EDGE('',*,*,#2228,.F.);
#2253 = ORIENTED_EDGE('',*,*,#2254,.T.);
#2254 = EDGE_CURVE('',#2201,#2146,#2255,.T.);
#2255 = SURFACE_CURVE('',#2256,(#2261,#2268),.PCURVE_S1.);
#2256 = CIRCLE('',#2257,4.9);
#2257 = AXIS2_PLACEMENT_3D('',#2258,#2259,#2260);
#2258 = CARTESIAN_POINT('',(-7.5,-50.,-15.));
#2259 = DIRECTION('',(0.,-0.,1.));
#2260 = DIRECTION('',(1.110223024625E-16,1.,0.));
#2261 = PCURVE('',#1192,#2262);
#2262 = DEFINITIONAL_REPRESENTATION('',(#2263),#2267);
#2263 = LINE('',#2264,#2265);
#2264 = CARTESIAN_POINT('',(0.,6.));
#2265 = VECTOR('',#2266,1.);
#2266 = DIRECTION('',(1.,0.));
#2267 = ( GEOMETRIC_REPRESENTATION_CONTEXT(2) 
PARAMETRIC_REPRESENTATION_CONTEXT() REPRESENTATION_CONTEXT('2D SPACE',''
  ) );
#2268 = PCURVE('',#2269,#2274);
#2269 = TOROIDAL_SURFACE('',#2270,3.9,1.);
#2270 = AXIS2_PLACEMENT_3D('',#2271,#2272,#2273);
#2271 = CARTESIAN_POINT('',(-7.5,-50.,-15.));
#2272 = DIRECTION('',(0.,0.,1.));
#2273 = DIRECTION('',(1.110223024625E-16,1.,0.));
#2274 = DEFINITIONAL_REPRESENTATION('',(#2275),#2279);
#2275 = LINE('',#2276,#2277);
#2276 = CARTESIAN_POINT('',(0.,6.28318530718));
#2277 = VECTOR('',#2278,1.);
#2278 = DIRECTION('',(1.,0.));
#2279 = ( GEOMETRIC_REPRESENTATION_CONTEXT(2) 
PARAMETRIC_REPRESENTATION_CONTEXT() REPRESENTATION_CONTEXT('2D SPACE',''
  ) );
#2280 = ORIENTED_EDGE('',*,*,#2145,.T.);
#2281 = ORIENTED_EDGE('',*,*,#1175,.F.);
#2282 = ADVANCED_FACE('',(#2283),#1277,.T.);
#2283 = FACE_BOUND('',#2284,.T.);
#2284 = EDGE_LOOP('',(#2285,#2308,#2337,#2358));
#2285 = ORIENTED_EDGE('',*,*,#2286,.F.);
#2286 = EDGE_CURVE('',#2287,#1259,#2289,.T.);
#2287 = VERTEX_POINT('',#2288);
#2288 = CARTESIAN_POINT('',(7.5,-4.9,-15.));
#2289 = SURFACE_CURVE('',#2290,(#2294,#2301),.PCURVE_S1.);
#2290 = LINE('',#2291,#2292);
#2291 = CARTESIAN_POINT('',(7.5,-4.9,-21.));
#2292 = VECTOR('',#2293,1.);
#2293 = DIRECTION('',(0.,0.,1.));
#2294 = PCURVE('',#1277,#2295);
#2295 = DEFINITIONAL_REPRESENTATION('',(#2296),#2300);
#2296 = LINE('',#2297,#2298);
#2297 = CARTESIAN_POINT('',(3.14159265359,0.));
#2298 = VECTOR('',#2299,1.);
#2299 = DIRECTION('',(0.,1.));
#2300 = ( GEOMETRIC_REPRESENTATION_CONTEXT(2) 
PARAMETRIC_REPRESENTATION_CONTEXT() REPRESENTATION_CONTEXT('2D SPACE',''
  ) );
#2301 = PCURVE('',#1305,#2302);
#2302 = DEFINITIONAL_REPRESENTATION('',(#2303),#2307);
#2303 = LINE('',#2304,#2305);
#2304 = CARTESIAN_POINT('',(-7.5,0.));
#2305 = VECTOR('',#2306,1.);
#2306 = DIRECTION('',(0.,1.));
#2307 = ( GEOMETRIC_REPRESENTATION_CONTEXT(2) 
PARAMETRIC_REPRESENTATION_CONTEXT() REPRESENTATION_CONTEXT('2D SPACE',''
  ) );
#2308 = ORIENTED_EDGE('',*,*,#2309,.T.);
#2309 = EDGE_CURVE('',#2287,#2310,#2312,.T.);
#2310 = VERTEX_POINT('',#2311);
#2311 = CARTESIAN_POINT('',(7.5,4.9,-15.));
#2312 = SURFACE_CURVE('',#2313,(#2318,#2325),.PCURVE_S1.);
#2313 = CIRCLE('',#2314,4.9);
#2314 = AXIS2_PLACEMENT_3D('',#2315,#2316,#2317);
#2315 = CARTESIAN_POINT('',(7.5,-8.326672684689E-16,-15.));
#2316 = DIRECTION('',(0.,-0.,1.));
#2317 = DIRECTION('',(1.110223024625E-16,1.,0.));
#2318 = PCURVE('',#1277,#2319);
#2319 = DEFINITIONAL_REPRESENTATION('',(#2320),#2324);
#2320 = LINE('',#2321,#2322);
#2321 = CARTESIAN_POINT('',(0.,6.));
#2322 = VECTOR('',#2323,1.);
#2323 = DIRECTION('',(1.,0.));
#2324 = ( GEOMETRIC_REPRESENTATION_CONTEXT(2) 
PARAMETRIC_REPRESENTATION_CONTEXT() REPRESENTATION_CONTEXT('2D SPACE',''
  ) );
#2325 = PCURVE('',#2326,#2331);
#2326 = TOROIDAL_SURFACE('',#2327,3.9,1.);
#2327 = AXIS2_PLACEMENT_3D('',#2328,#2329,#2330);
#2328 = CARTESIAN_POINT('',(7.5,-8.326672684689E-16,-15.));
#2329 = DIRECTION('',(0.,0.,1.));
#2330 = DIRECTION('',(1.110223024625E-16,1.,0.));
#2331 = DEFINITIONAL_REPRESENTATION('',(#2332),#2336);
#2332 = LINE('',#2333,#2334);
#2333 = CARTESIAN_POINT('',(0.,6.28318530718));
#2334 = VECTOR('',#2335,1.);
#2335 = DIRECTION('',(1.,0.));
#2336 = ( GEOMETRIC_REPRESENTATION_CONTEXT(2) 
PARAMETRIC_REPRESENTATION_CONTEXT() REPRESENTATION_CONTEXT('2D SPACE',''
  ) );
#2337 = ORIENTED_EDGE('',*,*,#2338,.T.);
#2338 = EDGE_CURVE('',#2310,#1261,#2339,.T.);
#2339 = SURFACE_CURVE('',#2340,(#2344,#2351),.PCURVE_S1.);
#2340 = LINE('',#2341,#2342);
#2341 = CARTESIAN_POINT('',(7.5,4.9,-21.));
#2342 = VECTOR('',#2343,1.);
#2343 = DIRECTION('',(0.,0.,1.));
#2344 = PCURVE('',#1277,#2345);
#2345 = DEFINITIONAL_REPRESENTATION('',(#2346),#2350);
#2346 = LINE('',#2347,#2348);
#2347 = CARTESIAN_POINT('',(6.28318530718,0.));
#2348 = VECTOR('',#2349,1.);
#2349 = DIRECTION('',(0.,1.));
#2350 = ( GEOMETRIC_REPRESENTATION_CONTEXT(2) 
PARAMETRIC_REPRESENTATION_CONTEXT() REPRESENTATION_CONTEXT('2D SPACE',''
  ) );
#2351 = PCURVE('',#1360,#2352);
#2352 = DEFINITIONAL_REPRESENTATION('',(#2353),#2357);
#2353 = LINE('',#2354,#2355);
#2354 = CARTESIAN_POINT('',(-7.5,0.));
#2355 = VECTOR('',#2356,1.);
#2356 = DIRECTION('',(0.,1.));
#2357 = ( GEOMETRIC_REPRESENTATION_CONTEXT(2) 
PARAMETRIC_REPRESENTATION_CONTEXT() REPRESENTATION_CONTEXT('2D SPACE',''
  ) );
#2358 = ORIENTED_EDGE('',*,*,#1258,.F.);
#2359 = ADVANCED_FACE('',(#2360),#1305,.F.);
#2360 = FACE_BOUND('',#2361,.T.);
#2361 = EDGE_LOOP('',(#2362,#2385,#2411,#2412));
#2362 = ORIENTED_EDGE('',*,*,#2363,.F.);
#2363 = EDGE_CURVE('',#2364,#1290,#2366,.T.);
#2364 = VERTEX_POINT('',#2365);
#2365 = CARTESIAN_POINT('',(-7.5,-4.9,-15.));
#2366 = SURFACE_CURVE('',#2367,(#2371,#2378),.PCURVE_S1.);
#2367 = LINE('',#2368,#2369);
#2368 = CARTESIAN_POINT('',(-7.5,-4.9,-21.));
#2369 = VECTOR('',#2370,1.);
#2370 = DIRECTION('',(0.,0.,1.));
#2371 = PCURVE('',#1305,#2372);
#2372 = DEFINITIONAL_REPRESENTATION('',(#2373),#2377);
#2373 = LINE('',#2374,#2375);
#2374 = CARTESIAN_POINT('',(7.5,0.));
#2375 = VECTOR('',#2376,1.);
#2376 = DIRECTION('',(0.,1.));
#2377 = ( GEOMETRIC_REPRESENTATION_CONTEXT(2) 
PARAMETRIC_REPRESENTATION_CONTEXT() REPRESENTATION_CONTEXT('2D SPACE',''
  ) );
#2378 = PCURVE('',#1334,#2379);
#2379 = DEFINITIONAL_REPRESENTATION('',(#2380),#2384);
#2380 = LINE('',#2381,#2382);
#2381 = CARTESIAN_POINT('',(3.14159265359,0.));
#2382 = VECTOR('',#2383,1.);
#2383 = DIRECTION('',(0.,1.));
#2384 = ( GEOMETRIC_REPRESENTATION_CONTEXT(2) 
PARAMETRIC_REPRESENTATION_CONTEXT() REPRESENTATION_CONTEXT('2D SPACE',''
  ) );
#2385 = ORIENTED_EDGE('',*,*,#2386,.F.);
#2386 = EDGE_CURVE('',#2287,#2364,#2387,.T.);
#2387 = SURFACE_CURVE('',#2388,(#2392,#2399),.PCURVE_S1.);
#2388 = LINE('',#2389,#2390);
#2389 = CARTESIAN_POINT('',(-5.382268704797E-16,-4.9,-15.));
#2390 = VECTOR('',#2391,1.);
#2391 = DIRECTION('',(-1.,1.688464183284E-16,0.));
#2392 = PCURVE('',#1305,#2393);
#2393 = DEFINITIONAL_REPRESENTATION('',(#2394),#2398);
#2394 = LINE('',#2395,#2396);
#2395 = CARTESIAN_POINT('',(0.,6.));
#2396 = VECTOR('',#2397,1.);
#2397 = DIRECTION('',(1.,0.));
#2398 = ( GEOMETRIC_REPRESENTATION_CONTEXT(2) 
PARAMETRIC_REPRESENTATION_CONTEXT() REPRESENTATION_CONTEXT('2D SPACE',''
  ) );
#2399 = PCURVE('',#2400,#2405);
#2400 = CYLINDRICAL_SURFACE('',#2401,1.);
#2401 = AXIS2_PLACEMENT_3D('',#2402,#2403,#2404);
#2402 = CARTESIAN_POINT('',(112.5,-3.9,-15.));
#2403 = DIRECTION('',(-1.,1.688464183284E-16,0.));
#2404 = DIRECTION('',(-1.688464183284E-16,-1.,0.));
#2405 = DEFINITIONAL_REPRESENTATION('',(#2406),#2410);
#2406 = LINE('',#2407,#2408);
#2407 = CARTESIAN_POINT('',(6.28318530718,112.5));
#2408 = VECTOR('',#2409,1.);
#2409 = DIRECTION('',(0.,1.));
#2410 = ( GEOMETRIC_REPRESENTATION_CONTEXT(2) 
PARAMETRIC_REPRESENTATION_CONTEXT() REPRESENTATION_CONTEXT('2D SPACE',''
  ) );
#2411 = ORIENTED_EDGE('',*,*,#2286,.T.);
#2412 = ORIENTED_EDGE('',*,*,#1289,.T.);
#2413 = ADVANCED_FACE('',(#2414),#1360,.T.);
#2414 = FACE_BOUND('',#2415,.T.);
#2415 = EDGE_LOOP('',(#2416,#2417,#2445,#2466));
#2416 = ORIENTED_EDGE('',*,*,#2338,.F.);
#2417 = ORIENTED_EDGE('',*,*,#2418,.T.);
#2418 = EDGE_CURVE('',#2310,#2419,#2421,.T.);
#2419 = VERTEX_POINT('',#2420);
#2420 = CARTESIAN_POINT('',(-7.5,4.9,-15.));
#2421 = SURFACE_CURVE('',#2422,(#2426,#2433),.PCURVE_S1.);
#2422 = LINE('',#2423,#2424);
#2423 = CARTESIAN_POINT('',(-7.5,4.9,-15.));
#2424 = VECTOR('',#2425,1.);
#2425 = DIRECTION('',(-1.,1.688464183284E-16,0.));
#2426 = PCURVE('',#1360,#2427);
#2427 = DEFINITIONAL_REPRESENTATION('',(#2428),#2432);
#2428 = LINE('',#2429,#2430);
#2429 = CARTESIAN_POINT('',(7.5,6.));
#2430 = VECTOR('',#2431,1.);
#2431 = DIRECTION('',(1.,0.));
#2432 = ( GEOMETRIC_REPRESENTATION_CONTEXT(2) 
PARAMETRIC_REPRESENTATION_CONTEXT() REPRESENTATION_CONTEXT('2D SPACE',''
  ) );
#2433 = PCURVE('',#2434,#2439);
#2434 = CYLINDRICAL_SURFACE('',#2435,1.);
#2435 = AXIS2_PLACEMENT_3D('',#2436,#2437,#2438);
#2436 = CARTESIAN_POINT('',(3.693804521513E-16,3.9,-15.));
#2437 = DIRECTION('',(1.,-1.688464183284E-16,0.));
#2438 = DIRECTION('',(1.688464183284E-16,1.,0.));
#2439 = DEFINITIONAL_REPRESENTATION('',(#2440),#2444);
#2440 = LINE('',#2441,#2442);
#2441 = CARTESIAN_POINT('',(6.28318530718,-7.5));
#2442 = VECTOR('',#2443,1.);
#2443 = DIRECTION('',(0.,-1.));
#2444 = ( GEOMETRIC_REPRESENTATION_CONTEXT(2) 
PARAMETRIC_REPRESENTATION_CONTEXT() REPRESENTATION_CONTEXT('2D SPACE',''
  ) );
#2445 = ORIENTED_EDGE('',*,*,#2446,.T.);
#2446 = EDGE_CURVE('',#2419,#1318,#2447,.T.);
#2447 = SURFACE_CURVE('',#2448,(#2452,#2459),.PCURVE_S1.);
#2448 = LINE('',#2449,#2450);
#2449 = CARTESIAN_POINT('',(-7.5,4.9,-21.));
#2450 = VECTOR('',#2451,1.);
#2451 = DIRECTION('',(0.,0.,1.));
#2452 = PCURVE('',#1360,#2453);
#2453 = DEFINITIONAL_REPRESENTATION('',(#2454),#2458);
#2454 = LINE('',#2455,#2456);
#2455 = CARTESIAN_POINT('',(7.5,0.));
#2456 = VECTOR('',#2457,1.);
#2457 = DIRECTION('',(0.,1.));
#2458 = ( GEOMETRIC_REPRESENTATION_CONTEXT(2) 
PARAMETRIC_REPRESENTATION_CONTEXT() REPRESENTATION_CONTEXT('2D SPACE',''
  ) );
#2459 = PCURVE('',#1334,#2460);
#2460 = DEFINITIONAL_REPRESENTATION('',(#2461),#2465);
#2461 = LINE('',#2462,#2463);
#2462 = CARTESIAN_POINT('',(0.,0.));
#2463 = VECTOR('',#2464,1.);
#2464 = DIRECTION('',(0.,1.));
#2465 = ( GEOMETRIC_REPRESENTATION_CONTEXT(2) 
PARAMETRIC_REPRESENTATION_CONTEXT() REPRESENTATION_CONTEXT('2D SPACE',''
  ) );
#2466 = ORIENTED_EDGE('',*,*,#1346,.F.);
#2467 = ADVANCED_FACE('',(#2468),#1334,.T.);
#2468 = FACE_BOUND('',#2469,.T.);
#2469 = EDGE_LOOP('',(#2470,#2471,#2498,#2499));
#2470 = ORIENTED_EDGE('',*,*,#2446,.F.);
#2471 = ORIENTED_EDGE('',*,*,#2472,.T.);
#2472 = EDGE_CURVE('',#2419,#2364,#2473,.T.);
#2473 = SURFACE_CURVE('',#2474,(#2479,#2486),.PCURVE_S1.);
#2474 = CIRCLE('',#2475,4.9);
#2475 = AXIS2_PLACEMENT_3D('',#2476,#2477,#2478);
#2476 = CARTESIAN_POINT('',(-7.5,8.326672684689E-16,-15.));
#2477 = DIRECTION('',(0.,-0.,1.));
#2478 = DIRECTION('',(1.110223024625E-16,1.,0.));
#2479 = PCURVE('',#1334,#2480);
#2480 = DEFINITIONAL_REPRESENTATION('',(#2481),#2485);
#2481 = LINE('',#2482,#2483);
#2482 = CARTESIAN_POINT('',(0.,6.));
#2483 = VECTOR('',#2484,1.);
#2484 = DIRECTION('',(1.,0.));
#2485 = ( GEOMETRIC_REPRESENTATION_CONTEXT(2) 
PARAMETRIC_REPRESENTATION_CONTEXT() REPRESENTATION_CONTEXT('2D SPACE',''
  ) );
#2486 = PCURVE('',#2487,#2492);
#2487 = TOROIDAL_SURFACE('',#2488,3.9,1.);
#2488 = AXIS2_PLACEMENT_3D('',#2489,#2490,#2491);
#2489 = CARTESIAN_POINT('',(-7.5,8.326672684689E-16,-15.));
#2490 = DIRECTION('',(0.,0.,1.));
#2491 = DIRECTION('',(1.110223024625E-16,1.,0.));
#2492 = DEFINITIONAL_REPRESENTATION('',(#2493),#2497);
#2493 = LINE('',#2494,#2495);
#2494 = CARTESIAN_POINT('',(0.,6.28318530718));
#2495 = VECTOR('',#2496,1.);
#2496 = DIRECTION('',(1.,0.));
#2497 = ( GEOMETRIC_REPRESENTATION_CONTEXT(2) 
PARAMETRIC_REPRESENTATION_CONTEXT() REPRESENTATION_CONTEXT('2D SPACE',''
  ) );
#2498 = ORIENTED_EDGE('',*,*,#2363,.T.);
#2499 = ORIENTED_EDGE('',*,*,#1317,.F.);
#2500 = ADVANCED_FACE('',(#2501),#1421,.T.);
#2501 = FACE_BOUND('',#2502,.F.);
#2502 = EDGE_LOOP('',(#2503));
#2503 = ORIENTED_EDGE('',*,*,#1406,.F.);
#2504 = ADVANCED_FACE('',(#2505,#2515),#1455,.T.);
#2505 = FACE_BOUND('',#2506,.F.);
#2506 = EDGE_LOOP('',(#2507,#2508,#2509,#2510,#2511,#2512,#2513,#2514));
#2507 = ORIENTED_EDGE('',*,*,#1437,.T.);
#2508 = ORIENTED_EDGE('',*,*,#1513,.T.);
#2509 = ORIENTED_EDGE('',*,*,#1611,.T.);
#2510 = ORIENTED_EDGE('',*,*,#1709,.T.);
#2511 = ORIENTED_EDGE('',*,*,#1807,.T.);
#2512 = ORIENTED_EDGE('',*,*,#1758,.T.);
#2513 = ORIENTED_EDGE('',*,*,#1660,.T.);
#2514 = ORIENTED_EDGE('',*,*,#1562,.T.);
#2515 = FACE_BOUND('',#2516,.F.);
#2516 = EDGE_LOOP('',(#2517,#2549,#2579,#2609,#2639,#2669,#2699,#2729));
#2517 = ORIENTED_EDGE('',*,*,#2518,.T.);
#2518 = EDGE_CURVE('',#2519,#2521,#2523,.T.);
#2519 = VERTEX_POINT('',#2520);
#2520 = CARTESIAN_POINT('',(1.008544921875,-43.82861328125,-0.6));
#2521 = VERTEX_POINT('',#2522);
#2522 = CARTESIAN_POINT('',(0.77783203125,-42.09497070312,-0.6));
#2523 = SURFACE_CURVE('',#2524,(#2528,#2535),.PCURVE_S1.);
#2524 = B_SPLINE_CURVE_WITH_KNOTS('',2,(#2525,#2526,#2527),
  .UNSPECIFIED.,.F.,.F.,(3,3),(0.,1.),.PIECEWISE_BEZIER_KNOTS.);
#2525 = CARTESIAN_POINT('',(1.008544921875,-43.82861328125,-0.6));
#2526 = CARTESIAN_POINT('',(1.008544921875,-42.59814453125,-0.6));
#2527 = CARTESIAN_POINT('',(0.77783203125,-42.09497070312,-0.6));
#2528 = PCURVE('',#1455,#2529);
#2529 = DEFINITIONAL_REPRESENTATION('',(#2530),#2534);
#2530 = B_SPLINE_CURVE_WITH_KNOTS('',2,(#2531,#2532,#2533),
  .UNSPECIFIED.,.F.,.F.,(3,3),(0.,1.),.PIECEWISE_BEZIER_KNOTS.);
#2531 = CARTESIAN_POINT('',(4.1396484375,3.287109375));
#2532 = CARTESIAN_POINT('',(4.1396484375,4.517578125));
#2533 = CARTESIAN_POINT('',(3.908935546875,5.020751953125));
#2534 = ( GEOMETRIC_REPRESENTATION_CONTEXT(2) 
PARAMETRIC_REPRESENTATION_CONTEXT() REPRESENTATION_CONTEXT('2D SPACE',''
  ) );
#2535 = PCURVE('',#2536,#2543);
#2536 = SURFACE_OF_LINEAR_EXTRUSION('',#2537,#2541);
#2537 = B_SPLINE_CURVE_WITH_KNOTS('',2,(#2538,#2539,#2540),
  .UNSPECIFIED.,.F.,.F.,(3,3),(0.,1.),.PIECEWISE_BEZIER_KNOTS.);
#2538 = CARTESIAN_POINT('',(1.008544921875,-43.82861328125,-0.6));
#2539 = CARTESIAN_POINT('',(1.008544921875,-42.59814453125,-0.6));
#2540 = CARTESIAN_POINT('',(0.77783203125,-42.09497070312,-0.6));
#2541 = VECTOR('',#2542,1.);
#2542 = DIRECTION('',(-0.,-0.,-1.));
#2543 = DEFINITIONAL_REPRESENTATION('',(#2544),#2548);
#2544 = LINE('',#2545,#2546);
#2545 = CARTESIAN_POINT('',(0.,0.));
#2546 = VECTOR('',#2547,1.);
#2547 = DIRECTION('',(1.,0.));
#2548 = ( GEOMETRIC_REPRESENTATION_CONTEXT(2) 
PARAMETRIC_REPRESENTATION_CONTEXT() REPRESENTATION_CONTEXT('2D SPACE',''
  ) );
#2549 = ORIENTED_EDGE('',*,*,#2550,.T.);
#2550 = EDGE_CURVE('',#2521,#2551,#2553,.T.);
#2551 = VERTEX_POINT('',#2552);
#2552 = CARTESIAN_POINT('',(2.197265625E-03,-41.591796875,-0.6));
#2553 = SURFACE_CURVE('',#2554,(#2558,#2565),.PCURVE_S1.);
#2554 = B_SPLINE_CURVE_WITH_KNOTS('',2,(#2555,#2556,#2557),
  .UNSPECIFIED.,.F.,.F.,(3,3),(0.,1.),.PIECEWISE_BEZIER_KNOTS.);
#2555 = CARTESIAN_POINT('',(0.77783203125,-42.09497070312,-0.6));
#2556 = CARTESIAN_POINT('',(0.547119140625,-41.591796875,-0.6));
#2557 = CARTESIAN_POINT('',(2.197265625E-03,-41.591796875,-0.6));
#2558 = PCURVE('',#1455,#2559);
#2559 = DEFINITIONAL_REPRESENTATION('',(#2560),#2564);
#2560 = B_SPLINE_CURVE_WITH_KNOTS('',2,(#2561,#2562,#2563),
  .UNSPECIFIED.,.F.,.F.,(3,3),(0.,1.),.PIECEWISE_BEZIER_KNOTS.);
#2561 = CARTESIAN_POINT('',(3.908935546875,5.020751953125));
#2562 = CARTESIAN_POINT('',(3.67822265625,5.52392578125));
#2563 = CARTESIAN_POINT('',(3.13330078125,5.52392578125));
#2564 = ( GEOMETRIC_REPRESENTATION_CONTEXT(2) 
PARAMETRIC_REPRESENTATION_CONTEXT() REPRESENTATION_CONTEXT('2D SPACE',''
  ) );
#2565 = PCURVE('',#2566,#2573);
#2566 = SURFACE_OF_LINEAR_EXTRUSION('',#2567,#2571);
#2567 = B_SPLINE_CURVE_WITH_KNOTS('',2,(#2568,#2569,#2570),
  .UNSPECIFIED.,.F.,.F.,(3,3),(0.,1.),.PIECEWISE_BEZIER_KNOTS.);
#2568 = CARTESIAN_POINT('',(0.77783203125,-42.09497070312,-0.6));
#2569 = CARTESIAN_POINT('',(0.547119140625,-41.591796875,-0.6));
#2570 = CARTESIAN_POINT('',(2.197265625E-03,-41.591796875,-0.6));
#2571 = VECTOR('',#2572,1.);
#2572 = DIRECTION('',(-0.,-0.,-1.));
#2573 = DEFINITIONAL_REPRESENTATION('',(#2574),#2578);
#2574 = LINE('',#2575,#2576);
#2575 = CARTESIAN_POINT('',(0.,0.));
#2576 = VECTOR('',#2577,1.);
#2577 = DIRECTION('',(1.,0.));
#2578 = ( GEOMETRIC_REPRESENTATION_CONTEXT(2) 
PARAMETRIC_REPRESENTATION_CONTEXT() REPRESENTATION_CONTEXT('2D SPACE',''
  ) );
#2579 = ORIENTED_EDGE('',*,*,#2580,.T.);
#2580 = EDGE_CURVE('',#2551,#2581,#2583,.T.);
#2581 = VERTEX_POINT('',#2582);
#2582 = CARTESIAN_POINT('',(-0.775634765625,-42.09497070312,-0.6));
#2583 = SURFACE_CURVE('',#2584,(#2588,#2595),.PCURVE_S1.);
#2584 = B_SPLINE_CURVE_WITH_KNOTS('',2,(#2585,#2586,#2587),
  .UNSPECIFIED.,.F.,.F.,(3,3),(0.,1.),.PIECEWISE_BEZIER_KNOTS.);
#2585 = CARTESIAN_POINT('',(2.197265625E-03,-41.591796875,-0.6));
#2586 = CARTESIAN_POINT('',(-0.542724609375,-41.591796875,-0.6));
#2587 = CARTESIAN_POINT('',(-0.775634765625,-42.09497070312,-0.6));
#2588 = PCURVE('',#1455,#2589);
#2589 = DEFINITIONAL_REPRESENTATION('',(#2590),#2594);
#2590 = B_SPLINE_CURVE_WITH_KNOTS('',2,(#2591,#2592,#2593),
  .UNSPECIFIED.,.F.,.F.,(3,3),(0.,1.),.PIECEWISE_BEZIER_KNOTS.);
#2591 = CARTESIAN_POINT('',(3.13330078125,5.52392578125));
#2592 = CARTESIAN_POINT('',(2.58837890625,5.52392578125));
#2593 = CARTESIAN_POINT('',(2.35546875,5.020751953125));
#2594 = ( GEOMETRIC_REPRESENTATION_CONTEXT(2) 
PARAMETRIC_REPRESENTATION_CONTEXT() REPRESENTATION_CONTEXT('2D SPACE',''
  ) );
#2595 = PCURVE('',#2596,#2603);
#2596 = SURFACE_OF_LINEAR_EXTRUSION('',#2597,#2601);
#2597 = B_SPLINE_CURVE_WITH_KNOTS('',2,(#2598,#2599,#2600),
  .UNSPECIFIED.,.F.,.F.,(3,3),(0.,1.),.PIECEWISE_BEZIER_KNOTS.);
#2598 = CARTESIAN_POINT('',(2.197265625E-03,-41.591796875,-0.6));
#2599 = CARTESIAN_POINT('',(-0.542724609375,-41.591796875,-0.6));
#2600 = CARTESIAN_POINT('',(-0.775634765625,-42.09497070312,-0.6));
#2601 = VECTOR('',#2602,1.);
#2602 = DIRECTION('',(-0.,-0.,-1.));
#2603 = DEFINITIONAL_REPRESENTATION('',(#2604),#2608);
#2604 = LINE('',#2605,#2606);
#2605 = CARTESIAN_POINT('',(0.,0.));
#2606 = VECTOR('',#2607,1.);
#2607 = DIRECTION('',(1.,0.));
#2608 = ( GEOMETRIC_REPRESENTATION_CONTEXT(2) 
PARAMETRIC_REPRESENTATION_CONTEXT() REPRESENTATION_CONTEXT('2D SPACE',''
  ) );
#2609 = ORIENTED_EDGE('',*,*,#2610,.T.);
#2610 = EDGE_CURVE('',#2581,#2611,#2613,.T.);
#2611 = VERTEX_POINT('',#2612);
#2612 = CARTESIAN_POINT('',(-1.008544921875,-43.82861328125,-0.6));
#2613 = SURFACE_CURVE('',#2614,(#2618,#2625),.PCURVE_S1.);
#2614 = B_SPLINE_CURVE_WITH_KNOTS('',2,(#2615,#2616,#2617),
  .UNSPECIFIED.,.F.,.F.,(3,3),(0.,1.),.PIECEWISE_BEZIER_KNOTS.);
#2615 = CARTESIAN_POINT('',(-0.775634765625,-42.09497070312,-0.6));
#2616 = CARTESIAN_POINT('',(-1.008544921875,-42.59814453125,-0.6));
#2617 = CARTESIAN_POINT('',(-1.008544921875,-43.82861328125,-0.6));
#2618 = PCURVE('',#1455,#2619);
#2619 = DEFINITIONAL_REPRESENTATION('',(#2620),#2624);
#2620 = B_SPLINE_CURVE_WITH_KNOTS('',2,(#2621,#2622,#2623),
  .UNSPECIFIED.,.F.,.F.,(3,3),(0.,1.),.PIECEWISE_BEZIER_KNOTS.);
#2621 = CARTESIAN_POINT('',(2.35546875,5.020751953125));
#2622 = CARTESIAN_POINT('',(2.12255859375,4.517578125));
#2623 = CARTESIAN_POINT('',(2.12255859375,3.287109375));
#2624 = ( GEOMETRIC_REPRESENTATION_CONTEXT(2) 
PARAMETRIC_REPRESENTATION_CONTEXT() REPRESENTATION_CONTEXT('2D SPACE',''
  ) );
#2625 = PCURVE('',#2626,#2633);
#2626 = SURFACE_OF_LINEAR_EXTRUSION('',#2627,#2631);
#2627 = B_SPLINE_CURVE_WITH_KNOTS('',2,(#2628,#2629,#2630),
  .UNSPECIFIED.,.F.,.F.,(3,3),(0.,1.),.PIECEWISE_BEZIER_KNOTS.);
#2628 = CARTESIAN_POINT('',(-0.775634765625,-42.09497070312,-0.6));
#2629 = CARTESIAN_POINT('',(-1.008544921875,-42.59814453125,-0.6));
#2630 = CARTESIAN_POINT('',(-1.008544921875,-43.82861328125,-0.6));
#2631 = VECTOR('',#2632,1.);
#2632 = DIRECTION('',(-0.,-0.,-1.));
#2633 = DEFINITIONAL_REPRESENTATION('',(#2634),#2638);
#2634 = LINE('',#2635,#2636);
#2635 = CARTESIAN_POINT('',(0.,0.));
#2636 = VECTOR('',#2637,1.);
#2637 = DIRECTION('',(1.,0.));
#2638 = ( GEOMETRIC_REPRESENTATION_CONTEXT(2) 
PARAMETRIC_REPRESENTATION_CONTEXT() REPRESENTATION_CONTEXT('2D SPACE',''
  ) );
#2639 = ORIENTED_EDGE('',*,*,#2640,.T.);
#2640 = EDGE_CURVE('',#2611,#2641,#2643,.T.);
#2641 = VERTEX_POINT('',#2642);
#2642 = CARTESIAN_POINT('',(-0.775634765625,-45.58203125,-0.6));
#2643 = SURFACE_CURVE('',#2644,(#2648,#2655),.PCURVE_S1.);
#2644 = B_SPLINE_CURVE_WITH_KNOTS('',2,(#2645,#2646,#2647),
  .UNSPECIFIED.,.F.,.F.,(3,3),(0.,1.),.PIECEWISE_BEZIER_KNOTS.);
#2645 = CARTESIAN_POINT('',(-1.008544921875,-43.82861328125,-0.6));
#2646 = CARTESIAN_POINT('',(-1.008544921875,-45.072265625,-0.6));
#2647 = CARTESIAN_POINT('',(-0.775634765625,-45.58203125,-0.6));
#2648 = PCURVE('',#1455,#2649);
#2649 = DEFINITIONAL_REPRESENTATION('',(#2650),#2654);
#2650 = B_SPLINE_CURVE_WITH_KNOTS('',2,(#2651,#2652,#2653),
  .UNSPECIFIED.,.F.,.F.,(3,3),(0.,1.),.PIECEWISE_BEZIER_KNOTS.);
#2651 = CARTESIAN_POINT('',(2.12255859375,3.287109375));
#2652 = CARTESIAN_POINT('',(2.12255859375,2.04345703125));
#2653 = CARTESIAN_POINT('',(2.35546875,1.53369140625));
#2654 = ( GEOMETRIC_REPRESENTATION_CONTEXT(2) 
PARAMETRIC_REPRESENTATION_CONTEXT() REPRESENTATION_CONTEXT('2D SPACE',''
  ) );
#2655 = PCURVE('',#2656,#2663);
#2656 = SURFACE_OF_LINEAR_EXTRUSION('',#2657,#2661);
#2657 = B_SPLINE_CURVE_WITH_KNOTS('',2,(#2658,#2659,#2660),
  .UNSPECIFIED.,.F.,.F.,(3,3),(0.,1.),.PIECEWISE_BEZIER_KNOTS.);
#2658 = CARTESIAN_POINT('',(-1.008544921875,-43.82861328125,-0.6));
#2659 = CARTESIAN_POINT('',(-1.008544921875,-45.072265625,-0.6));
#2660 = CARTESIAN_POINT('',(-0.775634765625,-45.58203125,-0.6));
#2661 = VECTOR('',#2662,1.);
#2662 = DIRECTION('',(-0.,-0.,-1.));
#2663 = DEFINITIONAL_REPRESENTATION('',(#2664),#2668);
#2664 = LINE('',#2665,#2666);
#2665 = CARTESIAN_POINT('',(0.,0.));
#2666 = VECTOR('',#2667,1.);
#2667 = DIRECTION('',(1.,0.));
#2668 = ( GEOMETRIC_REPRESENTATION_CONTEXT(2) 
PARAMETRIC_REPRESENTATION_CONTEXT() REPRESENTATION_CONTEXT('2D SPACE',''
  ) );
#2669 = ORIENTED_EDGE('',*,*,#2670,.T.);
#2670 = EDGE_CURVE('',#2641,#2671,#2673,.T.);
#2671 = VERTEX_POINT('',#2672);
#2672 = CARTESIAN_POINT('',(2.197265625E-03,-46.091796875,-0.6));
#2673 = SURFACE_CURVE('',#2674,(#2678,#2685),.PCURVE_S1.);
#2674 = B_SPLINE_CURVE_WITH_KNOTS('',2,(#2675,#2676,#2677),
  .UNSPECIFIED.,.F.,.F.,(3,3),(0.,1.),.PIECEWISE_BEZIER_KNOTS.);
#2675 = CARTESIAN_POINT('',(-0.775634765625,-45.58203125,-0.6));
#2676 = CARTESIAN_POINT('',(-0.542724609375,-46.091796875,-0.6));
#2677 = CARTESIAN_POINT('',(2.197265625E-03,-46.091796875,-0.6));
#2678 = PCURVE('',#1455,#2679);
#2679 = DEFINITIONAL_REPRESENTATION('',(#2680),#2684);
#2680 = B_SPLINE_CURVE_WITH_KNOTS('',2,(#2681,#2682,#2683),
  .UNSPECIFIED.,.F.,.F.,(3,3),(0.,1.),.PIECEWISE_BEZIER_KNOTS.);
#2681 = CARTESIAN_POINT('',(2.35546875,1.53369140625));
#2682 = CARTESIAN_POINT('',(2.58837890625,1.02392578125));
#2683 = CARTESIAN_POINT('',(3.13330078125,1.02392578125));
#2684 = ( GEOMETRIC_REPRESENTATION_CONTEXT(2) 
PARAMETRIC_REPRESENTATION_CONTEXT() REPRESENTATION_CONTEXT('2D SPACE',''
  ) );
#2685 = PCURVE('',#2686,#2693);
#2686 = SURFACE_OF_LINEAR_EXTRUSION('',#2687,#2691);
#2687 = B_SPLINE_CURVE_WITH_KNOTS('',2,(#2688,#2689,#2690),
  .UNSPECIFIED.,.F.,.F.,(3,3),(0.,1.),.PIECEWISE_BEZIER_KNOTS.);
#2688 = CARTESIAN_POINT('',(-0.775634765625,-45.58203125,-0.6));
#2689 = CARTESIAN_POINT('',(-0.542724609375,-46.091796875,-0.6));
#2690 = CARTESIAN_POINT('',(2.197265625E-03,-46.091796875,-0.6));
#2691 = VECTOR('',#2692,1.);
#2692 = DIRECTION('',(-0.,-0.,-1.));
#2693 = DEFINITIONAL_REPRESENTATION('',(#2694),#2698);
#2694 = LINE('',#2695,#2696);
#2695 = CARTESIAN_POINT('',(0.,0.));
#2696 = VECTOR('',#2697,1.);
#2697 = DIRECTION('',(1.,0.));
#2698 = ( GEOMETRIC_REPRESENTATION_CONTEXT(2) 
PARAMETRIC_REPRESENTATION_CONTEXT() REPRESENTATION_CONTEXT('2D SPACE',''
  ) );
#2699 = ORIENTED_EDGE('',*,*,#2700,.T.);
#2700 = EDGE_CURVE('',#2671,#2701,#2703,.T.);
#2701 = VERTEX_POINT('',#2702);
#2702 = CARTESIAN_POINT('',(0.775634765625,-45.58203125,-0.6));
#2703 = SURFACE_CURVE('',#2704,(#2708,#2715),.PCURVE_S1.);
#2704 = B_SPLINE_CURVE_WITH_KNOTS('',2,(#2705,#2706,#2707),
  .UNSPECIFIED.,.F.,.F.,(3,3),(0.,1.),.PIECEWISE_BEZIER_KNOTS.);
#2705 = CARTESIAN_POINT('',(2.197265625E-03,-46.091796875,-0.6));
#2706 = CARTESIAN_POINT('',(0.542724609375,-46.091796875,-0.6));
#2707 = CARTESIAN_POINT('',(0.775634765625,-45.58203125,-0.6));
#2708 = PCURVE('',#1455,#2709);
#2709 = DEFINITIONAL_REPRESENTATION('',(#2710),#2714);
#2710 = B_SPLINE_CURVE_WITH_KNOTS('',2,(#2711,#2712,#2713),
  .UNSPECIFIED.,.F.,.F.,(3,3),(0.,1.),.PIECEWISE_BEZIER_KNOTS.);
#2711 = CARTESIAN_POINT('',(3.13330078125,1.02392578125));
#2712 = CARTESIAN_POINT('',(3.673828125,1.02392578125));
#2713 = CARTESIAN_POINT('',(3.90673828125,1.53369140625));
#2714 = ( GEOMETRIC_REPRESENTATION_CONTEXT(2) 
PARAMETRIC_REPRESENTATION_CONTEXT() REPRESENTATION_CONTEXT('2D SPACE',''
  ) );
#2715 = PCURVE('',#2716,#2723);
#2716 = SURFACE_OF_LINEAR_EXTRUSION('',#2717,#2721);
#2717 = B_SPLINE_CURVE_WITH_KNOTS('',2,(#2718,#2719,#2720),
  .UNSPECIFIED.,.F.,.F.,(3,3),(0.,1.),.PIECEWISE_BEZIER_KNOTS.);
#2718 = CARTESIAN_POINT('',(2.197265625E-03,-46.091796875,-0.6));
#2719 = CARTESIAN_POINT('',(0.542724609375,-46.091796875,-0.6));
#2720 = CARTESIAN_POINT('',(0.775634765625,-45.58203125,-0.6));
#2721 = VECTOR('',#2722,1.);
#2722 = DIRECTION('',(-0.,-0.,-1.));
#2723 = DEFINITIONAL_REPRESENTATION('',(#2724),#2728);
#2724 = LINE('',#2725,#2726);
#2725 = CARTESIAN_POINT('',(0.,0.));
#2726 = VECTOR('',#2727,1.);
#2727 = DIRECTION('',(1.,0.));
#2728 = ( GEOMETRIC_REPRESENTATION_CONTEXT(2) 
PARAMETRIC_REPRESENTATION_CONTEXT() REPRESENTATION_CONTEXT('2D SPACE',''
  ) );
#2729 = ORIENTED_EDGE('',*,*,#2730,.T.);
#2730 = EDGE_CURVE('',#2701,#2519,#2731,.T.);
#2731 = SURFACE_CURVE('',#2732,(#2736,#2743),.PCURVE_S1.);
#2732 = B_SPLINE_CURVE_WITH_KNOTS('',2,(#2733,#2734,#2735),
  .UNSPECIFIED.,.F.,.F.,(3,3),(0.,1.),.PIECEWISE_BEZIER_KNOTS.);
#2733 = CARTESIAN_POINT('',(0.775634765625,-45.58203125,-0.6));
#2734 = CARTESIAN_POINT('',(1.008544921875,-45.072265625,-0.6));
#2735 = CARTESIAN_POINT('',(1.008544921875,-43.82861328125,-0.6));
#2736 = PCURVE('',#1455,#2737);
#2737 = DEFINITIONAL_REPRESENTATION('',(#2738),#2742);
#2738 = B_SPLINE_CURVE_WITH_KNOTS('',2,(#2739,#2740,#2741),
  .UNSPECIFIED.,.F.,.F.,(3,3),(0.,1.),.PIECEWISE_BEZIER_KNOTS.);
#2739 = CARTESIAN_POINT('',(3.90673828125,1.53369140625));
#2740 = CARTESIAN_POINT('',(4.1396484375,2.04345703125));
#2741 = CARTESIAN_POINT('',(4.1396484375,3.287109375));
#2742 = ( GEOMETRIC_REPRESENTATION_CONTEXT(2) 
PARAMETRIC_REPRESENTATION_CONTEXT() REPRESENTATION_CONTEXT('2D SPACE',''
  ) );
#2743 = PCURVE('',#2744,#2751);
#2744 = SURFACE_OF_LINEAR_EXTRUSION('',#2745,#2749);
#2745 = B_SPLINE_CURVE_WITH_KNOTS('',2,(#2746,#2747,#2748),
  .UNSPECIFIED.,.F.,.F.,(3,3),(0.,1.),.PIECEWISE_BEZIER_KNOTS.);
#2746 = CARTESIAN_POINT('',(0.775634765625,-45.58203125,-0.6));
#2747 = CARTESIAN_POINT('',(1.008544921875,-45.072265625,-0.6));
#2748 = CARTESIAN_POINT('',(1.008544921875,-43.82861328125,-0.6));
#2749 = VECTOR('',#2750,1.);
#2750 = DIRECTION('',(-0.,-0.,-1.));
#2751 = DEFINITIONAL_REPRESENTATION('',(#2752),#2756);
#2752 = LINE('',#2753,#2754);
#2753 = CARTESIAN_POINT('',(0.,0.));
#2754 = VECTOR('',#2755,1.);
#2755 = DIRECTION('',(1.,0.));
#2756 = ( GEOMETRIC_REPRESENTATION_CONTEXT(2) 
PARAMETRIC_REPRESENTATION_CONTEXT() REPRESENTATION_CONTEXT('2D SPACE',''
  ) );
#2757 = ADVANCED_FACE('',(#2758),#1900,.T.);
#2758 = FACE_BOUND('',#2759,.F.);
#2759 = EDGE_LOOP('',(#2760));
#2760 = ORIENTED_EDGE('',*,*,#1885,.F.);
#2761 = ADVANCED_FACE('',(#2762),#1934,.T.);
#2762 = FACE_BOUND('',#2763,.T.);
#2763 = EDGE_LOOP('',(#2764,#2765,#2766));
#2764 = ORIENTED_EDGE('',*,*,#2041,.T.);
#2765 = ORIENTED_EDGE('',*,*,#1916,.T.);
#2766 = ORIENTED_EDGE('',*,*,#1992,.T.);
#2767 = ADVANCED_FACE('',(#2768),#2108,.T.);
#2768 = FACE_BOUND('',#2769,.T.);
#2769 = EDGE_LOOP('',(#2770,#2794,#2823,#2845));
#2770 = ORIENTED_EDGE('',*,*,#2771,.T.);
#2771 = EDGE_CURVE('',#2069,#2772,#2774,.T.);
#2772 = VERTEX_POINT('',#2773);
#2773 = CARTESIAN_POINT('',(7.5,-53.9,-16.));
#2774 = SURFACE_CURVE('',#2775,(#2780,#2787),.PCURVE_S1.);
#2775 = CIRCLE('',#2776,1.);
#2776 = AXIS2_PLACEMENT_3D('',#2777,#2778,#2779);
#2777 = CARTESIAN_POINT('',(7.5,-53.9,-15.));
#2778 = DIRECTION('',(1.,-1.110223024625E-16,0.));
#2779 = DIRECTION('',(0.,0.,-1.));
#2780 = PCURVE('',#2108,#2781);
#2781 = DEFINITIONAL_REPRESENTATION('',(#2782),#2786);
#2782 = LINE('',#2783,#2784);
#2783 = CARTESIAN_POINT('',(3.14159265359,10.995574287564));
#2784 = VECTOR('',#2785,1.);
#2785 = DIRECTION('',(0.,-1.));
#2786 = ( GEOMETRIC_REPRESENTATION_CONTEXT(2) 
PARAMETRIC_REPRESENTATION_CONTEXT() REPRESENTATION_CONTEXT('2D SPACE',''
  ) );
#2787 = PCURVE('',#2182,#2788);
#2788 = DEFINITIONAL_REPRESENTATION('',(#2789),#2793);
#2789 = LINE('',#2790,#2791);
#2790 = CARTESIAN_POINT('',(10.995574287564,105.));
#2791 = VECTOR('',#2792,1.);
#2792 = DIRECTION('',(-1.,0.));
#2793 = ( GEOMETRIC_REPRESENTATION_CONTEXT(2) 
PARAMETRIC_REPRESENTATION_CONTEXT() REPRESENTATION_CONTEXT('2D SPACE',''
  ) );
#2794 = ORIENTED_EDGE('',*,*,#2795,.T.);
#2795 = EDGE_CURVE('',#2772,#2796,#2798,.T.);
#2796 = VERTEX_POINT('',#2797);
#2797 = CARTESIAN_POINT('',(7.5,-46.1,-16.));
#2798 = SURFACE_CURVE('',#2799,(#2804,#2811),.PCURVE_S1.);
#2799 = CIRCLE('',#2800,3.9);
#2800 = AXIS2_PLACEMENT_3D('',#2801,#2802,#2803);
#2801 = CARTESIAN_POINT('',(7.5,-50.,-16.));
#2802 = DIRECTION('',(0.,-0.,1.));
#2803 = DIRECTION('',(1.110223024625E-16,1.,0.));
#2804 = PCURVE('',#2108,#2805);
#2805 = DEFINITIONAL_REPRESENTATION('',(#2806),#2810);
#2806 = LINE('',#2807,#2808);
#2807 = CARTESIAN_POINT('',(0.,4.712388980385));
#2808 = VECTOR('',#2809,1.);
#2809 = DIRECTION('',(1.,0.));
#2810 = ( GEOMETRIC_REPRESENTATION_CONTEXT(2) 
PARAMETRIC_REPRESENTATION_CONTEXT() REPRESENTATION_CONTEXT('2D SPACE',''
  ) );
#2811 = PCURVE('',#2812,#2817);
#2812 = PLANE('',#2813);
#2813 = AXIS2_PLACEMENT_3D('',#2814,#2815,#2816);
#2814 = CARTESIAN_POINT('',(112.5,-48.75,-16.));
#2815 = DIRECTION('',(0.,0.,1.));
#2816 = DIRECTION('',(1.110223024625E-16,1.,0.));
#2817 = DEFINITIONAL_REPRESENTATION('',(#2818),#2822);
#2818 = CIRCLE('',#2819,3.9);
#2819 = AXIS2_PLACEMENT_2D('',#2820,#2821);
#2820 = CARTESIAN_POINT('',(-1.25,105.));
#2821 = DIRECTION('',(1.,0.));
#2822 = ( GEOMETRIC_REPRESENTATION_CONTEXT(2) 
PARAMETRIC_REPRESENTATION_CONTEXT() REPRESENTATION_CONTEXT('2D SPACE',''
  ) );
#2823 = ORIENTED_EDGE('',*,*,#2824,.T.);
#2824 = EDGE_CURVE('',#2796,#2092,#2825,.T.);
#2825 = SURFACE_CURVE('',#2826,(#2831,#2838),.PCURVE_S1.);
#2826 = CIRCLE('',#2827,1.);
#2827 = AXIS2_PLACEMENT_3D('',#2828,#2829,#2830);
#2828 = CARTESIAN_POINT('',(7.5,-46.1,-15.));
#2829 = DIRECTION('',(1.,-1.110223024625E-16,0.));
#2830 = DIRECTION('',(0.,0.,-1.));
#2831 = PCURVE('',#2108,#2832);
#2832 = DEFINITIONAL_REPRESENTATION('',(#2833),#2837);
#2833 = LINE('',#2834,#2835);
#2834 = CARTESIAN_POINT('',(6.28318530718,4.712388980385));
#2835 = VECTOR('',#2836,1.);
#2836 = DIRECTION('',(0.,1.));
#2837 = ( GEOMETRIC_REPRESENTATION_CONTEXT(2) 
PARAMETRIC_REPRESENTATION_CONTEXT() REPRESENTATION_CONTEXT('2D SPACE',''
  ) );
#2838 = PCURVE('',#2216,#2839);
#2839 = DEFINITIONAL_REPRESENTATION('',(#2840),#2844);
#2840 = LINE('',#2841,#2842);
#2841 = CARTESIAN_POINT('',(4.712388980385,7.5));
#2842 = VECTOR('',#2843,1.);
#2843 = DIRECTION('',(1.,0.));
#2844 = ( GEOMETRIC_REPRESENTATION_CONTEXT(2) 
PARAMETRIC_REPRESENTATION_CONTEXT() REPRESENTATION_CONTEXT('2D SPACE',''
  ) );
#2845 = ORIENTED_EDGE('',*,*,#2091,.F.);
#2846 = ADVANCED_FACE('',(#2847),#2182,.T.);
#2847 = FACE_BOUND('',#2848,.T.);
#2848 = EDGE_LOOP('',(#2849,#2873,#2894,#2895));
#2849 = ORIENTED_EDGE('',*,*,#2850,.T.);
#2850 = EDGE_CURVE('',#2146,#2851,#2853,.T.);
#2851 = VERTEX_POINT('',#2852);
#2852 = CARTESIAN_POINT('',(-7.5,-53.9,-16.));
#2853 = SURFACE_CURVE('',#2854,(#2859,#2866),.PCURVE_S1.);
#2854 = CIRCLE('',#2855,1.);
#2855 = AXIS2_PLACEMENT_3D('',#2856,#2857,#2858);
#2856 = CARTESIAN_POINT('',(-7.5,-53.9,-15.));
#2857 = DIRECTION('',(1.,-1.110223024625E-16,0.));
#2858 = DIRECTION('',(0.,0.,-1.));
#2859 = PCURVE('',#2182,#2860);
#2860 = DEFINITIONAL_REPRESENTATION('',(#2861),#2865);
#2861 = LINE('',#2862,#2863);
#2862 = CARTESIAN_POINT('',(10.995574287564,120.));
#2863 = VECTOR('',#2864,1.);
#2864 = DIRECTION('',(-1.,0.));
#2865 = ( GEOMETRIC_REPRESENTATION_CONTEXT(2) 
PARAMETRIC_REPRESENTATION_CONTEXT() REPRESENTATION_CONTEXT('2D SPACE',''
  ) );
#2866 = PCURVE('',#2269,#2867);
#2867 = DEFINITIONAL_REPRESENTATION('',(#2868),#2872);
#2868 = LINE('',#2869,#2870);
#2869 = CARTESIAN_POINT('',(3.14159265359,10.995574287564));
#2870 = VECTOR('',#2871,1.);
#2871 = DIRECTION('',(0.,-1.));
#2872 = ( GEOMETRIC_REPRESENTATION_CONTEXT(2) 
PARAMETRIC_REPRESENTATION_CONTEXT() REPRESENTATION_CONTEXT('2D SPACE',''
  ) );
#2873 = ORIENTED_EDGE('',*,*,#2874,.F.);
#2874 = EDGE_CURVE('',#2772,#2851,#2875,.T.);
#2875 = SURFACE_CURVE('',#2876,(#2880,#2887),.PCURVE_S1.);
#2876 = LINE('',#2877,#2878);
#2877 = CARTESIAN_POINT('',(112.5,-53.9,-16.));
#2878 = VECTOR('',#2879,1.);
#2879 = DIRECTION('',(-1.,1.688464183284E-16,0.));
#2880 = PCURVE('',#2182,#2881);
#2881 = DEFINITIONAL_REPRESENTATION('',(#2882),#2886);
#2882 = LINE('',#2883,#2884);
#2883 = CARTESIAN_POINT('',(4.712388980385,0.));
#2884 = VECTOR('',#2885,1.);
#2885 = DIRECTION('',(0.,1.));
#2886 = ( GEOMETRIC_REPRESENTATION_CONTEXT(2) 
PARAMETRIC_REPRESENTATION_CONTEXT() REPRESENTATION_CONTEXT('2D SPACE',''
  ) );
#2887 = PCURVE('',#2812,#2888);
#2888 = DEFINITIONAL_REPRESENTATION('',(#2889),#2893);
#2889 = LINE('',#2890,#2891);
#2890 = CARTESIAN_POINT('',(-5.15,-5.71764857682E-16));
#2891 = VECTOR('',#2892,1.);
#2892 = DIRECTION('',(5.782411586589E-17,1.));
#2893 = ( GEOMETRIC_REPRESENTATION_CONTEXT(2) 
PARAMETRIC_REPRESENTATION_CONTEXT() REPRESENTATION_CONTEXT('2D SPACE',''
  ) );
#2894 = ORIENTED_EDGE('',*,*,#2771,.F.);
#2895 = ORIENTED_EDGE('',*,*,#2168,.T.);
#2896 = ADVANCED_FACE('',(#2897),#2216,.T.);
#2897 = FACE_BOUND('',#2898,.T.);
#2898 = EDGE_LOOP('',(#2899,#2923,#2924,#2925));
#2899 = ORIENTED_EDGE('',*,*,#2900,.T.);
#2900 = EDGE_CURVE('',#2901,#2201,#2903,.T.);
#2901 = VERTEX_POINT('',#2902);
#2902 = CARTESIAN_POINT('',(-7.5,-46.1,-16.));
#2903 = SURFACE_CURVE('',#2904,(#2909,#2916),.PCURVE_S1.);
#2904 = CIRCLE('',#2905,1.);
#2905 = AXIS2_PLACEMENT_3D('',#2906,#2907,#2908);
#2906 = CARTESIAN_POINT('',(-7.5,-46.1,-15.));
#2907 = DIRECTION('',(1.,-1.110223024625E-16,0.));
#2908 = DIRECTION('',(0.,0.,-1.));
#2909 = PCURVE('',#2216,#2910);
#2910 = DEFINITIONAL_REPRESENTATION('',(#2911),#2915);
#2911 = LINE('',#2912,#2913);
#2912 = CARTESIAN_POINT('',(4.712388980385,-7.5));
#2913 = VECTOR('',#2914,1.);
#2914 = DIRECTION('',(1.,0.));
#2915 = ( GEOMETRIC_REPRESENTATION_CONTEXT(2) 
PARAMETRIC_REPRESENTATION_CONTEXT() REPRESENTATION_CONTEXT('2D SPACE',''
  ) );
#2916 = PCURVE('',#2269,#2917);
#2917 = DEFINITIONAL_REPRESENTATION('',(#2918),#2922);
#2918 = LINE('',#2919,#2920);
#2919 = CARTESIAN_POINT('',(0.,4.712388980385));
#2920 = VECTOR('',#2921,1.);
#2921 = DIRECTION('',(0.,1.));
#2922 = ( GEOMETRIC_REPRESENTATION_CONTEXT(2) 
PARAMETRIC_REPRESENTATION_CONTEXT() REPRESENTATION_CONTEXT('2D SPACE',''
  ) );
#2923 = ORIENTED_EDGE('',*,*,#2200,.F.);
#2924 = ORIENTED_EDGE('',*,*,#2824,.F.);
#2925 = ORIENTED_EDGE('',*,*,#2926,.T.);
#2926 = EDGE_CURVE('',#2796,#2901,#2927,.T.);
#2927 = SURFACE_CURVE('',#2928,(#2932,#2939),.PCURVE_S1.);
#2928 = LINE('',#2929,#2930);
#2929 = CARTESIAN_POINT('',(7.5,-46.1,-16.));
#2930 = VECTOR('',#2931,1.);
#2931 = DIRECTION('',(-1.,1.688464183284E-16,0.));
#2932 = PCURVE('',#2216,#2933);
#2933 = DEFINITIONAL_REPRESENTATION('',(#2934),#2938);
#2934 = LINE('',#2935,#2936);
#2935 = CARTESIAN_POINT('',(4.712388980385,7.5));
#2936 = VECTOR('',#2937,1.);
#2937 = DIRECTION('',(0.,-1.));
#2938 = ( GEOMETRIC_REPRESENTATION_CONTEXT(2) 
PARAMETRIC_REPRESENTATION_CONTEXT() REPRESENTATION_CONTEXT('2D SPACE',''
  ) );
#2939 = PCURVE('',#2812,#2940);
#2940 = DEFINITIONAL_REPRESENTATION('',(#2941),#2945);
#2941 = LINE('',#2942,#2943);
#2942 = CARTESIAN_POINT('',(2.65,105.));
#2943 = VECTOR('',#2944,1.);
#2944 = DIRECTION('',(5.782411586589E-17,1.));
#2945 = ( GEOMETRIC_REPRESENTATION_CONTEXT(2) 
PARAMETRIC_REPRESENTATION_CONTEXT() REPRESENTATION_CONTEXT('2D SPACE',''
  ) );
#2946 = ADVANCED_FACE('',(#2947),#2269,.T.);
#2947 = FACE_BOUND('',#2948,.T.);
#2948 = EDGE_LOOP('',(#2949,#2950,#2972,#2973));
#2949 = ORIENTED_EDGE('',*,*,#2900,.F.);
#2950 = ORIENTED_EDGE('',*,*,#2951,.T.);
#2951 = EDGE_CURVE('',#2901,#2851,#2952,.T.);
#2952 = SURFACE_CURVE('',#2953,(#2958,#2965),.PCURVE_S1.);
#2953 = CIRCLE('',#2954,3.9);
#2954 = AXIS2_PLACEMENT_3D('',#2955,#2956,#2957);
#2955 = CARTESIAN_POINT('',(-7.5,-50.,-16.));
#2956 = DIRECTION('',(0.,-0.,1.));
#2957 = DIRECTION('',(1.110223024625E-16,1.,0.));
#2958 = PCURVE('',#2269,#2959);
#2959 = DEFINITIONAL_REPRESENTATION('',(#2960),#2964);
#2960 = LINE('',#2961,#2962);
#2961 = CARTESIAN_POINT('',(0.,4.712388980385));
#2962 = VECTOR('',#2963,1.);
#2963 = DIRECTION('',(1.,0.));
#2964 = ( GEOMETRIC_REPRESENTATION_CONTEXT(2) 
PARAMETRIC_REPRESENTATION_CONTEXT() REPRESENTATION_CONTEXT('2D SPACE',''
  ) );
#2965 = PCURVE('',#2812,#2966);
#2966 = DEFINITIONAL_REPRESENTATION('',(#2967),#2971);
#2967 = CIRCLE('',#2968,3.9);
#2968 = AXIS2_PLACEMENT_2D('',#2969,#2970);
#2969 = CARTESIAN_POINT('',(-1.25,120.));
#2970 = DIRECTION('',(1.,0.));
#2971 = ( GEOMETRIC_REPRESENTATION_CONTEXT(2) 
PARAMETRIC_REPRESENTATION_CONTEXT() REPRESENTATION_CONTEXT('2D SPACE',''
  ) );
#2972 = ORIENTED_EDGE('',*,*,#2850,.F.);
#2973 = ORIENTED_EDGE('',*,*,#2254,.F.);
#2974 = ADVANCED_FACE('',(#2975),#2326,.T.);
#2975 = FACE_BOUND('',#2976,.T.);
#2976 = EDGE_LOOP('',(#2977,#3001,#3030,#3052));
#2977 = ORIENTED_EDGE('',*,*,#2978,.T.);
#2978 = EDGE_CURVE('',#2287,#2979,#2981,.T.);
#2979 = VERTEX_POINT('',#2980);
#2980 = CARTESIAN_POINT('',(7.5,-3.9,-16.));
#2981 = SURFACE_CURVE('',#2982,(#2987,#2994),.PCURVE_S1.);
#2982 = CIRCLE('',#2983,1.);
#2983 = AXIS2_PLACEMENT_3D('',#2984,#2985,#2986);
#2984 = CARTESIAN_POINT('',(7.5,-3.9,-15.));
#2985 = DIRECTION('',(1.,-1.110223024625E-16,0.));
#2986 = DIRECTION('',(0.,0.,-1.));
#2987 = PCURVE('',#2326,#2988);
#2988 = DEFINITIONAL_REPRESENTATION('',(#2989),#2993);
#2989 = LINE('',#2990,#2991);
#2990 = CARTESIAN_POINT('',(3.14159265359,10.995574287564));
#2991 = VECTOR('',#2992,1.);
#2992 = DIRECTION('',(0.,-1.));
#2993 = ( GEOMETRIC_REPRESENTATION_CONTEXT(2) 
PARAMETRIC_REPRESENTATION_CONTEXT() REPRESENTATION_CONTEXT('2D SPACE',''
  ) );
#2994 = PCURVE('',#2400,#2995);
#2995 = DEFINITIONAL_REPRESENTATION('',(#2996),#3000);
#2996 = LINE('',#2997,#2998);
#2997 = CARTESIAN_POINT('',(10.995574287564,105.));
#2998 = VECTOR('',#2999,1.);
#2999 = DIRECTION('',(-1.,0.));
#3000 = ( GEOMETRIC_REPRESENTATION_CONTEXT(2) 
PARAMETRIC_REPRESENTATION_CONTEXT() REPRESENTATION_CONTEXT('2D SPACE',''
  ) );
#3001 = ORIENTED_EDGE('',*,*,#3002,.T.);
#3002 = EDGE_CURVE('',#2979,#3003,#3005,.T.);
#3003 = VERTEX_POINT('',#3004);
#3004 = CARTESIAN_POINT('',(7.5,3.9,-16.));
#3005 = SURFACE_CURVE('',#3006,(#3011,#3018),.PCURVE_S1.);
#3006 = CIRCLE('',#3007,3.9);
#3007 = AXIS2_PLACEMENT_3D('',#3008,#3009,#3010);
#3008 = CARTESIAN_POINT('',(7.5,-8.326672684689E-16,-16.));
#3009 = DIRECTION('',(0.,-0.,1.));
#3010 = DIRECTION('',(1.110223024625E-16,1.,0.));
#3011 = PCURVE('',#2326,#3012);
#3012 = DEFINITIONAL_REPRESENTATION('',(#3013),#3017);
#3013 = LINE('',#3014,#3015);
#3014 = CARTESIAN_POINT('',(0.,4.712388980385));
#3015 = VECTOR('',#3016,1.);
#3016 = DIRECTION('',(1.,0.));
#3017 = ( GEOMETRIC_REPRESENTATION_CONTEXT(2) 
PARAMETRIC_REPRESENTATION_CONTEXT() REPRESENTATION_CONTEXT('2D SPACE',''
  ) );
#3018 = PCURVE('',#3019,#3024);
#3019 = PLANE('',#3020);
#3020 = AXIS2_PLACEMENT_3D('',#3021,#3022,#3023);
#3021 = CARTESIAN_POINT('',(112.5,1.25,-16.));
#3022 = DIRECTION('',(0.,0.,1.));
#3023 = DIRECTION('',(1.110223024625E-16,1.,0.));
#3024 = DEFINITIONAL_REPRESENTATION('',(#3025),#3029);
#3025 = CIRCLE('',#3026,3.9);
#3026 = AXIS2_PLACEMENT_2D('',#3027,#3028);
#3027 = CARTESIAN_POINT('',(-1.25,105.));
#3028 = DIRECTION('',(1.,0.));
#3029 = ( GEOMETRIC_REPRESENTATION_CONTEXT(2) 
PARAMETRIC_REPRESENTATION_CONTEXT() REPRESENTATION_CONTEXT('2D SPACE',''
  ) );
#3030 = ORIENTED_EDGE('',*,*,#3031,.T.);
#3031 = EDGE_CURVE('',#3003,#2310,#3032,.T.);
#3032 = SURFACE_CURVE('',#3033,(#3038,#3045),.PCURVE_S1.);
#3033 = CIRCLE('',#3034,1.);
#3034 = AXIS2_PLACEMENT_3D('',#3035,#3036,#3037);
#3035 = CARTESIAN_POINT('',(7.5,3.9,-15.));
#3036 = DIRECTION('',(1.,-1.110223024625E-16,0.));
#3037 = DIRECTION('',(0.,0.,-1.));
#3038 = PCURVE('',#2326,#3039);
#3039 = DEFINITIONAL_REPRESENTATION('',(#3040),#3044);
#3040 = LINE('',#3041,#3042);
#3041 = CARTESIAN_POINT('',(6.28318530718,4.712388980385));
#3042 = VECTOR('',#3043,1.);
#3043 = DIRECTION('',(0.,1.));
#3044 = ( GEOMETRIC_REPRESENTATION_CONTEXT(2) 
PARAMETRIC_REPRESENTATION_CONTEXT() REPRESENTATION_CONTEXT('2D SPACE',''
  ) );
#3045 = PCURVE('',#2434,#3046);
#3046 = DEFINITIONAL_REPRESENTATION('',(#3047),#3051);
#3047 = LINE('',#3048,#3049);
#3048 = CARTESIAN_POINT('',(4.712388980385,7.5));
#3049 = VECTOR('',#3050,1.);
#3050 = DIRECTION('',(1.,0.));
#3051 = ( GEOMETRIC_REPRESENTATION_CONTEXT(2) 
PARAMETRIC_REPRESENTATION_CONTEXT() REPRESENTATION_CONTEXT('2D SPACE',''
  ) );
#3052 = ORIENTED_EDGE('',*,*,#2309,.F.);
#3053 = ADVANCED_FACE('',(#3054),#2400,.T.);
#3054 = FACE_BOUND('',#3055,.T.);
#3055 = EDGE_LOOP('',(#3056,#3080,#3101,#3102));
#3056 = ORIENTED_EDGE('',*,*,#3057,.T.);
#3057 = EDGE_CURVE('',#2364,#3058,#3060,.T.);
#3058 = VERTEX_POINT('',#3059);
#3059 = CARTESIAN_POINT('',(-7.5,-3.9,-16.));
#3060 = SURFACE_CURVE('',#3061,(#3066,#3073),.PCURVE_S1.);
#3061 = CIRCLE('',#3062,1.);
#3062 = AXIS2_PLACEMENT_3D('',#3063,#3064,#3065);
#3063 = CARTESIAN_POINT('',(-7.5,-3.9,-15.));
#3064 = DIRECTION('',(1.,-1.110223024625E-16,0.));
#3065 = DIRECTION('',(0.,0.,-1.));
#3066 = PCURVE('',#2400,#3067);
#3067 = DEFINITIONAL_REPRESENTATION('',(#3068),#3072);
#3068 = LINE('',#3069,#3070);
#3069 = CARTESIAN_POINT('',(10.995574287564,120.));
#3070 = VECTOR('',#3071,1.);
#3071 = DIRECTION('',(-1.,0.));
#3072 = ( GEOMETRIC_REPRESENTATION_CONTEXT(2) 
PARAMETRIC_REPRESENTATION_CONTEXT() REPRESENTATION_CONTEXT('2D SPACE',''
  ) );
#3073 = PCURVE('',#2487,#3074);
#3074 = DEFINITIONAL_REPRESENTATION('',(#3075),#3079);
#3075 = LINE('',#3076,#3077);
#3076 = CARTESIAN_POINT('',(3.14159265359,10.995574287564));
#3077 = VECTOR('',#3078,1.);
#3078 = DIRECTION('',(0.,-1.));
#3079 = ( GEOMETRIC_REPRESENTATION_CONTEXT(2) 
PARAMETRIC_REPRESENTATION_CONTEXT() REPRESENTATION_CONTEXT('2D SPACE',''
  ) );
#3080 = ORIENTED_EDGE('',*,*,#3081,.F.);
#3081 = EDGE_CURVE('',#2979,#3058,#3082,.T.);
#3082 = SURFACE_CURVE('',#3083,(#3087,#3094),.PCURVE_S1.);
#3083 = LINE('',#3084,#3085);
#3084 = CARTESIAN_POINT('',(112.5,-3.9,-16.));
#3085 = VECTOR('',#3086,1.);
#3086 = DIRECTION('',(-1.,1.688464183284E-16,0.));
#3087 = PCURVE('',#2400,#3088);
#3088 = DEFINITIONAL_REPRESENTATION('',(#3089),#3093);
#3089 = LINE('',#3090,#3091);
#3090 = CARTESIAN_POINT('',(4.712388980385,0.));
#3091 = VECTOR('',#3092,1.);
#3092 = DIRECTION('',(0.,1.));
#3093 = ( GEOMETRIC_REPRESENTATION_CONTEXT(2) 
PARAMETRIC_REPRESENTATION_CONTEXT() REPRESENTATION_CONTEXT('2D SPACE',''
  ) );
#3094 = PCURVE('',#3019,#3095);
#3095 = DEFINITIONAL_REPRESENTATION('',(#3096),#3100);
#3096 = LINE('',#3097,#3098);
#3097 = CARTESIAN_POINT('',(-5.15,-5.71764857682E-16));
#3098 = VECTOR('',#3099,1.);
#3099 = DIRECTION('',(5.782411586589E-17,1.));
#3100 = ( GEOMETRIC_REPRESENTATION_CONTEXT(2) 
PARAMETRIC_REPRESENTATION_CONTEXT() REPRESENTATION_CONTEXT('2D SPACE',''
  ) );
#3101 = ORIENTED_EDGE('',*,*,#2978,.F.);
#3102 = ORIENTED_EDGE('',*,*,#2386,.T.);
#3103 = ADVANCED_FACE('',(#3104),#2434,.T.);
#3104 = FACE_BOUND('',#3105,.T.);
#3105 = EDGE_LOOP('',(#3106,#3130,#3131,#3132));
#3106 = ORIENTED_EDGE('',*,*,#3107,.T.);
#3107 = EDGE_CURVE('',#3108,#2419,#3110,.T.);
#3108 = VERTEX_POINT('',#3109);
#3109 = CARTESIAN_POINT('',(-7.5,3.9,-16.));
#3110 = SURFACE_CURVE('',#3111,(#3116,#3123),.PCURVE_S1.);
#3111 = CIRCLE('',#3112,1.);
#3112 = AXIS2_PLACEMENT_3D('',#3113,#3114,#3115);
#3113 = CARTESIAN_POINT('',(-7.5,3.9,-15.));
#3114 = DIRECTION('',(1.,-1.110223024625E-16,0.));
#3115 = DIRECTION('',(0.,0.,-1.));
#3116 = PCURVE('',#2434,#3117);
#3117 = DEFINITIONAL_REPRESENTATION('',(#3118),#3122);
#3118 = LINE('',#3119,#3120);
#3119 = CARTESIAN_POINT('',(4.712388980385,-7.5));
#3120 = VECTOR('',#3121,1.);
#3121 = DIRECTION('',(1.,0.));
#3122 = ( GEOMETRIC_REPRESENTATION_CONTEXT(2) 
PARAMETRIC_REPRESENTATION_CONTEXT() REPRESENTATION_CONTEXT('2D SPACE',''
  ) );
#3123 = PCURVE('',#2487,#3124);
#3124 = DEFINITIONAL_REPRESENTATION('',(#3125),#3129);
#3125 = LINE('',#3126,#3127);
#3126 = CARTESIAN_POINT('',(0.,4.712388980385));
#3127 = VECTOR('',#3128,1.);
#3128 = DIRECTION('',(0.,1.));
#3129 = ( GEOMETRIC_REPRESENTATION_CONTEXT(2) 
PARAMETRIC_REPRESENTATION_CONTEXT() REPRESENTATION_CONTEXT('2D SPACE',''
  ) );
#3130 = ORIENTED_EDGE('',*,*,#2418,.F.);
#3131 = ORIENTED_EDGE('',*,*,#3031,.F.);
#3132 = ORIENTED_EDGE('',*,*,#3133,.T.);
#3133 = EDGE_CURVE('',#3003,#3108,#3134,.T.);
#3134 = SURFACE_CURVE('',#3135,(#3139,#3146),.PCURVE_S1.);
#3135 = LINE('',#3136,#3137);
#3136 = CARTESIAN_POINT('',(7.5,3.9,-16.));
#3137 = VECTOR('',#3138,1.);
#3138 = DIRECTION('',(-1.,1.688464183284E-16,0.));
#3139 = PCURVE('',#2434,#3140);
#3140 = DEFINITIONAL_REPRESENTATION('',(#3141),#3145);
#3141 = LINE('',#3142,#3143);
#3142 = CARTESIAN_POINT('',(4.712388980385,7.5));
#3143 = VECTOR('',#3144,1.);
#3144 = DIRECTION('',(0.,-1.));
#3145 = ( GEOMETRIC_REPRESENTATION_CONTEXT(2) 
PARAMETRIC_REPRESENTATION_CONTEXT() REPRESENTATION_CONTEXT('2D SPACE',''
  ) );
#3146 = PCURVE('',#3019,#3147);
#3147 = DEFINITIONAL_REPRESENTATION('',(#3148),#3152);
#3148 = LINE('',#3149,#3150);
#3149 = CARTESIAN_POINT('',(2.65,105.));
#3150 = VECTOR('',#3151,1.);
#3151 = DIRECTION('',(5.782411586589E-17,1.));
#3152 = ( GEOMETRIC_REPRESENTATION_CONTEXT(2) 
PARAMETRIC_REPRESENTATION_CONTEXT() REPRESENTATION_CONTEXT('2D SPACE',''
  ) );
#3153 = ADVANCED_FACE('',(#3154),#2487,.T.);
#3154 = FACE_BOUND('',#3155,.T.);
#3155 = EDGE_LOOP('',(#3156,#3157,#3179,#3180));
#3156 = ORIENTED_EDGE('',*,*,#3107,.F.);
#3157 = ORIENTED_EDGE('',*,*,#3158,.T.);
#3158 = EDGE_CURVE('',#3108,#3058,#3159,.T.);
#3159 = SURFACE_CURVE('',#3160,(#3165,#3172),.PCURVE_S1.);
#3160 = CIRCLE('',#3161,3.9);
#3161 = AXIS2_PLACEMENT_3D('',#3162,#3163,#3164);
#3162 = CARTESIAN_POINT('',(-7.5,8.326672684689E-16,-16.));
#3163 = DIRECTION('',(0.,-0.,1.));
#3164 = DIRECTION('',(1.110223024625E-16,1.,0.));
#3165 = PCURVE('',#2487,#3166);
#3166 = DEFINITIONAL_REPRESENTATION('',(#3167),#3171);
#3167 = LINE('',#3168,#3169);
#3168 = CARTESIAN_POINT('',(0.,4.712388980385));
#3169 = VECTOR('',#3170,1.);
#3170 = DIRECTION('',(1.,0.));
#3171 = ( GEOMETRIC_REPRESENTATION_CONTEXT(2) 
PARAMETRIC_REPRESENTATION_CONTEXT() REPRESENTATION_CONTEXT('2D SPACE',''
  ) );
#3172 = PCURVE('',#3019,#3173);
#3173 = DEFINITIONAL_REPRESENTATION('',(#3174),#3178);
#3174 = CIRCLE('',#3175,3.9);
#3175 = AXIS2_PLACEMENT_2D('',#3176,#3177);
#3176 = CARTESIAN_POINT('',(-1.25,120.));
#3177 = DIRECTION('',(1.,0.));
#3178 = ( GEOMETRIC_REPRESENTATION_CONTEXT(2) 
PARAMETRIC_REPRESENTATION_CONTEXT() REPRESENTATION_CONTEXT('2D SPACE',''
  ) );
#3179 = ORIENTED_EDGE('',*,*,#3057,.F.);
#3180 = ORIENTED_EDGE('',*,*,#2472,.F.);
#3181 = ADVANCED_FACE('',(#3182),#2536,.F.);
#3182 = FACE_BOUND('',#3183,.F.);
#3183 = EDGE_LOOP('',(#3184,#3185,#3208,#3269));
#3184 = ORIENTED_EDGE('',*,*,#2518,.F.);
#3185 = ORIENTED_EDGE('',*,*,#3186,.T.);
#3186 = EDGE_CURVE('',#2519,#3187,#3189,.T.);
#3187 = VERTEX_POINT('',#3188);
#3188 = CARTESIAN_POINT('',(1.008544921875,-43.82861328125,0.));
#3189 = SURFACE_CURVE('',#3190,(#3194,#3201),.PCURVE_S1.);
#3190 = LINE('',#3191,#3192);
#3191 = CARTESIAN_POINT('',(1.008544921875,-43.82861328125,-0.6));
#3192 = VECTOR('',#3193,1.);
#3193 = DIRECTION('',(0.,0.,1.));
#3194 = PCURVE('',#2536,#3195);
#3195 = DEFINITIONAL_REPRESENTATION('',(#3196),#3200);
#3196 = LINE('',#3197,#3198);
#3197 = CARTESIAN_POINT('',(0.,0.));
#3198 = VECTOR('',#3199,1.);
#3199 = DIRECTION('',(0.,-1.));
#3200 = ( GEOMETRIC_REPRESENTATION_CONTEXT(2) 
PARAMETRIC_REPRESENTATION_CONTEXT() REPRESENTATION_CONTEXT('2D SPACE',''
  ) );
#3201 = PCURVE('',#2744,#3202);
#3202 = DEFINITIONAL_REPRESENTATION('',(#3203),#3207);
#3203 = LINE('',#3204,#3205);
#3204 = CARTESIAN_POINT('',(1.,0.));
#3205 = VECTOR('',#3206,1.);
#3206 = DIRECTION('',(0.,-1.));
#3207 = ( GEOMETRIC_REPRESENTATION_CONTEXT(2) 
PARAMETRIC_REPRESENTATION_CONTEXT() REPRESENTATION_CONTEXT('2D SPACE',''
  ) );
#3208 = ORIENTED_EDGE('',*,*,#3209,.F.);
#3209 = EDGE_CURVE('',#3210,#3187,#3212,.T.);
#3210 = VERTEX_POINT('',#3211);
#3211 = CARTESIAN_POINT('',(0.77783203125,-42.09497070312,0.));
#3212 = SURFACE_CURVE('',#3213,(#3228,#3246),.PCURVE_S1.);
#3213 = B_SPLINE_CURVE_WITH_KNOTS('',7,(#3214,#3215,#3216,#3217,#3218,
    #3219,#3220,#3221,#3222,#3223,#3224,#3225,#3226,#3227),
  .UNSPECIFIED.,.F.,.F.,(8,6,8),(0.,0.545479600887,1.),.UNSPECIFIED.);
#3214 = CARTESIAN_POINT('',(0.77783203125,-42.09497070312,0.));
#3215 = CARTESIAN_POINT('',(0.826869874092,-42.20191990322,0.));
#3216 = CARTESIAN_POINT('',(0.866260426458,-42.32025269681,0.));
#3217 = CARTESIAN_POINT('',(0.898154816085,-42.4461913547,0.));
#3218 = CARTESIAN_POINT('',(0.923914862728,-42.5772787099,0.));
#3219 = CARTESIAN_POINT('',(0.944677404191,-42.71184156299,0.));
#3220 = CARTESIAN_POINT('',(0.961275658812,-42.84908123484,0.));
#3221 = CARTESIAN_POINT('',(0.985239606921,-43.10550585361,0.));
#3222 = CARTESIAN_POINT('',(0.993656903709,-43.22360606827,0.));
#3223 = CARTESIAN_POINT('',(0.999958640889,-43.34293317689,0.));
#3224 = CARTESIAN_POINT('',(1.004408007506,-43.46324853763,0.));
#3225 = CARTESIAN_POINT('',(1.007212504569,-43.58437570221,0.));
#3226 = CARTESIAN_POINT('',(1.008544921875,-43.70618904422,0.));
#3227 = CARTESIAN_POINT('',(1.008544921875,-43.82861328125,0.));
#3228 = PCURVE('',#2536,#3229);
#3229 = DEFINITIONAL_REPRESENTATION('',(#3230),#3245);
#3230 = B_SPLINE_CURVE_WITH_KNOTS('',7,(#3231,#3232,#3233,#3234,#3235,
    #3236,#3237,#3238,#3239,#3240,#3241,#3242,#3243,#3244),
  .UNSPECIFIED.,.F.,.F.,(8,6,8),(0.,0.545479600887,1.),.UNSPECIFIED.);
#3231 = CARTESIAN_POINT('',(1.,-0.6));
#3232 = CARTESIAN_POINT('',(0.89372539456,-0.6));
#3233 = CARTESIAN_POINT('',(0.795182940486,-0.6));
#3234 = CARTESIAN_POINT('',(0.703152190323,-0.6));
#3235 = CARTESIAN_POINT('',(0.616887165073,-0.6));
#3236 = CARTESIAN_POINT('',(0.535611515725,-0.6));
#3237 = CARTESIAN_POINT('',(0.458582459295,-0.6));
#3238 = CARTESIAN_POINT('',(0.323687480316,-0.6));
#3239 = CARTESIAN_POINT('',(0.264915268208,-0.6));
#3240 = CARTESIAN_POINT('',(0.208354471819,-0.6));
#3241 = CARTESIAN_POINT('',(0.153764926446,-0.6));
#3242 = CARTESIAN_POINT('',(0.100952529665,-0.6));
#3243 = CARTESIAN_POINT('',(4.974699155177E-02,-0.6));
#3244 = CARTESIAN_POINT('',(0.,-0.6));
#3245 = ( GEOMETRIC_REPRESENTATION_CONTEXT(2) 
PARAMETRIC_REPRESENTATION_CONTEXT() REPRESENTATION_CONTEXT('2D SPACE',''
  ) );
#3246 = PCURVE('',#3247,#3252);
#3247 = PLANE('',#3248);
#3248 = AXIS2_PLACEMENT_3D('',#3249,#3250,#3251);
#3249 = CARTESIAN_POINT('',(-24.,-58.,0.));
#3250 = DIRECTION('',(0.,0.,1.));
#3251 = DIRECTION('',(1.,0.,-0.));
#3252 = DEFINITIONAL_REPRESENTATION('',(#3253),#3268);
#3253 = B_SPLINE_CURVE_WITH_KNOTS('',7,(#3254,#3255,#3256,#3257,#3258,
    #3259,#3260,#3261,#3262,#3263,#3264,#3265,#3266,#3267),
  .UNSPECIFIED.,.F.,.F.,(8,6,8),(0.,0.545479600887,1.),.UNSPECIFIED.);
#3254 = CARTESIAN_POINT('',(24.77783203125,15.905029296875));
#3255 = CARTESIAN_POINT('',(24.826869874092,15.798080096771));
#3256 = CARTESIAN_POINT('',(24.866260426458,15.679747303183));
#3257 = CARTESIAN_POINT('',(24.898154816085,15.5538086453));
#3258 = CARTESIAN_POINT('',(24.923914862728,15.422721290091));
#3259 = CARTESIAN_POINT('',(24.944677404191,15.288158437009));
#3260 = CARTESIAN_POINT('',(24.961275658812,15.150918765158));
#3261 = CARTESIAN_POINT('',(24.985239606921,14.89449414639));
#3262 = CARTESIAN_POINT('',(24.993656903709,14.776393931721));
#3263 = CARTESIAN_POINT('',(24.999958640889,14.65706682311));
#3264 = CARTESIAN_POINT('',(25.004408007506,14.536751462368));
#3265 = CARTESIAN_POINT('',(25.007212504569,14.415624297787));
#3266 = CARTESIAN_POINT('',(25.008544921875,14.293810955772));
#3267 = CARTESIAN_POINT('',(25.008544921875,14.17138671875));
#3268 = ( GEOMETRIC_REPRESENTATION_CONTEXT(2) 
PARAMETRIC_REPRESENTATION_CONTEXT() REPRESENTATION_CONTEXT('2D SPACE',''
  ) );
#3269 = ORIENTED_EDGE('',*,*,#3270,.F.);
#3270 = EDGE_CURVE('',#2521,#3210,#3271,.T.);
#3271 = SURFACE_CURVE('',#3272,(#3276,#3283),.PCURVE_S1.);
#3272 = LINE('',#3273,#3274);
#3273 = CARTESIAN_POINT('',(0.77783203125,-42.09497070312,-0.6));
#3274 = VECTOR('',#3275,1.);
#3275 = DIRECTION('',(0.,0.,1.));
#3276 = PCURVE('',#2536,#3277);
#3277 = DEFINITIONAL_REPRESENTATION('',(#3278),#3282);
#3278 = LINE('',#3279,#3280);
#3279 = CARTESIAN_POINT('',(1.,0.));
#3280 = VECTOR('',#3281,1.);
#3281 = DIRECTION('',(0.,-1.));
#3282 = ( GEOMETRIC_REPRESENTATION_CONTEXT(2) 
PARAMETRIC_REPRESENTATION_CONTEXT() REPRESENTATION_CONTEXT('2D SPACE',''
  ) );
#3283 = PCURVE('',#2566,#3284);
#3284 = DEFINITIONAL_REPRESENTATION('',(#3285),#3289);
#3285 = LINE('',#3286,#3287);
#3286 = CARTESIAN_POINT('',(0.,0.));
#3287 = VECTOR('',#3288,1.);
#3288 = DIRECTION('',(0.,-1.));
#3289 = ( GEOMETRIC_REPRESENTATION_CONTEXT(2) 
PARAMETRIC_REPRESENTATION_CONTEXT() REPRESENTATION_CONTEXT('2D SPACE',''
  ) );
#3290 = ADVANCED_FACE('',(#3291),#2566,.F.);
#3291 = FACE_BOUND('',#3292,.F.);
#3292 = EDGE_LOOP('',(#3293,#3294,#3295,#3363));
#3293 = ORIENTED_EDGE('',*,*,#2550,.F.);
#3294 = ORIENTED_EDGE('',*,*,#3270,.T.);
#3295 = ORIENTED_EDGE('',*,*,#3296,.F.);
#3296 = EDGE_CURVE('',#3297,#3210,#3299,.T.);
#3297 = VERTEX_POINT('',#3298);
#3298 = CARTESIAN_POINT('',(2.197265625E-03,-41.591796875,0.));
#3299 = SURFACE_CURVE('',#3300,(#3319,#3341),.PCURVE_S1.);
#3300 = B_SPLINE_CURVE_WITH_KNOTS('',5,(#3301,#3302,#3303,#3304,#3305,
    #3306,#3307,#3308,#3309,#3310,#3311,#3312,#3313,#3314,#3315,#3316,
    #3317,#3318),.UNSPECIFIED.,.F.,.F.,(6,4,4,4,6),(0.,0.165780787876,
    0.486203483945,0.8208026799,1.),.UNSPECIFIED.);
#3301 = CARTESIAN_POINT('',(2.197265625E-03,-41.591796875,0.));
#3302 = CARTESIAN_POINT('',(3.649158960001E-02,-41.591796875,0.));
#3303 = CARTESIAN_POINT('',(7.043047780758E-02,-41.59304247443,0.));
#3304 = CARTESIAN_POINT('',(0.103957700682,-41.59559495867,0.));
#3305 = CARTESIAN_POINT('',(0.137009451981,-41.59951225851,0.));
#3306 = CARTESIAN_POINT('',(0.232349361839,-41.61513646515,0.));
#3307 = CARTESIAN_POINT('',(0.293164920565,-41.6307034845,0.));
#3308 = CARTESIAN_POINT('',(0.351434634065,-41.65186561935,0.));
#3309 = CARTESIAN_POINT('',(0.406652012895,-41.67875841232,0.));
#3310 = CARTESIAN_POINT('',(0.512499913284,-41.74494220678,0.));
#3311 = CARTESIAN_POINT('',(0.562840608279,-41.78474240374,0.));
#3312 = CARTESIAN_POINT('',(0.609004838215,-41.83025990527,0.));
#3313 = CARTESIAN_POINT('',(0.650896293588,-41.88089302253,0.));
#3314 = CARTESIAN_POINT('',(0.708794692299,-41.96540864577,0.));
#3315 = CARTESIAN_POINT('',(0.727790206987,-41.99615325727,0.));
#3316 = CARTESIAN_POINT('',(0.745604548105,-42.02806297623,0.));
#3317 = CARTESIAN_POINT('',(0.762271480524,-42.06103388297,0.));
#3318 = CARTESIAN_POINT('',(0.77783203125,-42.09497070312,0.));
#3319 = PCURVE('',#2566,#3320);
#3320 = DEFINITIONAL_REPRESENTATION('',(#3321),#3340);
#3321 = B_SPLINE_CURVE_WITH_KNOTS('',5,(#3322,#3323,#3324,#3325,#3326,
    #3327,#3328,#3329,#3330,#3331,#3332,#3333,#3334,#3335,#3336,#3337,
    #3338,#3339),.UNSPECIFIED.,.F.,.F.,(6,4,4,4,6),(0.,0.165780787876,
    0.486203483945,0.8208026799,1.),.UNSPECIFIED.);
#3322 = CARTESIAN_POINT('',(1.,-0.6));
#3323 = CARTESIAN_POINT('',(0.968532806675,-0.6));
#3324 = CARTESIAN_POINT('',(0.936678049567,-0.6));
#3325 = CARTESIAN_POINT('',(0.904452207794,-0.6));
#3326 = CARTESIAN_POINT('',(0.871880634634,-0.6));
#3327 = CARTESIAN_POINT('',(0.775447994168,-0.6));
#3328 = CARTESIAN_POINT('',(0.710726378303,-0.6));
#3329 = CARTESIAN_POINT('',(0.645134869064,-0.6));
#3330 = CARTESIAN_POINT('',(0.57906053963,-0.6));
#3331 = CARTESIAN_POINT('',(0.444016735968,-0.6));
#3332 = CARTESIAN_POINT('',(0.375021439073,-0.6));
#3333 = CARTESIAN_POINT('',(0.306582433396,-0.6));
#3334 = CARTESIAN_POINT('',(0.239132842118,-0.6));
#3335 = CARTESIAN_POINT('',(0.137582018662,-0.6));
#3336 = CARTESIAN_POINT('',(0.102536522566,-0.6));
#3337 = CARTESIAN_POINT('',(6.7907248877E-02,-0.6));
#3338 = CARTESIAN_POINT('',(3.372275966899E-02,-0.6));
#3339 = CARTESIAN_POINT('',(0.,-0.6));
#3340 = ( GEOMETRIC_REPRESENTATION_CONTEXT(2) 
PARAMETRIC_REPRESENTATION_CONTEXT() REPRESENTATION_CONTEXT('2D SPACE',''
  ) );
#3341 = PCURVE('',#3247,#3342);
#3342 = DEFINITIONAL_REPRESENTATION('',(#3343),#3362);
#3343 = B_SPLINE_CURVE_WITH_KNOTS('',5,(#3344,#3345,#3346,#3347,#3348,
    #3349,#3350,#3351,#3352,#3353,#3354,#3355,#3356,#3357,#3358,#3359,
    #3360,#3361),.UNSPECIFIED.,.F.,.F.,(6,4,4,4,6),(0.,0.165780787876,
    0.486203483945,0.8208026799,1.),.UNSPECIFIED.);
#3344 = CARTESIAN_POINT('',(24.002197265625,16.408203125));
#3345 = CARTESIAN_POINT('',(24.0364915896,16.408203125));
#3346 = CARTESIAN_POINT('',(24.070430477808,16.406957525565));
#3347 = CARTESIAN_POINT('',(24.103957700682,16.404405041329));
#3348 = CARTESIAN_POINT('',(24.137009451981,16.400487741487));
#3349 = CARTESIAN_POINT('',(24.232349361839,16.38486353485));
#3350 = CARTESIAN_POINT('',(24.293164920565,16.369296515498));
#3351 = CARTESIAN_POINT('',(24.351434634065,16.348134380648));
#3352 = CARTESIAN_POINT('',(24.406652012895,16.321241587671));
#3353 = CARTESIAN_POINT('',(24.512499913284,16.255057793217));
#3354 = CARTESIAN_POINT('',(24.562840608279,16.215257596251));
#3355 = CARTESIAN_POINT('',(24.609004838215,16.169740094724));
#3356 = CARTESIAN_POINT('',(24.650896293588,16.119106977465));
#3357 = CARTESIAN_POINT('',(24.708794692299,16.03459135423));
#3358 = CARTESIAN_POINT('',(24.727790206987,16.003846742726));
#3359 = CARTESIAN_POINT('',(24.745604548105,15.971937023768));
#3360 = CARTESIAN_POINT('',(24.762271480524,15.93896611703));
#3361 = CARTESIAN_POINT('',(24.77783203125,15.905029296875));
#3362 = ( GEOMETRIC_REPRESENTATION_CONTEXT(2) 
PARAMETRIC_REPRESENTATION_CONTEXT() REPRESENTATION_CONTEXT('2D SPACE',''
  ) );
#3363 = ORIENTED_EDGE('',*,*,#3364,.F.);
#3364 = EDGE_CURVE('',#2551,#3297,#3365,.T.);
#3365 = SURFACE_CURVE('',#3366,(#3370,#3377),.PCURVE_S1.);
#3366 = LINE('',#3367,#3368);
#3367 = CARTESIAN_POINT('',(2.197265625E-03,-41.591796875,-0.6));
#3368 = VECTOR('',#3369,1.);
#3369 = DIRECTION('',(0.,0.,1.));
#3370 = PCURVE('',#2566,#3371);
#3371 = DEFINITIONAL_REPRESENTATION('',(#3372),#3376);
#3372 = LINE('',#3373,#3374);
#3373 = CARTESIAN_POINT('',(1.,0.));
#3374 = VECTOR('',#3375,1.);
#3375 = DIRECTION('',(0.,-1.));
#3376 = ( GEOMETRIC_REPRESENTATION_CONTEXT(2) 
PARAMETRIC_REPRESENTATION_CONTEXT() REPRESENTATION_CONTEXT('2D SPACE',''
  ) );
#3377 = PCURVE('',#2596,#3378);
#3378 = DEFINITIONAL_REPRESENTATION('',(#3379),#3383);
#3379 = LINE('',#3380,#3381);
#3380 = CARTESIAN_POINT('',(0.,0.));
#3381 = VECTOR('',#3382,1.);
#3382 = DIRECTION('',(0.,-1.));
#3383 = ( GEOMETRIC_REPRESENTATION_CONTEXT(2) 
PARAMETRIC_REPRESENTATION_CONTEXT() REPRESENTATION_CONTEXT('2D SPACE',''
  ) );
#3384 = ADVANCED_FACE('',(#3385),#2596,.F.);
#3385 = FACE_BOUND('',#3386,.F.);
#3386 = EDGE_LOOP('',(#3387,#3388,#3389,#3457));
#3387 = ORIENTED_EDGE('',*,*,#2580,.F.);
#3388 = ORIENTED_EDGE('',*,*,#3364,.T.);
#3389 = ORIENTED_EDGE('',*,*,#3390,.F.);
#3390 = EDGE_CURVE('',#3391,#3297,#3393,.T.);
#3391 = VERTEX_POINT('',#3392);
#3392 = CARTESIAN_POINT('',(-0.775634765625,-42.09497070312,0.));
#3393 = SURFACE_CURVE('',#3394,(#3413,#3435),.PCURVE_S1.);
#3394 = B_SPLINE_CURVE_WITH_KNOTS('',5,(#3395,#3396,#3397,#3398,#3399,
    #3400,#3401,#3402,#3403,#3404,#3405,#3406,#3407,#3408,#3409,#3410,
    #3411,#3412),.UNSPECIFIED.,.F.,.F.,(6,4,4,4,6),(0.,0.179238234468,
    0.515864474452,0.834315090832,1.),.UNSPECIFIED.);
#3395 = CARTESIAN_POINT('',(-0.775634765625,-42.09497070312,0.));
#3396 = CARTESIAN_POINT('',(-0.759925003746,-42.06103168925,0.));
#3397 = CARTESIAN_POINT('',(-0.743113540937,-42.02806002087,0.));
#3398 = CARTESIAN_POINT('',(-0.725159847001,-41.99615066995,0.));
#3399 = CARTESIAN_POINT('',(-0.706030639359,-41.96540717478,0.));
#3400 = CARTESIAN_POINT('',(-0.647544931407,-41.8805749916,0.));
#3401 = CARTESIAN_POINT('',(-0.60516592233,-41.82967651723,0.));
#3402 = CARTESIAN_POINT('',(-0.558487027059,-41.78395629395,0.));
#3403 = CARTESIAN_POINT('',(-0.507607769342,-41.74402401956,0.));
#3404 = CARTESIAN_POINT('',(-0.401309551639,-41.67811651356,0.));
#3405 = CARTESIAN_POINT('',(-0.346264926809,-41.65149221032,0.));
#3406 = CARTESIAN_POINT('',(-0.288228845937,-41.63052275914,0.));
#3407 = CARTESIAN_POINT('',(-0.227695002665,-41.61507722473,0.));
#3408 = CARTESIAN_POINT('',(-0.132654297137,-41.59951318946,0.));
#3409 = CARTESIAN_POINT('',(-9.958849348718E-02,-41.59559586593,0.));
#3410 = CARTESIAN_POINT('',(-6.605027247266E-02,-41.59304290864,0.));
#3411 = CARTESIAN_POINT('',(-3.210303829307E-02,-41.591796875,0.));
#3412 = CARTESIAN_POINT('',(2.197265625E-03,-41.591796875,0.));
#3413 = PCURVE('',#2596,#3414);
#3414 = DEFINITIONAL_REPRESENTATION('',(#3415),#3434);
#3415 = B_SPLINE_CURVE_WITH_KNOTS('',5,(#3416,#3417,#3418,#3419,#3420,
    #3421,#3422,#3423,#3424,#3425,#3426,#3427,#3428,#3429,#3430,#3431,
    #3432,#3433),.UNSPECIFIED.,.F.,.F.,(6,4,4,4,6),(0.,0.179238234468,
    0.515864474452,0.834315090832,1.),.UNSPECIFIED.);
#3416 = CARTESIAN_POINT('',(1.,-0.6));
#3417 = CARTESIAN_POINT('',(0.966275060453,-0.6));
#3418 = CARTESIAN_POINT('',(0.93208963082,-0.6));
#3419 = CARTESIAN_POINT('',(0.897460558212,-0.6));
#3420 = CARTESIAN_POINT('',(0.862416213857,-0.6));
#3421 = CARTESIAN_POINT('',(0.76048502377,-0.6));
#3422 = CARTESIAN_POINT('',(0.692639969403,-0.6));
#3423 = CARTESIAN_POINT('',(0.623795764227,-0.6));
#3424 = CARTESIAN_POINT('',(0.554390626678,-0.6));
#3425 = CARTESIAN_POINT('',(0.419356015034,-0.6));
#3426 = CARTESIAN_POINT('',(0.353700715265,-0.6));
#3427 = CARTESIAN_POINT('',(0.288518002607,-0.6));
#3428 = CARTESIAN_POINT('',(0.224186373818,-0.6));
#3429 = CARTESIAN_POINT('',(0.128125111185,-0.6));
#3430 = CARTESIAN_POINT('',(9.555632656728E-02,-0.6));
#3431 = CARTESIAN_POINT('',(6.33303515125E-02,-0.6));
#3432 = CARTESIAN_POINT('',(3.147268029758E-02,-0.6));
#3433 = CARTESIAN_POINT('',(0.,-0.6));
#3434 = ( GEOMETRIC_REPRESENTATION_CONTEXT(2) 
PARAMETRIC_REPRESENTATION_CONTEXT() REPRESENTATION_CONTEXT('2D SPACE',''
  ) );
#3435 = PCURVE('',#3247,#3436);
#3436 = DEFINITIONAL_REPRESENTATION('',(#3437),#3456);
#3437 = B_SPLINE_CURVE_WITH_KNOTS('',5,(#3438,#3439,#3440,#3441,#3442,
    #3443,#3444,#3445,#3446,#3447,#3448,#3449,#3450,#3451,#3452,#3453,
    #3454,#3455),.UNSPECIFIED.,.F.,.F.,(6,4,4,4,6),(0.,0.179238234468,
    0.515864474452,0.834315090832,1.),.UNSPECIFIED.);
#3438 = CARTESIAN_POINT('',(23.224365234375,15.905029296875));
#3439 = CARTESIAN_POINT('',(23.240074996254,15.938968310745));
#3440 = CARTESIAN_POINT('',(23.256886459063,15.971939979125));
#3441 = CARTESIAN_POINT('',(23.274840152999,16.003849330047));
#3442 = CARTESIAN_POINT('',(23.293969360641,16.034592825215));
#3443 = CARTESIAN_POINT('',(23.352455068593,16.119425008394));
#3444 = CARTESIAN_POINT('',(23.39483407767,16.170323482767));
#3445 = CARTESIAN_POINT('',(23.441512972941,16.216043706043));
#3446 = CARTESIAN_POINT('',(23.492392230658,16.255975980435));
#3447 = CARTESIAN_POINT('',(23.598690448361,16.321883486432));
#3448 = CARTESIAN_POINT('',(23.653735073191,16.348507789675));
#3449 = CARTESIAN_POINT('',(23.711771154063,16.369477240859));
#3450 = CARTESIAN_POINT('',(23.772304997335,16.38492277527));
#3451 = CARTESIAN_POINT('',(23.867345702863,16.400486810538));
#3452 = CARTESIAN_POINT('',(23.900411506513,16.404404134064));
#3453 = CARTESIAN_POINT('',(23.933949727527,16.406957091355));
#3454 = CARTESIAN_POINT('',(23.967896961707,16.408203125));
#3455 = CARTESIAN_POINT('',(24.002197265625,16.408203125));
#3456 = ( GEOMETRIC_REPRESENTATION_CONTEXT(2) 
PARAMETRIC_REPRESENTATION_CONTEXT() REPRESENTATION_CONTEXT('2D SPACE',''
  ) );
#3457 = ORIENTED_EDGE('',*,*,#3458,.F.);
#3458 = EDGE_CURVE('',#2581,#3391,#3459,.T.);
#3459 = SURFACE_CURVE('',#3460,(#3464,#3471),.PCURVE_S1.);
#3460 = LINE('',#3461,#3462);
#3461 = CARTESIAN_POINT('',(-0.775634765625,-42.09497070312,-0.6));
#3462 = VECTOR('',#3463,1.);
#3463 = DIRECTION('',(0.,0.,1.));
#3464 = PCURVE('',#2596,#3465);
#3465 = DEFINITIONAL_REPRESENTATION('',(#3466),#3470);
#3466 = LINE('',#3467,#3468);
#3467 = CARTESIAN_POINT('',(1.,0.));
#3468 = VECTOR('',#3469,1.);
#3469 = DIRECTION('',(0.,-1.));
#3470 = ( GEOMETRIC_REPRESENTATION_CONTEXT(2) 
PARAMETRIC_REPRESENTATION_CONTEXT() REPRESENTATION_CONTEXT('2D SPACE',''
  ) );
#3471 = PCURVE('',#2626,#3472);
#3472 = DEFINITIONAL_REPRESENTATION('',(#3473),#3477);
#3473 = LINE('',#3474,#3475);
#3474 = CARTESIAN_POINT('',(0.,0.));
#3475 = VECTOR('',#3476,1.);
#3476 = DIRECTION('',(0.,-1.));
#3477 = ( GEOMETRIC_REPRESENTATION_CONTEXT(2) 
PARAMETRIC_REPRESENTATION_CONTEXT() REPRESENTATION_CONTEXT('2D SPACE',''
  ) );
#3478 = ADVANCED_FACE('',(#3479),#2626,.F.);
#3479 = FACE_BOUND('',#3480,.F.);
#3480 = EDGE_LOOP('',(#3481,#3482,#3483,#3545));
#3481 = ORIENTED_EDGE('',*,*,#2610,.F.);
#3482 = ORIENTED_EDGE('',*,*,#3458,.T.);
#3483 = ORIENTED_EDGE('',*,*,#3484,.F.);
#3484 = EDGE_CURVE('',#3485,#3391,#3487,.T.);
#3485 = VERTEX_POINT('',#3486);
#3486 = CARTESIAN_POINT('',(-1.008544921875,-43.82861328125,0.));
#3487 = SURFACE_CURVE('',#3488,(#3505,#3525),.PCURVE_S1.);
#3488 = B_SPLINE_CURVE_WITH_KNOTS('',8,(#3489,#3490,#3491,#3492,#3493,
    #3494,#3495,#3496,#3497,#3498,#3499,#3500,#3501,#3502,#3503,#3504),
  .UNSPECIFIED.,.F.,.F.,(9,7,9),(0.,0.7164686968,1.),.UNSPECIFIED.);
#3489 = CARTESIAN_POINT('',(-1.008544921875,-43.82861328125,0.));
#3490 = CARTESIAN_POINT('',(-1.008544921875,-43.65972622473,0.));
#3491 = CARTESIAN_POINT('',(-1.006037358122,-43.49217549938,0.));
#3492 = CARTESIAN_POINT('',(-1.000687028842,-43.32594301829,0.));
#3493 = CARTESIAN_POINT('',(-0.992041477631,-43.16127155837,0.));
#3494 = CARTESIAN_POINT('',(-0.979542373206,-42.99865259404,0.));
#3495 = CARTESIAN_POINT('',(-0.962399024072,-42.83891448679,0.));
#3496 = CARTESIAN_POINT('',(-0.939638769859,-42.68318480971,0.));
#3497 = CARTESIAN_POINT('',(-0.897620343679,-42.47392682166,0.));
#3498 = CARTESIAN_POINT('',(-0.884566005264,-42.41555156774,0.));
#3499 = CARTESIAN_POINT('',(-0.870266764526,-42.35824123756,0.));
#3500 = CARTESIAN_POINT('',(-0.854607099674,-42.30215443448,0.));
#3501 = CARTESIAN_POINT('',(-0.837459724784,-42.24749972748,0.));
#3502 = CARTESIAN_POINT('',(-0.818685244417,-42.19453600098,0.));
#3503 = CARTESIAN_POINT('',(-0.798131808237,-42.14357280461,0.));
#3504 = CARTESIAN_POINT('',(-0.775634765625,-42.09497070312,0.));
#3505 = PCURVE('',#2626,#3506);
#3506 = DEFINITIONAL_REPRESENTATION('',(#3507),#3524);
#3507 = B_SPLINE_CURVE_WITH_KNOTS('',8,(#3508,#3509,#3510,#3511,#3512,
    #3513,#3514,#3515,#3516,#3517,#3518,#3519,#3520,#3521,#3522,#3523),
  .UNSPECIFIED.,.F.,.F.,(9,7,9),(0.,0.7164686968,1.),.UNSPECIFIED.);
#3508 = CARTESIAN_POINT('',(1.,-0.6));
#3509 = CARTESIAN_POINT('',(0.93137287862,-0.6));
#3510 = CARTESIAN_POINT('',(0.860106969591,-0.6));
#3511 = CARTESIAN_POINT('',(0.785769591499,-0.6));
#3512 = CARTESIAN_POINT('',(0.707885282372,-0.6));
#3513 = CARTESIAN_POINT('',(0.625945295415,-0.6));
#3514 = CARTESIAN_POINT('',(0.539282939763,-0.6));
#3515 = CARTESIAN_POINT('',(0.447122211726,-0.6));
#3516 = CARTESIAN_POINT('',(0.308773931936,-0.6));
#3517 = CARTESIAN_POINT('',(0.268488767062,-0.6));
#3518 = CARTESIAN_POINT('',(0.227056697834,-0.6));
#3519 = CARTESIAN_POINT('',(0.18439558898,-0.6));
#3520 = CARTESIAN_POINT('',(0.140428681407,-0.6));
#3521 = CARTESIAN_POINT('',(9.508429609966E-02,-0.6));
#3522 = CARTESIAN_POINT('',(4.829553801771E-02,-0.6));
#3523 = CARTESIAN_POINT('',(0.,-0.6));
#3524 = ( GEOMETRIC_REPRESENTATION_CONTEXT(2) 
PARAMETRIC_REPRESENTATION_CONTEXT() REPRESENTATION_CONTEXT('2D SPACE',''
  ) );
#3525 = PCURVE('',#3247,#3526);
#3526 = DEFINITIONAL_REPRESENTATION('',(#3527),#3544);
#3527 = B_SPLINE_CURVE_WITH_KNOTS('',8,(#3528,#3529,#3530,#3531,#3532,
    #3533,#3534,#3535,#3536,#3537,#3538,#3539,#3540,#3541,#3542,#3543),
  .UNSPECIFIED.,.F.,.F.,(9,7,9),(0.,0.7164686968,1.),.UNSPECIFIED.);
#3528 = CARTESIAN_POINT('',(22.991455078125,14.17138671875));
#3529 = CARTESIAN_POINT('',(22.991455078125,14.34027377527));
#3530 = CARTESIAN_POINT('',(22.993962641878,14.507824500612));
#3531 = CARTESIAN_POINT('',(22.999312971158,14.674056981709));
#3532 = CARTESIAN_POINT('',(23.007958522369,14.838728441622));
#3533 = CARTESIAN_POINT('',(23.020457626794,15.00134740596));
#3534 = CARTESIAN_POINT('',(23.037600975928,15.161085513205));
#3535 = CARTESIAN_POINT('',(23.060361230141,15.31681519029));
#3536 = CARTESIAN_POINT('',(23.102379656321,15.526073178337));
#3537 = CARTESIAN_POINT('',(23.115433994736,15.584448432253));
#3538 = CARTESIAN_POINT('',(23.129733235474,15.641758762438));
#3539 = CARTESIAN_POINT('',(23.145392900326,15.697845565517));
#3540 = CARTESIAN_POINT('',(23.162540275216,15.752500272513));
#3541 = CARTESIAN_POINT('',(23.181314755583,15.80546399902));
#3542 = CARTESIAN_POINT('',(23.201868191763,15.856427195384));
#3543 = CARTESIAN_POINT('',(23.224365234375,15.905029296875));
#3544 = ( GEOMETRIC_REPRESENTATION_CONTEXT(2) 
PARAMETRIC_REPRESENTATION_CONTEXT() REPRESENTATION_CONTEXT('2D SPACE',''
  ) );
#3545 = ORIENTED_EDGE('',*,*,#3546,.F.);
#3546 = EDGE_CURVE('',#2611,#3485,#3547,.T.);
#3547 = SURFACE_CURVE('',#3548,(#3552,#3559),.PCURVE_S1.);
#3548 = LINE('',#3549,#3550);
#3549 = CARTESIAN_POINT('',(-1.008544921875,-43.82861328125,-0.6));
#3550 = VECTOR('',#3551,1.);
#3551 = DIRECTION('',(0.,0.,1.));
#3552 = PCURVE('',#2626,#3553);
#3553 = DEFINITIONAL_REPRESENTATION('',(#3554),#3558);
#3554 = LINE('',#3555,#3556);
#3555 = CARTESIAN_POINT('',(1.,0.));
#3556 = VECTOR('',#3557,1.);
#3557 = DIRECTION('',(0.,-1.));
#3558 = ( GEOMETRIC_REPRESENTATION_CONTEXT(2) 
PARAMETRIC_REPRESENTATION_CONTEXT() REPRESENTATION_CONTEXT('2D SPACE',''
  ) );
#3559 = PCURVE('',#2656,#3560);
#3560 = DEFINITIONAL_REPRESENTATION('',(#3561),#3565);
#3561 = LINE('',#3562,#3563);
#3562 = CARTESIAN_POINT('',(0.,0.));
#3563 = VECTOR('',#3564,1.);
#3564 = DIRECTION('',(0.,-1.));
#3565 = ( GEOMETRIC_REPRESENTATION_CONTEXT(2) 
PARAMETRIC_REPRESENTATION_CONTEXT() REPRESENTATION_CONTEXT('2D SPACE',''
  ) );
#3566 = ADVANCED_FACE('',(#3567),#2656,.F.);
#3567 = FACE_BOUND('',#3568,.F.);
#3568 = EDGE_LOOP('',(#3569,#3570,#3571,#3627));
#3569 = ORIENTED_EDGE('',*,*,#2640,.F.);
#3570 = ORIENTED_EDGE('',*,*,#3546,.T.);
#3571 = ORIENTED_EDGE('',*,*,#3572,.F.);
#3572 = EDGE_CURVE('',#3573,#3485,#3575,.T.);
#3573 = VERTEX_POINT('',#3574);
#3574 = CARTESIAN_POINT('',(-0.775634765625,-45.58203125,0.));
#3575 = SURFACE_CURVE('',#3576,(#3591,#3609),.PCURVE_S1.);
#3576 = B_SPLINE_CURVE_WITH_KNOTS('',7,(#3577,#3578,#3579,#3580,#3581,
    #3582,#3583,#3584,#3585,#3586,#3587,#3588,#3589,#3590),
  .UNSPECIFIED.,.F.,.F.,(8,6,8),(0.,0.541008509482,1.),.UNSPECIFIED.);
#3577 = CARTESIAN_POINT('',(-0.775634765625,-45.58203125,0.));
#3578 = CARTESIAN_POINT('',(-0.82481155261,-45.47439903697,0.));
#3579 = CARTESIAN_POINT('',(-0.864349927846,-45.35552392583,0.));
#3580 = CARTESIAN_POINT('',(-0.896405495777,-45.22914438635,0.));
#3581 = CARTESIAN_POINT('',(-0.922335403435,-45.09768437084,0.));
#3582 = CARTESIAN_POINT('',(-0.943273433174,-44.96279441431,0.));
#3583 = CARTESIAN_POINT('',(-0.960049637385,-44.82526043208,0.));
#3584 = CARTESIAN_POINT('',(-0.98454294295,-44.56622920224,0.));
#3585 = CARTESIAN_POINT('',(-0.993220313145,-44.44574956749,0.));
#3586 = CARTESIAN_POINT('',(-0.999711013192,-44.32401925439,0.));
#3587 = CARTESIAN_POINT('',(-1.004290471312,-44.20128517553,0.));
#3588 = CARTESIAN_POINT('',(-1.007175107856,-44.07772911955,0.));
#3589 = CARTESIAN_POINT('',(-1.008544921875,-43.95347981678,0.));
#3590 = CARTESIAN_POINT('',(-1.008544921875,-43.82861328125,0.));
#3591 = PCURVE('',#2656,#3592);
#3592 = DEFINITIONAL_REPRESENTATION('',(#3593),#3608);
#3593 = B_SPLINE_CURVE_WITH_KNOTS('',7,(#3594,#3595,#3596,#3597,#3598,
    #3599,#3600,#3601,#3602,#3603,#3604,#3605,#3606,#3607),
  .UNSPECIFIED.,.F.,.F.,(8,6,8),(0.,0.541008509482,1.),.UNSPECIFIED.);
#3594 = CARTESIAN_POINT('',(1.,-0.6));
#3595 = CARTESIAN_POINT('',(0.894429706765,-0.6));
#3596 = CARTESIAN_POINT('',(0.796549340635,-0.6));
#3597 = CARTESIAN_POINT('',(0.705131179963,-0.6));
#3598 = CARTESIAN_POINT('',(0.619430506509,-0.6));
#3599 = CARTESIAN_POINT('',(0.538674616777,-0.6));
#3600 = CARTESIAN_POINT('',(0.462127962458,-0.6));
#3601 = CARTESIAN_POINT('',(0.326958254078,-0.6));
#3602 = CARTESIAN_POINT('',(0.267527844204,-0.6));
#3603 = CARTESIAN_POINT('',(0.210364706021,-0.6));
#3604 = CARTESIAN_POINT('',(0.155219193344,-0.6));
#3605 = CARTESIAN_POINT('',(0.101890229217,-0.6));
#3606 = CARTESIAN_POINT('',(5.02015439309E-02,-0.6));
#3607 = CARTESIAN_POINT('',(0.,-0.6));
#3608 = ( GEOMETRIC_REPRESENTATION_CONTEXT(2) 
PARAMETRIC_REPRESENTATION_CONTEXT() REPRESENTATION_CONTEXT('2D SPACE',''
  ) );
#3609 = PCURVE('',#3247,#3610);
#3610 = DEFINITIONAL_REPRESENTATION('',(#3611),#3626);
#3611 = B_SPLINE_CURVE_WITH_KNOTS('',7,(#3612,#3613,#3614,#3615,#3616,
    #3617,#3618,#3619,#3620,#3621,#3622,#3623,#3624,#3625),
  .UNSPECIFIED.,.F.,.F.,(8,6,8),(0.,0.541008509482,1.),.UNSPECIFIED.);
#3612 = CARTESIAN_POINT('',(23.224365234375,12.41796875));
#3613 = CARTESIAN_POINT('',(23.17518844739,12.525600963025));
#3614 = CARTESIAN_POINT('',(23.135650072154,12.644476074167));
#3615 = CARTESIAN_POINT('',(23.103594504223,12.770855613646));
#3616 = CARTESIAN_POINT('',(23.077664596565,12.902315629151));
#3617 = CARTESIAN_POINT('',(23.056726566826,13.037205585687));
#3618 = CARTESIAN_POINT('',(23.039950362615,13.174739567917));
#3619 = CARTESIAN_POINT('',(23.01545705705,13.433770797754));
#3620 = CARTESIAN_POINT('',(23.006779686855,13.554250432501));
#3621 = CARTESIAN_POINT('',(23.000288986808,13.675980745608));
#3622 = CARTESIAN_POINT('',(22.995709528688,13.798714824462));
#3623 = CARTESIAN_POINT('',(22.992824892144,13.922270880446));
#3624 = CARTESIAN_POINT('',(22.991455078125,14.046520183211));
#3625 = CARTESIAN_POINT('',(22.991455078125,14.17138671875));
#3626 = ( GEOMETRIC_REPRESENTATION_CONTEXT(2) 
PARAMETRIC_REPRESENTATION_CONTEXT() REPRESENTATION_CONTEXT('2D SPACE',''
  ) );
#3627 = ORIENTED_EDGE('',*,*,#3628,.F.);
#3628 = EDGE_CURVE('',#2641,#3573,#3629,.T.);
#3629 = SURFACE_CURVE('',#3630,(#3634,#3641),.PCURVE_S1.);
#3630 = LINE('',#3631,#3632);
#3631 = CARTESIAN_POINT('',(-0.775634765625,-45.58203125,-0.6));
#3632 = VECTOR('',#3633,1.);
#3633 = DIRECTION('',(0.,0.,1.));
#3634 = PCURVE('',#2656,#3635);
#3635 = DEFINITIONAL_REPRESENTATION('',(#3636),#3640);
#3636 = LINE('',#3637,#3638);
#3637 = CARTESIAN_POINT('',(1.,0.));
#3638 = VECTOR('',#3639,1.);
#3639 = DIRECTION('',(0.,-1.));
#3640 = ( GEOMETRIC_REPRESENTATION_CONTEXT(2) 
PARAMETRIC_REPRESENTATION_CONTEXT() REPRESENTATION_CONTEXT('2D SPACE',''
  ) );
#3641 = PCURVE('',#2686,#3642);
#3642 = DEFINITIONAL_REPRESENTATION('',(#3643),#3647);
#3643 = LINE('',#3644,#3645);
#3644 = CARTESIAN_POINT('',(0.,0.));
#3645 = VECTOR('',#3646,1.);
#3646 = DIRECTION('',(0.,-1.));
#3647 = ( GEOMETRIC_REPRESENTATION_CONTEXT(2) 
PARAMETRIC_REPRESENTATION_CONTEXT() REPRESENTATION_CONTEXT('2D SPACE',''
  ) );
#3648 = ADVANCED_FACE('',(#3649),#2686,.F.);
#3649 = FACE_BOUND('',#3650,.F.);
#3650 = EDGE_LOOP('',(#3651,#3652,#3653,#3721));
#3651 = ORIENTED_EDGE('',*,*,#2670,.F.);
#3652 = ORIENTED_EDGE('',*,*,#3628,.T.);
#3653 = ORIENTED_EDGE('',*,*,#3654,.F.);
#3654 = EDGE_CURVE('',#3655,#3573,#3657,.T.);
#3655 = VERTEX_POINT('',#3656);
#3656 = CARTESIAN_POINT('',(2.197265625E-03,-46.091796875,0.));
#3657 = SURFACE_CURVE('',#3658,(#3677,#3699),.PCURVE_S1.);
#3658 = B_SPLINE_CURVE_WITH_KNOTS('',5,(#3659,#3660,#3661,#3662,#3663,
    #3664,#3665,#3666,#3667,#3668,#3669,#3670,#3671,#3672,#3673,#3674,
    #3675,#3676),.UNSPECIFIED.,.F.,.F.,(6,4,4,4,6),(0.,0.16129915493,
    0.47459125351,0.816164629946,1.),.UNSPECIFIED.);
#3659 = CARTESIAN_POINT('',(2.197265625E-03,-46.091796875,0.));
#3660 = CARTESIAN_POINT('',(-3.126974636782E-02,-46.091796875,0.));
#3661 = CARTESIAN_POINT('',(-6.440063618373E-02,-46.09059510906,0.));
#3662 = CARTESIAN_POINT('',(-9.714262335755E-02,-46.08813427311,0.));
#3663 = CARTESIAN_POINT('',(-0.129436099013,-46.08436047155,0.));
#3664 = CARTESIAN_POINT('',(-0.222946445967,-46.06926995168,0.));
#3665 = CARTESIAN_POINT('',(-0.282757080653,-46.0541941698,0.));
#3666 = CARTESIAN_POINT('',(-0.340149092309,-46.03369794612,0.));
#3667 = CARTESIAN_POINT('',(-0.394644454246,-46.00765502952,0.));
#3668 = CARTESIAN_POINT('',(-0.501728085946,-45.94210660807,0.));
#3669 = CARTESIAN_POINT('',(-0.553722810501,-45.90158405554,0.));
#3670 = CARTESIAN_POINT('',(-0.601368842184,-45.85502129979,0.));
#3671 = CARTESIAN_POINT('',(-0.644565681119,-45.80307596488,0.));
#3672 = CARTESIAN_POINT('',(-0.704315394021,-45.71607815208,0.));
#3673 = CARTESIAN_POINT('',(-0.723963732573,-45.68429744291,0.));
#3674 = CARTESIAN_POINT('',(-0.74237340087,-45.65128871367,0.));
#3675 = CARTESIAN_POINT('',(-0.759582014735,-45.6171655727,0.));
#3676 = CARTESIAN_POINT('',(-0.775634765625,-45.58203125,0.));
#3677 = PCURVE('',#2686,#3678);
#3678 = DEFINITIONAL_REPRESENTATION('',(#3679),#3698);
#3679 = B_SPLINE_CURVE_WITH_KNOTS('',5,(#3680,#3681,#3682,#3683,#3684,
    #3685,#3686,#3687,#3688,#3689,#3690,#3691,#3692,#3693,#3694,#3695,
    #3696,#3697),.UNSPECIFIED.,.F.,.F.,(6,4,4,4,6),(0.,0.16129915493,
    0.47459125351,0.816164629946,1.),.UNSPECIFIED.);
#3680 = CARTESIAN_POINT('',(1.,-0.6));
#3681 = CARTESIAN_POINT('',(0.969291917311,-0.6));
#3682 = CARTESIAN_POINT('',(0.938217322035,-0.6));
#3683 = CARTESIAN_POINT('',(0.906792460911,-0.6));
#3684 = CARTESIAN_POINT('',(0.875041760432,-0.6));
#3685 = CARTESIAN_POINT('',(0.780765139735,-0.6));
#3686 = CARTESIAN_POINT('',(0.71741839585,-0.6));
#3687 = CARTESIAN_POINT('',(0.653246706947,-0.6));
#3688 = CARTESIAN_POINT('',(0.588617788386,-0.6));
#3689 = CARTESIAN_POINT('',(0.453549081331,-0.6));
#3690 = CARTESIAN_POINT('',(0.383082721939,-0.6));
#3691 = CARTESIAN_POINT('',(0.313214312434,-0.6));
#3692 = CARTESIAN_POINT('',(0.244405397082,-0.6));
#3693 = CARTESIAN_POINT('',(0.14072230106,-0.6));
#3694 = CARTESIAN_POINT('',(0.104845300951,-0.6));
#3695 = CARTESIAN_POINT('',(6.941518809556E-02,-0.6));
#3696 = CARTESIAN_POINT('',(3.446125138549E-02,-0.6));
#3697 = CARTESIAN_POINT('',(0.,-0.6));
#3698 = ( GEOMETRIC_REPRESENTATION_CONTEXT(2) 
PARAMETRIC_REPRESENTATION_CONTEXT() REPRESENTATION_CONTEXT('2D SPACE',''
  ) );
#3699 = PCURVE('',#3247,#3700);
#3700 = DEFINITIONAL_REPRESENTATION('',(#3701),#3720);
#3701 = B_SPLINE_CURVE_WITH_KNOTS('',5,(#3702,#3703,#3704,#3705,#3706,
    #3707,#3708,#3709,#3710,#3711,#3712,#3713,#3714,#3715,#3716,#3717,
    #3718,#3719),.UNSPECIFIED.,.F.,.F.,(6,4,4,4,6),(0.,0.16129915493,
    0.47459125351,0.816164629946,1.),.UNSPECIFIED.);
#3702 = CARTESIAN_POINT('',(24.002197265625,11.908203125));
#3703 = CARTESIAN_POINT('',(23.968730253632,11.908203125));
#3704 = CARTESIAN_POINT('',(23.935599363816,11.909404890931));
#3705 = CARTESIAN_POINT('',(23.902857376642,11.911865726884));
#3706 = CARTESIAN_POINT('',(23.870563900987,11.915639528448));
#3707 = CARTESIAN_POINT('',(23.777053554033,11.930730048317));
#3708 = CARTESIAN_POINT('',(23.717242919347,11.945805830197));
#3709 = CARTESIAN_POINT('',(23.659850907691,11.966302053872));
#3710 = CARTESIAN_POINT('',(23.605355545754,11.992344970477));
#3711 = CARTESIAN_POINT('',(23.498271914054,12.057893391921));
#3712 = CARTESIAN_POINT('',(23.446277189499,12.09841594446));
#3713 = CARTESIAN_POINT('',(23.398631157816,12.144978700204));
#3714 = CARTESIAN_POINT('',(23.355434318881,12.196924035119));
#3715 = CARTESIAN_POINT('',(23.295684605979,12.283921847912));
#3716 = CARTESIAN_POINT('',(23.276036267427,12.315702557083));
#3717 = CARTESIAN_POINT('',(23.25762659913,12.348711286325));
#3718 = CARTESIAN_POINT('',(23.240417985265,12.382834427298));
#3719 = CARTESIAN_POINT('',(23.224365234375,12.41796875));
#3720 = ( GEOMETRIC_REPRESENTATION_CONTEXT(2) 
PARAMETRIC_REPRESENTATION_CONTEXT() REPRESENTATION_CONTEXT('2D SPACE',''
  ) );
#3721 = ORIENTED_EDGE('',*,*,#3722,.F.);
#3722 = EDGE_CURVE('',#2671,#3655,#3723,.T.);
#3723 = SURFACE_CURVE('',#3724,(#3728,#3735),.PCURVE_S1.);
#3724 = LINE('',#3725,#3726);
#3725 = CARTESIAN_POINT('',(2.197265625E-03,-46.091796875,-0.6));
#3726 = VECTOR('',#3727,1.);
#3727 = DIRECTION('',(0.,0.,1.));
#3728 = PCURVE('',#2686,#3729);
#3729 = DEFINITIONAL_REPRESENTATION('',(#3730),#3734);
#3730 = LINE('',#3731,#3732);
#3731 = CARTESIAN_POINT('',(1.,0.));
#3732 = VECTOR('',#3733,1.);
#3733 = DIRECTION('',(0.,-1.));
#3734 = ( GEOMETRIC_REPRESENTATION_CONTEXT(2) 
PARAMETRIC_REPRESENTATION_CONTEXT() REPRESENTATION_CONTEXT('2D SPACE',''
  ) );
#3735 = PCURVE('',#2716,#3736);
#3736 = DEFINITIONAL_REPRESENTATION('',(#3737),#3741);
#3737 = LINE('',#3738,#3739);
#3738 = CARTESIAN_POINT('',(0.,0.));
#3739 = VECTOR('',#3740,1.);
#3740 = DIRECTION('',(0.,-1.));
#3741 = ( GEOMETRIC_REPRESENTATION_CONTEXT(2) 
PARAMETRIC_REPRESENTATION_CONTEXT() REPRESENTATION_CONTEXT('2D SPACE',''
  ) );
#3742 = ADVANCED_FACE('',(#3743),#2716,.F.);
#3743 = FACE_BOUND('',#3744,.F.);
#3744 = EDGE_LOOP('',(#3745,#3746,#3747,#3815));
#3745 = ORIENTED_EDGE('',*,*,#2700,.F.);
#3746 = ORIENTED_EDGE('',*,*,#3722,.T.);
#3747 = ORIENTED_EDGE('',*,*,#3748,.F.);
#3748 = EDGE_CURVE('',#3749,#3655,#3751,.T.);
#3749 = VERTEX_POINT('',#3750);
#3750 = CARTESIAN_POINT('',(0.775634765625,-45.58203125,0.));
#3751 = SURFACE_CURVE('',#3752,(#3771,#3793),.PCURVE_S1.);
#3752 = B_SPLINE_CURVE_WITH_KNOTS('',5,(#3753,#3754,#3755,#3756,#3757,
    #3758,#3759,#3760,#3761,#3762,#3763,#3764,#3765,#3766,#3767,#3768,
    #3769,#3770),.UNSPECIFIED.,.F.,.F.,(6,4,4,4,6),(0.,0.187203145392,
    0.532801783334,0.842052032701,1.),.UNSPECIFIED.);
#3753 = CARTESIAN_POINT('',(0.775634765625,-45.58203125,0.));
#3754 = CARTESIAN_POINT('',(0.759319910022,-45.61773923584,0.));
#3755 = CARTESIAN_POINT('',(0.7418233166,-45.65240558696,0.));
#3756 = CARTESIAN_POINT('',(0.723097620736,-45.6859223439,0.));
#3757 = CARTESIAN_POINT('',(0.70310323992,-45.71817022399,0.));
#3758 = CARTESIAN_POINT('',(0.642529569214,-45.80600204651,0.));
#3759 = CARTESIAN_POINT('',(0.598835069222,-45.85826187831,0.));
#3760 = CARTESIAN_POINT('',(0.550637749057,-45.90501576838,0.));
#3761 = CARTESIAN_POINT('',(0.49804026477,-45.94558383231,0.));
#3762 = CARTESIAN_POINT('',(0.390997563755,-46.01016796347,0.));
#3763 = CARTESIAN_POINT('',(0.337310027195,-46.03548738114,0.));
#3764 = CARTESIAN_POINT('',(0.280838672711,-46.05540915803,0.));
#3765 = CARTESIAN_POINT('',(0.222037875779,-46.070051984,0.));
#3766 = CARTESIAN_POINT('',(0.130405706262,-46.08463866263,0.));
#3767 = CARTESIAN_POINT('',(9.894050371297E-02,-46.08826953814,0.));
#3768 = CARTESIAN_POINT('',(6.704792293136E-02,-46.09063892134,0.));
#3769 = CARTESIAN_POINT('',(3.478365181012E-02,-46.091796875,0.));
#3770 = CARTESIAN_POINT('',(2.197265625E-03,-46.091796875,0.));
#3771 = PCURVE('',#2716,#3772);
#3772 = DEFINITIONAL_REPRESENTATION('',(#3773),#3792);
#3773 = B_SPLINE_CURVE_WITH_KNOTS('',5,(#3774,#3775,#3776,#3777,#3778,
    #3779,#3780,#3781,#3782,#3783,#3784,#3785,#3786,#3787,#3788,#3789,
    #3790,#3791),.UNSPECIFIED.,.F.,.F.,(6,4,4,4,6),(0.,0.187203145392,
    0.532801783334,0.842052032701,1.),.UNSPECIFIED.);
#3774 = CARTESIAN_POINT('',(1.,-0.6));
#3775 = CARTESIAN_POINT('',(0.964976075183,-0.6));
#3776 = CARTESIAN_POINT('',(0.929440460125,-0.6));
#3777 = CARTESIAN_POINT('',(0.89340960479,-0.6));
#3778 = CARTESIAN_POINT('',(0.856913478453,-0.6));
#3779 = CARTESIAN_POINT('',(0.75185345338,-0.6));
#3780 = CARTESIAN_POINT('',(0.682263444418,-0.6));
#3781 = CARTESIAN_POINT('',(0.611581659862,-0.6));
#3782 = CARTESIAN_POINT('',(0.540282572578,-0.6));
#3783 = CARTESIAN_POINT('',(0.405214582683,-0.6));
#3784 = CARTESIAN_POINT('',(0.341419016836,-0.6));
#3785 = CARTESIAN_POINT('',(0.278061337346,-0.6));
#3786 = CARTESIAN_POINT('',(0.215495598722,-0.6));
#3787 = CARTESIAN_POINT('',(0.122591440635,-0.6));
#3788 = CARTESIAN_POINT('',(9.145865105412E-02,-0.6));
#3789 = CARTESIAN_POINT('',(6.063469610013E-02,-0.6));
#3790 = CARTESIAN_POINT('',(3.014314313782E-02,-0.6));
#3791 = CARTESIAN_POINT('',(0.,-0.6));
#3792 = ( GEOMETRIC_REPRESENTATION_CONTEXT(2) 
PARAMETRIC_REPRESENTATION_CONTEXT() REPRESENTATION_CONTEXT('2D SPACE',''
  ) );
#3793 = PCURVE('',#3247,#3794);
#3794 = DEFINITIONAL_REPRESENTATION('',(#3795),#3814);
#3795 = B_SPLINE_CURVE_WITH_KNOTS('',5,(#3796,#3797,#3798,#3799,#3800,
    #3801,#3802,#3803,#3804,#3805,#3806,#3807,#3808,#3809,#3810,#3811,
    #3812,#3813),.UNSPECIFIED.,.F.,.F.,(6,4,4,4,6),(0.,0.187203145392,
    0.532801783334,0.842052032701,1.),.UNSPECIFIED.);
#3796 = CARTESIAN_POINT('',(24.775634765625,12.41796875));
#3797 = CARTESIAN_POINT('',(24.759319910022,12.382260764151));
#3798 = CARTESIAN_POINT('',(24.7418233166,12.347594413039));
#3799 = CARTESIAN_POINT('',(24.723097620736,12.314077656094));
#3800 = CARTESIAN_POINT('',(24.70310323992,12.281829776009));
#3801 = CARTESIAN_POINT('',(24.642529569214,12.193997953486));
#3802 = CARTESIAN_POINT('',(24.598835069222,12.141738121681));
#3803 = CARTESIAN_POINT('',(24.550637749057,12.094984231615));
#3804 = CARTESIAN_POINT('',(24.49804026477,12.054416167682));
#3805 = CARTESIAN_POINT('',(24.390997563755,11.98983203653));
#3806 = CARTESIAN_POINT('',(24.337310027195,11.964512618855));
#3807 = CARTESIAN_POINT('',(24.280838672711,11.944590841964));
#3808 = CARTESIAN_POINT('',(24.222037875779,11.929948015996));
#3809 = CARTESIAN_POINT('',(24.130405706262,11.915361337363));
#3810 = CARTESIAN_POINT('',(24.098940503713,11.91173046186));
#3811 = CARTESIAN_POINT('',(24.067047922931,11.909361078657));
#3812 = CARTESIAN_POINT('',(24.03478365181,11.908203125));
#3813 = CARTESIAN_POINT('',(24.002197265625,11.908203125));
#3814 = ( GEOMETRIC_REPRESENTATION_CONTEXT(2) 
PARAMETRIC_REPRESENTATION_CONTEXT() REPRESENTATION_CONTEXT('2D SPACE',''
  ) );
#3815 = ORIENTED_EDGE('',*,*,#3816,.F.);
#3816 = EDGE_CURVE('',#2701,#3749,#3817,.T.);
#3817 = SURFACE_CURVE('',#3818,(#3822,#3829),.PCURVE_S1.);
#3818 = LINE('',#3819,#3820);
#3819 = CARTESIAN_POINT('',(0.775634765625,-45.58203125,-0.6));
#3820 = VECTOR('',#3821,1.);
#3821 = DIRECTION('',(0.,0.,1.));
#3822 = PCURVE('',#2716,#3823);
#3823 = DEFINITIONAL_REPRESENTATION('',(#3824),#3828);
#3824 = LINE('',#3825,#3826);
#3825 = CARTESIAN_POINT('',(1.,0.));
#3826 = VECTOR('',#3827,1.);
#3827 = DIRECTION('',(0.,-1.));
#3828 = ( GEOMETRIC_REPRESENTATION_CONTEXT(2) 
PARAMETRIC_REPRESENTATION_CONTEXT() REPRESENTATION_CONTEXT('2D SPACE',''
  ) );
#3829 = PCURVE('',#2744,#3830);
#3830 = DEFINITIONAL_REPRESENTATION('',(#3831),#3835);
#3831 = LINE('',#3832,#3833);
#3832 = CARTESIAN_POINT('',(0.,0.));
#3833 = VECTOR('',#3834,1.);
#3834 = DIRECTION('',(0.,-1.));
#3835 = ( GEOMETRIC_REPRESENTATION_CONTEXT(2) 
PARAMETRIC_REPRESENTATION_CONTEXT() REPRESENTATION_CONTEXT('2D SPACE',''
  ) );
#3836 = ADVANCED_FACE('',(#3837),#2744,.F.);
#3837 = FACE_BOUND('',#3838,.F.);
#3838 = EDGE_LOOP('',(#3839,#3840,#3841,#3901));
#3839 = ORIENTED_EDGE('',*,*,#2730,.F.);
#3840 = ORIENTED_EDGE('',*,*,#3816,.T.);
#3841 = ORIENTED_EDGE('',*,*,#3842,.F.);
#3842 = EDGE_CURVE('',#3187,#3749,#3843,.T.);
#3843 = SURFACE_CURVE('',#3844,(#3861,#3881),.PCURVE_S1.);
#3844 = B_SPLINE_CURVE_WITH_KNOTS('',8,(#3845,#3846,#3847,#3848,#3849,
    #3850,#3851,#3852,#3853,#3854,#3855,#3856,#3857,#3858,#3859,#3860),
  .UNSPECIFIED.,.F.,.F.,(9,7,9),(0.,0.714993055254,1.),.UNSPECIFIED.);
#3845 = CARTESIAN_POINT('',(1.008544921875,-43.82861328125,0.));
#3846 = CARTESIAN_POINT('',(1.008544921875,-43.99880692854,0.));
#3847 = CARTESIAN_POINT('',(1.00605210751,-44.16768405453,0.));
#3848 = CARTESIAN_POINT('',(1.00073358905,-44.33526280662,0.));
#3849 = CARTESIAN_POINT('',(0.992140266548,-44.50130488474,0.));
#3850 = CARTESIAN_POINT('',(0.97971840738,-44.66532776077,0.));
#3851 = CARTESIAN_POINT('',(0.962682128574,-44.8265166353,0.));
#3852 = CARTESIAN_POINT('',(0.940064566202,-44.98376228428,0.));
#3853 = CARTESIAN_POINT('',(0.89821215222,-45.19569707729,0.));
#3854 = CARTESIAN_POINT('',(0.885132455191,-45.25514390973,0.));
#3855 = CARTESIAN_POINT('',(0.87079466676,-45.31352567824,0.));
#3856 = CARTESIAN_POINT('',(0.855080354549,-45.37068238524,0.));
#3857 = CARTESIAN_POINT('',(0.837858542402,-45.4264022802,0.));
#3858 = CARTESIAN_POINT('',(0.81898497598,-45.48042109563,0.));
#3859 = CARTESIAN_POINT('',(0.798301388361,-45.53242128325,0.));
#3860 = CARTESIAN_POINT('',(0.775634765625,-45.58203125,0.));
#3861 = PCURVE('',#2744,#3862);
#3862 = DEFINITIONAL_REPRESENTATION('',(#3863),#3880);
#3863 = B_SPLINE_CURVE_WITH_KNOTS('',8,(#3864,#3865,#3866,#3867,#3868,
    #3869,#3870,#3871,#3872,#3873,#3874,#3875,#3876,#3877,#3878,#3879),
  .UNSPECIFIED.,.F.,.F.,(9,7,9),(0.,0.714993055254,1.),.UNSPECIFIED.);
#3864 = CARTESIAN_POINT('',(1.,-0.6));
#3865 = CARTESIAN_POINT('',(0.931575070738,-0.6));
#3866 = CARTESIAN_POINT('',(0.86052151472,-0.6));
#3867 = CARTESIAN_POINT('',(0.786410327765,-0.6));
#3868 = CARTESIAN_POINT('',(0.708768391943,-0.6));
#3869 = CARTESIAN_POINT('',(0.627088229413,-0.6));
#3870 = CARTESIAN_POINT('',(0.540701858732,-0.6));
#3871 = CARTESIAN_POINT('',(0.448830400875,-0.6));
#3872 = CARTESIAN_POINT('',(0.31060472141,-0.6));
#3873 = CARTESIAN_POINT('',(0.270135124774,-0.6));
#3874 = CARTESIAN_POINT('',(0.228499964915,-0.6));
#3875 = CARTESIAN_POINT('',(0.185613536151,-0.6));
#3876 = CARTESIAN_POINT('',(0.141395049062,-0.6));
#3877 = CARTESIAN_POINT('',(9.576800727441E-02,-0.6));
#3878 = CARTESIAN_POINT('',(4.865958423785E-02,-0.6));
#3879 = CARTESIAN_POINT('',(0.,-0.6));
#3880 = ( GEOMETRIC_REPRESENTATION_CONTEXT(2) 
PARAMETRIC_REPRESENTATION_CONTEXT() REPRESENTATION_CONTEXT('2D SPACE',''
  ) );
#3881 = PCURVE('',#3247,#3882);
#3882 = DEFINITIONAL_REPRESENTATION('',(#3883),#3900);
#3883 = B_SPLINE_CURVE_WITH_KNOTS('',8,(#3884,#3885,#3886,#3887,#3888,
    #3889,#3890,#3891,#3892,#3893,#3894,#3895,#3896,#3897,#3898,#3899),
  .UNSPECIFIED.,.F.,.F.,(9,7,9),(0.,0.714993055254,1.),.UNSPECIFIED.);
#3884 = CARTESIAN_POINT('',(25.008544921875,14.17138671875));
#3885 = CARTESIAN_POINT('',(25.008544921875,14.001193071456));
#3886 = CARTESIAN_POINT('',(25.00605210751,13.83231594547));
#3887 = CARTESIAN_POINT('',(25.00073358905,13.664737193377));
#3888 = CARTESIAN_POINT('',(24.992140266548,13.498695115256));
#3889 = CARTESIAN_POINT('',(24.97971840738,13.334672239227));
#3890 = CARTESIAN_POINT('',(24.962682128574,13.1734833647));
#3891 = CARTESIAN_POINT('',(24.940064566202,13.016237715716));
#3892 = CARTESIAN_POINT('',(24.89821215222,12.804302922705));
#3893 = CARTESIAN_POINT('',(24.885132455191,12.744856090269));
#3894 = CARTESIAN_POINT('',(24.87079466676,12.68647432176));
#3895 = CARTESIAN_POINT('',(24.855080354549,12.629317614751));
#3896 = CARTESIAN_POINT('',(24.837858542402,12.573597719798));
#3897 = CARTESIAN_POINT('',(24.81898497598,12.519578904362));
#3898 = CARTESIAN_POINT('',(24.798301388361,12.467578716742));
#3899 = CARTESIAN_POINT('',(24.775634765625,12.41796875));
#3900 = ( GEOMETRIC_REPRESENTATION_CONTEXT(2) 
PARAMETRIC_REPRESENTATION_CONTEXT() REPRESENTATION_CONTEXT('2D SPACE',''
  ) );
#3901 = ORIENTED_EDGE('',*,*,#3186,.F.);
#3902 = ADVANCED_FACE('',(#3903),#2812,.F.);
#3903 = FACE_BOUND('',#3904,.T.);
#3904 = EDGE_LOOP('',(#3905,#3906,#3907,#3908));
#3905 = ORIENTED_EDGE('',*,*,#2926,.F.);
#3906 = ORIENTED_EDGE('',*,*,#2795,.F.);
#3907 = ORIENTED_EDGE('',*,*,#2874,.T.);
#3908 = ORIENTED_EDGE('',*,*,#2951,.F.);
#3909 = ADVANCED_FACE('',(#3910),#3019,.F.);
#3910 = FACE_BOUND('',#3911,.T.);
#3911 = EDGE_LOOP('',(#3912,#3913,#3914,#3915));
#3912 = ORIENTED_EDGE('',*,*,#3133,.F.);
#3913 = ORIENTED_EDGE('',*,*,#3002,.F.);
#3914 = ORIENTED_EDGE('',*,*,#3081,.T.);
#3915 = ORIENTED_EDGE('',*,*,#3158,.F.);
#3916 = ADVANCED_FACE('',(#3917),#3247,.T.);
#3917 = FACE_BOUND('',#3918,.T.);
#3918 = EDGE_LOOP('',(#3919,#3920,#3921,#3922,#3923,#3924,#3925,#3926));
#3919 = ORIENTED_EDGE('',*,*,#3209,.F.);
#3920 = ORIENTED_EDGE('',*,*,#3296,.F.);
#3921 = ORIENTED_EDGE('',*,*,#3390,.F.);
#3922 = ORIENTED_EDGE('',*,*,#3484,.F.);
#3923 = ORIENTED_EDGE('',*,*,#3572,.F.);
#3924 = ORIENTED_EDGE('',*,*,#3654,.F.);
#3925 = ORIENTED_EDGE('',*,*,#3748,.F.);
#3926 = ORIENTED_EDGE('',*,*,#3842,.F.);
#3927 = ( GEOMETRIC_REPRESENTATION_CONTEXT(3) 
GLOBAL_UNCERTAINTY_ASSIGNED_CONTEXT((#3931)) 
GLOBAL_UNIT_ASSIGNED_CONTEXT((#3928,#3929,#3930)) REPRESENTATION_CONTEXT
('Context #1','3D Context with UNIT and UNCERTAINTY') );
#3928 = ( LENGTH_UNIT() NAMED_UNIT(*) SI_UNIT(.MILLI.,.METRE.) );
#3929 = ( NAMED_UNIT(*) PLANE_ANGLE_UNIT() SI_UNIT($,.RADIAN.) );
#3930 = ( NAMED_UNIT(*) SI_UNIT($,.STERADIAN.) SOLID_ANGLE_UNIT() );
#3931 = UNCERTAINTY_MEASURE_WITH_UNIT(LENGTH_MEASURE(1.E-06),#3928,
  'distance_accuracy_value','confusion accuracy');
#3932 = PRODUCT_RELATED_PRODUCT_CATEGORY('part',$,(#7));
ENDSEC;
END-ISO-10303-21;
