ISO-10303-21;
HEADER;
FILE_DESCRIPTION (( 'STEP AP203' ),
    '1' );
FILE_NAME ('92095A194_18-8 Stainless Steel Button Head Hex-Drive Screw.STEP',
    '2026-06-25T21:07:15',
    ( 'McMaster Carr Supply' ),
    ( 'McMaster Carr Supply' ),
    'SwSTEP 2.0',
    'SolidWorks 2024',
    '' );
FILE_SCHEMA (( 'CONFIG_CONTROL_DESIGN' ));
ENDSEC;

DATA;
#1 = CARTESIAN_POINT ( 'NONE',  ( -1.999999999999997113, -6.565550782020048959E-15, -2.137500000000028599 ) ) ;
#2 = CARTESIAN_POINT ( 'NONE',  ( -2.353151076758485338, 3.012905657471458101E-15, 9.696874999999955946 ) ) ;
#3 = CARTESIAN_POINT ( 'NONE',  ( 1.999999999999996669, 0.5358983848622463908, -3.243739260883043762 ) ) ;
#4 = CARTESIAN_POINT ( 'NONE',  ( 1.657021243639930308, -0.8769529370527651135, -7.603894722952708740 ) ) ;
#5 = DIRECTION ( 'NONE',  ( 1.000000000000000000, 0.000000000000000000, 0.000000000000000000 ) ) ;
#6 = CARTESIAN_POINT ( 'NONE',  ( -1.999999999999996669, -6.565550782020048959E-15, -7.124999999999997335 ) ) ;
#7 = EDGE_CURVE ( 'NONE', #4974, #6011, #2271, .T. ) ;
#8 =( BOUNDED_CURVE ( )  B_SPLINE_CURVE ( 2, ( #4467, #108, #585, #2522, #1598, #2049, #1504, #134, #1120 ),
 .UNSPECIFIED., .F., .F. ) 
 B_SPLINE_CURVE_WITH_KNOTS ( ( 3, 2, 2, 2, 3 ),
 ( 0.2129629629629629650, 0.2160493827160493707, 0.2222222222222222099, 0.2283950617283950490, 0.2314814814814815103 ),
 .UNSPECIFIED. ) 
 CURVE ( )  GEOMETRIC_REPRESENTATION_ITEM ( )  RATIONAL_B_SPLINE_CURVE ( ( 0.9330127018922194093, 0.9330127018922196314, 1.000000000000000000, 0.8660254037844387076, 1.000000000000000000, 0.8660254037844387076, 1.000000000000000000, 0.9330127018922185211, 0.9330127018922194093 ) ) 
 REPRESENTATION_ITEM ( '' )  );
#9 = ORIENTED_EDGE ( 'NONE', *, *, #3003, .T. ) ;
#10 = EDGE_CURVE ( 'NONE', #3201, #5990, #1133, .T. ) ;
#11 = CARTESIAN_POINT ( 'NONE',  ( 1.176575538379244001, 2.037888611415556106, 1.063541666666641516 ) ) ;
#12 = CARTESIAN_POINT ( 'NONE',  ( 1.338300807568863382, 0.7726683315065783209, 10.52083333333328241 ) ) ;
#13 = VECTOR ( 'NONE', #254, 1000.000000000000000 ) ;
#14 = CARTESIAN_POINT ( 'NONE',  ( -2.495693764988901954E-16, -2.037888611415550333, 0.8156249999999708455 ) ) ;
#15 = CARTESIAN_POINT ( 'NONE',  ( 1.999999999999997113, 0.5358983848622465018, 7.343760739116911296 ) ) ;
#16 = CARTESIAN_POINT ( 'NONE',  ( 1.545336663013154421, -1.060365502405892772E-14, 1.974999999999969891 ) ) ;
#17 = CARTESIAN_POINT ( 'NONE',  ( 1.338300807568855388, -0.7726683315065862034, 4.716666666666629482 ) ) ;
#18 = ADVANCED_FACE ( 'NONE', ( #5700 ), #939, .T. ) ;
#19 = ORIENTED_EDGE ( 'NONE', *, *, #1991, .F. ) ;
#20 = CARTESIAN_POINT ( 'NONE',  ( 0.000000000000000000, 1.999999999999999112, 1.099999999999981881 ) ) ;
#21 = CARTESIAN_POINT ( 'NONE',  ( -1.545336663013153311, 4.212410899968615943E-15, -2.487500000000017586 ) ) ;
#22 = CARTESIAN_POINT ( 'NONE',  ( 0.8922005383792426247, 1.545336663013155087, -1.320833333333354620 ) ) ;
#23 = CARTESIAN_POINT ( 'NONE',  ( -1.892491597964109718E-16, -1.545336663013149980, 10.19999999999994955 ) ) ;
#24 = CARTESIAN_POINT ( 'NONE',  ( 1.545336663013149536, 0.4140717108885779152, 5.593760739116927283 ) ) ;
#25 = LINE ( 'NONE', #6243, #5832 ) ;
#26 = ORIENTED_EDGE ( 'NONE', *, *, #4926, .F. ) ;
#27 = DIRECTION ( 'NONE',  ( 0.000000000000000000, 0.000000000000000000, -1.000000000000000000 ) ) ;
#28 = VERTEX_POINT ( 'NONE', #5222 ) ;
#29 = EDGE_LOOP ( 'NONE', ( #1450, #2403, #2585, #107 ) ) ;
#30 = EDGE_CURVE ( 'NONE', #4338, #5189, #4988, .T. ) ;
#31 = DIRECTION ( 'NONE',  ( 0.000000000000000000, -1.000000000000000000, -4.336808689942049290E-16 ) ) ;
#32 = CARTESIAN_POINT ( 'NONE',  ( -1.999999999999996225, -1.621051918746543165E-14, 4.074999999999976197 ) ) ;
#33 = CARTESIAN_POINT ( 'NONE',  ( 1.764863307568864892, 1.018944305707778497, 8.705208333333290582 ) ) ;
#34 = CARTESIAN_POINT ( 'NONE',  ( -2.449293598294702470E-16, -1.999999999999993561, -0.5625000000000328626 ) ) ;
#35 =( BOUNDED_CURVE ( )  B_SPLINE_CURVE ( 2, ( #72, #2459, #1976, #551, #4872, #1501, #5439, #3516, #5854 ),
 .UNSPECIFIED., .F., .T. ) 
 B_SPLINE_CURVE_WITH_KNOTS ( ( 3, 2, 2, 2, 3 ),
 ( 0.6203703703703703498, 0.6234567901234567833, 0.6296296296296296502, 0.6358024691358025171, 0.6388888888888889506 ),
 .UNSPECIFIED. ) 
 CURVE ( )  GEOMETRIC_REPRESENTATION_ITEM ( )  RATIONAL_B_SPLINE_CURVE ( ( 0.9330127018922194093, 0.9330127018922194093, 1.000000000000000000, 0.8660254037844387076, 1.000000000000000000, 0.8660254037844387076, 1.000000000000000000, 0.9330127018922180770, 0.9330127018922192983 ) ) 
 REPRESENTATION_ITEM ( '' )  );
#36 = FACE_OUTER_BOUND ( 'NONE', #6216, .T. ) ;
#37 = CARTESIAN_POINT ( 'NONE',  ( 1.999999999999996669, -0.5358983848622422830, 0.2812392608829998308 ) ) ;
#38 = CARTESIAN_POINT ( 'NONE',  ( -1.999999999999985789, -7.560902090037740558E-15, 13.65685424949233884 ) ) ;
#39 = ORIENTED_EDGE ( 'NONE', *, *, #6145, .T. ) ;
#40 = CARTESIAN_POINT ( 'NONE',  ( -2.495693764988902447E-16, -2.037888611415550777, -0.6281250000000201394 ) ) ;
#41 = CARTESIAN_POINT ( 'NONE',  ( 1.999999999999996669, 2.091679895156829610E-15, -3.187500000000027089 ) ) ;
#42 = CARTESIAN_POINT ( 'NONE',  ( 1.176575538379241559, -2.037888611415550777, 6.473958333333289517 ) ) ;
#43 = CARTESIAN_POINT ( 'NONE',  ( 1.732050807568874973, 0.9999999999999997780, 0.3708333333332982651 ) ) ;
#44 = CARTESIAN_POINT ( 'NONE',  ( -1.545336663013155087, 0.4140717108885931808, 2.293739260883006281 ) ) ;
#45 = DIRECTION ( 'NONE',  ( 0.000000000000000000, 0.000000000000000000, -1.000000000000000000 ) ) ;
#46 =( BOUNDED_CURVE ( )  B_SPLINE_CURVE ( 2, ( #1473, #5348, #1025, #106, #583, #5408, #5887, #1085, #4435 ),
 .UNSPECIFIED., .F., .T. ) 
 B_SPLINE_CURVE_WITH_KNOTS ( ( 3, 2, 2, 2, 3 ),
 ( 0.3611111111111111605, 0.3641975308641975384, 0.3703703703703703498, 0.3765432098765432167, 0.3796296296296296502 ),
 .UNSPECIFIED. ) 
 CURVE ( )  GEOMETRIC_REPRESENTATION_ITEM ( )  RATIONAL_B_SPLINE_CURVE ( ( 0.9330127018922192983, 0.9330127018922205195, 1.000000000000000000, 0.8660254037844387076, 1.000000000000000000, 0.8660254037844387076, 1.000000000000000000, 0.9330127018922187432, 0.9330127018922194093 ) ) 
 REPRESENTATION_ITEM ( '' )  );
#47 = CARTESIAN_POINT ( 'NONE',  ( -1.250000000000004441, 0.6100375687041509343, 10.14417486610856578 ) ) ;
#48 = VERTEX_POINT ( 'NONE', #2802 ) ;
#49 = CYLINDRICAL_SURFACE ( 'NONE', #4337, 1.999999999999985789 ) ;
#50 = CARTESIAN_POINT ( 'NONE',  ( -1.545336663013153311, 0.4140717108885880737, -2.518760739116982172 ) ) ;
#51 = CARTESIAN_POINT ( 'NONE',  ( 1.784401076758483473, 2.541027550711231709E-15, 1.362499999999971179 ) ) ;
#52 = CARTESIAN_POINT ( 'NONE',  ( -2.495693764988901954E-16, -2.037888611415550333, -5.484375000000014211 ) ) ;
#53 = CARTESIAN_POINT ( 'NONE',  ( 1.545336663013151313, 1.214336383577159459E-14, 4.074999999999965539 ) ) ;
#54 = CARTESIAN_POINT ( 'NONE',  ( 0.000000000000000000, 1.999999999999999112, -3.800000000000006484 ) ) ;
#55 = ORIENTED_EDGE ( 'NONE', *, *, #478, .T. ) ;
#56 = ADVANCED_FACE ( 'NONE', ( #2929 ), #4753, .T. ) ;
#57 = FACE_OUTER_BOUND ( 'NONE', #666, .T. ) ;
#58 = ORIENTED_EDGE ( 'NONE', *, *, #4465, .T. ) ;
#59 = ORIENTED_EDGE ( 'NONE', *, *, #3339, .F. ) ;
#60 = CARTESIAN_POINT ( 'NONE',  ( 1.732050807568874973, 0.9999999999999997780, -6.629166666666685082 ) ) ;
#61 = CARTESIAN_POINT ( 'NONE',  ( -1.999999999999996225, 3.079417623425332547E-15, 3.374999999999975131 ) ) ;
#62 = CARTESIAN_POINT ( 'NONE',  ( 0.000000000000000000, 1.999999999999999112, -4.500000000000004441 ) ) ;
#63 = CARTESIAN_POINT ( 'NONE',  ( 1.764863307568863782, -1.018944305707774944, 8.588541666666623442 ) ) ;
#64 = CARTESIAN_POINT ( 'NONE',  ( 1.154700538379250574, 1.999999999999998224, -5.958333333333333037 ) ) ;
#65 = CARTESIAN_POINT ( 'NONE',  ( 0.000000000000000000, 1.545336663013155754, -7.650000000000006573 ) ) ;
#66 = CARTESIAN_POINT ( 'NONE',  ( 1.154700538379248798, -1.999999999999994005, 0.1958333333332984705 ) ) ;
#67 = VERTEX_POINT ( 'NONE', #4378 ) ;
#68 = CARTESIAN_POINT ( 'NONE',  ( 1.764863307568863782, -1.018944305707774944, -2.611458333333349202 ) ) ;
#69 = CARTESIAN_POINT ( 'NONE',  ( 1.176575538379243557, 2.037888611415555662, 6.007291666666624508 ) ) ;
#70 = CARTESIAN_POINT ( 'NONE',  ( -1.154700538379249464, 1.999999999999999556, -0.1541666666667011465 ) ) ;
#71 = CARTESIAN_POINT ( 'NONE',  ( 1.154700538379250796, 1.999999999999999334, -5.170833333333354709 ) ) ;
#72 = CARTESIAN_POINT ( 'NONE',  ( 1.545336663013154421, -1.135898387508778358E-14, 3.374999999999965805 ) ) ;
#73 = CARTESIAN_POINT ( 'NONE',  ( -1.250000000000005329, 0.7216878364870280560, 10.20000000000000284 ) ) ;
#74 = ORIENTED_EDGE ( 'NONE', *, *, #5406, .F. ) ;
#75 = CARTESIAN_POINT ( 'NONE',  ( 3.028751783519707554E-14, 1.545336663013155754, 7.049999999999957190 ) ) ;
#76 = CARTESIAN_POINT ( 'NONE',  ( 0.000000000000000000, 1.999999999999999112, 3.899999999999975486 ) ) ;
#77 = CARTESIAN_POINT ( 'NONE',  ( -1.892491597964109718E-16, -1.545336663013149980, 1.887499999999970868 ) ) ;
#78 = CARTESIAN_POINT ( 'NONE',  ( -1.764863307568863560, 1.018944305707779829, -5.717708333333347603 ) ) ;
#79 = CARTESIAN_POINT ( 'NONE',  ( 2.953052119601143314E-14, 1.545336663013155754, 5.737499999999961631 ) ) ;
#80 = CARTESIAN_POINT ( 'NONE',  ( 1.545336663013153533, 2.033577675846918137E-15, -4.937500000000012434 ) ) ;
#81 = AXIS2_PLACEMENT_3D ( 'NONE', #1545, #4911, #5414 ) ;
#82 = CARTESIAN_POINT ( 'NONE',  ( 1.999999999999996225, -0.5358983848622421720, 3.693739260883011077 ) ) ;
#83 = ORIENTED_EDGE ( 'NONE', *, *, #705, .F. ) ;
#84 = EDGE_LOOP ( 'NONE', ( #3786, #2867, #5710, #4214 ) ) ;
#85 = EDGE_CURVE ( 'NONE', #3755, #1483, #4754, .T. ) ;
#86 = CARTESIAN_POINT ( 'NONE',  ( 1.999999999999996669, -0.5358983848622422830, 2.381239260882994646 ) ) ;
#87 = CARTESIAN_POINT ( 'NONE',  ( 1.545336663013154421, -1.060365502405892772E-14, 2.062499999999970690 ) ) ;
#88 = DIRECTION ( 'NONE',  ( -0.000000000000000000, -0.000000000000000000, 1.000000000000000000 ) ) ;
#89 = VECTOR ( 'NONE', #4624, 1000.000000000000000 ) ;
#90 = EDGE_LOOP ( 'NONE', ( #1802, #2508, #5539, #957, #306 ) ) ;
#91 = CARTESIAN_POINT ( 'NONE',  ( -1.732050807568873863, 1.000000000000001110, -4.383333333333338189 ) ) ;
#92 = CARTESIAN_POINT ( 'NONE',  ( -1.176575538379243335, -2.037888611415550333, 10.51354166666661882 ) ) ;
#93 = AXIS2_PLACEMENT_3D ( 'NONE', #3081, #261, #4553 ) ;
#94 = DIRECTION ( 'NONE',  ( -1.000000000000000000, 0.000000000000000000, 0.000000000000000000 ) ) ;
#95 = CARTESIAN_POINT ( 'NONE',  ( 1.152335806484992453, 0.7780742849031083708, 10.14361355158392364 ) ) ;
#96 = LINE ( 'NONE', #3041, #2918 ) ;
#97 = DIRECTION ( 'NONE',  ( -0.000000000000000000, -0.000000000000000000, 1.000000000000000000 ) ) ;
#98 =( BOUNDED_CURVE ( )  B_SPLINE_CURVE ( 2, ( #5514, #247, #6061, #4099, #1196, #5044, #2219, #2658, #4572 ),
 .UNSPECIFIED., .F., .F. ) 
 B_SPLINE_CURVE_WITH_KNOTS ( ( 3, 2, 2, 2, 3 ),
 ( 0.2500000000000000555, 0.2530864197530864335, 0.2592592592592592449, 0.2654320987654321118, 0.2685185185185185452 ),
 .UNSPECIFIED. ) 
 CURVE ( )  GEOMETRIC_REPRESENTATION_ITEM ( )  RATIONAL_B_SPLINE_CURVE ( ( 0.9330127018922192983, 0.9330127018922205195, 1.000000000000000000, 0.8660254037844387076, 1.000000000000000000, 0.8660254037844387076, 1.000000000000000000, 0.9330127018922187432, 0.9330127018922194093 ) ) 
 REPRESENTATION_ITEM ( '' )  );
#99 = ORIENTED_EDGE ( 'NONE', *, *, #1110, .F. ) ;
#100 = CARTESIAN_POINT ( 'NONE',  ( 1.176575538379242003, -2.037888611415551221, -1.969791666666683927 ) ) ;
#101 = EDGE_CURVE ( 'NONE', #5268, #4079, #447, .T. ) ;
#102 = DIRECTION ( 'NONE',  ( -0.000000000000000000, -0.000000000000000000, 1.000000000000000000 ) ) ;
#103 = CARTESIAN_POINT ( 'NONE',  ( 0.000000000000000000, 2.037888611415556550, 3.265624999999964917 ) ) ;
#104 = CARTESIAN_POINT ( 'NONE',  ( 1.154700538379250796, 1.999999999999999334, -0.2708333333333671211 ) ) ;
#105 = DIRECTION ( 'NONE',  ( 0.000000000000000000, 0.000000000000000000, -1.000000000000000000 ) ) ;
#106 = CARTESIAN_POINT ( 'NONE',  ( 0.8922005383792500632, 1.545336663013150647, -1.408333333333354975 ) ) ;
#107 = ORIENTED_EDGE ( 'NONE', *, *, #2679, .F. ) ;
#108 = CARTESIAN_POINT ( 'NONE',  ( 1.545336663013154865, 0.4140717108885770270, -4.293739260883049802 ) ) ;
#109 = CARTESIAN_POINT ( 'NONE',  ( 0.8922005383792426247, 1.545336663013155087, 3.579166666666633301 ) ) ;
#110 = CARTESIAN_POINT ( 'NONE',  ( 0.000000000000000000, 2.037888611415556550, -7.934375000000009059 ) ) ;
#111 = CARTESIAN_POINT ( 'NONE',  ( -0.8922005383792174227, 1.545336663013169520, 4.308333333333298043 ) ) ;
#112 = CARTESIAN_POINT ( 'NONE',  ( -1.732050807568874529, -0.9999999999999950040, -4.879166666666689522 ) ) ;
#113 = CARTESIAN_POINT ( 'NONE',  ( 1.732050807568873640, -0.9999999999999961142, 3.666666666666642094 ) ) ;
#114 = ORIENTED_EDGE ( 'NONE', *, *, #2915, .F. ) ;
#115 = ORIENTED_EDGE ( 'NONE', *, *, #125, .T. ) ;
#116 = CARTESIAN_POINT ( 'NONE',  ( 1.154700538379250796, 1.999999999999999334, -6.570833333333351511 ) ) ;
#117 = CARTESIAN_POINT ( 'NONE',  ( 1.154700538379250574, 1.999999999999998224, 0.3416666666666504648 ) ) ;
#118 = DIRECTION ( 'NONE',  ( 0.000000000000000000, 0.000000000000000000, -1.000000000000000000 ) ) ;
#119 = ADVANCED_FACE ( 'NONE', ( #5258 ), #404, .T. ) ;
#120 = CARTESIAN_POINT ( 'NONE',  ( 1.732050807568874085, -0.9999999999999963363, -3.245833333333360216 ) ) ;
#121 = CARTESIAN_POINT ( 'NONE',  ( 1.176575538379242003, -2.037888611415551221, 9.930208333333288451 ) ) ;
#122 = CARTESIAN_POINT ( 'NONE',  ( -1.154700538379249020, 1.999999999999999334, -3.041666666666674068 ) ) ;
#123 = CARTESIAN_POINT ( 'NONE',  ( 1.338300807568863382, 0.7726683315065783209, -7.066666666666675312 ) ) ;
#124 = CARTESIAN_POINT ( 'NONE',  ( 1.999999999999996669, 2.091679895156829610E-15, 7.312499999999946709 ) ) ;
#125 = EDGE_CURVE ( 'NONE', #4944, #3243, #467, .T. ) ;
#126 = CARTESIAN_POINT ( 'NONE',  ( 1.595756897212382119, -1.236067977499678561, -7.459603965354165034 ) ) ;
#127 = VERTEX_POINT ( 'NONE', #6238 ) ;
#128 = CARTESIAN_POINT ( 'NONE',  ( -1.764863307568864004, 1.018944305707780051, 0.5385416666666438257 ) ) ;
#129 = CARTESIAN_POINT ( 'NONE',  ( 1.999999999999997113, 0.5358983848622465018, 5.943760739116913605 ) ) ;
#130 = CARTESIAN_POINT ( 'NONE',  ( -1.764863307568863782, -1.018944305707773390, 4.198958333333296267 ) ) ;
#131 = CARTESIAN_POINT ( 'NONE',  ( -1.545336663013152867, 3.058065870564747460E-15, -8.000000000000000000 ) ) ;
#132 = CARTESIAN_POINT ( 'NONE',  ( -0.9088915563913556594, 1.290960337878820585, 7.221832977880268345 ) ) ;
#133 = VERTEX_POINT ( 'NONE', #1922 ) ;
#134 = CARTESIAN_POINT ( 'NONE',  ( -1.545336663013154421, 0.4140717108885854092, -4.006260739116978442 ) ) ;
#135 = CARTESIAN_POINT ( 'NONE',  ( 1.338300807568862494, -0.7726683315065742130, 1.304166666666639163 ) ) ;
#136 = CARTESIAN_POINT ( 'NONE',  ( 2.353151076758484894, 2.436549870658972734E-15, -4.609375000000015987 ) ) ;
#137 = CARTESIAN_POINT ( 'NONE',  ( 1.193008936127334829, -1.256864139641963529, 7.379391913328161579 ) ) ;
#138 = EDGE_CURVE ( 'NONE', #6063, #185, #5289, .T. ) ;
#139 = CARTESIAN_POINT ( 'NONE',  ( 1.999999999999997113, 0.5358983848622465018, 3.843760739116919734 ) ) ;
#140 = ORIENTED_EDGE ( 'NONE', *, *, #6190, .T. ) ;
#141 = ORIENTED_EDGE ( 'NONE', *, *, #2406, .F. ) ;
#142 = CARTESIAN_POINT ( 'NONE',  ( 1.250000000000004663, -0.7216878364870416007, 8.660000000000001918 ) ) ;
#143 = CARTESIAN_POINT ( 'NONE',  ( 1.341942081208246177E-29, -5.578198353757150534E-15, 6.473556149732618614 ) ) ;
#144 = CARTESIAN_POINT ( 'NONE',  ( -1.732050807568873863, 1.000000000000001110, 3.316666666666642005 ) ) ;
#145 = EDGE_CURVE ( 'NONE', #1256, #3756, #3704, .T. ) ;
#146 = B_SPLINE_CURVE_WITH_KNOTS ( 'NONE', 3,
 ( #718, #4917, #4033, #1639, #4447, #1609 ),
 .UNSPECIFIED., .F., .F.,
 ( 4, 2, 4 ),
 ( 0.0008535407158033127446, 0.001227484840227558577, 0.001601428964651804192 ),
 .UNSPECIFIED. ) ;
#147 = LINE ( 'NONE', #1132, #3429 ) ;
#148 = CARTESIAN_POINT ( 'NONE',  ( -0.8922005383792416255, 1.545336663013155531, -4.004166666666680641 ) ) ;
#149 = ORIENTED_EDGE ( 'NONE', *, *, #324, .F. ) ;
#150 = CARTESIAN_POINT ( 'NONE',  ( 0.000000000000000000, 2.868816710768336858E-15, -8.000000000000000000 ) ) ;
#151 = CARTESIAN_POINT ( 'NONE',  ( 1.999999999999997113, -7.553288510288552290E-15, -6.687500000000018652 ) ) ;
#152 = DIRECTION ( 'NONE',  ( 0.000000000000000000, 0.000000000000000000, -1.000000000000000000 ) ) ;
#153 = CARTESIAN_POINT ( 'NONE',  ( 1.401258538444243973, -1.427050983124667605, -7.475000000000002309 ) ) ;
#154 = VERTEX_POINT ( 'NONE', #2014 ) ;
#155 = CARTESIAN_POINT ( 'NONE',  ( 2.353151076758485338, 2.436549870658972734E-15, 2.346874999999972289 ) ) ;
#156 = EDGE_CURVE ( 'NONE', #3405, #204, #5597, .T. ) ;
#157 = CARTESIAN_POINT ( 'NONE',  ( 1.338300807568876039, 0.7726683315065562274, 3.520833333333299286 ) ) ;
#158 = CARTESIAN_POINT ( 'NONE',  ( -1.764863307568863560, 1.018944305707779829, 6.182291666666624330 ) ) ;
#159 = LINE ( 'NONE', #2007, #5018 ) ;
#160 = CARTESIAN_POINT ( 'NONE',  ( -1.999999999999996669, 3.079417623425332942E-15, 2.762499999999957989 ) ) ;
#161 = CARTESIAN_POINT ( 'NONE',  ( -1.759467205331514128, 0.2922136151857706587, 7.427452583890986837 ) ) ;
#162 = VERTEX_POINT ( 'NONE', #5610 ) ;
#163 = CARTESIAN_POINT ( 'NONE',  ( -1.545336663013152645, -0.4140717108885764719, -6.743739260883044651 ) ) ;
#164 = CARTESIAN_POINT ( 'NONE',  ( -0.8922005383792416255, 1.545336663013155531, 2.995833333333302040 ) ) ;
#165 = CARTESIAN_POINT ( 'NONE',  ( 2.353151076758484894, 2.436549870658972734E-15, -7.409375000000009592 ) ) ;
#166 =( BOUNDED_CURVE ( )  B_SPLINE_CURVE ( 2, ( #1892, #5826, #4724, #2338, #1384, #5769, #3310, #3781, #407 ),
 .UNSPECIFIED., .F., .F. ) 
 B_SPLINE_CURVE_WITH_KNOTS ( ( 3, 2, 2, 2, 3 ),
 ( 0.1388888888888888673, 0.1419753086419753008, 0.1481481481481481399, 0.1543209876543209791, 0.1574074074074074403 ),
 .UNSPECIFIED. ) 
 CURVE ( )  GEOMETRIC_REPRESENTATION_ITEM ( )  RATIONAL_B_SPLINE_CURVE ( ( 0.9330127018922191873, 0.9330127018922189652, 1.000000000000000000, 0.8660254037844387076, 1.000000000000000000, 0.8660254037844387076, 1.000000000000000000, 0.9330127018922185211, 0.9330127018922194093 ) ) 
 REPRESENTATION_ITEM ( '' )  );
#167 = CARTESIAN_POINT ( 'NONE',  ( 0.8289889603062682299, -1.500419658232056808, 7.360687147369231909 ) ) ;
#168 = CARTESIAN_POINT ( 'NONE',  ( -1.999999999999996669, 3.079417623425332942E-15, 4.162499999999954348 ) ) ;
#169 = ORIENTED_EDGE ( 'NONE', *, *, #3031, .F. ) ;
#170 = ORIENTED_EDGE ( 'NONE', *, *, #2006, .T. ) ;
#171 = ADVANCED_FACE ( 'NONE', ( #6055 ), #3158, .T. ) ;
#172 = CARTESIAN_POINT ( 'NONE',  ( 1.250000000000004885, 0.7216878364870283891, 8.660000000000001918 ) ) ;
#173 = CARTESIAN_POINT ( 'NONE',  ( -1.999999999999996669, -1.621051918746543165E-14, 4.862499999999954525 ) ) ;
#174 = CARTESIAN_POINT ( 'NONE',  ( -1.999999999999997113, -6.565550782020048959E-15, -2.137500000000028599 ) ) ;
#175 = CARTESIAN_POINT ( 'NONE',  ( 1.338300807568857609, -0.7726683315065825397, -2.983333333333351600 ) ) ;
#176 = CARTESIAN_POINT ( 'NONE',  ( 0.000000000000000000, 1.545336663013155754, -5.462500000000011013 ) ) ;
#177 = VERTEX_POINT ( 'NONE', #3658 ) ;
#178 = AXIS2_PLACEMENT_3D ( 'NONE', #5148, #825, #2321 ) ;
#179 = CARTESIAN_POINT ( 'NONE',  ( -1.892491597964109718E-16, -1.545336663013149980, -5.900000000000011013 ) ) ;
#180 = CARTESIAN_POINT ( 'NONE',  ( -1.338300807568860273, 0.7726683315065835389, -2.633333333333351955 ) ) ;
#181 = VECTOR ( 'NONE', #4423, 1000.000000000000000 ) ;
#182 = B_SPLINE_CURVE_WITH_KNOTS ( 'NONE', 3,
 ( #2107, #4002, #3116, #5896, #265, #5415 ),
 .UNSPECIFIED., .F., .F.,
 ( 4, 2, 4 ),
 ( 3.052216871248960105E-17, 0.0006617574642491638650, 0.001323514928498297155 ),
 .UNSPECIFIED. ) ;
#183 = CARTESIAN_POINT ( 'NONE',  ( 1.545336663013153089, 0.4140717108885807463, -6.393739260883046782 ) ) ;
#184 = VECTOR ( 'NONE', #1700, 1000.000000000000000 ) ;
#185 = VERTEX_POINT ( 'NONE', #4697 ) ;
#186 = AXIS2_PLACEMENT_3D ( 'NONE', #2129, #2488, #1626 ) ;
#187 = CARTESIAN_POINT ( 'NONE',  ( 2.353151076758485338, 2.436549870658972734E-15, 1.646874999999972999 ) ) ;
#188 = CARTESIAN_POINT ( 'NONE',  ( -1.732050807568874085, -0.9999999999999947820, 6.233333333333302306 ) ) ;
#189 = CARTESIAN_POINT ( 'NONE',  ( 1.176575538379241559, -2.037888611415550777, 8.573958333333285609 ) ) ;
#190 = CARTESIAN_POINT ( 'NONE',  ( 1.732050807568874973, 0.9999999999999997780, 2.470833333333292803 ) ) ;
#191 = CIRCLE ( 'NONE', #4029, 3.800000000000006040 ) ;
#192 = CARTESIAN_POINT ( 'NONE',  ( 1.999999999999996669, 2.091679895156829610E-15, 3.112499999999957190 ) ) ;
#193 = CARTESIAN_POINT ( 'NONE',  ( 0.1424542056869743667, 1.890587422026209552, 7.542135200122205951 ) ) ;
#194 = EDGE_CURVE ( 'NONE', #1097, #2655, #5579, .T. ) ;
#195 = ORIENTED_EDGE ( 'NONE', *, *, #5141, .F. ) ;
#196 = CARTESIAN_POINT ( 'NONE',  ( -1.545336663013151313, -1.173664830060221151E-14, 4.512499999999967315 ) ) ;
#197 = CARTESIAN_POINT ( 'NONE',  ( -0.8922005383792422917, -1.545336663013149758, 6.729166666666626107 ) ) ;
#198 = CARTESIAN_POINT ( 'NONE',  ( -1.176575538379243113, -2.037888611415549889, -4.142708333333350978 ) ) ;
#199 = CARTESIAN_POINT ( 'NONE',  ( 1.545336663013148648, 0.4140717108885801911, 1.306260739116936298 ) ) ;
#200 = ADVANCED_FACE ( 'NONE', ( #2748 ), #6137, .F. ) ;
#201 = CARTESIAN_POINT ( 'NONE',  ( 1.338300807568865158, 0.7726683315065747681, -5.666666666666678509 ) ) ;
#202 = ORIENTED_EDGE ( 'NONE', *, *, #2178, .F. ) ;
#203 = CARTESIAN_POINT ( 'NONE',  ( -0.8922005383792416255, 1.545336663013155531, 2.908333333333300796 ) ) ;
#204 = VERTEX_POINT ( 'NONE', #2212 ) ;
#205 =( BOUNDED_CURVE ( )  B_SPLINE_CURVE ( 2, ( #470, #5319, #5354, #1891, #6241, #998, #1925, #3850, #5768 ),
 .UNSPECIFIED., .F., .F. ) 
 B_SPLINE_CURVE_WITH_KNOTS ( ( 3, 2, 2, 2, 3 ),
 ( 0.3796296296296296502, 0.3827160493827160281, 0.3888888888888888951, 0.3950617283950617065, 0.3981481481481481399 ),
 .UNSPECIFIED. ) 
 CURVE ( )  GEOMETRIC_REPRESENTATION_ITEM ( )  RATIONAL_B_SPLINE_CURVE ( ( 0.9330127018922194093, 0.9330127018922199644, 1.000000000000000000, 0.8660254037844387076, 1.000000000000000000, 0.8660254037844387076, 1.000000000000000000, 0.9330127018922194093, 0.9330127018922194093 ) ) 
 REPRESENTATION_ITEM ( '' )  );
#206 = CARTESIAN_POINT ( 'NONE',  ( -1.557841219253319975, 0.1332551755690868645, 7.207841219253334764 ) ) ;
#207 = CARTESIAN_POINT ( 'NONE',  ( 1.999999999999996669, 0.5358983848622463908, 0.2562607391169482440 ) ) ;
#208 = LINE ( 'NONE', #2208, #3615 ) ;
#209 = CARTESIAN_POINT ( 'NONE',  ( -8.328876097984911294E-15, -1.545336663013149980, -3.100000000000017852 ) ) ;
#210 = ADVANCED_FACE ( 'NONE', ( #3186 ), #2307, .T. ) ;
#211 = CARTESIAN_POINT ( 'NONE',  ( 0.000000000000000000, 1.545336663013155754, -4.062500000000015099 ) ) ;
#212 = EDGE_LOOP ( 'NONE', ( #2800, #5865, #4355, #584 ) ) ;
#213 = DIRECTION ( 'NONE',  ( -0.000000000000000000, -0.000000000000000000, 1.000000000000000000 ) ) ;
#214 = CARTESIAN_POINT ( 'NONE',  ( -0.8922005383792416255, 1.545336663013155531, -4.791666666666679397 ) ) ;
#215 = CARTESIAN_POINT ( 'NONE',  ( 1.545336663013152201, 0.4140717108885814124, -2.893739260883053444 ) ) ;
#216 = CARTESIAN_POINT ( 'NONE',  ( 1.338300807568862494, -0.7726683315065742130, -7.883333333333339077 ) ) ;
#217 = EDGE_CURVE ( 'NONE', #2324, #3275, #935, .T. ) ;
#218 = EDGE_LOOP ( 'NONE', ( #2490, #444, #4589, #2521 ) ) ;
#219 = CARTESIAN_POINT ( 'NONE',  ( -1.176575538379243335, -2.037888611415550333, 3.513541666666635255 ) ) ;
#220 = CARTESIAN_POINT ( 'NONE',  ( 1.999999999999996669, 2.091679895156829610E-15, 7.312499999999946709 ) ) ;
#221 = CARTESIAN_POINT ( 'NONE',  ( -1.764863307568863782, -1.018944305707773390, 9.798958333333281701 ) ) ;
#222 = CARTESIAN_POINT ( 'NONE',  ( 1.999999999999996225, 2.091679895156829610E-15, 2.324999999999978861 ) ) ;
#223 = APPROVAL_DATE_TIME ( #1339, #3165 ) ;
#224 = CARTESIAN_POINT ( 'NONE',  ( 0.8922005383792377398, -1.545336663013152423, -2.341666666666686769 ) ) ;
#225 = ORIENTED_EDGE ( 'NONE', *, *, #1134, .F. ) ;
#226 = CARTESIAN_POINT ( 'NONE',  ( 1.176575538379242003, -2.037888611415551221, -7.569791666666670693 ) ) ;
#227 = CARTESIAN_POINT ( 'NONE',  ( 1.338300807568862494, -0.7726683315065742130, 5.504166666666629126 ) ) ;
#228 = CARTESIAN_POINT ( 'NONE',  ( 0.000000000000000000, 2.037888611415556550, -0.9343750000000254907 ) ) ;
#229 = EDGE_CURVE ( 'NONE', #1835, #3284, #2653, .T. ) ;
#230 =( BOUNDED_CURVE ( )  B_SPLINE_CURVE ( 2, ( #651, #5920, #4084, #681, #6010, #2674, #5536, #741, #3525 ),
 .UNSPECIFIED., .F., .T. ) 
 B_SPLINE_CURVE_WITH_KNOTS ( ( 3, 2, 2, 2, 3 ),
 ( 0.6203703703703703498, 0.6234567901234567833, 0.6296296296296296502, 0.6358024691358024061, 0.6388888888888888395 ),
 .UNSPECIFIED. ) 
 CURVE ( )  GEOMETRIC_REPRESENTATION_ITEM ( )  RATIONAL_B_SPLINE_CURVE ( ( 0.9330127018922192983, 0.9330127018922180770, 1.000000000000000000, 0.8660254037844387076, 1.000000000000000000, 0.8660254037844387076, 1.000000000000000000, 0.9330127018922194093, 0.9330127018922194093 ) ) 
 REPRESENTATION_ITEM ( '' )  );
#231 = CARTESIAN_POINT ( 'NONE',  ( -1.999999999999985789, -7.560902090037740558E-15, 13.65685424949233884 ) ) ;
#232 = CARTESIAN_POINT ( 'NONE',  ( -1.732050807568874307, 1.000000000000001332, 4.104166666666621666 ) ) ;
#233 = ORIENTED_EDGE ( 'NONE', *, *, #4984, .T. ) ;
#234 = CARTESIAN_POINT ( 'NONE',  ( 0.000000000000000000, 1.545336663013155754, 3.549999999999966516 ) ) ;
#235 = VERTEX_POINT ( 'NONE', #4130 ) ;
#236 = CARTESIAN_POINT ( 'NONE',  ( 1.784401076758483473, 2.541027550711231709E-15, 6.174999999999959854 ) ) ;
#237 = EDGE_CURVE ( 'NONE', #1208, #1216, #5395, .T. ) ;
#238 = CARTESIAN_POINT ( 'NONE',  ( -1.999999999999996669, -1.621051918746543165E-14, 3.462499999999958167 ) ) ;
#239 = CARTESIAN_POINT ( 'NONE',  ( -1.732050807568874307, 1.000000000000001332, -2.195833333333362170 ) ) ;
#240 = DIRECTION ( 'NONE',  ( -1.000000000000000000, 0.000000000000000000, 0.000000000000000000 ) ) ;
#241 =( BOUNDED_CURVE ( )  B_SPLINE_CURVE ( 2, ( #2814, #4195, #4732, #415, #4669, #2343, #315, #1293, #344 ),
 .UNSPECIFIED., .F., .F. ) 
 B_SPLINE_CURVE_WITH_KNOTS ( ( 3, 2, 2, 2, 3 ),
 ( 0.7870370370370370905, 0.7901234567901234129, 0.7962962962962962798, 0.8024691358024691468, 0.8055555555555555802 ),
 .UNSPECIFIED. ) 
 CURVE ( )  GEOMETRIC_REPRESENTATION_ITEM ( )  RATIONAL_B_SPLINE_CURVE ( ( 0.9330127018922192983, 0.9330127018922205195, 1.000000000000000000, 0.8660254037844387076, 1.000000000000000000, 0.8660254037844387076, 1.000000000000000000, 0.9330127018922194093, 0.9330127018922194093 ) ) 
 REPRESENTATION_ITEM ( '' )  );
#242 = CARTESIAN_POINT ( 'NONE',  ( 1.338300807568851392, -0.7726683315065933089, -0.1833333333333582449 ) ) ;
#243 = CARTESIAN_POINT ( 'NONE',  ( -1.338300807568862716, 0.7726683315065794311, -3.945833333333347959 ) ) ;
#244 = ORIENTED_EDGE ( 'NONE', *, *, #5406, .T. ) ;
#245 = CARTESIAN_POINT ( 'NONE',  ( 1.999999999999996225, 2.091679895156829610E-15, 3.024999999999976819 ) ) ;
#246 = CARTESIAN_POINT ( 'NONE',  ( -1.784401076758483473, 2.978079764120704978E-15, -3.975000000000015632 ) ) ;
#247 = CARTESIAN_POINT ( 'NONE',  ( 1.545336663013152201, 0.4140717108885817455, -3.506239260883050601 ) ) ;
#248 = CARTESIAN_POINT ( 'NONE',  ( -2.449293598294701977E-16, -1.999999999999993117, -2.750000000000008882 ) ) ;
#249 = VERTEX_POINT ( 'NONE', #4567 ) ;
#250 = EDGE_LOOP ( 'NONE', ( #5708, #2308, #4583, #4179 ) ) ;
#251 = CARTESIAN_POINT ( 'NONE',  ( 1.764863307568864892, 1.018944305707778497, 3.105208333333303372 ) ) ;
#252 = CARTESIAN_POINT ( 'NONE',  ( 1.545336663013151313, 1.365402153782930473E-14, 1.274999999999973266 ) ) ;
#253 = CARTESIAN_POINT ( 'NONE',  ( -2.353151076758484894, 3.012905657471457707E-15, 9.040624999999952394 ) ) ;
#254 = DIRECTION ( 'NONE',  ( 0.000000000000000000, 0.000000000000000000, -1.000000000000000000 ) ) ;
#255 = EDGE_CURVE ( 'NONE', #3874, #3128, #4420, .T. ) ;
#256 = CARTESIAN_POINT ( 'NONE',  ( -0.9140018367341137262, -1.680738473285275481, -7.565552268677538272 ) ) ;
#257 = PERSON_AND_ORGANIZATION ( #4281, #3728 ) ;
#258 = CARTESIAN_POINT ( 'NONE',  ( -1.635253931557931750, 1.098893553728867545, 7.616567734796630518 ) ) ;
#259 = ORIENTED_EDGE ( 'NONE', *, *, #3913, .F. ) ;
#260 = APPROVAL ( #1236, 'UNSPECIFIED' ) ;
#261 = DIRECTION ( 'NONE',  ( -0.000000000000000000, -0.000000000000000000, 1.000000000000000000 ) ) ;
#262 = CARTESIAN_POINT ( 'NONE',  ( -1.338300807568862938, -0.7726683315065733249, 5.970833333333295023 ) ) ;
#263 = CARTESIAN_POINT ( 'NONE',  ( 1.176575538379241559, -2.037888611415550777, -4.026041666666684726 ) ) ;
#264 = FACE_OUTER_BOUND ( 'NONE', #486, .T. ) ;
#265 = CARTESIAN_POINT ( 'NONE',  ( -1.855649700539550917, -0.2185555640966217184, 7.505649700539550828 ) ) ;
#266 = ORIENTED_EDGE ( 'NONE', *, *, #3871, .F. ) ;
#267 = CARTESIAN_POINT ( 'NONE',  ( 0.000000000000000000, 1.545336663013155754, 2.149999999999969713 ) ) ;
#268 = VERTEX_POINT ( 'NONE', #1801 ) ;
#269 = CARTESIAN_POINT ( 'NONE',  ( -1.784401076758483473, 2.978079764120704978E-15, 4.424999999999963407 ) ) ;
#270 = CARTESIAN_POINT ( 'NONE',  ( -1.999999999999997113, -6.565550782020048959E-15, -2.837500000000027001 ) ) ;
#271 = CARTESIAN_POINT ( 'NONE',  ( 0.6803802132081677723, 1.589422410641153194, -7.780244847996072188 ) ) ;
#272 = CARTESIAN_POINT ( 'NONE',  ( -1.999999999999996669, 3.079417623425332547E-15, 5.562499999999951150 ) ) ;
#273 = CARTESIAN_POINT ( 'NONE',  ( 1.999999999999996225, 2.091679895156829610E-15, 1.624999999999979794 ) ) ;
#274 = CARTESIAN_POINT ( 'NONE',  ( 2.000000000000006661, 0.5358983848622284052, -2.543739260883045361 ) ) ;
#275 = ADVANCED_FACE ( 'NONE', ( #312 ), #2516, .F. ) ;
#276 = CARTESIAN_POINT ( 'NONE',  ( -0.8922005383792560584, -1.545336663013141321, -0.3583333333333580395 ) ) ;
#277 = CARTESIAN_POINT ( 'NONE',  ( 1.338300807568862494, -0.7726683315065742130, -6.395833333333341919 ) ) ;
#278 = ORIENTED_EDGE ( 'NONE', *, *, #5055, .T. ) ;
#279 = CARTESIAN_POINT ( 'NONE',  ( 1.545336663013152867, 2.868816710768336858E-15, -8.000000000000000000 ) ) ;
#280 = CARTESIAN_POINT ( 'NONE',  ( 0.000000000000000000, 1.545336663013155754, -4.850000000000013856 ) ) ;
#281 = CARTESIAN_POINT ( 'NONE',  ( 1.545336663013152867, 2.868816710768336858E-15, -8.000000000000000000 ) ) ;
#282 =( BOUNDED_CURVE ( )  B_SPLINE_CURVE ( 2, ( #4559, #2557, #201, #1124, #1152, #3057, #5030, #711, #2643 ),
 .UNSPECIFIED., .F., .T. ) 
 B_SPLINE_CURVE_WITH_KNOTS ( ( 3, 2, 2, 2, 3 ),
 ( 0.1388888888888888951, 0.1419753086419753008, 0.1481481481481481399, 0.1543209876543209791, 0.1574074074074074125 ),
 .UNSPECIFIED. ) 
 CURVE ( )  GEOMETRIC_REPRESENTATION_ITEM ( )  RATIONAL_B_SPLINE_CURVE ( ( 0.9330127018922194093, 0.9330127018922196314, 1.000000000000000000, 0.8660254037844387076, 1.000000000000000000, 0.8660254037844387076, 1.000000000000000000, 0.9330127018922190762, 0.9330127018922194093 ) ) 
 REPRESENTATION_ITEM ( '' )  );
#283 = AXIS2_PLACEMENT_3D ( 'NONE', #5782, #6195, #927 ) ;
#284 = CARTESIAN_POINT ( 'NONE',  ( -1.999999999999996669, -6.565550782020048959E-15, -2.925000000000008260 ) ) ;
#285 = CARTESIAN_POINT ( 'NONE',  ( -1.764863307568864004, 1.018944305707780051, 3.338541666666635432 ) ) ;
#286 = AXIS2_PLACEMENT_3D ( 'NONE', #5577, #2807, #6052 ) ;
#287 = CARTESIAN_POINT ( 'NONE',  ( 1.154700538379248798, -1.999999999999994005, 7.195833333333282233 ) ) ;
#288 = CIRCLE ( 'NONE', #1406, 2.000000000000005773 ) ;
#289 = CARTESIAN_POINT ( 'NONE',  ( 0.000000000000000000, 2.037888611415556550, 8.165624999999950617 ) ) ;
#290 = CARTESIAN_POINT ( 'NONE',  ( 1.338300807568870709, 0.7726683315065654423, 4.133333333333298221 ) ) ;
#291 = FACE_OUTER_BOUND ( 'NONE', #4689, .T. ) ;
#292 = COORDINATED_UNIVERSAL_TIME_OFFSET ( 6, 0, .BEHIND. ) ;
#293 = CARTESIAN_POINT ( 'NONE',  ( -0.7998895387190291251, 1.757099823738863531, 7.576838758787259209 ) ) ;
#294 = VECTOR ( 'NONE', #4220, 1000.000000000000000 ) ;
#295 = CC_DESIGN_APPROVAL ( #3165, ( #5232 ) ) ;
#296 = EDGE_CURVE ( 'NONE', #328, #4079, #6086, .T. ) ;
#297 = ORIENTED_EDGE ( 'NONE', *, *, #237, .F. ) ;
#298 = CARTESIAN_POINT ( 'NONE',  ( -1.545336663013147538, -0.4140717108885781927, 4.543760739116931013 ) ) ;
#299 = CARTESIAN_POINT ( 'NONE',  ( -1.338300807568862716, 0.7726683315065794311, 5.154166666666629482 ) ) ;
#300 = CARTESIAN_POINT ( 'NONE',  ( -1.764863307568863560, 1.018944305707779829, -1.517708333333356974 ) ) ;
#301 = FACE_OUTER_BOUND ( 'NONE', #2372, .T. ) ;
#302 = CYLINDRICAL_SURFACE ( 'NONE', #1707, 1.545336663013152867 ) ;
#303 = AXIS2_PLACEMENT_3D ( 'NONE', #589, #2933, #5795 ) ;
#304 = ORIENTED_EDGE ( 'NONE', *, *, #5264, .T. ) ;
#305 = CARTESIAN_POINT ( 'NONE',  ( -1.784401076758483473, 2.978079764120704978E-15, 3.024999999999967049 ) ) ;
#306 = ORIENTED_EDGE ( 'NONE', *, *, #3271, .F. ) ;
#307 = CARTESIAN_POINT ( 'NONE',  ( 1.338300807568863382, 0.7726683315065783209, 5.533333333333295023 ) ) ;
#308 = LINE ( 'NONE', #4723, #1421 ) ;
#309 = CARTESIAN_POINT ( 'NONE',  ( -1.732050807568874085, -0.9999999999999947820, -1.466666666666678775 ) ) ;
#310 = CARTESIAN_POINT ( 'NONE',  ( -1.732050807568873863, 1.000000000000001110, 1.916666666666646979 ) ) ;
#311 = CARTESIAN_POINT ( 'NONE',  ( 1.999999999999996669, -0.5358983848622422830, 1.681239260882996689 ) ) ;
#312 = FACE_OUTER_BOUND ( 'NONE', #2813, .T. ) ;
#313 = CARTESIAN_POINT ( 'NONE',  ( -1.338300807568862716, 0.7726683315065794311, -2.545833333333351156 ) ) ;
#314 = ORIENTED_EDGE ( 'NONE', *, *, #4692, .T. ) ;
#315 = CARTESIAN_POINT ( 'NONE',  ( 1.732050807568874085, -0.9999999999999963363, 6.554166666666614738 ) ) ;
#316 = CARTESIAN_POINT ( 'NONE',  ( -1.892491597964109718E-16, -1.545336663013149980, -6.600000000000009415 ) ) ;
#317 = CARTESIAN_POINT ( 'NONE',  ( 1.154700538379250796, 1.999999999999999334, -0.9708333333333654114 ) ) ;
#318 = DIRECTION ( 'NONE',  ( 0.000000000000000000, 0.000000000000000000, -1.000000000000000000 ) ) ;
#319 = CARTESIAN_POINT ( 'NONE',  ( -1.764863307568864004, 1.018944305707780051, 8.238541666666623797 ) ) ;
#320 = CARTESIAN_POINT ( 'NONE',  ( -1.732050807568873863, 1.000000000000001110, -6.483333333333334281 ) ) ;
#321 = AXIS2_PLACEMENT_3D ( 'NONE', #4351, #5825, #4381 ) ;
#322 = CARTESIAN_POINT ( 'NONE',  ( 1.176575538379241559, -2.037888611415550777, 9.273958333333283122 ) ) ;
#323 = CARTESIAN_POINT ( 'NONE',  ( 1.154700538379248798, -1.999999999999993561, 2.208333333333313053 ) ) ;
#324 = EDGE_CURVE ( 'NONE', #984, #5741, #6041, .T. ) ;
#325 = CARTESIAN_POINT ( 'NONE',  ( 1.545336663013154199, -0.4140717108885784148, -2.868760739116981817 ) ) ;
#326 =( NAMED_UNIT ( * ) SI_UNIT ( $, .STERADIAN. ) SOLID_ANGLE_UNIT ( ) );
#327 = DIRECTION ( 'NONE',  ( -0.000000000000000000, -0.000000000000000000, 1.000000000000000000 ) ) ;
#328 = VERTEX_POINT ( 'NONE', #5195 ) ;
#329 = CARTESIAN_POINT ( 'NONE',  ( -0.8922005383792697142, -1.545336663013133549, 4.629166666666630015 ) ) ;
#330 = CARTESIAN_POINT ( 'NONE',  ( -1.784401076758483473, 2.978079764120704978E-15, 6.612499999999958078 ) ) ;
#331 = CARTESIAN_POINT ( 'NONE',  ( 1.176575538379243557, 2.037888611415555662, -2.392708333333354975 ) ) ;
#332 = CARTESIAN_POINT ( 'NONE',  ( 0.000000000000000000, 8.057567985369143580E-15, -8.000000000000000000 ) ) ;
#333 = DIRECTION ( 'NONE',  ( -0.000000000000000000, -0.000000000000000000, 1.000000000000000000 ) ) ;
#334 = ORIENTED_EDGE ( 'NONE', *, *, #5234, .T. ) ;
#335 = CARTESIAN_POINT ( 'NONE',  ( 0.000000000000000000, 1.545336663013155754, 0.04999999999997367661 ) ) ;
#336 = ORIENTED_EDGE ( 'NONE', *, *, #869, .T. ) ;
#337 = CARTESIAN_POINT ( 'NONE',  ( -0.8922005383792422917, -1.545336663013149758, 3.841666666666632146 ) ) ;
#338 = CARTESIAN_POINT ( 'NONE',  ( -1.999999999999994005, -0.5358983848622458357, -2.806239260883063302 ) ) ;
#339 = CARTESIAN_POINT ( 'NONE',  ( -1.545336663013153533, 0.4140717108885875741, -3.306260739116980929 ) ) ;
#340 = EDGE_CURVE ( 'NONE', #5553, #4030, #4356, .T. ) ;
#341 = CARTESIAN_POINT ( 'NONE',  ( -1.154700538379249020, 1.999999999999999334, 1.858333333333313186 ) ) ;
#342 = CARTESIAN_POINT ( 'NONE',  ( -0.8922005383792394051, 1.545336663013157086, -5.404166666666678331 ) ) ;
#343 = ORIENTED_EDGE ( 'NONE', *, *, #2078, .F. ) ;
#344 = CARTESIAN_POINT ( 'NONE',  ( 1.999999999999996669, 2.091679895156829610E-15, 6.612499999999948308 ) ) ;
#345 = CARTESIAN_POINT ( 'NONE',  ( 1.784401076758483473, 2.541027550711231709E-15, -2.225000000000020517 ) ) ;
#346 = CARTESIAN_POINT ( 'NONE',  ( -1.545336663013155531, -0.4140717108885659248, 1.656260739116934610 ) ) ;
#347 = CARTESIAN_POINT ( 'NONE',  ( 1.545336663013150869, -0.4140717108885910158, -0.06876073911698771246 ) ) ;
#348 = CARTESIAN_POINT ( 'NONE',  ( -1.764863307568864004, 1.018944305707780051, 7.538541666666625396 ) ) ;
#349 = LINE ( 'NONE', #6095, #4837 ) ;
#350 = CARTESIAN_POINT ( 'NONE',  ( -1.545336663013152867, 3.058065870564747460E-15, -8.000000000000000000 ) ) ;
#351 = CARTESIAN_POINT ( 'NONE',  ( 0.000000000000000000, 2.868816710768336858E-15, -8.000000000000000000 ) ) ;
#352 = DIRECTION ( 'NONE',  ( -0.000000000000000000, -0.000000000000000000, 1.000000000000000000 ) ) ;
#353 = APPROVAL_ROLE ( '' ) ;
#354 = CARTESIAN_POINT ( 'NONE',  ( 1.999999999999985789, -7.315972730208273417E-15, 13.65685424949233884 ) ) ;
#355 = EDGE_CURVE ( 'NONE', #6217, #356, #6252, .T. ) ;
#356 = VERTEX_POINT ( 'NONE', #1387 ) ;
#357 = CARTESIAN_POINT ( 'NONE',  ( 2.353151076758485338, 2.436549870658972734E-15, -4.653125000000010836 ) ) ;
#358 = CARTESIAN_POINT ( 'NONE',  ( 1.338300807568862494, -0.7726683315065742130, 9.004166666666620245 ) ) ;
#359 = CARTESIAN_POINT ( 'NONE',  ( 1.176575538379243557, 2.037888611415555662, 1.807291666666634100 ) ) ;
#360 = B_SPLINE_CURVE_WITH_KNOTS ( 'NONE', 3,
 ( #4492, #2550, #161, #1117, #2099, #2984, #4463, #3459, #132, #4434 ),
 .UNSPECIFIED., .F., .F.,
 ( 4, 2, 2, 2, 4 ),
 ( 0.001323514928498297155, 0.001774691618146064832, 0.002225868307793832726, 0.002677044997441600620, 0.003128221687089368080 ),
 .UNSPECIFIED. ) ;
#361 = CARTESIAN_POINT ( 'NONE',  ( -1.999999999999996225, -1.621051918746543165E-14, 6.874999999999968914 ) ) ;
#362 = LINE ( 'NONE', #3272, #403 ) ;
#363 = ORIENTED_EDGE ( 'NONE', *, *, #4912, .F. ) ;
#364 = CARTESIAN_POINT ( 'NONE',  ( -1.338300807568861384, 0.7726683315065818736, -6.045833333333343163 ) ) ;
#365 = EDGE_LOOP ( 'NONE', ( #3161, #6184, #3989, #3852 ) ) ;
#366 = CARTESIAN_POINT ( 'NONE',  ( -1.338300807568862716, 0.7726683315065794311, 5.766666666666626639 ) ) ;
#367 = CARTESIAN_POINT ( 'NONE',  ( 0.8922005383792500632, 1.545336663013150647, -1.320833333333354620 ) ) ;
#368 = CARTESIAN_POINT ( 'NONE',  ( 0.9062599177565324737, -1.251702186432756658, -7.929663336986862099 ) ) ;
#369 = ORIENTED_EDGE ( 'NONE', *, *, #2679, .T. ) ;
#370 = CARTESIAN_POINT ( 'NONE',  ( -1.545336663013153533, 3.486133158594716806E-15, -5.375000000000012434 ) ) ;
#371 = CARTESIAN_POINT ( 'NONE',  ( -1.545336663013153089, -0.4140717108885703657, 0.3437607391169391069 ) ) ;
#372 = DIRECTION ( 'NONE',  ( 1.000000000000000000, 0.000000000000000000, 0.000000000000000000 ) ) ;
#373 = ORIENTED_EDGE ( 'NONE', *, *, #3308, .T. ) ;
#374 = ADVANCED_FACE ( 'NONE', ( #1861 ), #4161, .T. ) ;
#375 = VERTEX_POINT ( 'NONE', #5131 ) ;
#376 = FACE_OUTER_BOUND ( 'NONE', #1948, .T. ) ;
#377 = CARTESIAN_POINT ( 'NONE',  ( -1.892491597964109718E-16, -1.545336663013149980, -2.400000000000019451 ) ) ;
#378 =( BOUNDED_CURVE ( )  B_SPLINE_CURVE ( 2, ( #726, #6091, #1777, #4606, #2626, #2720, #2689, #3132, #3694 ),
 .UNSPECIFIED., .F., .F. ) 
 B_SPLINE_CURVE_WITH_KNOTS ( ( 3, 2, 2, 2, 3 ),
 ( 0.6574074074074074403, 0.6604938271604938738, 0.6666666666666667407, 0.6728395061728394966, 0.6759259259259259300 ),
 .UNSPECIFIED. ) 
 CURVE ( )  GEOMETRIC_REPRESENTATION_ITEM ( )  RATIONAL_B_SPLINE_CURVE ( ( 0.9330127018922194093, 0.9330127018922194093, 1.000000000000000000, 0.8660254037844387076, 1.000000000000000000, 0.8660254037844387076, 1.000000000000000000, 0.9330127018922194093, 0.9330127018922194093 ) ) 
 REPRESENTATION_ITEM ( '' )  );
#379 = PLANE ( 'NONE',  #3220 ) ;
#380 = CARTESIAN_POINT ( 'NONE',  ( -1.545336663013152867, 3.058065870564747460E-15, -8.000000000000000000 ) ) ;
#381 = CC_DESIGN_PERSON_AND_ORGANIZATION_ASSIGNMENT ( #2667, #4145, ( #3226 ) ) ;
#382 = ORIENTED_EDGE ( 'NONE', *, *, #2472, .T. ) ;
#383 = CARTESIAN_POINT ( 'NONE',  ( 1.764863307568864892, 1.018944305707778497, 6.605208333333294490 ) ) ;
#384 = CARTESIAN_POINT ( 'NONE',  ( 1.154700538379250574, 1.999999999999998224, 2.441666666666644669 ) ) ;
#385 = CARTESIAN_POINT ( 'NONE',  ( 1.154700538379250574, 1.999999999999998224, 5.941666666666636232 ) ) ;
#386 = CARTESIAN_POINT ( 'NONE',  ( 0.000000000000000000, 2.868816710768336858E-15, -8.000000000000000000 ) ) ;
#387 = CARTESIAN_POINT ( 'NONE',  ( 1.401258538444243973, -1.427050983124667605, -7.475000000000002309 ) ) ;
#388 = AXIS2_PLACEMENT_3D ( 'NONE', #3440, #4382, #1033 ) ;
#389 = CARTESIAN_POINT ( 'NONE',  ( 1.545336663013153311, 9.122048431656175878E-15, -2.225000000000019185 ) ) ;
#390 = ORIENTED_EDGE ( 'NONE', *, *, #3796, .T. ) ;
#391 = VECTOR ( 'NONE', #2649, 1000.000000000000000 ) ;
#392 = CARTESIAN_POINT ( 'NONE',  ( -2.353151076758485338, 3.012905657471458101E-15, -3.603125000000013234 ) ) ;
#393 = CARTESIAN_POINT ( 'NONE',  ( 1.338300807568862494, -0.7726683315065742130, 8.304166666666620955 ) ) ;
#394 = CARTESIAN_POINT ( 'NONE',  ( -2.353151076758484894, 3.012905657471457707E-15, -0.05937500000002815526 ) ) ;
#395 = CARTESIAN_POINT ( 'NONE',  ( 1.545336663013151313, 1.028409281785441324E-14, 6.262499999999962874 ) ) ;
#396 = VECTOR ( 'NONE', #5172, 1000.000000000000000 ) ;
#397 = EDGE_CURVE ( 'NONE', #2453, #235, #2175, .T. ) ;
#398 = CARTESIAN_POINT ( 'NONE',  ( 1.545336663013149092, 0.4140717108885794140, 2.793760739116934566 ) ) ;
#399 = AXIS2_PLACEMENT_3D ( 'NONE', #3007, #543, #3987 ) ;
#400 = CARTESIAN_POINT ( 'NONE',  ( 1.202639380764820798, -1.591402380229651969, -7.484346299038292294 ) ) ;
#401 = ORIENTED_EDGE ( 'NONE', *, *, #2545, .T. ) ;
#402 = CARTESIAN_POINT ( 'NONE',  ( 1.154700538379250574, 1.999999999999998224, 1.041666666666648089 ) ) ;
#403 = VECTOR ( 'NONE', #333, 1000.000000000000000 ) ;
#404 = CYLINDRICAL_SURFACE ( 'NONE', #5931, 1.999999999999985789 ) ;
#405 = CARTESIAN_POINT ( 'NONE',  ( 1.338300807568863382, 0.7726683315065783209, 10.43333333333328206 ) ) ;
#406 = CARTESIAN_POINT ( 'NONE',  ( 1.732050807568874085, -0.9999999999999963363, -2.545833333333361814 ) ) ;
#407 = CARTESIAN_POINT ( 'NONE',  ( -1.999999999999996669, -1.132993276543282844E-14, -5.637500000000018829 ) ) ;
#408 = EDGE_CURVE ( 'NONE', #4575, #2421, #1786, .T. ) ;
#409 = CARTESIAN_POINT ( 'NONE',  ( -0.8922005383792478428, -1.545336663013146428, -5.258333333333346182 ) ) ;
#410 = VECTOR ( 'NONE', #213, 1000.000000000000000 ) ;
#411 = CARTESIAN_POINT ( 'NONE',  ( -2.449293598294702470E-16, -1.999999999999993561, 0.8374999999999639400 ) ) ;
#412 = EDGE_LOOP ( 'NONE', ( #1856, #4403, #1649, #6021 ) ) ;
#413 = ORIENTED_EDGE ( 'NONE', *, *, #3488, .T. ) ;
#414 = VERTEX_POINT ( 'NONE', #1737 ) ;
#415 = CARTESIAN_POINT ( 'NONE',  ( -1.154700538379250352, -1.999999999999993117, 6.379166666666617580 ) ) ;
#416 = CARTESIAN_POINT ( 'NONE',  ( -1.338300807568862938, -0.7726683315065733249, -2.516666666666686147 ) ) ;
#417 = CARTESIAN_POINT ( 'NONE',  ( -1.545336663013152867, 3.058065870564747460E-15, -8.000000000000000000 ) ) ;
#418 = EDGE_CURVE ( 'NONE', #2373, #3405, #1330, .T. ) ;
#419 = DIRECTION ( 'NONE',  ( 0.000000000000000000, 0.000000000000000000, -1.000000000000000000 ) ) ;
#420 = CARTESIAN_POINT ( 'NONE',  ( 2.353151076758485338, 2.436549870658972734E-15, 7.946874999999957723 ) ) ;
#421 =( BOUNDED_SURFACE ( )  B_SPLINE_SURFACE ( 1, 2, ( 
 ( #4421, #514, #633, #1557, #2449, #4363, #1491, #5336, #3475, #1013, #2945, #2479, #65, #3921, #5396, #1074, #3006, #2063, #1524, #4923, #5366, #1044, #123, #3986, #5904, #662, #5105, #5043, #4541, #2625, #316, #2251, #3067, #2121, #4571, #4040, #2595, #5457, #1195, #4509, #3632, #6090, #179, #3662, #3131, #5512, #784, #4982, #5962, #2688, #5484, #693, #2182, #2147, #1162, #2218, #4135, #5550, #3566, #1646, #280, #214, #5011, #2719, #1776, #4167, #5992, #725, #3096, #1743, #4642, #4069, #3163, #2657, #1137, #246, #1675, #3595, #4098, #755, #1228, #6023, #1708, #5075, #4605, #6060, #5584, #1258, #3190, #3321, #4263, #5648, #5680, #846, #3254, #1839, #2376, #6219, #2750, #4734, #416, #815, #377, #5615, #919, #345, #5138, #4767, #2311, #2851, #1361, #5238, #6156, #1294, #4670, #446, #4226, #3224, #1804, #1329, #2281, #4196, #6186, #2344, #4295, #882, #5712, #5170, #3726, #1899, #3286, #3822, #3693, #6121, #2782, #1867, #3758, #4701, #2815, #3789, #1393, #5201, #5635, #5603, #335, #5124, #2167, #3151, #6110, #3118, #3208, #3681, #6079, #1664, #5093, #1764, #4660, #5538, #1693, #2138, #5064, #744, #4121, #3087, #1280, #6012, #2239, #5002, #3651, #2676, #4626, #683, #3584, #1215, #1795, #4590, #2707, #2270, #805, #4186, #267, #2741, #3712, #1247, #2614, #2202, #772, #3179, #3618, #6047, #5032, #4154, #4532, #203, #4059, #305, #5502, #5981, #1182, #713, #5570, #2645, #4561, #1730, #234, #4086, #3586, #3245, #5605, #337, #5159, #6049, #2204, #2647, #3653, #5574, #4631, #5504, #2272, #269, #2743, #1184, #4156, #1249, #5128, #3121, #2171, #1732, #6144, #4123, #3181, #5034, #5095, #4563, #836, #715, #6112, #4215, #307, #774, #2709, #4662, #366, #1283, #3714, #1797, #5639, #2678, #4088, #236, #2772, #2241, #4593, #746, #4691, #2301, #6014, #1695, #6081, #3621, #5540, #1217, #1766, #3153, #3683, #5066, #3211, #1320, #808, #4188, #1478, #1353, #5191, #5291, #1859, #3307, #4788, #4756, #3779, #4816, #500, #6240, #6176, #4251, #2899, #908, #1382, #3402, #2466, #5701, #4380, #3276, #967, #2435, #2399, #4350, #2368, #469, #5767, #2872, #5793, #1952, #5318, #2932, #5224, #4318, #530, #1924, #1829, #2335, #5260, #3748, #2840, #437, #1447, #4284, #3878, #6210, #23, #996, #4721, #941, #405, #868, #5670 ),
 ( #4848, #1890, #3849, #3812, #5735, #3374, #2803, #1417, #3345, #2076, #5918, #1031, #110, #1982, #2104, #558, #3438, #1631, #2051, #4024, #1090, #165, #5891, #3905, #5353, #5948, #3973, #5824, #3944, #3464, #1506, #2961, #5444, #1600, #1150, #4469, #648, #2992, #2016, #3551, #3022, #5471, #4997, #3083, #677, #5861, #4879, #2581, #2495, #4407, #78, #1543, #2609, #4496, #52, #5381, #1060, #1572, #4909, #587, #2524, #4440, #3492, #5412, #4000, #3054, #4941, #620, #2554, #136, #3521, #1122, #4970, #4528, #1275, #1211, #3675, #198, #5088, #263, #6076, #2133, #3112, #739, #3148, #3647, #3237, #768, #2736, #5629, #4586, #800, #4655, #2703, #829, #2672, #2234, #4620, #5059, #2198, #4555, #5596, #4054, #1313, #4114, #6040, #709, #331, #1790, #2640, #4150, #1726, #5976, #5566, #1659, #2266, #5497, #1242, #4182, #1759, #1689, #3175, #300, #5531, #3204, #3708, #5153, #1176, #5118, #6105, #5028, #3580, #228, #2163, #4082, #6008, #3612, #4747, #489, #3802, #2891, #2359, #4684, #1821, #4809, #2830, #2295, #394, #6169, #4208, #3741, #1913, #2389, #3869, #932, #3365, #5693, #4713, #2425, #5726, #4342, #1469, #14, #5787, #2327, #5663, #5282, #6135, #1346, #3268, #5183, #5311, #960, #1943, #3395, #1852, #429, #2766, #2795, #359, #861, #4241, #3770, #4780, #5759, #1375, #5215, #3299, #897, #4276, #6201, #1409, #1881, #1440, #3336, #3840, #5251, #2864, #461, #4308, #6231, #5814, #3457, #5851, #103, #5940, #3483, #5435, #2096, #1051, #3513, #1115, #5402, #3544, #5374, #4933, #1080, #1531, #2981, #1020, #130, #2921, #4018, #4899, #577, #3426, #3046, #4488, #5344, #611, #2512, #987, #4430, #1497, #2952, #2041, #2547, #3013, #521, #3965, #5882, #2456, #1564, #4460, #2069, #3993, #1624, #5910, #4963, #639, #2574, #69, #4869, #4370, #158, #1591, #2005, #4399, #4841, #42, #1972, #3896, #549, #2485, #3931, #5463, #1203, #669, #3639, #6096, #2602, #3668, #3138, #5521, #5110, #4991, #4517, #2693, #5489, #699, #2190, #2155, #1169, #2225, #4141, #5557, #3573, #1652, #289, #4547, #5019, #789, #1782, #3103, #1144, #189, #4610, #6067, #6033, #1750, #5999, #4105, #3168, #253, #3196, #5588, #2726, #322, #2632, #1716, #4173, #1233, #3074, #5969, #2664, #2127, #221, #4074, #5081, #1680, #1266, #3603, #4648, #2257, #4047 ) ),
 .UNSPECIFIED., .F., .F., .F. ) 
 B_SPLINE_SURFACE_WITH_KNOTS ( ( 2, 2 ),
 ( 3, 2, 2, 2, 2, 2, 2, 2, 2, 2, 2, 2, 2, 2, 2, 2, 2, 2, 2, 2, 2, 2, 2, 2, 2, 2, 2, 2, 2, 2, 2, 2, 2, 2, 2, 2, 2, 2, 2, 2, 2, 2, 2, 2, 2, 2, 2, 2, 2, 2, 2, 2, 2, 2, 2, 2, 2, 2, 2, 2, 2, 2, 2, 2, 2, 2, 2, 2, 2, 2, 2, 2, 2, 2, 2, 2, 2, 2, 2, 2, 2, 2, 2, 2, 2, 2, 2, 2, 2, 2, 2, 2, 2, 2, 2, 2, 2, 2, 2, 2, 2, 2, 2, 2, 2, 2, 2, 2, 2, 2, 2, 2, 2, 2, 2, 2, 2, 2, 2, 2, 2, 2, 2, 2, 2, 2, 2, 2, 2, 2, 2, 2, 2, 2, 2, 2, 2, 2, 2, 2, 2, 2, 2, 2, 2, 2, 2, 2, 2, 2, 2, 2, 2, 2, 2, 2, 2, 2, 2, 2, 2, 2, 3 ),
 ( 0.000000000000000000, 1.000000000000000000 ),
 ( 0.000000000000000000, 0.006172839506172839164, 0.01234567901234567833, 0.01851851851851851749, 0.02469135802469135665, 0.03086419753086419582, 0.03703703703703703498, 0.04320987654320987414, 0.04938271604938271331, 0.05555555555555555247, 0.06172839506172839164, 0.06790123456790123080, 0.07407407407407406996, 0.08024691358024690913, 0.08641975308641974829, 0.09259259259259258745, 0.09876543209876542662, 0.1049382716049382658, 0.1111111111111111049, 0.1172839506172839441, 0.1234567901234567833, 0.1296296296296296224, 0.1358024691358024616, 0.1419753086419753008, 0.1481481481481481399, 0.1543209876543209791, 0.1604938271604938183, 0.1666666666666666574, 0.1728395061728394966, 0.1790123456790123357, 0.1851851851851851749, 0.1913580246913580141, 0.1975308641975308532, 0.2037037037037036924, 0.2098765432098765316, 0.2160493827160493707, 0.2222222222222222099, 0.2283950617283950490, 0.2345679012345678882, 0.2407407407407407274, 0.2469135802469135665, 0.2530864197530864335, 0.2592592592592592449, 0.2654320987654321118, 0.2716049382716049232, 0.2777777777777777901, 0.2839506172839506015, 0.2901234567901234684, 0.2962962962962962798, 0.3024691358024691468, 0.3086419753086419582, 0.3148148148148148251, 0.3209876543209876365, 0.3271604938271605034, 0.3333333333333333148, 0.3395061728395061817, 0.3456790123456789932, 0.3518518518518518601, 0.3580246913580246715, 0.3641975308641975384, 0.3703703703703703498, 0.3765432098765432167, 0.3827160493827160281, 0.3888888888888888951, 0.3950617283950617065, 0.4012345679012345734, 0.4074074074074073848, 0.4135802469135802517, 0.4197530864197530631, 0.4259259259259259300, 0.4320987654320987414, 0.4382716049382716084, 0.4444444444444444198, 0.4506172839506172867, 0.4567901234567900981, 0.4629629629629629650, 0.4691358024691357764, 0.4753086419753086433, 0.4814814814814814548, 0.4876543209876543217, 0.4938271604938271331, 0.5000000000000000000, 0.5061728395061728669, 0.5123456790123457338, 0.5185185185185184897, 0.5246913580246913567, 0.5308641975308642236, 0.5370370370370370905, 0.5432098765432098464, 0.5493827160493827133, 0.5555555555555555802, 0.5617283950617284471, 0.5679012345679012030, 0.5740740740740740700, 0.5802469135802469369, 0.5864197530864198038, 0.5925925925925925597, 0.5987654320987654266, 0.6049382716049382935, 0.6111111111111111605, 0.6172839506172839164, 0.6234567901234567833, 0.6296296296296296502, 0.6358024691358025171, 0.6419753086419752730, 0.6481481481481481399, 0.6543209876543210068, 0.6604938271604938738, 0.6666666666666666297, 0.6728395061728394966, 0.6790123456790123635, 0.6851851851851852304, 0.6913580246913579863, 0.6975308641975308532, 0.7037037037037037202, 0.7098765432098765871, 0.7160493827160493430, 0.7222222222222222099, 0.7283950617283950768, 0.7345679012345679437, 0.7407407407407406996, 0.7469135802469135665, 0.7530864197530864335, 0.7592592592592593004, 0.7654320987654320563, 0.7716049382716049232, 0.7777777777777777901, 0.7839506172839506570, 0.7901234567901234129, 0.7962962962962962798, 0.8024691358024691468, 0.8086419753086420137, 0.8148148148148147696, 0.8209876543209876365, 0.8271604938271605034, 0.8333333333333333703, 0.8395061728395061262, 0.8456790123456789932, 0.8518518518518518601, 0.8580246913580247270, 0.8641975308641974829, 0.8703703703703703498, 0.8765432098765432167, 0.8827160493827160836, 0.8888888888888888395, 0.8950617283950617065, 0.9012345679012345734, 0.9074074074074074403, 0.9135802469135801962, 0.9197530864197530631, 0.9259259259259259300, 0.9320987654320987970, 0.9382716049382715529, 0.9444444444444444198, 0.9506172839506172867, 0.9567901234567901536, 0.9629629629629629095, 0.9691358024691357764, 0.9753086419753086433, 0.9814814814814815103, 0.9876543209876542662, 0.9938271604938271331, 1.000000000000000000 ),
 .UNSPECIFIED. ) 
 GEOMETRIC_REPRESENTATION_ITEM ( )  RATIONAL_B_SPLINE_SURFACE ( (
 ( 1.000000000000000000, 0.8660254037844387076, 1.000000000000000000, 0.8660254037844387076, 1.000000000000000000, 0.8660254037844387076, 1.000000000000000000, 0.8660254037844387076, 1.000000000000000000, 0.8660254037844387076, 1.000000000000000000, 0.8660254037844387076, 1.000000000000000000, 0.8660254037844387076, 1.000000000000000000, 0.8660254037844387076, 1.000000000000000000, 0.8660254037844387076, 1.000000000000000000, 0.8660254037844387076, 1.000000000000000000, 0.8660254037844387076, 1.000000000000000000, 0.8660254037844387076, 1.000000000000000000, 0.8660254037844387076, 1.000000000000000000, 0.8660254037844387076, 1.000000000000000000, 0.8660254037844387076, 1.000000000000000000, 0.8660254037844387076, 1.000000000000000000, 0.8660254037844387076, 1.000000000000000000, 0.8660254037844387076, 1.000000000000000000, 0.8660254037844387076, 1.000000000000000000, 0.8660254037844387076, 1.000000000000000000, 0.8660254037844387076, 1.000000000000000000, 0.8660254037844387076, 1.000000000000000000, 0.8660254037844387076, 1.000000000000000000, 0.8660254037844387076, 1.000000000000000000, 0.8660254037844387076, 1.000000000000000000, 0.8660254037844387076, 1.000000000000000000, 0.8660254037844387076, 1.000000000000000000, 0.8660254037844387076, 1.000000000000000000, 0.8660254037844387076, 1.000000000000000000, 0.8660254037844387076, 1.000000000000000000, 0.8660254037844387076, 1.000000000000000000, 0.8660254037844387076, 1.000000000000000000, 0.8660254037844387076, 1.000000000000000000, 0.8660254037844387076, 1.000000000000000000, 0.8660254037844387076, 1.000000000000000000, 0.8660254037844387076, 1.000000000000000000, 0.8660254037844387076, 1.000000000000000000, 0.8660254037844387076, 1.000000000000000000, 0.8660254037844387076, 1.000000000000000000, 0.8660254037844387076, 1.000000000000000000, 0.8660254037844387076, 1.000000000000000000, 0.8660254037844387076, 1.000000000000000000, 0.8660254037844387076, 1.000000000000000000, 0.8660254037844387076, 1.000000000000000000, 0.8660254037844387076, 1.000000000000000000, 0.8660254037844387076, 1.000000000000000000, 0.8660254037844387076, 1.000000000000000000, 0.8660254037844387076, 1.000000000000000000, 0.8660254037844387076, 1.000000000000000000, 0.8660254037844387076, 1.000000000000000000, 0.8660254037844387076, 1.000000000000000000, 0.8660254037844387076, 1.000000000000000000, 0.8660254037844387076, 1.000000000000000000, 0.8660254037844387076, 1.000000000000000000, 0.8660254037844387076, 1.000000000000000000, 0.8660254037844387076, 1.000000000000000000, 0.8660254037844387076, 1.000000000000000000, 0.8660254037844387076, 1.000000000000000000, 0.8660254037844387076, 1.000000000000000000, 0.8660254037844387076, 1.000000000000000000, 0.8660254037844387076, 1.000000000000000000, 0.8660254037844387076, 1.000000000000000000, 0.8660254037844387076, 1.000000000000000000, 0.8660254037844387076, 1.000000000000000000, 0.8660254037844387076, 1.000000000000000000, 0.8660254037844387076, 1.000000000000000000, 0.8660254037844387076, 1.000000000000000000, 0.8660254037844387076, 1.000000000000000000, 0.8660254037844387076, 1.000000000000000000, 0.8660254037844387076, 1.000000000000000000, 0.8660254037844387076, 1.000000000000000000, 0.8660254037844387076, 1.000000000000000000, 0.8660254037844387076, 1.000000000000000000, 0.8660254037844387076, 1.000000000000000000, 0.8660254037844387076, 1.000000000000000000, 0.8660254037844387076, 1.000000000000000000, 0.8660254037844387076, 1.000000000000000000, 0.8660254037844387076, 1.000000000000000000, 0.8660254037844387076, 1.000000000000000000, 0.8660254037844387076, 1.000000000000000000, 0.8660254037844387076, 1.000000000000000000, 0.8660254037844387076, 1.000000000000000000, 0.8660254037844387076, 1.000000000000000000, 0.8660254037844387076, 1.000000000000000000, 0.8660254037844387076, 1.000000000000000000, 0.8660254037844387076, 1.000000000000000000, 0.8660254037844387076, 1.000000000000000000, 0.8660254037844387076, 1.000000000000000000, 0.8660254037844387076, 1.000000000000000000, 0.8660254037844387076, 1.000000000000000000, 0.8660254037844387076, 1.000000000000000000, 0.8660254037844387076, 1.000000000000000000, 0.8660254037844387076, 1.000000000000000000, 0.8660254037844387076, 1.000000000000000000, 0.8660254037844387076, 1.000000000000000000, 0.8660254037844387076, 1.000000000000000000, 0.8660254037844387076, 1.000000000000000000, 0.8660254037844387076, 1.000000000000000000, 0.8660254037844387076, 1.000000000000000000, 0.8660254037844387076, 1.000000000000000000, 0.8660254037844387076, 1.000000000000000000, 0.8660254037844387076, 1.000000000000000000, 0.8660254037844387076, 1.000000000000000000, 0.8660254037844387076, 1.000000000000000000, 0.8660254037844387076, 1.000000000000000000, 0.8660254037844387076, 1.000000000000000000, 0.8660254037844387076, 1.000000000000000000, 0.8660254037844387076, 1.000000000000000000, 0.8660254037844387076, 1.000000000000000000, 0.8660254037844387076, 1.000000000000000000, 0.8660254037844387076, 1.000000000000000000, 0.8660254037844387076, 1.000000000000000000, 0.8660254037844387076, 1.000000000000000000, 0.8660254037844387076, 1.000000000000000000, 0.8660254037844387076, 1.000000000000000000, 0.8660254037844387076, 1.000000000000000000, 0.8660254037844387076, 1.000000000000000000, 0.8660254037844387076, 1.000000000000000000, 0.8660254037844387076, 1.000000000000000000, 0.8660254037844387076, 1.000000000000000000, 0.8660254037844387076, 1.000000000000000000, 0.8660254037844387076, 1.000000000000000000, 0.8660254037844387076, 1.000000000000000000, 0.8660254037844387076, 1.000000000000000000, 0.8660254037844387076, 1.000000000000000000, 0.8660254037844387076, 1.000000000000000000, 0.8660254037844387076, 1.000000000000000000, 0.8660254037844387076, 1.000000000000000000, 0.8660254037844387076, 1.000000000000000000, 0.8660254037844387076, 1.000000000000000000, 0.8660254037844387076, 1.000000000000000000, 0.8660254037844387076, 1.000000000000000000, 0.8660254037844387076, 1.000000000000000000, 0.8660254037844387076, 1.000000000000000000, 0.8660254037844387076, 1.000000000000000000, 0.8660254037844387076, 1.000000000000000000, 0.8660254037844387076, 1.000000000000000000, 0.8660254037844387076, 1.000000000000000000, 0.8660254037844387076, 1.000000000000000000, 0.8660254037844387076, 1.000000000000000000, 0.8660254037844387076, 1.000000000000000000, 0.8660254037844387076, 1.000000000000000000, 0.8660254037844387076, 1.000000000000000000, 0.8660254037844387076, 1.000000000000000000, 0.8660254037844387076, 1.000000000000000000, 0.8660254037844387076, 1.000000000000000000, 0.8660254037844387076, 1.000000000000000000, 0.8660254037844387076, 1.000000000000000000, 0.8660254037844387076, 1.000000000000000000, 0.8660254037844387076, 1.000000000000000000, 0.8660254037844387076, 1.000000000000000000, 0.8660254037844387076, 1.000000000000000000, 0.8660254037844387076, 1.000000000000000000, 0.8660254037844387076, 1.000000000000000000, 0.8660254037844387076, 1.000000000000000000, 0.8660254037844387076, 1.000000000000000000, 0.8660254037844387076, 1.000000000000000000, 0.8660254037844387076, 1.000000000000000000, 0.8660254037844387076, 1.000000000000000000, 0.8660254037844387076, 1.000000000000000000, 0.8660254037844387076, 1.000000000000000000, 0.8660254037844387076, 1.000000000000000000),
 ( 1.000000000000000000, 0.8660254037844387076, 1.000000000000000000, 0.8660254037844387076, 1.000000000000000000, 0.8660254037844387076, 1.000000000000000000, 0.8660254037844387076, 1.000000000000000000, 0.8660254037844387076, 1.000000000000000000, 0.8660254037844387076, 1.000000000000000000, 0.8660254037844387076, 1.000000000000000000, 0.8660254037844387076, 1.000000000000000000, 0.8660254037844387076, 1.000000000000000000, 0.8660254037844387076, 1.000000000000000000, 0.8660254037844387076, 1.000000000000000000, 0.8660254037844387076, 1.000000000000000000, 0.8660254037844387076, 1.000000000000000000, 0.8660254037844387076, 1.000000000000000000, 0.8660254037844387076, 1.000000000000000000, 0.8660254037844387076, 1.000000000000000000, 0.8660254037844387076, 1.000000000000000000, 0.8660254037844387076, 1.000000000000000000, 0.8660254037844387076, 1.000000000000000000, 0.8660254037844387076, 1.000000000000000000, 0.8660254037844387076, 1.000000000000000000, 0.8660254037844387076, 1.000000000000000000, 0.8660254037844387076, 1.000000000000000000, 0.8660254037844387076, 1.000000000000000000, 0.8660254037844387076, 1.000000000000000000, 0.8660254037844387076, 1.000000000000000000, 0.8660254037844387076, 1.000000000000000000, 0.8660254037844387076, 1.000000000000000000, 0.8660254037844387076, 1.000000000000000000, 0.8660254037844387076, 1.000000000000000000, 0.8660254037844387076, 1.000000000000000000, 0.8660254037844387076, 1.000000000000000000, 0.8660254037844387076, 1.000000000000000000, 0.8660254037844387076, 1.000000000000000000, 0.8660254037844387076, 1.000000000000000000, 0.8660254037844387076, 1.000000000000000000, 0.8660254037844387076, 1.000000000000000000, 0.8660254037844387076, 1.000000000000000000, 0.8660254037844387076, 1.000000000000000000, 0.8660254037844387076, 1.000000000000000000, 0.8660254037844387076, 1.000000000000000000, 0.8660254037844387076, 1.000000000000000000, 0.8660254037844387076, 1.000000000000000000, 0.8660254037844387076, 1.000000000000000000, 0.8660254037844387076, 1.000000000000000000, 0.8660254037844387076, 1.000000000000000000, 0.8660254037844387076, 1.000000000000000000, 0.8660254037844387076, 1.000000000000000000, 0.8660254037844387076, 1.000000000000000000, 0.8660254037844387076, 1.000000000000000000, 0.8660254037844387076, 1.000000000000000000, 0.8660254037844387076, 1.000000000000000000, 0.8660254037844387076, 1.000000000000000000, 0.8660254037844387076, 1.000000000000000000, 0.8660254037844387076, 1.000000000000000000, 0.8660254037844387076, 1.000000000000000000, 0.8660254037844387076, 1.000000000000000000, 0.8660254037844387076, 1.000000000000000000, 0.8660254037844387076, 1.000000000000000000, 0.8660254037844387076, 1.000000000000000000, 0.8660254037844387076, 1.000000000000000000, 0.8660254037844387076, 1.000000000000000000, 0.8660254037844387076, 1.000000000000000000, 0.8660254037844387076, 1.000000000000000000, 0.8660254037844387076, 1.000000000000000000, 0.8660254037844387076, 1.000000000000000000, 0.8660254037844387076, 1.000000000000000000, 0.8660254037844387076, 1.000000000000000000, 0.8660254037844387076, 1.000000000000000000, 0.8660254037844387076, 1.000000000000000000, 0.8660254037844387076, 1.000000000000000000, 0.8660254037844387076, 1.000000000000000000, 0.8660254037844387076, 1.000000000000000000, 0.8660254037844387076, 1.000000000000000000, 0.8660254037844387076, 1.000000000000000000, 0.8660254037844387076, 1.000000000000000000, 0.8660254037844387076, 1.000000000000000000, 0.8660254037844387076, 1.000000000000000000, 0.8660254037844387076, 1.000000000000000000, 0.8660254037844387076, 1.000000000000000000, 0.8660254037844387076, 1.000000000000000000, 0.8660254037844387076, 1.000000000000000000, 0.8660254037844387076, 1.000000000000000000, 0.8660254037844387076, 1.000000000000000000, 0.8660254037844387076, 1.000000000000000000, 0.8660254037844387076, 1.000000000000000000, 0.8660254037844387076, 1.000000000000000000, 0.8660254037844387076, 1.000000000000000000, 0.8660254037844387076, 1.000000000000000000, 0.8660254037844387076, 1.000000000000000000, 0.8660254037844387076, 1.000000000000000000, 0.8660254037844387076, 1.000000000000000000, 0.8660254037844387076, 1.000000000000000000, 0.8660254037844387076, 1.000000000000000000, 0.8660254037844387076, 1.000000000000000000, 0.8660254037844387076, 1.000000000000000000, 0.8660254037844387076, 1.000000000000000000, 0.8660254037844387076, 1.000000000000000000, 0.8660254037844387076, 1.000000000000000000, 0.8660254037844387076, 1.000000000000000000, 0.8660254037844387076, 1.000000000000000000, 0.8660254037844387076, 1.000000000000000000, 0.8660254037844387076, 1.000000000000000000, 0.8660254037844387076, 1.000000000000000000, 0.8660254037844387076, 1.000000000000000000, 0.8660254037844387076, 1.000000000000000000, 0.8660254037844387076, 1.000000000000000000, 0.8660254037844387076, 1.000000000000000000, 0.8660254037844387076, 1.000000000000000000, 0.8660254037844387076, 1.000000000000000000, 0.8660254037844387076, 1.000000000000000000, 0.8660254037844387076, 1.000000000000000000, 0.8660254037844387076, 1.000000000000000000, 0.8660254037844387076, 1.000000000000000000, 0.8660254037844387076, 1.000000000000000000, 0.8660254037844387076, 1.000000000000000000, 0.8660254037844387076, 1.000000000000000000, 0.8660254037844387076, 1.000000000000000000, 0.8660254037844387076, 1.000000000000000000, 0.8660254037844387076, 1.000000000000000000, 0.8660254037844387076, 1.000000000000000000, 0.8660254037844387076, 1.000000000000000000, 0.8660254037844387076, 1.000000000000000000, 0.8660254037844387076, 1.000000000000000000, 0.8660254037844387076, 1.000000000000000000, 0.8660254037844387076, 1.000000000000000000, 0.8660254037844387076, 1.000000000000000000, 0.8660254037844387076, 1.000000000000000000, 0.8660254037844387076, 1.000000000000000000, 0.8660254037844387076, 1.000000000000000000, 0.8660254037844387076, 1.000000000000000000, 0.8660254037844387076, 1.000000000000000000, 0.8660254037844387076, 1.000000000000000000, 0.8660254037844387076, 1.000000000000000000, 0.8660254037844387076, 1.000000000000000000, 0.8660254037844387076, 1.000000000000000000, 0.8660254037844387076, 1.000000000000000000, 0.8660254037844387076, 1.000000000000000000, 0.8660254037844387076, 1.000000000000000000, 0.8660254037844387076, 1.000000000000000000, 0.8660254037844387076, 1.000000000000000000, 0.8660254037844387076, 1.000000000000000000, 0.8660254037844387076, 1.000000000000000000, 0.8660254037844387076, 1.000000000000000000, 0.8660254037844387076, 1.000000000000000000, 0.8660254037844387076, 1.000000000000000000, 0.8660254037844387076, 1.000000000000000000, 0.8660254037844387076, 1.000000000000000000, 0.8660254037844387076, 1.000000000000000000, 0.8660254037844387076, 1.000000000000000000, 0.8660254037844387076, 1.000000000000000000, 0.8660254037844387076, 1.000000000000000000, 0.8660254037844387076, 1.000000000000000000, 0.8660254037844387076, 1.000000000000000000, 0.8660254037844387076, 1.000000000000000000, 0.8660254037844387076, 1.000000000000000000, 0.8660254037844387076, 1.000000000000000000, 0.8660254037844387076, 1.000000000000000000, 0.8660254037844387076, 1.000000000000000000, 0.8660254037844387076, 1.000000000000000000, 0.8660254037844387076, 1.000000000000000000, 0.8660254037844387076, 1.000000000000000000) ) ) 
 REPRESENTATION_ITEM ( '' )  SURFACE ( )  );
#422 = DIRECTION ( 'NONE',  ( -0.000000000000000000, -0.000000000000000000, 1.000000000000000000 ) ) ;
#423 = CARTESIAN_POINT ( 'NONE',  ( -1.545336663013154643, 1.975475456537005874E-15, -0.3875000000000231593 ) ) ;
#424 = EDGE_CURVE ( 'NONE', #5220, #2733, #35, .T. ) ;
#425 = CARTESIAN_POINT ( 'NONE',  ( 0.8922005383792495081, 1.545336663013150869, -2.108333333333353377 ) ) ;
#426 = ORIENTED_EDGE ( 'NONE', *, *, #5543, .F. ) ;
#427 = CARTESIAN_POINT ( 'NONE',  ( -1.176575538379243335, -2.037888611415550333, -4.886458333333343340 ) ) ;
#428 = CARTESIAN_POINT ( 'NONE',  ( -1.338300807568862938, -0.7726683315065733249, 10.17083333333328277 ) ) ;
#429 = CARTESIAN_POINT ( 'NONE',  ( 1.764863307568863338, -1.018944305707774722, 1.632291666666634278 ) ) ;
#430 = CARTESIAN_POINT ( 'NONE',  ( -0.4105481538094484240, 1.545336663013156642, 7.164342219069963491 ) ) ;
#431 = FACE_OUTER_BOUND ( 'NONE', #250, .T. ) ;
#432 = LINE ( 'NONE', #1885, #3023 ) ;
#433 = ORIENTED_EDGE ( 'NONE', *, *, #4674, .F. ) ;
#434 = CARTESIAN_POINT ( 'NONE',  ( 0.8922005383792235289, -1.545336663013160194, 3.258333333333300441 ) ) ;
#435 = CARTESIAN_POINT ( 'NONE',  ( -1.999999999999996225, 0.5358983848622473900, -5.056260739116967606 ) ) ;
#436 = CARTESIAN_POINT ( 'NONE',  ( 1.784401076758483473, 2.541027550711231709E-15, -0.7375000000000228040 ) ) ;
#437 = CARTESIAN_POINT ( 'NONE',  ( -0.8922005383792416255, 1.545336663013155531, 9.908333333333285253 ) ) ;
#438 = CARTESIAN_POINT ( 'NONE',  ( 4.088929691768174940E-14, 1.545336663013155754, 6.349999999999959677 ) ) ;
#439 = CARTESIAN_POINT ( 'NONE',  ( -1.564142465101758139, 3.050366513770375825E-15, 7.214142465101773816 ) ) ;
#440 = CARTESIAN_POINT ( 'NONE',  ( -1.732050807568874529, -0.9999999999999950040, 0.7208333333332962445 ) ) ;
#441 = ORIENTED_EDGE ( 'NONE', *, *, #807, .T. ) ;
#442 = VERTEX_POINT ( 'NONE', #4373 ) ;
#443 = ADVANCED_FACE ( 'NONE', ( #1535 ), #4936, .T. ) ;
#444 = ORIENTED_EDGE ( 'NONE', *, *, #2187, .T. ) ;
#445 = CARTESIAN_POINT ( 'NONE',  ( 0.000000000000000000, -9.797174393178817769E-16, 7.999999999999998224 ) ) ;
#446 = CARTESIAN_POINT ( 'NONE',  ( 0.8922005383792411815, -1.545336663013150424, -1.641666666666687924 ) ) ;
#447 =( BOUNDED_CURVE ( )  B_SPLINE_CURVE ( 2, ( #5733, #435, #1415, #4720, #6208, #1476, #1445, #3847, #1950 ),
 .UNSPECIFIED., .F., .T. ) 
 B_SPLINE_CURVE_WITH_KNOTS ( ( 3, 2, 2, 2, 3 ),
 ( 0.8425925925925925597, 0.8456790123456789932, 0.8518518518518518601, 0.8580246913580247270, 0.8611111111111111605 ),
 .UNSPECIFIED. ) 
 CURVE ( )  GEOMETRIC_REPRESENTATION_ITEM ( )  RATIONAL_B_SPLINE_CURVE ( ( 0.9330127018922194093, 0.9330127018922194093, 1.000000000000000000, 0.8660254037844387076, 1.000000000000000000, 0.8660254037844387076, 1.000000000000000000, 0.9330127018922194093, 0.9330127018922194093 ) ) 
 REPRESENTATION_ITEM ( '' )  );
#448 = CARTESIAN_POINT ( 'NONE',  ( -1.338300807568867157, -0.7726683315065656643, 1.683333333333304038 ) ) ;
#449 = DIRECTION ( 'NONE',  ( -0.000000000000000000, -0.000000000000000000, 1.000000000000000000 ) ) ;
#450 = CARTESIAN_POINT ( 'NONE',  ( 2.353151076758485338, 2.436549870658972734E-15, 7.246874999999960210 ) ) ;
#451 = CARTESIAN_POINT ( 'NONE',  ( 1.338300807568861162, -0.7726683315065763225, -5.783333333333344761 ) ) ;
#452 = DIRECTION ( 'NONE',  ( -1.000000000000000000, 0.000000000000000000, 0.000000000000000000 ) ) ;
#453 = CARTESIAN_POINT ( 'NONE',  ( -1.732050807568874529, -0.9999999999999950040, -4.179166666666691121 ) ) ;
#454 = CARTESIAN_POINT ( 'NONE',  ( -1.999999999999999112, 0.5358983848622429491, -7.068760739116980218 ) ) ;
#455 = CARTESIAN_POINT ( 'NONE',  ( -1.154700538379249020, 1.999999999999999334, -7.241666666666663588 ) ) ;
#456 =( BOUNDED_CURVE ( )  B_SPLINE_CURVE ( 2, ( #2112, #1552, #2561, #4007, #3471, #3951, #2141, #2999, #1130 ),
 .UNSPECIFIED., .F., .F. ) 
 B_SPLINE_CURVE_WITH_KNOTS ( ( 3, 2, 2, 2, 3 ),
 ( 0.6018518518518518601, 0.6049382716049382935, 0.6111111111111111605, 0.6172839506172840274, 0.6203703703703703498 ),
 .UNSPECIFIED. ) 
 CURVE ( )  GEOMETRIC_REPRESENTATION_ITEM ( )  RATIONAL_B_SPLINE_CURVE ( ( 0.9330127018922194093, 0.9330127018922194093, 1.000000000000000000, 0.8660254037844387076, 1.000000000000000000, 0.8660254037844387076, 1.000000000000000000, 0.9330127018922205195, 0.9330127018922192983 ) ) 
 REPRESENTATION_ITEM ( '' )  );
#457 = ORIENTED_EDGE ( 'NONE', *, *, #2833, .F. ) ;
#458 = CARTESIAN_POINT ( 'NONE',  ( -2.353151076758485338, 3.012905657471458101E-15, -5.003125000000008704 ) ) ;
#459 = ADVANCED_FACE ( 'NONE', ( #3547 ), #643, .T. ) ;
#460 = CARTESIAN_POINT ( 'NONE',  ( 1.784401076758483473, 2.541027550711231709E-15, 9.762499999999949551 ) ) ;
#461 = CARTESIAN_POINT ( 'NONE',  ( -2.495693764988901954E-16, -2.037888611415550333, 2.915624999999965272 ) ) ;
#462 = CARTESIAN_POINT ( 'NONE',  ( -0.8922005383792445121, -1.545336663013148426, -0.9708333333333556414 ) ) ;
#463 = CYLINDRICAL_SURFACE ( 'NONE', #595, 1.545336663013152867 ) ;
#464 = CARTESIAN_POINT ( 'NONE',  ( -1.338300807568873596, -0.7726683315065545621, 5.183333333333295379 ) ) ;
#465 = VERTEX_POINT ( 'NONE', #5346 ) ;
#466 = CARTESIAN_POINT ( 'NONE',  ( -1.545336663013155531, -0.4140717108885652031, 3.056260739116931635 ) ) ;
#467 = LINE ( 'NONE', #2397, #2912 ) ;
#468 = CARTESIAN_POINT ( 'NONE',  ( 0.8922005383792411815, -1.545336663013150424, -2.254166666666685970 ) ) ;
#469 = CARTESIAN_POINT ( 'NONE',  ( 1.784401076758483473, 2.541027550711231709E-15, 8.974999999999953459 ) ) ;
#470 = CARTESIAN_POINT ( 'NONE',  ( -1.545336663013153311, 4.967739750997471014E-15, -1.175000000000022249 ) ) ;
#471 = CARTESIAN_POINT ( 'NONE',  ( -1.246247566576072829, -1.028594098803619072, 7.262199081622045860 ) ) ;
#472 = EDGE_LOOP ( 'NONE', ( #765, #3070, #1956, #3318 ) ) ;
#473 = DIRECTION ( 'NONE',  ( 0.000000000000000000, 0.000000000000000000, -1.000000000000000000 ) ) ;
#474 = EDGE_LOOP ( 'NONE', ( #4060, #4085, #2708, #2300 ) ) ;
#475 = ORIENTED_EDGE ( 'NONE', *, *, #3055, .T. ) ;
#476 = DIRECTION ( 'NONE',  ( -1.000000000000000000, 0.000000000000000000, 0.000000000000000000 ) ) ;
#477 = CARTESIAN_POINT ( 'NONE',  ( -0.8922005383792461775, -1.545336663013147316, 1.741666666666636498 ) ) ;
#478 = EDGE_CURVE ( 'NONE', #4147, #3874, #360, .T. ) ;
#479 = CARTESIAN_POINT ( 'NONE',  ( -1.176575538379243335, -2.037888611415550333, 9.113541666666620245 ) ) ;
#480 = CARTESIAN_POINT ( 'NONE',  ( 1.545336663013153089, 2.440293211016302001E-15, -5.725000000000011191 ) ) ;
#481 = CARTESIAN_POINT ( 'NONE',  ( 1.338300807568857831, -0.7726683315065822066, -3.595833333333349202 ) ) ;
#482 = DIRECTION ( 'NONE',  ( -1.000000000000000000, 0.000000000000000000, 0.000000000000000000 ) ) ;
#483 = DIRECTION ( 'NONE',  ( 6.982962677686266711E-15, -1.000000000000000000, -6.152622119893133002E-16 ) ) ;
#484 = EDGE_CURVE ( 'NONE', #3583, #1208, #6092, .T. ) ;
#485 = DIRECTION ( 'NONE',  ( 0.000000000000000000, 0.000000000000000000, -1.000000000000000000 ) ) ;
#486 = EDGE_LOOP ( 'NONE', ( #3410, #3548, #1426, #4687 ) ) ;
#487 = CARTESIAN_POINT ( 'NONE',  ( 1.764863307568864892, 1.018944305707778497, -1.094791666666685703 ) ) ;
#488 = CARTESIAN_POINT ( 'NONE',  ( -0.8922005383792416255, 1.545336663013155531, 9.995833333333285609 ) ) ;
#489 = CARTESIAN_POINT ( 'NONE',  ( -2.495693764988901954E-16, -2.037888611415550333, -0.5843750000000258460 ) ) ;
#490 = CARTESIAN_POINT ( 'NONE',  ( -1.545336663013152867, 3.058065870564747460E-15, -8.000000000000000000 ) ) ;
#491 = CARTESIAN_POINT ( 'NONE',  ( -1.338300807568861384, 0.7726683315065815405, -6.745833333333341564 ) ) ;
#492 = EDGE_CURVE ( 'NONE', #4819, #1256, #3029, .T. ) ;
#493 =( BOUNDED_CURVE ( )  B_SPLINE_CURVE ( 2, ( #5204, #3791, #6221, #5714, #1901, #2853, #4770, #1395, #3324 ),
 .UNSPECIFIED., .F., .T. ) 
 B_SPLINE_CURVE_WITH_KNOTS ( ( 3, 2, 2, 2, 3 ),
 ( 0.5462962962962962798, 0.5493827160493827133, 0.5555555555555555802, 0.5617283950617284471, 0.5648148148148148806 ),
 .UNSPECIFIED. ) 
 CURVE ( )  GEOMETRIC_REPRESENTATION_ITEM ( )  RATIONAL_B_SPLINE_CURVE ( ( 0.9330127018922194093, 0.9330127018922194093, 1.000000000000000000, 0.8660254037844387076, 1.000000000000000000, 0.8660254037844387076, 1.000000000000000000, 0.9330127018922180770, 0.9330127018922192983 ) ) 
 REPRESENTATION_ITEM ( '' )  );
#494 = VECTOR ( 'NONE', #4676, 1000.000000000000000 ) ;
#495 = CARTESIAN_POINT ( 'NONE',  ( 1.999999999999996225, 2.091679895156829610E-15, -0.4750000000000146883 ) ) ;
#496 = ORIENTED_EDGE ( 'NONE', *, *, #1998, .F. ) ;
#497 = CARTESIAN_POINT ( 'NONE',  ( 1.341942081208246177E-29, -5.578198353757150534E-15, 6.473556149732618614 ) ) ;
#498 = DIRECTION ( 'NONE',  ( 0.000000000000000000, 0.000000000000000000, -1.000000000000000000 ) ) ;
#499 = CARTESIAN_POINT ( 'NONE',  ( -0.8922005383792422917, -1.545336663013149758, -1.670833333333353821 ) ) ;
#500 = CARTESIAN_POINT ( 'NONE',  ( -1.338300807568862938, -0.7726683315065733249, 7.983333333333288095 ) ) ;
#501 = VECTOR ( 'NONE', #1076, 1000.000000000000000 ) ;
#502 = DIRECTION ( 'NONE',  ( 0.000000000000000000, -1.000000000000000000, -4.565061778886326155E-16 ) ) ;
#503 = VECTOR ( 'NONE', #2970, 999.9999999999998863 ) ;
#504 = EDGE_LOOP ( 'NONE', ( #4777, #4444, #2082, #3705 ) ) ;
#505 = ORIENTED_EDGE ( 'NONE', *, *, #2092, .T. ) ;
#506 = ORIENTED_EDGE ( 'NONE', *, *, #5935, .T. ) ;
#507 = CARTESIAN_POINT ( 'NONE',  ( 0.8922005383792411815, -1.545336663013150424, -7.854166666666672292 ) ) ;
#508 = AXIS2_PLACEMENT_3D ( 'NONE', #497, #3342, #3274 ) ;
#509 = CARTESIAN_POINT ( 'NONE',  ( 1.732050807568874751, 0.9999999999999995559, 3.083333333333309945 ) ) ;
#510 = CARTESIAN_POINT ( 'NONE',  ( -1.732050807568874307, 1.000000000000001332, 4.804166666666620955 ) ) ;
#511 = CARTESIAN_POINT ( 'NONE',  ( -1.176575538379242447, 2.037888611415556994, 8.880208333333289517 ) ) ;
#512 = EDGE_CURVE ( 'NONE', #5324, #2201, #2230, .T. ) ;
#513 = CARTESIAN_POINT ( 'NONE',  ( -2.000000000000001332, 0.5358983848622385082, -2.956260739116972402 ) ) ;
#514 = CARTESIAN_POINT ( 'NONE',  ( -0.8922005383792416255, 1.545336663013155531, -8.291666666666671404 ) ) ;
#515 = CARTESIAN_POINT ( 'NONE',  ( 0.000000000000000000, -7.560902090037740558E-15, 13.65685424949233884 ) ) ;
#516 = CARTESIAN_POINT ( 'NONE',  ( -1.545336663013154643, -0.4140717108885599851, 5.243760739116928526 ) ) ;
#517 = EDGE_LOOP ( 'NONE', ( #3910, #857, #5636, #5287 ) ) ;
#518 = CARTESIAN_POINT ( 'NONE',  ( -1.764863307568864226, -1.018944305707773612, -0.7447916666666869467 ) ) ;
#519 = ADVANCED_FACE ( 'NONE', ( #3703 ), #2420, .T. ) ;
#520 = DIRECTION ( 'NONE',  ( 0.000000000000000000, 0.000000000000000000, -1.000000000000000000 ) ) ;
#521 = CARTESIAN_POINT ( 'NONE',  ( 1.764863307568864448, 1.018944305707778275, 5.248958333333293425 ) ) ;
#522 = CARTESIAN_POINT ( 'NONE',  ( -1.545336663013151757, 3.457082048939760872E-15, 6.612499999999960743 ) ) ;
#523 = CARTESIAN_POINT ( 'NONE',  ( -1.999999999999996669, 0.5358983848622475010, 1.331239260882997932 ) ) ;
#524 = CARTESIAN_POINT ( 'NONE',  ( 1.545336663013153089, 2.440293211016302001E-15, -5.637500000000009948 ) ) ;
#525 = CARTESIAN_POINT ( 'NONE',  ( 1.545336663013151313, 1.135898387508778358E-14, 5.474999999999962341 ) ) ;
#526 = ORIENTED_EDGE ( 'NONE', *, *, #3766, .T. ) ;
#527 = FACE_OUTER_BOUND ( 'NONE', #5356, .T. ) ;
#528 = DIRECTION ( 'NONE',  ( -0.000000000000000000, -0.000000000000000000, 1.000000000000000000 ) ) ;
#529 = CARTESIAN_POINT ( 'NONE',  ( -1.338300807568862716, 0.7726683315065794311, -1.145833333333354576 ) ) ;
#530 = CARTESIAN_POINT ( 'NONE',  ( -1.892491597964109718E-16, -1.545336663013149980, 9.499999999999952038 ) ) ;
#531 = CARTESIAN_POINT ( 'NONE',  ( 1.545336663013151535, 1.010978615992467763E-14, 0.5749999999999743094 ) ) ;
#532 = CARTESIAN_POINT ( 'NONE',  ( 0.5222594696893732014, -1.617859012293338283, 7.346533985542877510 ) ) ;
#533 = ORIENTED_EDGE ( 'NONE', *, *, #1870, .T. ) ;
#534 = CARTESIAN_POINT ( 'NONE',  ( -0.8922005383792428468, -1.545336663013149092, -4.558333333333348669 ) ) ;
#535 = ORIENTED_EDGE ( 'NONE', *, *, #4228, .F. ) ;
#536 = EDGE_LOOP ( 'NONE', ( #5960, #5094, #457, #2543 ) ) ;
#537 = DIRECTION ( 'NONE',  ( -0.000000000000000000, -5.648303390429391465E-16, 1.000000000000000000 ) ) ;
#538 = CARTESIAN_POINT ( 'NONE',  ( 0.8922005383792400712, -1.545336663013150647, -7.154166666666673002 ) ) ;
#539 = CC_DESIGN_PERSON_AND_ORGANIZATION_ASSIGNMENT ( #3670, #6130, ( #5232 ) ) ;
#540 = CARTESIAN_POINT ( 'NONE',  ( -1.176575538379243335, -2.037888611415550333, 9.813541666666619534 ) ) ;
#541 = CARTESIAN_POINT ( 'NONE',  ( -1.154700538379249020, 1.999999999999999334, -5.841666666666667673 ) ) ;
#542 = CYLINDRICAL_SURFACE ( 'NONE', #1465, 1.545336663013152867 ) ;
#543 = DIRECTION ( 'NONE',  ( -0.000000000000000000, -5.648303390429391465E-16, 1.000000000000000000 ) ) ;
#544 = CARTESIAN_POINT ( 'NONE',  ( 1.338300807568849837, -0.7726683315065959734, 5.504166666666629126 ) ) ;
#545 =( BOUNDED_CURVE ( )  B_SPLINE_CURVE ( 2, ( #3048, #3514, #4992, #2070, #4490, #2513, #1532, #5941, #2548 ),
 .UNSPECIFIED., .F., .F. ) 
 B_SPLINE_CURVE_WITH_KNOTS ( ( 3, 2, 2, 2, 3 ),
 ( 0.1759259259259259300, 0.1790123456790123357, 0.1851851851851851749, 0.1913580246913580141, 0.1944444444444444475 ),
 .UNSPECIFIED. ) 
 CURVE ( )  GEOMETRIC_REPRESENTATION_ITEM ( )  RATIONAL_B_SPLINE_CURVE ( ( 0.9330127018922194093, 0.9330127018922196314, 1.000000000000000000, 0.8660254037844387076, 1.000000000000000000, 0.8660254037844387076, 1.000000000000000000, 0.9330127018922190762, 0.9330127018922194093 ) ) 
 REPRESENTATION_ITEM ( '' )  );
#546 = ORIENTED_EDGE ( 'NONE', *, *, #3892, .F. ) ;
#547 = CARTESIAN_POINT ( 'NONE',  ( -1.764863307568864226, -1.018944305707773612, -2.144791666666683749 ) ) ;
#548 = CARTESIAN_POINT ( 'NONE',  ( 1.732050807568874973, 0.9999999999999997780, 5.970833333333283477 ) ) ;
#549 = CARTESIAN_POINT ( 'NONE',  ( 1.764863307568864448, 1.018944305707778275, 6.648958333333289339 ) ) ;
#550 = CARTESIAN_POINT ( 'NONE',  ( 1.338300807568864270, 0.7726683315065765445, 0.7208333333333076798 ) ) ;
#551 = CARTESIAN_POINT ( 'NONE',  ( 0.8922005383792637190, 1.545336663013142875, 3.491666666666632501 ) ) ;
#552 = EDGE_CURVE ( 'NONE', #5014, #1988, #642, .T. ) ;
#553 = CARTESIAN_POINT ( 'NONE',  ( -1.154700538379250352, -1.999999999999993117, -1.320833333333365278 ) ) ;
#554 = ORIENTED_EDGE ( 'NONE', *, *, #4340, .F. ) ;
#555 = CARTESIAN_POINT ( 'NONE',  ( 1.545336663013154421, -1.135898387508778358E-14, 3.374999999999965805 ) ) ;
#556 = CARTESIAN_POINT ( 'NONE',  ( -1.545336663013155976, -0.4140717108885713649, -0.4437392608830600937 ) ) ;
#557 = CARTESIAN_POINT ( 'NONE',  ( -1.784401076758483473, 2.978079764120704978E-15, 3.112499999999967404 ) ) ;
#558 = CARTESIAN_POINT ( 'NONE',  ( -2.353151076758484894, 3.012905657471457707E-15, -7.759375000000007461 ) ) ;
#559 = CARTESIAN_POINT ( 'NONE',  ( 1.338300807568871154, 0.7726683315065647761, 5.620833333333295379 ) ) ;
#560 = CARTESIAN_POINT ( 'NONE',  ( 1.545336663013151313, 1.365402153782930631E-14, 1.274999999999973266 ) ) ;
#561 = ORIENTED_EDGE ( 'NONE', *, *, #512, .F. ) ;
#562 = FACE_OUTER_BOUND ( 'NONE', #1958, .T. ) ;
#563 = ORIENTED_EDGE ( 'NONE', *, *, #5794, .F. ) ;
#564 = EDGE_LOOP ( 'NONE', ( #5158, #5294, #4238, #2101 ) ) ;
#565 = CARTESIAN_POINT ( 'NONE',  ( 1.545336663013152867, -0.4140717108885775266, -7.768760739116969738 ) ) ;
#566 = DIRECTION ( 'NONE',  ( -0.000000000000000000, -5.648303390429391465E-16, 1.000000000000000000 ) ) ;
#567 = CARTESIAN_POINT ( 'NONE',  ( 1.250000000000004663, 0.4925713333550501005, 10.09516395295339564 ) ) ;
#568 = EDGE_CURVE ( 'NONE', #1927, #5085, #5023, .T. ) ;
#569 = CARTESIAN_POINT ( 'NONE',  ( 2.353151076758485338, 2.436549870658972734E-15, 10.74687499999994955 ) ) ;
#570 = CYLINDRICAL_SURFACE ( 'NONE', #5744, 1.999999999999985789 ) ;
#571 = CARTESIAN_POINT ( 'NONE',  ( 0.000000000000000000, -5.761269458237980497E-15, 10.20000000000000284 ) ) ;
#572 = CARTESIAN_POINT ( 'NONE',  ( 1.999999999999996669, 2.091679895156829610E-15, -1.787500000000030287 ) ) ;
#573 = CARTESIAN_POINT ( 'NONE',  ( 1.545336663013151313, 1.135898387508778358E-14, 5.562499999999963585 ) ) ;
#574 = ORIENTED_EDGE ( 'NONE', *, *, #976, .T. ) ;
#575 = CARTESIAN_POINT ( 'NONE',  ( 1.176575538379244001, 2.037888611415556106, 0.3635416666666439478 ) ) ;
#576 = CYLINDRICAL_SURFACE ( 'NONE', #2328, 1.545336663013152867 ) ;
#577 = CARTESIAN_POINT ( 'NONE',  ( 1.764863307568863338, -1.018944305707774722, 4.432291666666627883 ) ) ;
#578 = CARTESIAN_POINT ( 'NONE',  ( -1.154700538379249464, 1.999999999999999556, 7.545833333333281878 ) ) ;
#579 =( BOUNDED_CURVE ( )  B_SPLINE_CURVE ( 2, ( #560, #199, #2105, #1660, #3581, #4529, #2526, #3523, #5383 ),
 .UNSPECIFIED., .F., .F. ) 
 B_SPLINE_CURVE_WITH_KNOTS ( ( 3, 2, 2, 2, 3 ),
 ( 0.5092592592592594114, 0.5123456790123457338, 0.5185185185185184897, 0.5246913580246913567, 0.5277777777777777901 ),
 .UNSPECIFIED. ) 
 CURVE ( )  GEOMETRIC_REPRESENTATION_ITEM ( )  RATIONAL_B_SPLINE_CURVE ( ( 0.9330127018922194093, 0.9330127018922217408, 1.000000000000000000, 0.8660254037844387076, 1.000000000000000000, 0.8660254037844387076, 1.000000000000000000, 0.9330127018922194093, 0.9330127018922194093 ) ) 
 REPRESENTATION_ITEM ( '' )  );
#580 = DIRECTION ( 'NONE',  ( 0.000000000000000000, 0.000000000000000000, -1.000000000000000000 ) ) ;
#581 = CARTESIAN_POINT ( 'NONE',  ( -1.999999999999996225, -1.621051918746543165E-14, 4.074999999999976197 ) ) ;
#582 = CIRCLE ( 'NONE', #661, 1.443375672974069657 ) ;
#583 = CARTESIAN_POINT ( 'NONE',  ( 1.476526059800571657E-14, 1.545336663013155754, -1.350000000000022293 ) ) ;
#584 = ORIENTED_EDGE ( 'NONE', *, *, #2652, .F. ) ;
#585 = CARTESIAN_POINT ( 'NONE',  ( 1.338300807568868267, 0.7726683315065694391, -4.266666666666681706 ) ) ;
#586 = CARTESIAN_POINT ( 'NONE',  ( 1.784401076758483473, 2.541027550711231709E-15, 3.462499999999967493 ) ) ;
#587 = CARTESIAN_POINT ( 'NONE',  ( 1.176575538379243557, 2.037888611415555662, -5.192708333333348136 ) ) ;
#588 = EDGE_CURVE ( 'NONE', #28, #1281, #1083, .T. ) ;
#589 = CARTESIAN_POINT ( 'NONE',  ( 0.000000000000000000, 2.868816710768336858E-15, -8.000000000000000000 ) ) ;
#590 = CARTESIAN_POINT ( 'NONE',  ( 1.999999999999996669, 2.091679895156829610E-15, 2.412499999999958789 ) ) ;
#591 = FACE_OUTER_BOUND ( 'NONE', #5323, .T. ) ;
#592 = ORIENTED_EDGE ( 'NONE', *, *, #3929, .T. ) ;
#593 = CONICAL_SURFACE ( 'NONE', #788, 1.443375672974069657, 0.7853981633974500554 ) ;
#594 = VERTEX_POINT ( 'NONE', #4520 ) ;
#595 = AXIS2_PLACEMENT_3D ( 'NONE', #4278, #3898, #1917 ) ;
#596 = EDGE_CURVE ( 'NONE', #4261, #2806, #2476, .T. ) ;
#597 = CARTESIAN_POINT ( 'NONE',  ( 1.545336663013152867, 2.868816710768336858E-15, -8.000000000000000000 ) ) ;
#598 = CARTESIAN_POINT ( 'NONE',  ( -1.545336663013152645, -0.4140717108885767495, -7.356239260883041808 ) ) ;
#599 = VECTOR ( 'NONE', #977, 1000.000000000000000 ) ;
#600 = DIRECTION ( 'NONE',  ( -0.000000000000000000, -0.000000000000000000, 1.000000000000000000 ) ) ;
#601 = CARTESIAN_POINT ( 'NONE',  ( -2.353151076758485338, 3.012905657471458101E-15, 10.39687499999995168 ) ) ;
#602 = CONICAL_SURFACE ( 'NONE', #4128, 1.443375672974069657, 0.7853981633974500554 ) ;
#603 = CARTESIAN_POINT ( 'NONE',  ( 1.732050807568874085, -0.9999999999999963363, -0.4458333333333668880 ) ) ;
#604 = CARTESIAN_POINT ( 'NONE',  ( 1.999999999999994005, -0.5358983848622467239, -6.718760739116981462 ) ) ;
#605 = CARTESIAN_POINT ( 'NONE',  ( -1.338300807568852946, 0.7726683315065963065, 4.454166666666630192 ) ) ;
#606 = DIRECTION ( 'NONE',  ( 0.000000000000000000, 0.000000000000000000, -1.000000000000000000 ) ) ;
#607 = VECTOR ( 'NONE', #5541, 999.9999999999998863 ) ;
#608 = ORIENTED_EDGE ( 'NONE', *, *, #1718, .F. ) ;
#609 = CARTESIAN_POINT ( 'NONE',  ( -1.176575538379242447, 2.037888611415556994, -2.319791666666683572 ) ) ;
#610 = CARTESIAN_POINT ( 'NONE',  ( -1.154700538379249464, 1.999999999999999556, -2.954166666666694585 ) ) ;
#611 = CARTESIAN_POINT ( 'NONE',  ( -1.176575538379242447, 2.037888611415556550, 4.723958333333293957 ) ) ;
#612 = ADVANCED_FACE ( 'NONE', ( #2229 ), #593, .F. ) ;
#613 = ADVANCED_FACE ( 'NONE', ( #5972 ), #4679, .T. ) ;
#614 = CARTESIAN_POINT ( 'NONE',  ( 0.000000000000000000, 1.999999999999999556, 7.487499999999948308 ) ) ;
#615 = CARTESIAN_POINT ( 'NONE',  ( 1.590075555678418334E-14, 1.545336663013155754, 0.8374999999999737099 ) ) ;
#616 = DIRECTION ( 'NONE',  ( -0.000000000000000000, -0.000000000000000000, 1.000000000000000000 ) ) ;
#617 = VERTEX_POINT ( 'NONE', #5754 ) ;
#618 = CARTESIAN_POINT ( 'NONE',  ( -1.250000000000004663, -0.7216878364870406015, 10.20000000000000284 ) ) ;
#619 = CARTESIAN_POINT ( 'NONE',  ( -1.892491597964109718E-16, -1.545336663013149980, 1.187499999999973355 ) ) ;
#620 = CARTESIAN_POINT ( 'NONE',  ( 1.176575538379241559, -2.037888611415550777, -4.726041666666683128 ) ) ;
#621 = ADVANCED_FACE ( 'NONE', ( #6165 ), #6131, .T. ) ;
#622 =( BOUNDED_CURVE ( )  B_SPLINE_CURVE ( 2, ( #5604, #5221, #1826, #3304, #1318, #5732, #364, #938, #834 ),
 .UNSPECIFIED., .F., .T. ) 
 B_SPLINE_CURVE_WITH_KNOTS ( ( 3, 2, 2, 2, 3 ),
 ( 0.1018518518518518601, 0.1049382716049382658, 0.1111111111111111049, 0.1172839506172839441, 0.1203703703703703776 ),
 .UNSPECIFIED. ) 
 CURVE ( )  GEOMETRIC_REPRESENTATION_ITEM ( )  RATIONAL_B_SPLINE_CURVE ( ( 0.9330127018922194093, 0.9330127018922196314, 1.000000000000000000, 0.8660254037844387076, 1.000000000000000000, 0.8660254037844387076, 1.000000000000000000, 0.9330127018922190762, 0.9330127018922194093 ) ) 
 REPRESENTATION_ITEM ( '' )  );
#623 = CARTESIAN_POINT ( 'NONE',  ( -1.999999999999996225, 3.079417623425332547E-15, 1.974999999999979883 ) ) ;
#624 = CARTESIAN_POINT ( 'NONE',  ( 1.999999999999996669, 2.091679895156829610E-15, 5.912499999999950795 ) ) ;
#625 = ORIENTED_EDGE ( 'NONE', *, *, #3597, .F. ) ;
#626 = ORIENTED_EDGE ( 'NONE', *, *, #552, .F. ) ;
#627 = CARTESIAN_POINT ( 'NONE',  ( 0.5135752358548885121, -1.146862872304131198, 10.00689518559269686 ) ) ;
#628 = CARTESIAN_POINT ( 'NONE',  ( -1.999999999999991562, -0.5358983848622502766, 4.893760739116917335 ) ) ;
#629 = LINE ( 'NONE', #4475, #2422 ) ;
#630 = DIRECTION ( 'NONE',  ( 0.000000000000000000, 0.000000000000000000, -1.000000000000000000 ) ) ;
#631 = EDGE_CURVE ( 'NONE', #5953, #5268, #1307, .T. ) ;
#632 = CARTESIAN_POINT ( 'NONE',  ( 1.338300807568862494, -0.7726683315065742130, -4.995833333333345117 ) ) ;
#633 = CARTESIAN_POINT ( 'NONE',  ( -1.338300807568862716, 0.7726683315065794311, -8.233333333333339610 ) ) ;
#634 = CARTESIAN_POINT ( 'NONE',  ( 1.999999999999985789, -7.315972730208273417E-15, 13.65685424949233884 ) ) ;
#635 = DIRECTION ( 'NONE',  ( 0.000000000000000000, 0.000000000000000000, -1.000000000000000000 ) ) ;
#636 = ORIENTED_EDGE ( 'NONE', *, *, #3320, .T. ) ;
#637 = CARTESIAN_POINT ( 'NONE',  ( 1.764863307568863782, -1.018944305707774944, 1.588541666666640984 ) ) ;
#638 = CARTESIAN_POINT ( 'NONE',  ( 1.545336663013151313, 1.365402153782930631E-14, 1.362499999999974065 ) ) ;
#639 = CARTESIAN_POINT ( 'NONE',  ( 2.353151076758484894, 2.436549870658972734E-15, 5.890624999999959144 ) ) ;
#640 = CARTESIAN_POINT ( 'NONE',  ( -1.943233778639894105, 0.6342203644116474193, 7.625503812075931975 ) ) ;
#641 = CARTESIAN_POINT ( 'NONE',  ( -1.545336663013154643, -4.357666448243395021E-16, 1.012499999999974865 ) ) ;
#642 =( BOUNDED_CURVE ( )  B_SPLINE_CURVE ( 2, ( #3171, #4993, #3576, #3077, #2699, #224, #3107, #3642, #2261 ),
 .UNSPECIFIED., .F., .T. ) 
 B_SPLINE_CURVE_WITH_KNOTS ( ( 3, 2, 2, 2, 3 ),
 ( 0.3055555555555555802, 0.3086419753086419582, 0.3148148148148148251, 0.3209876543209876365, 0.3240740740740741255 ),
 .UNSPECIFIED. ) 
 CURVE ( )  GEOMETRIC_REPRESENTATION_ITEM ( )  RATIONAL_B_SPLINE_CURVE ( ( 0.9330127018922194093, 0.9330127018922199644, 1.000000000000000000, 0.8660254037844387076, 1.000000000000000000, 0.8660254037844387076, 1.000000000000000000, 0.9330127018922180770, 0.9330127018922192983 ) ) 
 REPRESENTATION_ITEM ( '' )  );
#643 = CYLINDRICAL_SURFACE ( 'NONE', #2109, 1.999999999999985789 ) ;
#644 = EDGE_CURVE ( 'NONE', #1663, #2421, #1876, .T. ) ;
#645 = ORIENTED_EDGE ( 'NONE', *, *, #3502, .F. ) ;
#646 = CARTESIAN_POINT ( 'NONE',  ( -1.732050807568873863, 1.000000000000001110, 5.416666666666637653 ) ) ;
#647 = CARTESIAN_POINT ( 'NONE',  ( -1.338300807568862938, -0.7726683315065733249, 1.070833333333305548 ) ) ;
#648 = CARTESIAN_POINT ( 'NONE',  ( 0.000000000000000000, 2.037888611415556550, -6.534375000000012257 ) ) ;
#649 = CARTESIAN_POINT ( 'NONE',  ( 0.000000000000000000, 8.017839704152269752E-15, -7.929663336986834565 ) ) ;
#650 = CC_DESIGN_PERSON_AND_ORGANIZATION_ASSIGNMENT ( #4581, #4203, ( #3226 ) ) ;
#651 = CARTESIAN_POINT ( 'NONE',  ( -1.999999999999996669, -6.565550782020048959E-15, -0.8250000000000129452 ) ) ;
#652 = ORIENTED_EDGE ( 'NONE', *, *, #5927, .F. ) ;
#653 = ORIENTED_EDGE ( 'NONE', *, *, #1485, .T. ) ;
#654 =( BOUNDED_CURVE ( )  B_SPLINE_CURVE ( 2, ( #3095, #3130, #2624, #3535, #1193, #5483, #1161, #5074, #5010 ),
 .UNSPECIFIED., .F., .F. ) 
 B_SPLINE_CURVE_WITH_KNOTS ( ( 3, 2, 2, 2, 3 ),
 ( 0.3425925925925926152, 0.3456790123456789932, 0.3518518518518518601, 0.3580246913580246715, 0.3611111111111111605 ),
 .UNSPECIFIED. ) 
 CURVE ( )  GEOMETRIC_REPRESENTATION_ITEM ( )  RATIONAL_B_SPLINE_CURVE ( ( 0.9330127018922194093, 0.9330127018922199644, 1.000000000000000000, 0.8660254037844387076, 1.000000000000000000, 0.8660254037844387076, 1.000000000000000000, 0.9330127018922180770, 0.9330127018922192983 ) ) 
 REPRESENTATION_ITEM ( '' )  );
#655 = CARTESIAN_POINT ( 'NONE',  ( -1.154700538379249464, 1.999999999999999556, 6.845833333333280812 ) ) ;
#656 = CARTESIAN_POINT ( 'NONE',  ( -1.338300807568866047, -0.7726683315065676627, -2.429166666666685348 ) ) ;
#657 = CARTESIAN_POINT ( 'NONE',  ( 1.545336663013151313, 1.289869268680045045E-14, 2.762499999999971312 ) ) ;
#658 = CARTESIAN_POINT ( 'NONE',  ( -0.8922005383792416255, 1.545336663013155531, -6.804166666666675134 ) ) ;
#659 = EDGE_LOOP ( 'NONE', ( #3454, #4791, #426, #2742 ) ) ;
#660 = DIRECTION ( 'NONE',  ( -0.000000000000000000, -0.000000000000000000, 1.000000000000000000 ) ) ;
#661 = AXIS2_PLACEMENT_3D ( 'NONE', #571, #3417, #3505 ) ;
#662 = CARTESIAN_POINT ( 'NONE',  ( -0.8922005383792416255, 1.545336663013155531, -6.891666666666675489 ) ) ;
#663 = EDGE_CURVE ( 'NONE', #5409, #2861, #3421, .T. ) ;
#664 = LINE ( 'NONE', #281, #1702 ) ;
#665 = CYLINDRICAL_SURFACE ( 'NONE', #4827, 1.999999999999985789 ) ;
#666 = EDGE_LOOP ( 'NONE', ( #2468, #3682, #5156, #6058 ) ) ;
#667 = CARTESIAN_POINT ( 'NONE',  ( -1.176575538379243335, -2.037888611415550333, 2.813541666666637742 ) ) ;
#668 = CARTESIAN_POINT ( 'NONE',  ( 1.154700538379248798, -1.999999999999993561, 6.408333333333300352 ) ) ;
#669 = CARTESIAN_POINT ( 'NONE',  ( -2.353151076758484894, 3.012905657471457707E-15, 6.940624999999955413 ) ) ;
#670 = EDGE_CURVE ( 'NONE', #4974, #1825, #1738, .T. ) ;
#671 = CARTESIAN_POINT ( 'NONE',  ( 1.545336663013152867, 2.868816710768336858E-15, -8.000000000000000000 ) ) ;
#672 = CARTESIAN_POINT ( 'NONE',  ( 1.732050807568874085, -0.9999999999999963363, 3.054166666666624508 ) ) ;
#673 = CARTESIAN_POINT ( 'NONE',  ( 0.2604674900009400496, 1.873617886177307623, 7.537872825535883337 ) ) ;
#674 = VERTEX_POINT ( 'NONE', #1371 ) ;
#675 = CARTESIAN_POINT ( 'NONE',  ( 0.000000000000000000, 2.037888611415556994, -7.278125000000004619 ) ) ;
#676 = CARTESIAN_POINT ( 'NONE',  ( 1.784401076758483473, 2.541027550711231709E-15, 7.662499999999956124 ) ) ;
#677 = CARTESIAN_POINT ( 'NONE',  ( 1.764863307568863338, -1.018944305707774722, -6.067708333333347248 ) ) ;
#678 =( BOUNDED_CURVE ( )  B_SPLINE_CURVE ( 2, ( #1435, #4743, #4271, #4336, #5658, #2825, #5179, #3361, #2790 ),
 .UNSPECIFIED., .F., .T. ) 
 B_SPLINE_CURVE_WITH_KNOTS ( ( 3, 2, 2, 2, 3 ),
 ( 0.3240740740740740700, 0.3271604938271605034, 0.3333333333333333703, 0.3395061728395061262, 0.3425925925925925597 ),
 .UNSPECIFIED. ) 
 CURVE ( )  GEOMETRIC_REPRESENTATION_ITEM ( )  RATIONAL_B_SPLINE_CURVE ( ( 0.9330127018922194093, 0.9330127018922194093, 1.000000000000000000, 0.8660254037844387076, 1.000000000000000000, 0.8660254037844387076, 1.000000000000000000, 0.9330127018922194093, 0.9330127018922194093 ) ) 
 REPRESENTATION_ITEM ( '' )  );
#679 = CARTESIAN_POINT ( 'NONE',  ( 1.250000000000004663, -0.7216878364870416007, 8.660000000000001918 ) ) ;
#680 = EDGE_CURVE ( 'NONE', #177, #4819, #678, .T. ) ;
#681 = CARTESIAN_POINT ( 'NONE',  ( -1.154700538379249020, 1.999999999999999334, -0.9416666666666801966 ) ) ;
#682 = ORIENTED_EDGE ( 'NONE', *, *, #2833, .T. ) ;
#683 = CARTESIAN_POINT ( 'NONE',  ( -1.784401076758483473, 2.978079764120704978E-15, 1.624999999999970246 ) ) ;
#684 = VERTEX_POINT ( 'NONE', #3294 ) ;
#685 = CARTESIAN_POINT ( 'NONE',  ( 1.999999999999996669, 2.091679895156829610E-15, 6.612499999999948308 ) ) ;
#686 = CARTESIAN_POINT ( 'NONE',  ( -1.732050807568873863, 1.000000000000001110, 0.5166666666666502872 ) ) ;
#687 = CARTESIAN_POINT ( 'NONE',  ( -0.8922005383792184219, 1.545336663013169076, 2.995833333333301596 ) ) ;
#688 = DIRECTION ( 'NONE',  ( -0.000000000000000000, -0.000000000000000000, 1.000000000000000000 ) ) ;
#689 =( BOUNDED_CURVE ( )  B_SPLINE_CURVE ( 2, ( #3598, #183, #4014, #4985, #1746, #5934, #3069, #4574, #4543 ),
 .UNSPECIFIED., .F., .T. ) 
 B_SPLINE_CURVE_WITH_KNOTS ( ( 3, 2, 2, 2, 3 ),
 ( 0.1018518518518518601, 0.1049382716049382658, 0.1111111111111111049, 0.1172839506172839441, 0.1203703703703703776 ),
 .UNSPECIFIED. ) 
 CURVE ( )  GEOMETRIC_REPRESENTATION_ITEM ( )  RATIONAL_B_SPLINE_CURVE ( ( 0.9330127018922194093, 0.9330127018922196314, 1.000000000000000000, 0.8660254037844387076, 1.000000000000000000, 0.8660254037844387076, 1.000000000000000000, 0.9330127018922190762, 0.9330127018922194093 ) ) 
 REPRESENTATION_ITEM ( '' )  );
#690 = VECTOR ( 'NONE', #4235, 999.9999999999998863 ) ;
#691 = CARTESIAN_POINT ( 'NONE',  ( -1.892491597964109718E-16, -1.545336663013149980, -3.712500000000015454 ) ) ;
#692 = ORIENTED_EDGE ( 'NONE', *, *, #4947, .T. ) ;
#693 = CARTESIAN_POINT ( 'NONE',  ( -1.784401076758483473, 2.978079764120704978E-15, -5.375000000000011546 ) ) ;
#694 = CARTESIAN_POINT ( 'NONE',  ( -1.999999999999991340, -0.5358983848622501656, -2.893739260883043674 ) ) ;
#695 = EDGE_CURVE ( 'NONE', #1988, #1919, #1975, .T. ) ;
#696 = VERTEX_POINT ( 'NONE', #5278 ) ;
#697 = CARTESIAN_POINT ( 'NONE',  ( -2.353151076758485338, 3.012905657471458101E-15, 4.796874999999965361 ) ) ;
#698 = CARTESIAN_POINT ( 'NONE',  ( 1.999999999999996669, -2.672702088255949867E-15, -4.675000000000003375 ) ) ;
#699 = CARTESIAN_POINT ( 'NONE',  ( -2.353151076758484894, 3.012905657471457707E-15, 7.640624999999953815 ) ) ;
#700 = CARTESIAN_POINT ( 'NONE',  ( 2.877352455682578442E-14, 1.545336663013155754, 4.249999999999963585 ) ) ;
#701 = CARTESIAN_POINT ( 'NONE',  ( -1.545336663013152423, -0.4140717108885721420, -3.156239260883051845 ) ) ;
#702 = AXIS2_PLACEMENT_3D ( 'NONE', #4307, #896, #1942 ) ;
#703 = DIRECTION ( 'NONE',  ( 1.000000000000000000, 0.000000000000000000, 0.000000000000000000 ) ) ;
#704 = CARTESIAN_POINT ( 'NONE',  ( 1.457523472204689696, 1.135203954376468038, 7.481998856076995885 ) ) ;
#705 = EDGE_CURVE ( 'NONE', #1350, #3341, #1583, .T. ) ;
#706 = VERTEX_POINT ( 'NONE', #4805 ) ;
#707 = CARTESIAN_POINT ( 'NONE',  ( 1.176575538379244001, 2.037888611415556106, -6.636458333333339787 ) ) ;
#708 = CARTESIAN_POINT ( 'NONE',  ( -1.892491597964109718E-16, -1.545336663013149980, 6.087499999999961275 ) ) ;
#709 = CARTESIAN_POINT ( 'NONE',  ( 1.764863307568864448, 1.018944305707778275, -2.451041666666688101 ) ) ;
#710 = DIRECTION ( 'NONE',  ( 1.000000000000000000, 0.000000000000000000, 0.000000000000000000 ) ) ;
#711 = CARTESIAN_POINT ( 'NONE',  ( -1.545336663013152645, 0.4140717108885852427, -5.406260739116976133 ) ) ;
#712 = ORIENTED_EDGE ( 'NONE', *, *, #1595, .F. ) ;
#713 = CARTESIAN_POINT ( 'NONE',  ( 0.8922005383792411815, -1.545336663013150424, 3.258333333333300885 ) ) ;
#714 = ORIENTED_EDGE ( 'NONE', *, *, #1495, .T. ) ;
#715 = CARTESIAN_POINT ( 'NONE',  ( 0.8922005383792411815, -1.545336663013150424, 5.358333333333294313 ) ) ;
#716 = B_SPLINE_CURVE_WITH_KNOTS ( 'NONE', 3,
 ( #73, #47, #1412, #936, #5286, #6204, #2430, #2894, #3398, #1537 ),
 .UNSPECIFIED., .F., .F.,
 ( 4, 2, 2, 2, 4 ),
 ( 0.0007836423023445303554, 0.001157416549359622116, 0.001531190796374713552, 0.001904965043389804987, 0.002278739290404896423 ),
 .UNSPECIFIED. ) ;
#717 = CARTESIAN_POINT ( 'NONE',  ( 1.999999999999996225, -9.784413731789170541E-14, -7.475000000000002309 ) ) ;
#718 = CARTESIAN_POINT ( 'NONE',  ( 1.250000000000004885, -0.7216878364870404905, 10.20000000000000284 ) ) ;
#719 = CARTESIAN_POINT ( 'NONE',  ( 1.545336663013151313, -0.4140717108885826891, -4.268760739116977732 ) ) ;
#720 = CARTESIAN_POINT ( 'NONE',  ( 1.545336663013153089, 9.499712857170600653E-15, -2.925000000000018030 ) ) ;
#721 = DIRECTION ( 'NONE',  ( -0.000000000000000000, -0.000000000000000000, 1.000000000000000000 ) ) ;
#722 = CARTESIAN_POINT ( 'NONE',  ( -0.8922005383792416255, 1.545336663013155531, -3.304166666666682683 ) ) ;
#723 = ORIENTED_EDGE ( 'NONE', *, *, #3451, .F. ) ;
#724 = CARTESIAN_POINT ( 'NONE',  ( -1.732050807568874085, -0.9999999999999947820, 2.733333333333310300 ) ) ;
#725 = CARTESIAN_POINT ( 'NONE',  ( 0.8922005383792411815, -1.545336663013150424, -4.441666666666681529 ) ) ;
#726 = CARTESIAN_POINT ( 'NONE',  ( -1.999999999999996669, -6.565550782020048959E-15, -1.525000000000011235 ) ) ;
#727 = CARTESIAN_POINT ( 'NONE',  ( -1.154700538379250130, -1.999999999999992673, -2.808333333333341564 ) ) ;
#728 = ORIENTED_EDGE ( 'NONE', *, *, #324, .T. ) ;
#729 = CARTESIAN_POINT ( 'NONE',  ( -2.353151076758485338, 3.012905657471458101E-15, 3.396874999999969003 ) ) ;
#730 = CARTESIAN_POINT ( 'NONE',  ( -1.999999999999996669, -6.565550782020048959E-15, -6.424999999999999822 ) ) ;
#731 = CARTESIAN_POINT ( 'NONE',  ( -1.545336663013152867, 3.058065870564747460E-15, -8.000000000000000000 ) ) ;
#732 = FACE_BOUND ( 'NONE', #5432, .T. ) ;
#733 = CARTESIAN_POINT ( 'NONE',  ( -1.374534231033659681, -1.297395611655291159, -7.588683321250139002 ) ) ;
#734 = COORDINATED_UNIVERSAL_TIME_OFFSET ( 6, 0, .BEHIND. ) ;
#735 = CARTESIAN_POINT ( 'NONE',  ( 0.4924036327463958695, 1.817239474320155423, 7.528988332378665937 ) ) ;
#736 = EDGE_LOOP ( 'NONE', ( #74, #3461, #39, #4044 ) ) ;
#737 = CARTESIAN_POINT ( 'NONE',  ( 1.999999999999996225, 2.091679895156829610E-15, 5.824999999999969091 ) ) ;
#738 = CARTESIAN_POINT ( 'NONE',  ( 1.338300807568862494, -0.7726683315065742130, 4.804166666666629837 ) ) ;
#739 = CARTESIAN_POINT ( 'NONE',  ( 1.176575538379243557, 2.037888611415555662, -3.792708333333351778 ) ) ;
#740 = EDGE_CURVE ( 'NONE', #5231, #5092, #1534, .T. ) ;
#741 = CARTESIAN_POINT ( 'NONE',  ( 1.999999999999996669, 0.5358983848622463908, -1.143739260883048336 ) ) ;
#742 =( BOUNDED_CURVE ( )  B_SPLINE_CURVE ( 2, ( #898, #15, #3933, #5375, #614, #578, #5852, #640, #2575 ),
 .UNSPECIFIED., .F., .F. ) 
 B_SPLINE_CURVE_WITH_KNOTS ( ( 3, 2, 2, 2, 3 ),
 ( 0.8425925925925925597, 0.8456790123456789932, 0.8518518518518518601, 0.8580246913580247270, 0.8604922580466564108 ),
 .UNSPECIFIED. ) 
 CURVE ( )  GEOMETRIC_REPRESENTATION_ITEM ( )  RATIONAL_B_SPLINE_CURVE ( ( 0.9330127018922194093, 0.9330127018922194093, 1.000000000000000000, 0.8660254037844387076, 1.000000000000000000, 0.8660254037844387076, 1.000000000000000000, 0.9464442173794065383, 0.9357058334765426810 ) ) 
 REPRESENTATION_ITEM ( '' )  );
#743 = ORIENTED_EDGE ( 'NONE', *, *, #2150, .T. ) ;
#744 = CARTESIAN_POINT ( 'NONE',  ( -0.8922005383792422917, -1.545336663013149758, 1.041666666666638541 ) ) ;
#745 = EDGE_LOOP ( 'NONE', ( #917, #1389, #3059, #5360 ) ) ;
#746 = CARTESIAN_POINT ( 'NONE',  ( -0.8922005383792416255, 1.545336663013155531, 6.408333333333291471 ) ) ;
#747 = CARTESIAN_POINT ( 'NONE',  ( 1.154700538379250796, 1.999999999999999334, 6.729166666666615448 ) ) ;
#748 = CARTESIAN_POINT ( 'NONE',  ( 1.387684763242236885, -0.7671256730474679264, -7.898842728515361955 ) ) ;
#749 = CARTESIAN_POINT ( 'NONE',  ( -1.545336663013153533, 3.486133158594716806E-15, -5.287500000000012079 ) ) ;
#750 = CARTESIAN_POINT ( 'NONE',  ( 1.154700538379250574, 1.999999999999998224, -2.458333333333342807 ) ) ;
#751 = CARTESIAN_POINT ( 'NONE',  ( 0.000000000000000000, -5.761269458237980497E-15, 10.20000000000000284 ) ) ;
#752 = CARTESIAN_POINT ( 'NONE',  ( -1.892491597964109718E-16, -1.545336663013149980, -5.112500000000012257 ) ) ;
#753 = ORIENTED_EDGE ( 'NONE', *, *, #2915, .T. ) ;
#754 = CARTESIAN_POINT ( 'NONE',  ( -2.449293598294701977E-16, -1.999999999999993117, 2.849999999999978328 ) ) ;
#755 = CARTESIAN_POINT ( 'NONE',  ( 0.8922005383792411815, -1.545336663013150424, -3.741666666666683128 ) ) ;
#756 = DIRECTION ( 'NONE',  ( 1.000000000000000000, 0.000000000000000000, 0.000000000000000000 ) ) ;
#757 = EDGE_CURVE ( 'NONE', #2201, #2386, #3420, .T. ) ;
#758 = CARTESIAN_POINT ( 'NONE',  ( -1.999999999999996669, -1.621051918746543165E-14, 3.462499999999958167 ) ) ;
#759 = CARTESIAN_POINT ( 'NONE',  ( -1.176575538379242447, 2.037888611415556994, 1.880208333333306614 ) ) ;
#760 = CARTESIAN_POINT ( 'NONE',  ( -1.545336663013151535, 1.446745260816807561E-14, 5.212499999999963940 ) ) ;
#761 = CARTESIAN_POINT ( 'NONE',  ( -1.822548094716049505, 7.332500076910888139E-14, 7.472548094716060518 ) ) ;
#762 = CARTESIAN_POINT ( 'NONE',  ( -0.7669639501023663986, 1.341578063809933941, 7.195336663013177869 ) ) ;
#763 = CARTESIAN_POINT ( 'NONE',  ( -0.8922005383792196431, 1.545336663013167966, 0.1083333333333075105 ) ) ;
#764 = MECHANICAL_CONTEXT ( 'NONE', #2214, 'mechanical' ) ;
#765 = ORIENTED_EDGE ( 'NONE', *, *, #4592, .T. ) ;
#766 = CARTESIAN_POINT ( 'NONE',  ( 1.764863307568864892, 1.018944305707778497, -7.394791666666670871 ) ) ;
#767 = CARTESIAN_POINT ( 'NONE',  ( 0.8922005383792426247, 1.545336663013155087, 4.979166666666631436 ) ) ;
#768 = CARTESIAN_POINT ( 'NONE',  ( -2.353151076758484894, 3.012905657471457707E-15, -3.559375000000019273 ) ) ;
#769 = LINE ( 'NONE', #4209, #3917 ) ;
#770 = CARTESIAN_POINT ( 'NONE',  ( -1.999999999999996669, -6.565550782020048959E-15, 1.274999999999981704 ) ) ;
#771 = VERTEX_POINT ( 'NONE', #2036 ) ;
#772 = CARTESIAN_POINT ( 'NONE',  ( -1.892491597964109718E-16, -1.545336663013149980, 2.499999999999969358 ) ) ;
#773 = ORIENTED_EDGE ( 'NONE', *, *, #5061, .F. ) ;
#774 = CARTESIAN_POINT ( 'NONE',  ( 0.8922005383792426247, 1.545336663013155087, 5.591666666666626817 ) ) ;
#775 = CARTESIAN_POINT ( 'NONE',  ( 0.8922005383792250832, -1.545336663013159750, 0.4583333333333071691 ) ) ;
#776 = CARTESIAN_POINT ( 'NONE',  ( -1.545336663013153311, 3.747593145489319422E-15, -3.275000000000017231 ) ) ;
#777 = CARTESIAN_POINT ( 'NONE',  ( -1.338300807568862272, 0.7726683315065798752, -7.445833333333339965 ) ) ;
#778 =( BOUNDED_CURVE ( )  B_SPLINE_CURVE ( 2, ( #2852, #346, #448, #477, #5171, #6220, #2783, #5270, #2377 ),
 .UNSPECIFIED., .F., .F. ) 
 B_SPLINE_CURVE_WITH_KNOTS ( ( 3, 2, 2, 2, 3 ),
 ( 0.5277777777777777901, 0.5308641975308642236, 0.5370370370370370905, 0.5432098765432098464, 0.5462962962962962798 ),
 .UNSPECIFIED. ) 
 CURVE ( )  GEOMETRIC_REPRESENTATION_ITEM ( )  RATIONAL_B_SPLINE_CURVE ( ( 0.9330127018922194093, 0.9330127018922194093, 1.000000000000000000, 0.8660254037844387076, 1.000000000000000000, 0.8660254037844387076, 1.000000000000000000, 0.9330127018922194093, 0.9330127018922194093 ) ) 
 REPRESENTATION_ITEM ( '' )  );
#779 = CARTESIAN_POINT ( 'NONE',  ( 0.000000000000000000, 2.868816710768336858E-15, -8.000000000000000000 ) ) ;
#780 = EDGE_CURVE ( 'NONE', #3855, #970, #3316, .T. ) ;
#781 = CARTESIAN_POINT ( 'NONE',  ( 0.8922005383792426247, 1.545336663013155087, -2.720833333333350978 ) ) ;
#782 = ORIENTED_EDGE ( 'NONE', *, *, #3159, .T. ) ;
#783 = DIRECTION ( 'NONE',  ( 0.000000000000000000, 0.000000000000000000, -1.000000000000000000 ) ) ;
#784 = CARTESIAN_POINT ( 'NONE',  ( 1.338300807568863382, 0.7726683315065783209, -5.666666666666678509 ) ) ;
#785 = VECTOR ( 'NONE', #4026, 1000.000000000000000 ) ;
#786 = CARTESIAN_POINT ( 'NONE',  ( 1.732050807568874973, 0.9999999999999997780, 3.170833333333290316 ) ) ;
#787 = CARTESIAN_POINT ( 'NONE',  ( -2.353151076758485338, 3.012905657471458101E-15, 6.896874999999960565 ) ) ;
#788 = AXIS2_PLACEMENT_3D ( 'NONE', #2731, #327, #6071 ) ;
#789 = CARTESIAN_POINT ( 'NONE',  ( -2.353151076758484894, 3.012905657471457707E-15, 8.340624999999951328 ) ) ;
#790 = PLANE ( 'NONE',  #2037 ) ;
#791 = CARTESIAN_POINT ( 'NONE',  ( -1.338300807568866269, -0.7726683315065673296, -1.816666666666687746 ) ) ;
#792 = CARTESIAN_POINT ( 'NONE',  ( 1.121796085928735476, 1.476812195945029327, 7.500693691521368223 ) ) ;
#793 = AXIS2_PLACEMENT_3D ( 'NONE', #5568, #3710, #3205 ) ;
#794 = LOCAL_TIME ( 16, 7, 15.00000000000000000, #292 ) ;
#795 = ORIENTED_EDGE ( 'NONE', *, *, #5141, .T. ) ;
#796 = CARTESIAN_POINT ( 'NONE',  ( -0.8922005383792404043, 1.545336663013156642, -7.591666666666673891 ) ) ;
#797 = EDGE_CURVE ( 'NONE', #3051, #3755, #2947, .T. ) ;
#798 = EDGE_CURVE ( 'NONE', #4185, #696, #4366, .T. ) ;
#799 = CARTESIAN_POINT ( 'NONE',  ( -1.338300807568862938, -0.7726683315065733249, 5.270833333333295734 ) ) ;
#800 = CARTESIAN_POINT ( 'NONE',  ( 1.176575538379241559, -2.037888611415550777, -3.326041666666685881 ) ) ;
#801 = AXIS2_PLACEMENT_3D ( 'NONE', #2310, #1866, #6218 ) ;
#802 = CARTESIAN_POINT ( 'NONE',  ( 1.338300807568861384, -0.7726683315065759894, -6.395833333333341919 ) ) ;
#803 = FACE_OUTER_BOUND ( 'NONE', #2771, .T. ) ;
#804 = ORIENTED_EDGE ( 'NONE', *, *, #5794, .T. ) ;
#805 = CARTESIAN_POINT ( 'NONE',  ( 1.338300807568863382, 0.7726683315065783209, 2.033333333333303905 ) ) ;
#806 = EDGE_LOOP ( 'NONE', ( #4436, #244, #2024, #5966 ) ) ;
#807 = EDGE_CURVE ( 'NONE', #2655, #839, #2385, .T. ) ;
#808 = CARTESIAN_POINT ( 'NONE',  ( -1.338300807568862938, -0.7726683315065733249, 7.283333333333289694 ) ) ;
#809 = CARTESIAN_POINT ( 'NONE',  ( 0.000000000000000000, -5.761269458237980497E-15, 10.20000000000000284 ) ) ;
#810 = CARTESIAN_POINT ( 'NONE',  ( 1.545336663013153311, 0.4140717108885820785, -7.093739260883043407 ) ) ;
#811 = CARTESIAN_POINT ( 'NONE',  ( 1.999999999999996669, 2.091679895156829610E-15, 1.012499999999962430 ) ) ;
#812 = CARTESIAN_POINT ( 'NONE',  ( -1.545336663013152867, 3.058065870564747460E-15, -8.000000000000000000 ) ) ;
#813 = ORIENTED_EDGE ( 'NONE', *, *, #4450, .T. ) ;
#814 = DIRECTION ( 'NONE',  ( -1.000000000000000000, 0.000000000000000000, 0.000000000000000000 ) ) ;
#815 = CARTESIAN_POINT ( 'NONE',  ( -0.8922005383792422917, -1.545336663013149758, -2.458333333333353021 ) ) ;
#816 =( BOUNDED_CURVE ( )  B_SPLINE_CURVE ( 2, ( #2199, #4587, #1914, #462, #1944, #5664, #1441, #862, #3870 ),
 .UNSPECIFIED., .F., .F. ) 
 B_SPLINE_CURVE_WITH_KNOTS ( ( 3, 2, 2, 2, 3 ),
 ( 0.3796296296296296502, 0.3827160493827160281, 0.3888888888888888951, 0.3950617283950617065, 0.3981481481481481399 ),
 .UNSPECIFIED. ) 
 CURVE ( )  GEOMETRIC_REPRESENTATION_ITEM ( )  RATIONAL_B_SPLINE_CURVE ( ( 0.9330127018922194093, 0.9330127018922199644, 1.000000000000000000, 0.8660254037844387076, 1.000000000000000000, 0.8660254037844387076, 1.000000000000000000, 0.9330127018922194093, 0.9330127018922194093 ) ) 
 REPRESENTATION_ITEM ( '' )  );
#817 = CARTESIAN_POINT ( 'NONE',  ( -0.8922005383792568356, -1.545336663013140877, 1.041666666666638763 ) ) ;
#818 = EDGE_CURVE ( 'NONE', #1119, #414, #1939, .T. ) ;
#819 = CARTESIAN_POINT ( 'NONE',  ( 0.9062599177565324737, -1.251702186432756658, -7.929663336986862099 ) ) ;
#820 = CARTESIAN_POINT ( 'NONE',  ( 1.176575538379242003, -2.037888611415551221, 8.530208333333288095 ) ) ;
#821 = CARTESIAN_POINT ( 'NONE',  ( 0.8922005383792508404, 1.545336663013150202, 0.07916666666664233520 ) ) ;
#822 = DIRECTION ( 'NONE',  ( 0.7071067811865487940, -8.659560562354948882E-17, 0.7071067811865463515 ) ) ;
#823 = CYLINDRICAL_SURFACE ( 'NONE', #1434, 1.999999999999985789 ) ;
#824 = CARTESIAN_POINT ( 'NONE',  ( -0.9259017079329351363, 1.503556639452334975, -7.713265602710748681 ) ) ;
#825 = DIRECTION ( 'NONE',  ( 0.000000000000000000, 0.000000000000000000, -1.000000000000000000 ) ) ;
#826 = EDGE_LOOP ( 'NONE', ( #3932, #2520, #5315, #3392 ) ) ;
#827 = CARTESIAN_POINT ( 'NONE',  ( 1.764863307568863782, -1.018944305707774944, -4.011458333333346005 ) ) ;
#828 = CARTESIAN_POINT ( 'NONE',  ( 0.8922005383792411815, -1.545336663013150424, 8.245833333333287385 ) ) ;
#829 = CARTESIAN_POINT ( 'NONE',  ( 1.764863307568864448, 1.018944305707778275, -3.151041666666686503 ) ) ;
#830 = CARTESIAN_POINT ( 'NONE',  ( 0.000000000000000000, 2.868816710768336858E-15, -8.000000000000000000 ) ) ;
#831 = EDGE_CURVE ( 'NONE', #2341, #2644, #4958, .T. ) ;
#832 = DIRECTION ( 'NONE',  ( 1.000000000000000000, 0.000000000000000000, 0.000000000000000000 ) ) ;
#833 = EDGE_LOOP ( 'NONE', ( #5857, #4038, #5790, #3884 ) ) ;
#834 = CARTESIAN_POINT ( 'NONE',  ( -1.545336663013153089, 3.137519842735245599E-15, -5.987500000000009592 ) ) ;
#835 = ORIENTED_EDGE ( 'NONE', *, *, #972, .T. ) ;
#836 = CARTESIAN_POINT ( 'NONE',  ( -1.892491597964109718E-16, -1.545336663013149980, 5.299999999999960743 ) ) ;
#837 = CARTESIAN_POINT ( 'NONE',  ( 1.545336663013153311, 8.773435115796706249E-15, -1.437500000000019762 ) ) ;
#838 = CARTESIAN_POINT ( 'NONE',  ( 7.569966391856438873E-16, 1.545336663013155754, -6.950000000000008171 ) ) ;
#839 = VERTEX_POINT ( 'NONE', #3988 ) ;
#840 = CARTESIAN_POINT ( 'NONE',  ( 1.338300807568857831, -0.7726683315065822066, -3.683333333333350001 ) ) ;
#841 = CARTESIAN_POINT ( 'NONE',  ( -0.8922005383792818156, -1.545336663013126888, 6.729166666666626107 ) ) ;
#842 = DIRECTION ( 'NONE',  ( -0.000000000000000000, -0.000000000000000000, 1.000000000000000000 ) ) ;
#843 = ORIENTED_EDGE ( 'NONE', *, *, #5927, .T. ) ;
#844 = ORIENTED_EDGE ( 'NONE', *, *, #1932, .T. ) ;
#845 = CARTESIAN_POINT ( 'NONE',  ( -1.545336663013148426, 0.4140717108886048936, 5.181239260882999353 ) ) ;
#846 = CARTESIAN_POINT ( 'NONE',  ( 1.784401076758483473, 2.541027550711231709E-15, -2.925000000000017586 ) ) ;
#847 = LINE ( 'NONE', #417, #3018 ) ;
#848 = CARTESIAN_POINT ( 'NONE',  ( -1.338300807568872930, -0.7726683315065558944, 2.383333333333301773 ) ) ;
#849 = CARTESIAN_POINT ( 'NONE',  ( 1.764863307568864892, 1.018944305707778497, 5.205208333333297688 ) ) ;
#850 = EDGE_CURVE ( 'NONE', #3152, #2185, #5430, .T. ) ;
#851 =( BOUNDED_CURVE ( )  B_SPLINE_CURVE ( 2, ( #3197, #5111, #2727, #1905, #4677, #5781, #3863, #854, #6128 ),
 .UNSPECIFIED., .F., .F. ) 
 B_SPLINE_CURVE_WITH_KNOTS ( ( 3, 2, 2, 2, 3 ),
 ( 0.7500000000000000000, 0.7530864197530864335, 0.7592592592592593004, 0.7654320987654321673, 0.7685185185185184897 ),
 .UNSPECIFIED. ) 
 CURVE ( )  GEOMETRIC_REPRESENTATION_ITEM ( )  RATIONAL_B_SPLINE_CURVE ( ( 0.9330127018922194093, 0.9330127018922194093, 1.000000000000000000, 0.8660254037844387076, 1.000000000000000000, 0.8660254037844387076, 1.000000000000000000, 0.9330127018922205195, 0.9330127018922192983 ) ) 
 REPRESENTATION_ITEM ( '' )  );
#852 = CARTESIAN_POINT ( 'NONE',  ( -1.154700538379249020, 1.999999999999999334, 2.558333333333310478 ) ) ;
#853 = CARTESIAN_POINT ( 'NONE',  ( -1.154700538379249020, 1.999999999999999334, 6.058333333333303372 ) ) ;
#854 = CARTESIAN_POINT ( 'NONE',  ( -1.999999999999991340, -0.5358983848622501656, -3.593739260883042519 ) ) ;
#855 = CARTESIAN_POINT ( 'NONE',  ( 1.999999999999997113, -2.672702088255949867E-15, -5.987500000000020250 ) ) ;
#856 = DIRECTION ( 'NONE',  ( -0.000000000000000000, -5.648303390429391465E-16, 1.000000000000000000 ) ) ;
#857 = ORIENTED_EDGE ( 'NONE', *, *, #4928, .T. ) ;
#858 = CARTESIAN_POINT ( 'NONE',  ( 1.764863307568864892, 1.018944305707778497, -3.894791666666679308 ) ) ;
#859 = ADVANCED_FACE ( 'NONE', ( #1527 ), #3008, .T. ) ;
#860 = CARTESIAN_POINT ( 'NONE',  ( -1.999999999999996669, -6.565550782020048959E-15, -1.525000000000011235 ) ) ;
#861 = CARTESIAN_POINT ( 'NONE',  ( 0.000000000000000000, 2.037888611415556550, 1.865624999999968114 ) ) ;
#862 = CARTESIAN_POINT ( 'NONE',  ( 1.545336663013149536, -0.4140717108885863529, -0.7687607391169869464 ) ) ;
#863 = CARTESIAN_POINT ( 'NONE',  ( 0.000000000000000000, -7.560902090037740558E-15, 13.65685424949233884 ) ) ;
#864 = CARTESIAN_POINT ( 'NONE',  ( 0.000000000000000000, -7.560902090037740558E-15, 13.65685424949233884 ) ) ;
#865 = ORIENTED_EDGE ( 'NONE', *, *, #3991, .T. ) ;
#866 = DIRECTION ( 'NONE',  ( -0.000000000000000000, -0.000000000000000000, 1.000000000000000000 ) ) ;
#867 = ORIENTED_EDGE ( 'NONE', *, *, #1546, .T. ) ;
#868 = CARTESIAN_POINT ( 'NONE',  ( 0.8922005383792426247, 1.545336663013155087, 10.49166666666661563 ) ) ;
#869 = EDGE_CURVE ( 'NONE', #5033, #3855, #2977, .T. ) ;
#870 = CARTESIAN_POINT ( 'NONE',  ( 0.000000000000000000, -2.000000000000007994, 10.19999999999999929 ) ) ;
#871 = CARTESIAN_POINT ( 'NONE',  ( 1.732050807568873640, -0.9999999999999961142, -1.233333333333346049 ) ) ;
#872 = ORIENTED_EDGE ( 'NONE', *, *, #1134, .T. ) ;
#873 = B_SPLINE_CURVE_WITH_KNOTS ( 'NONE', 3,
 ( #4750, #4717, #5697, #4244, #2705, #1245, #6044, #400, #1378, #6172 ),
 .UNSPECIFIED., .F., .F.,
 ( 4, 2, 2, 2, 4 ),
 ( 0.009851129009325342717, 0.01023282272235329256, 0.01061451643538124066, 0.01099621014840919050, 0.01137790386143714035 ),
 .UNSPECIFIED. ) ;
#874 = CARTESIAN_POINT ( 'NONE',  ( 1.338300807568863382, 0.7726683315065783209, -7.679166666666672469 ) ) ;
#875 = LINE ( 'NONE', #4162, #3326 ) ;
#876 = ORIENTED_EDGE ( 'NONE', *, *, #631, .F. ) ;
#877 = ORIENTED_EDGE ( 'NONE', *, *, #5988, .F. ) ;
#878 = AXIS2_PLACEMENT_3D ( 'NONE', #351, #2884, #4234 ) ;
#879 = ORIENTED_EDGE ( 'NONE', *, *, #705, .T. ) ;
#880 = CARTESIAN_POINT ( 'NONE',  ( 0.000000000000000000, -7.560902090037740558E-15, 13.65685424949233884 ) ) ;
#881 = ADVANCED_FACE ( 'NONE', ( #2570 ), #3391, .T. ) ;
#882 = CARTESIAN_POINT ( 'NONE',  ( -0.8922005383792422917, -1.545336663013149758, -1.058333333333356441 ) ) ;
#883 =( BOUNDED_CURVE ( )  B_SPLINE_CURVE ( 2, ( #1139, #1712, #1620, #5107, #248, #727, #5013, #694, #284 ),
 .UNSPECIFIED., .F., .T. ) 
 B_SPLINE_CURVE_WITH_KNOTS ( ( 3, 2, 2, 2, 3 ),
 ( 0.7129629629629631316, 0.7160493827160494540, 0.7222222222222222099, 0.7283950617283950768, 0.7314814814814813992 ),
 .UNSPECIFIED. ) 
 CURVE ( )  GEOMETRIC_REPRESENTATION_ITEM ( )  RATIONAL_B_SPLINE_CURVE ( ( 0.9330127018922194093, 0.9330127018922217408, 1.000000000000000000, 0.8660254037844387076, 1.000000000000000000, 0.8660254037844387076, 1.000000000000000000, 0.9330127018922205195, 0.9330127018922192983 ) ) 
 REPRESENTATION_ITEM ( '' )  );
#884 = LINE ( 'NONE', #3287, #5429 ) ;
#885 = DIRECTION ( 'NONE',  ( 1.000000000000000000, 0.000000000000000000, 0.000000000000000000 ) ) ;
#886 = CARTESIAN_POINT ( 'NONE',  ( 1.764863307568863782, -1.018944305707774944, 5.088541666666631436 ) ) ;
#887 = CARTESIAN_POINT ( 'NONE',  ( 0.000000000000000000, 2.868816710768336858E-15, -8.000000000000000000 ) ) ;
#888 = CARTESIAN_POINT ( 'NONE',  ( -1.999999999999996669, -0.5358983848622412838, 4.193760739116918934 ) ) ;
#889 = VECTOR ( 'NONE', #4748, 1000.000000000000000 ) ;
#890 = DIRECTION ( 'NONE',  ( 0.000000000000000000, 0.000000000000000000, -1.000000000000000000 ) ) ;
#891 = VECTOR ( 'NONE', #721, 1000.000000000000000 ) ;
#892 =( BOUNDED_CURVE ( )  B_SPLINE_CURVE ( 2, ( #53, #1984, #290, #2052, #700, #111, #6068, #3604, #1234 ),
 .UNSPECIFIED., .F., .F. ) 
 B_SPLINE_CURVE_WITH_KNOTS ( ( 3, 2, 2, 2, 3 ),
 ( 0.6574074074074075513, 0.6604938271604938738, 0.6666666666666666297, 0.6728395061728394966, 0.6759259259259260411 ),
 .UNSPECIFIED. ) 
 CURVE ( )  GEOMETRIC_REPRESENTATION_ITEM ( )  RATIONAL_B_SPLINE_CURVE ( ( 0.9330127018922194093, 0.9330127018922217408, 1.000000000000000000, 0.8660254037844387076, 1.000000000000000000, 0.8660254037844387076, 1.000000000000000000, 0.9330127018922169668, 0.9330127018922194093 ) ) 
 REPRESENTATION_ITEM ( '' )  );
#893 = ORIENTED_EDGE ( 'NONE', *, *, #296, .T. ) ;
#894 = VECTOR ( 'NONE', #1566, 1000.000000000000000 ) ;
#895 = CARTESIAN_POINT ( 'NONE',  ( 1.764863307568863782, -1.018944305707774944, -5.411458333333342807 ) ) ;
#896 = DIRECTION ( 'NONE',  ( -0.000000000000000000, -0.000000000000000000, 1.000000000000000000 ) ) ;
#897 = CARTESIAN_POINT ( 'NONE',  ( 1.764863307568863338, -1.018944305707774722, 2.332291666666633567 ) ) ;
#898 = CARTESIAN_POINT ( 'NONE',  ( 1.999999999999996669, 2.091679895156829610E-15, 7.312499999999946709 ) ) ;
#899 = AXIS2_PLACEMENT_3D ( 'NONE', #2768, #1793, #1316 ) ;
#900 = APPROVAL_PERSON_ORGANIZATION ( #257, #3165, #3737 ) ;
#901 = ADVANCED_FACE ( 'NONE', ( #4607 ), #1648, .T. ) ;
#902 = CARTESIAN_POINT ( 'NONE',  ( -1.999999999999996669, -6.565550782020048959E-15, -0.1250000000000149603 ) ) ;
#903 = ORIENTED_EDGE ( 'NONE', *, *, #2660, .F. ) ;
#904 = CYLINDRICAL_SURFACE ( 'NONE', #1518, 1.999999999999985789 ) ;
#905 = CIRCLE ( 'NONE', #508, 4.229229689812978421 ) ;
#906 = CARTESIAN_POINT ( 'NONE',  ( 1.545336663013151313, -3.950950913074011749E-15, -0.7375000000000229150 ) ) ;
#907 = CARTESIAN_POINT ( 'NONE',  ( 0.8922005383792411815, -1.545336663013150424, -1.554166666666687346 ) ) ;
#908 = CARTESIAN_POINT ( 'NONE',  ( 1.784401076758483473, 2.541027550711231709E-15, 8.274999999999954170 ) ) ;
#909 = CARTESIAN_POINT ( 'NONE',  ( -1.338300807568859829, 0.7726683315065842050, -1.145833333333354576 ) ) ;
#910 = CARTESIAN_POINT ( 'NONE',  ( -1.999999999999996225, -1.132993276543283001E-14, -3.625000000000005773 ) ) ;
#911 = ORIENTED_EDGE ( 'NONE', *, *, #3857, .F. ) ;
#912 = CARTESIAN_POINT ( 'NONE',  ( 1.545336663013152867, 0.4140717108885829112, -7.706239260883041453 ) ) ;
#913 = VECTOR ( 'NONE', #1830, 1000.000000000000000 ) ;
#914 = DIRECTION ( 'NONE',  ( 1.000000000000000000, 0.000000000000000000, 0.000000000000000000 ) ) ;
#915 = ORIENTED_EDGE ( 'NONE', *, *, #1238, .F. ) ;
#916 = ORIENTED_EDGE ( 'NONE', *, *, #5724, .F. ) ;
#917 = ORIENTED_EDGE ( 'NONE', *, *, #4498, .F. ) ;
#918 = DIRECTION ( 'NONE',  ( 0.8660254037844384856, 0.5000000000000001110, 0.000000000000000000 ) ) ;
#919 = CARTESIAN_POINT ( 'NONE',  ( 1.338300807568862494, -0.7726683315065742130, -2.283333333333353199 ) ) ;
#920 = CARTESIAN_POINT ( 'NONE',  ( 1.999999999999985789, -7.315972730208273417E-15, 13.65685424949233884 ) ) ;
#921 = CARTESIAN_POINT ( 'NONE',  ( -1.545336663013147982, -0.4140717108885774711, 5.856260739116926572 ) ) ;
#922 = EDGE_CURVE ( 'NONE', #2309, #684, #883, .T. ) ;
#923 = CARTESIAN_POINT ( 'NONE',  ( -2.353151076758485338, 3.012905657471458101E-15, 6.196874999999962164 ) ) ;
#924 = CARTESIAN_POINT ( 'NONE',  ( -1.999999999999996225, 3.079417623425332942E-15, 7.574999999999963762 ) ) ;
#925 = CARTESIAN_POINT ( 'NONE',  ( -0.8922005383792583899, -1.545336663013139988, 3.841666666666632146 ) ) ;
#926 = DIRECTION ( 'NONE',  ( -0.000000000000000000, -0.000000000000000000, 1.000000000000000000 ) ) ;
#927 = DIRECTION ( 'NONE',  ( 0.000000000000000000, -1.000000000000000000, -4.565061778886327141E-16 ) ) ;
#928 = CARTESIAN_POINT ( 'NONE',  ( 1.438676227841289221E-14, 1.545336663013155754, -2.050000000000020695 ) ) ;
#929 = ORIENTED_EDGE ( 'NONE', *, *, #4332, .T. ) ;
#930 = CARTESIAN_POINT ( 'NONE',  ( -1.764863307568864226, -1.018944305707773612, -5.644791666666674423 ) ) ;
#931 = CARTESIAN_POINT ( 'NONE',  ( -1.338300807568862716, 0.7726683315065794311, 10.05416666666661918 ) ) ;
#932 = CARTESIAN_POINT ( 'NONE',  ( 1.764863307568864448, 1.018944305707778275, 0.3489583333333052817 ) ) ;
#933 = CARTESIAN_POINT ( 'NONE',  ( -1.545336663013152867, -3.776644255144275849E-16, -3.887500000000013500 ) ) ;
#934 = CARTESIAN_POINT ( 'NONE',  ( 0.000000000000000000, 2.868816710768336858E-15, -8.000000000000000000 ) ) ;
#935 =( BOUNDED_CURVE ( )  B_SPLINE_CURVE ( 2, ( #2684, #1254, #2778, #6019, #4094, #6152, #1834, #5676, #3689 ),
 .UNSPECIFIED., .F., .T. ) 
 B_SPLINE_CURVE_WITH_KNOTS ( ( 3, 2, 2, 2, 3 ),
 ( 0.2685185185185184897, 0.2716049382716049232, 0.2777777777777777901, 0.2839506172839506570, 0.2870370370370369795 ),
 .UNSPECIFIED. ) 
 CURVE ( )  GEOMETRIC_REPRESENTATION_ITEM ( )  RATIONAL_B_SPLINE_CURVE ( ( 0.9330127018922194093, 0.9330127018922194093, 1.000000000000000000, 0.8660254037844387076, 1.000000000000000000, 0.8660254037844387076, 1.000000000000000000, 0.9330127018922205195, 0.9330127018922192983 ) ) 
 REPRESENTATION_ITEM ( '' )  );
#936 = CARTESIAN_POINT ( 'NONE',  ( -1.250000000000004663, 0.2507457347055023766, 10.02624566764211700 ) ) ;
#937 = EDGE_LOOP ( 'NONE', ( #4854, #6213 ) ) ;
#938 = CARTESIAN_POINT ( 'NONE',  ( -1.545336663013153089, 0.4140717108885849096, -6.018760739116973291 ) ) ;
#939 = CYLINDRICAL_SURFACE ( 'NONE', #1107, 1.545336663013152867 ) ;
#940 = CARTESIAN_POINT ( 'NONE',  ( 1.338300807568863382, 0.7726683315065783209, -1.379166666666687302 ) ) ;
#941 = CARTESIAN_POINT ( 'NONE',  ( 1.784401076758483473, 2.541027550711231709E-15, 10.37499999999994849 ) ) ;
#942 = ADVANCED_FACE ( 'NONE', ( #2721 ), #4138, .T. ) ;
#943 = CARTESIAN_POINT ( 'NONE',  ( -1.545336663013155087, 0.4140717108885873521, 5.881239260882997755 ) ) ;
#944 = CARTESIAN_POINT ( 'NONE',  ( -1.527087367091390702, -0.4366990898863188919, 7.234542610472022517 ) ) ;
#945 = CARTESIAN_POINT ( 'NONE',  ( -1.732050807568874529, -0.9999999999999950040, 5.620833333333285609 ) ) ;
#946 = ORIENTED_EDGE ( 'NONE', *, *, #3561, .F. ) ;
#947 = VERTEX_POINT ( 'NONE', #2659 ) ;
#948 = CARTESIAN_POINT ( 'NONE',  ( 7.382630299002858284E-15, 1.545336663013155754, -4.762500000000013500 ) ) ;
#949 = DIRECTION ( 'NONE',  ( 0.000000000000000000, 0.000000000000000000, -1.000000000000000000 ) ) ;
#950 = CARTESIAN_POINT ( 'NONE',  ( -2.422963165476909305E-14, -1.545336663013149980, 5.999999999999960032 ) ) ;
#951 = CARTESIAN_POINT ( 'NONE',  ( 0.000000000000000000, 2.037888611415556994, 10.92187499999995204 ) ) ;
#952 = CARTESIAN_POINT ( 'NONE',  ( -1.999999999999996225, 0.5358983848622473900, 7.543739260883000952 ) ) ;
#953 = CARTESIAN_POINT ( 'NONE',  ( -1.999999999999985789, -7.560902090037740558E-15, 13.65685424949233884 ) ) ;
#954 = EDGE_CURVE ( 'NONE', #3100, #5634, #3568, .T. ) ;
#955 = FACE_OUTER_BOUND ( 'NONE', #5625, .T. ) ;
#956 = CARTESIAN_POINT ( 'NONE',  ( 2.000000000000027978, 0.5358983848621927670, -7.443739260883037723 ) ) ;
#957 = ORIENTED_EDGE ( 'NONE', *, *, #2416, .F. ) ;
#958 = CARTESIAN_POINT ( 'NONE',  ( -1.176575538379242447, 2.037888611415556994, -5.119791666666675845 ) ) ;
#959 = CARTESIAN_POINT ( 'NONE',  ( -0.8922005383792416255, 1.545336663013155531, 9.295833333333288095 ) ) ;
#960 = CARTESIAN_POINT ( 'NONE',  ( -1.764863307568863782, -1.018944305707773390, 1.398958333333302440 ) ) ;
#961 = DIRECTION ( 'NONE',  ( 1.000000000000000000, 0.000000000000000000, 0.000000000000000000 ) ) ;
#962 = CYLINDRICAL_SURFACE ( 'NONE', #4331, 1.545336663013152867 ) ;
#963 = ORIENTED_EDGE ( 'NONE', *, *, #2169, .T. ) ;
#964 = CARTESIAN_POINT ( 'NONE',  ( -1.732050807568874085, -0.9999999999999947820, -7.066666666666664653 ) ) ;
#965 = CARTESIAN_POINT ( 'NONE',  ( 0.000000000000000000, -7.560902090037740558E-15, 13.65685424949233884 ) ) ;
#966 = CARTESIAN_POINT ( 'NONE',  ( -1.892491597964109718E-16, -1.545336663013149980, 0.4874999999999740652 ) ) ;
#967 = CARTESIAN_POINT ( 'NONE',  ( -1.338300807568862938, -0.7726683315065733249, 8.683333333333287385 ) ) ;
#968 = CARTESIAN_POINT ( 'NONE',  ( 1.438676227841289221E-14, 1.545336663013155754, -1.962500000000019895 ) ) ;
#969 = CARTESIAN_POINT ( 'NONE',  ( -0.7541304689405233797, -1.462304681278143947, 7.291637988868225229 ) ) ;
#970 = VERTEX_POINT ( 'NONE', #2221 ) ;
#971 = DIRECTION ( 'NONE',  ( -0.000000000000000000, -0.000000000000000000, 1.000000000000000000 ) ) ;
#972 = EDGE_CURVE ( 'NONE', #2341, #4994, #689, .T. ) ;
#973 = ORIENTED_EDGE ( 'NONE', *, *, #1946, .T. ) ;
#974 = VERTEX_POINT ( 'NONE', #2123 ) ;
#975 = CYLINDRICAL_SURFACE ( 'NONE', #4737, 1.545336663013152867 ) ;
#976 = EDGE_CURVE ( 'NONE', #3100, #4639, #4645, .T. ) ;
#977 = DIRECTION ( 'NONE',  ( 0.000000000000000000, 0.000000000000000000, -1.000000000000000000 ) ) ;
#978 = EDGE_CURVE ( 'NONE', #1048, #4625, #3665, .T. ) ;
#979 = CARTESIAN_POINT ( 'NONE',  ( -0.8922005383792422917, -1.545336663013149758, -7.270833333333341031 ) ) ;
#980 = CARTESIAN_POINT ( 'NONE',  ( 1.999999999999996669, -7.437084071668730132E-15, -3.275000000000007905 ) ) ;
#981 = CYLINDRICAL_SURFACE ( 'NONE', #5599, 3.800000000000006484 ) ;
#982 = FACE_OUTER_BOUND ( 'NONE', #3711, .T. ) ;
#983 = CARTESIAN_POINT ( 'NONE',  ( 1.732050807568874751, 0.9999999999999995559, 6.583333333333300175 ) ) ;
#984 = VERTEX_POINT ( 'NONE', #4070 ) ;
#985 = CARTESIAN_POINT ( 'NONE',  ( -2.353151076758485338, 3.012905657471458101E-15, 0.5968749999999759526 ) ) ;
#986 = CARTESIAN_POINT ( 'NONE',  ( 1.732050807568874973, 0.9999999999999997780, -3.129166666666693075 ) ) ;
#987 = CARTESIAN_POINT ( 'NONE',  ( -2.353151076758484894, 3.012905657471457707E-15, 4.840624999999959321 ) ) ;
#988 = CARTESIAN_POINT ( 'NONE',  ( 0.8922005383792651623, 1.545336663013141987, 6.379166666666626462 ) ) ;
#989 = CARTESIAN_POINT ( 'NONE',  ( -1.545336663013154643, 7.814748497183156485E-15, 2.324999999999970424 ) ) ;
#990 = VECTOR ( 'NONE', #4470, 1000.000000000000000 ) ;
#991 = CARTESIAN_POINT ( 'NONE',  ( -1.999999999999996669, -6.565550782020048959E-15, 1.274999999999981704 ) ) ;
#992 = ORIENTED_EDGE ( 'NONE', *, *, #5387, .T. ) ;
#993 = EDGE_CURVE ( 'NONE', #465, #2203, #2443, .T. ) ;
#994 = DIRECTION ( 'NONE',  ( 1.000000000000000000, 0.000000000000000000, 0.000000000000000000 ) ) ;
#995 = CARTESIAN_POINT ( 'NONE',  ( 1.338300807568862494, -0.7726683315065742130, -2.195833333333352400 ) ) ;
#996 = CARTESIAN_POINT ( 'NONE',  ( 0.8922005383792411815, -1.545336663013150424, 10.25833333333328490 ) ) ;
#997 = VECTOR ( 'NONE', #498, 1000.000000000000000 ) ;
#998 = CARTESIAN_POINT ( 'NONE',  ( 0.8922005383792257494, -1.545336663013159084, -0.9416666666666896335 ) ) ;
#999 = CONICAL_SURFACE ( 'NONE', #6138, 1.443375672974069657, 0.7853981633974500554 ) ;
#1000 = CARTESIAN_POINT ( 'NONE',  ( 1.999999999999985789, -7.315972730208273417E-15, 13.65685424949233884 ) ) ;
#1001 = ORIENTED_EDGE ( 'NONE', *, *, #2722, .T. ) ;
#1002 = CARTESIAN_POINT ( 'NONE',  ( 0.8922005383792386279, -1.545336663013151757, -4.441666666666681529 ) ) ;
#1003 = AXIS2_PLACEMENT_3D ( 'NONE', #3126, #5069, #3560 ) ;
#1004 = ORIENTED_EDGE ( 'NONE', *, *, #5724, .T. ) ;
#1005 = LOCAL_TIME ( 16, 7, 15.00000000000000000, #1815 ) ;
#1006 = EDGE_LOOP ( 'NONE', ( #3901, #1644, #3273, #563 ) ) ;
#1007 = CARTESIAN_POINT ( 'NONE',  ( -1.338300807568860717, 0.7726683315065825397, -4.645833333333346360 ) ) ;
#1008 = AXIS2_PLACEMENT_3D ( 'NONE', #6185, #3788, #5711 ) ;
#1009 = CARTESIAN_POINT ( 'NONE',  ( 1.154700538379250574, 1.999999999999998224, 3.141666666666644403 ) ) ;
#1010 = CARTESIAN_POINT ( 'NONE',  ( -1.154700538379250352, -1.999999999999993117, -3.420833333333359594 ) ) ;
#1011 = CARTESIAN_POINT ( 'NONE',  ( -1.892491597964109718E-16, -1.545336663013149980, -7.912500000000004974 ) ) ;
#1012 = CARTESIAN_POINT ( 'NONE',  ( 1.999999999999996669, 2.091679895156829610E-15, -0.3875000000000334843 ) ) ;
#1013 = CARTESIAN_POINT ( 'NONE',  ( 1.784401076758483473, 2.541027550711231709E-15, -7.825000000000006395 ) ) ;
#1014 = EDGE_CURVE ( 'NONE', #4845, #2875, #5045, .T. ) ;
#1015 = CARTESIAN_POINT ( 'NONE',  ( 2.877352455682578442E-14, 1.545336663013155754, 4.337499999999964828 ) ) ;
#1016 = CARTESIAN_POINT ( 'NONE',  ( -1.287085593309877521E-14, -1.545336663013149980, 5.387499999999961986 ) ) ;
#1017 = VERTEX_POINT ( 'NONE', #5965 ) ;
#1018 = CARTESIAN_POINT ( 'NONE',  ( -2.353151076758485338, 3.012905657471458101E-15, -0.8031250000000200728 ) ) ;
#1019 = CARTESIAN_POINT ( 'NONE',  ( 1.545336663013152867, 2.868816710768336858E-15, -8.000000000000000000 ) ) ;
#1020 = CARTESIAN_POINT ( 'NONE',  ( -2.353151076758484894, 3.012905657471457707E-15, 4.140624999999961808 ) ) ;
#1021 = CYLINDRICAL_SURFACE ( 'NONE', #2106, 1.545336663013152867 ) ;
#1022 =( BOUNDED_CURVE ( )  B_SPLINE_CURVE ( 2, ( #4536, #2682, #1610, #3559, #5006, #4597, #239, #5544, #174 ),
 .UNSPECIFIED., .F., .F. ) 
 B_SPLINE_CURVE_WITH_KNOTS ( ( 3, 2, 2, 2, 3 ),
 ( 0.3240740740740740700, 0.3271604938271605034, 0.3333333333333333148, 0.3395061728395061817, 0.3425925925925926152 ),
 .UNSPECIFIED. ) 
 CURVE ( )  GEOMETRIC_REPRESENTATION_ITEM ( )  RATIONAL_B_SPLINE_CURVE ( ( 0.9330127018922194093, 0.9330127018922194093, 1.000000000000000000, 0.8660254037844387076, 1.000000000000000000, 0.8660254037844387076, 1.000000000000000000, 0.9330127018922187432, 0.9330127018922194093 ) ) 
 REPRESENTATION_ITEM ( '' )  );
#1023 = CARTESIAN_POINT ( 'NONE',  ( -2.449293598294701977E-16, -1.999999999999993117, -4.150000000000005684 ) ) ;
#1024 = CARTESIAN_POINT ( 'NONE',  ( -1.324744118574876778E-15, -1.545336663013149980, -5.812500000000010658 ) ) ;
#1025 = CARTESIAN_POINT ( 'NONE',  ( 1.338300807568869155, 0.7726683315065681068, -1.466666666666688101 ) ) ;
#1026 = CIRCLE ( 'NONE', #4255, 1.999999999999985789 ) ;
#1027 = ORIENTED_EDGE ( 'NONE', *, *, #145, .T. ) ;
#1028 = CARTESIAN_POINT ( 'NONE',  ( -1.338300807568863826, -0.7726683315065721036, -6.716666666666675667 ) ) ;
#1029 = CARTESIAN_POINT ( 'NONE',  ( -1.545336663013154643, 1.975475456537005874E-15, -0.4750000000000239586 ) ) ;
#1030 = CARTESIAN_POINT ( 'NONE',  ( 0.000000000000000000, 1.545336663013155754, 2.237499999999970512 ) ) ;
#1031 = CARTESIAN_POINT ( 'NONE',  ( 1.176575538379243557, 2.037888611415555662, -7.992708333333340853 ) ) ;
#1032 = DIRECTION ( 'NONE',  ( 0.000000000000000000, 1.000000000000000000, 8.673617379884097595E-16 ) ) ;
#1033 = DIRECTION ( 'NONE',  ( 1.000000000000000000, 0.000000000000000000, 0.000000000000000000 ) ) ;
#1034 = ORIENTED_EDGE ( 'NONE', *, *, #2135, .F. ) ;
#1035 = ADVANCED_FACE ( 'NONE', ( #5459 ), #665, .T. ) ;
#1036 = CARTESIAN_POINT ( 'NONE',  ( 1.545336663013154421, 1.760497245090331648E-14, 4.774999999999963940 ) ) ;
#1037 = ORIENTED_EDGE ( 'NONE', *, *, #1284, .T. ) ;
#1038 = VERTEX_POINT ( 'NONE', #6093 ) ;
#1039 = CARTESIAN_POINT ( 'NONE',  ( -1.999999999999999112, 0.5358983848622429491, -6.368760739116983594 ) ) ;
#1040 = CARTESIAN_POINT ( 'NONE',  ( -2.449293598294701977E-16, -1.999999999999993117, -2.050000000000010481 ) ) ;
#1041 = CARTESIAN_POINT ( 'NONE',  ( -1.154700538379249020, 1.999999999999999334, -4.441666666666670871 ) ) ;
#1042 = CARTESIAN_POINT ( 'NONE',  ( -1.784401076758483473, 2.978079764120704978E-15, -7.387500000000005507 ) ) ;
#1043 = DIRECTION ( 'NONE',  ( -0.000000000000000000, -0.000000000000000000, 1.000000000000000000 ) ) ;
#1044 = CARTESIAN_POINT ( 'NONE',  ( 1.784401076758483473, 2.541027550711231709E-15, -7.125000000000007994 ) ) ;
#1045 = DIRECTION ( 'NONE',  ( 0.000000000000000000, 0.000000000000000000, -1.000000000000000000 ) ) ;
#1046 = DIRECTION ( 'NONE',  ( -1.000000000000000000, 0.000000000000000000, 0.000000000000000000 ) ) ;
#1047 = EDGE_CURVE ( 'NONE', #706, #268, #4594, .T. ) ;
#1048 = VERTEX_POINT ( 'NONE', #819 ) ;
#1049 = CARTESIAN_POINT ( 'NONE',  ( -1.176575538379243335, -2.037888611415550333, 0.01354166666664436032 ) ) ;
#1050 = CARTESIAN_POINT ( 'NONE',  ( -1.338300807568853612, 0.7726683315065950852, 1.654166666666638807 ) ) ;
#1051 = CARTESIAN_POINT ( 'NONE',  ( -1.176575538379243113, -2.037888611415549889, 3.557291666666630547 ) ) ;
#1052 = CARTESIAN_POINT ( 'NONE',  ( -1.999999999999997113, -6.565550782020048959E-15, -0.03750000000003415185 ) ) ;
#1053 = CARTESIAN_POINT ( 'NONE',  ( -1.732050807568874085, -0.9999999999999947820, 4.133333333333307102 ) ) ;
#1054 = CARTESIAN_POINT ( 'NONE',  ( 0.8922005383792228628, -1.545336663013161083, 4.658333333333297688 ) ) ;
#1055 = EDGE_LOOP ( 'NONE', ( #3030, #4473, #3085, #2298 ) ) ;
#1056 = ADVANCED_FACE ( 'NONE', ( #2253 ), #1808, .T. ) ;
#1057 = EDGE_LOOP ( 'NONE', ( #1865, #2342, #5150, #3206 ) ) ;
#1058 = CARTESIAN_POINT ( 'NONE',  ( 1.545336663013149092, -0.4140717108885887399, 3.343739260883001663 ) ) ;
#1059 = CARTESIAN_POINT ( 'NONE',  ( 0.8922005383792426247, 1.545336663013155087, 2.879166666666635788 ) ) ;
#1060 = CARTESIAN_POINT ( 'NONE',  ( 1.764863307568863338, -1.018944305707774722, -5.367708333333347959 ) ) ;
#1061 =( BOUNDED_CURVE ( )  B_SPLINE_CURVE ( 2, ( #4429, #4898, #4459, #2573, #2920 ),
 .UNSPECIFIED., .F., .F. ) 
 B_SPLINE_CURVE_WITH_KNOTS ( ( 3, 2, 3 ),
 ( 0.1718801323079658383, 0.1728395061728394966, 0.1759259259259259300 ),
 .UNSPECIFIED. ) 
 CURVE ( )  GEOMETRIC_REPRESENTATION_ITEM ( )  RATIONAL_B_SPLINE_CURVE ( ( 0.9648280148941765777, 0.9791778603610739040, 1.000000000000000000, 0.9330127018922194093, 0.9330127018922194093 ) ) 
 REPRESENTATION_ITEM ( '' )  );
#1062 = DIRECTION ( 'NONE',  ( -0.000000000000000000, -0.000000000000000000, 1.000000000000000000 ) ) ;
#1063 = CARTESIAN_POINT ( 'NONE',  ( 1.999999999999996225, 2.091679895156829610E-15, 5.124999999999971578 ) ) ;
#1064 = ORIENTED_EDGE ( 'NONE', *, *, #4886, .T. ) ;
#1065 = ORIENTED_EDGE ( 'NONE', *, *, #6197, .F. ) ;
#1066 = ADVANCED_FACE ( 'NONE', ( #3695 ), #2753, .T. ) ;
#1067 = CARTESIAN_POINT ( 'NONE',  ( -1.545336663013152867, 3.058065870564747460E-15, -8.000000000000000000 ) ) ;
#1068 = CARTESIAN_POINT ( 'NONE',  ( 1.545336663013152867, 2.868816710768336858E-15, -8.000000000000000000 ) ) ;
#1069 = CARTESIAN_POINT ( 'NONE',  ( 1.154700538379248798, -1.999999999999993561, -1.991666666666677132 ) ) ;
#1070 = CARTESIAN_POINT ( 'NONE',  ( 1.250000000000004885, -5.761269458405264763E-15, 10.00662432702593740 ) ) ;
#1071 = EDGE_CURVE ( 'NONE', #4096, #133, #3257, .T. ) ;
#1072 = CARTESIAN_POINT ( 'NONE',  ( -1.176575538379242447, 2.037888611415556994, 9.580208333333285253 ) ) ;
#1073 = CARTESIAN_POINT ( 'NONE',  ( 0.8922005383792536160, 1.545336663013148426, 5.591666666666626817 ) ) ;
#1074 = CARTESIAN_POINT ( 'NONE',  ( -1.784401076758483473, 2.978079764120704978E-15, -7.475000000000006750 ) ) ;
#1075 = CARTESIAN_POINT ( 'NONE',  ( -1.545336663013151313, -1.173664830060221151E-14, 4.512499999999967315 ) ) ;
#1076 = DIRECTION ( 'NONE',  ( -0.000000000000000000, -0.000000000000000000, 1.000000000000000000 ) ) ;
#1077 = ORIENTED_EDGE ( 'NONE', *, *, #1425, .F. ) ;
#1078 = CARTESIAN_POINT ( 'NONE',  ( -2.495693764988902447E-16, -2.037888611415550777, 0.7718749999999756639 ) ) ;
#1079 = CARTESIAN_POINT ( 'NONE',  ( 0.000000000000000000, -7.560902090037740558E-15, 7.649999999999998579 ) ) ;
#1080 = CARTESIAN_POINT ( 'NONE',  ( 0.000000000000000000, 2.037888611415556550, 3.965624999999962430 ) ) ;
#1081 = CARTESIAN_POINT ( 'NONE',  ( -0.8176697077803359859, 1.559351336298361979, -7.718380328493243070 ) ) ;
#1082 = CARTESIAN_POINT ( 'NONE',  ( 1.999999999999985789, -7.315972730208273417E-15, 13.65685424949233884 ) ) ;
#1083 =( BOUNDED_CURVE ( )  B_SPLINE_CURVE ( 2, ( #1207, #5492, #5561, #1684, #3607, #4108, #1785, #4146, #4551 ),
 .UNSPECIFIED., .F., .F. ) 
 B_SPLINE_CURVE_WITH_KNOTS ( ( 3, 2, 2, 2, 3 ),
 ( 0.2499999999999999722, 0.2530864197530864335, 0.2592592592592592449, 0.2654320987654321118, 0.2685185185185185452 ),
 .UNSPECIFIED. ) 
 CURVE ( )  GEOMETRIC_REPRESENTATION_ITEM ( )  RATIONAL_B_SPLINE_CURVE ( ( 0.9330127018922191873, 0.9330127018922187432, 1.000000000000000000, 0.8660254037844387076, 1.000000000000000000, 0.8660254037844387076, 1.000000000000000000, 0.9330127018922187432, 0.9330127018922194093 ) ) 
 REPRESENTATION_ITEM ( '' )  );
#1084 = CARTESIAN_POINT ( 'NONE',  ( -1.154700538379250130, -1.999999999999992673, 4.191666666666640673 ) ) ;
#1085 = CARTESIAN_POINT ( 'NONE',  ( -1.545336663013153311, 0.4140717108885887954, -1.206260739116986169 ) ) ;
#1086 = ORIENTED_EDGE ( 'NONE', *, *, #2353, .F. ) ;
#1087 = EDGE_CURVE ( 'NONE', #1577, #1818, #3227, .T. ) ;
#1088 = CARTESIAN_POINT ( 'NONE',  ( 0.000000000000000000, 1.999999999999999112, 5.299999999999971401 ) ) ;
#1089 = CARTESIAN_POINT ( 'NONE',  ( 1.338300807568863382, 0.7726683315065783209, 0.7208333333333076798 ) ) ;
#1090 = CARTESIAN_POINT ( 'NONE',  ( 1.764863307568863338, -1.018944305707774722, -7.467708333333342274 ) ) ;
#1091 = FACE_OUTER_BOUND ( 'NONE', #1686, .T. ) ;
#1092 = EDGE_CURVE ( 'NONE', #1919, #4058, #2784, .T. ) ;
#1093 = AXIS2_PLACEMENT_3D ( 'NONE', #5119, #6077, #5154 ) ;
#1094 = CARTESIAN_POINT ( 'NONE',  ( -1.545336663013152867, 3.058065870564747460E-15, -8.000000000000000000 ) ) ;
#1095 = ORIENTED_EDGE ( 'NONE', *, *, #1735, .T. ) ;
#1096 = AXIS2_PLACEMENT_3D ( 'NONE', #4836, #2451, #1261 ) ;
#1097 = VERTEX_POINT ( 'NONE', #2314 ) ;
#1098 =( BOUNDED_CURVE ( )  B_SPLINE_CURVE ( 2, ( #5350, #163, #1028, #2959, #4876, #2161, #4052, #3173, #5946 ),
 .UNSPECIFIED., .F., .F. ) 
 B_SPLINE_CURVE_WITH_KNOTS ( ( 3, 2, 2, 2, 3 ),
 ( 0.08333333333333334259, 0.08641975308641974829, 0.09259259259259258745, 0.09876543209876542662, 0.1018518518518518601 ),
 .UNSPECIFIED. ) 
 CURVE ( )  GEOMETRIC_REPRESENTATION_ITEM ( )  RATIONAL_B_SPLINE_CURVE ( ( 0.9330127018922194093, 0.9330127018922196314, 1.000000000000000000, 0.8660254037844387076, 1.000000000000000000, 0.8660254037844387076, 1.000000000000000000, 0.9330127018922190762, 0.9330127018922194093 ) ) 
 REPRESENTATION_ITEM ( '' )  );
#1099 = VECTOR ( 'NONE', #1711, 1000.000000000000114 ) ;
#1100 = CARTESIAN_POINT ( 'NONE',  ( -1.545336663013154199, -0.4140717108885615394, 2.443760739116934477 ) ) ;
#1101 = CARTESIAN_POINT ( 'NONE',  ( -1.999999999999996225, 0.5358983848622473900, 0.5437392608830188268 ) ) ;
#1102 = CARTESIAN_POINT ( 'NONE',  ( -0.8922005383792442901, -1.545336663013148648, -7.270833333333341031 ) ) ;
#1103 = AXIS2_PLACEMENT_3D ( 'NONE', #3688, #5164, #914 ) ;
#1104 = CARTESIAN_POINT ( 'NONE',  ( -0.8922005383792442901, -1.545336663013148648, -7.358333333333341386 ) ) ;
#1105 = CARTESIAN_POINT ( 'NONE',  ( 0.8922005383792411815, -1.545336663013150424, -4.354166666666680285 ) ) ;
#1106 = AXIS2_PLACEMENT_3D ( 'NONE', #5780, #5873, #3416 ) ;
#1107 = AXIS2_PLACEMENT_3D ( 'NONE', #2869, #6175, #3903 ) ;
#1108 = CARTESIAN_POINT ( 'NONE',  ( 0.000000000000000000, -7.560902090037740558E-15, 13.65685424949233884 ) ) ;
#1109 = CARTESIAN_POINT ( 'NONE',  ( 1.999999999999994005, -0.5358983848622467239, -3.918760739116989189 ) ) ;
#1110 = EDGE_CURVE ( 'NONE', #2935, #3799, #4298, .T. ) ;
#1111 = CARTESIAN_POINT ( 'NONE',  ( 1.732050807568874085, -0.9999999999999963363, -7.445833333333350623 ) ) ;
#1112 = ORIENTED_EDGE ( 'NONE', *, *, #1485, .F. ) ;
#1113 = CARTESIAN_POINT ( 'NONE',  ( 2.353151076758485338, 2.436549870658972734E-15, -1.853125000000017897 ) ) ;
#1114 = CARTESIAN_POINT ( 'NONE',  ( -1.545336663013147982, 0.4140717108885989539, 1.681239260883007125 ) ) ;
#1115 = CARTESIAN_POINT ( 'NONE',  ( 1.176575538379241559, -2.037888611415550777, 3.673958333333296356 ) ) ;
#1116 = CARTESIAN_POINT ( 'NONE',  ( 1.999999999999996669, 2.091679895156829610E-15, -2.487500000000028688 ) ) ;
#1117 = CARTESIAN_POINT ( 'NONE',  ( -1.643553256209757230, 0.5673381449439016677, 7.382444492949138848 ) ) ;
#1118 = ORIENTED_EDGE ( 'NONE', *, *, #5743, .T. ) ;
#1119 = VERTEX_POINT ( 'NONE', #2346 ) ;
#1120 = CARTESIAN_POINT ( 'NONE',  ( -1.545336663013152867, -3.776644255144275849E-16, -3.975000000000015188 ) ) ;
#1121 = CARTESIAN_POINT ( 'NONE',  ( 1.338300807568863382, 0.7726683315065783209, 4.220833333333298576 ) ) ;
#1122 = CARTESIAN_POINT ( 'NONE',  ( 1.176575538379243557, 2.037888611415555662, -4.492708333333350623 ) ) ;
#1123 = DIRECTION ( 'NONE',  ( -0.000000000000000000, -5.648303390429391465E-16, 1.000000000000000000 ) ) ;
#1124 = CARTESIAN_POINT ( 'NONE',  ( 0.8922005383792478428, 1.545336663013151979, -5.608333333333344051 ) ) ;
#1125 = ORIENTED_EDGE ( 'NONE', *, *, #4592, .F. ) ;
#1126 = ORIENTED_EDGE ( 'NONE', *, *, #1128, .F. ) ;
#1127 = EDGE_CURVE ( 'NONE', #5189, #6198, #2878, .T. ) ;
#1128 = EDGE_CURVE ( 'NONE', #2967, #2145, #493, .T. ) ;
#1129 = DIRECTION ( 'NONE',  ( 0.000000000000000000, 0.000000000000000000, -1.000000000000000000 ) ) ;
#1130 = CARTESIAN_POINT ( 'NONE',  ( -1.999999999999996669, -6.565550782020048959E-15, -0.8250000000000129452 ) ) ;
#1131 = CARTESIAN_POINT ( 'NONE',  ( -0.8922005383792478428, -1.545336663013146428, -5.170833333333344939 ) ) ;
#1132 = CARTESIAN_POINT ( 'NONE',  ( 1.545336663013152867, 2.868816710768336858E-15, -8.000000000000000000 ) ) ;
#1133 =( BOUNDED_CURVE ( )  B_SPLINE_CURVE ( 2, ( #4591, #1731, #3652, #1980, #3778, #3343, #1858, #5822, #2366 ),
 .UNSPECIFIED., .F., .T. ) 
 B_SPLINE_CURVE_WITH_KNOTS ( ( 3, 2, 2, 2, 3 ),
 ( 0.7314814814814815103, 0.7345679012345679437, 0.7407407407407406996, 0.7469135802469135665, 0.7500000000000000000 ),
 .UNSPECIFIED. ) 
 CURVE ( )  GEOMETRIC_REPRESENTATION_ITEM ( )  RATIONAL_B_SPLINE_CURVE ( ( 0.9330127018922194093, 0.9330127018922194093, 1.000000000000000000, 0.8660254037844387076, 1.000000000000000000, 0.8660254037844387076, 1.000000000000000000, 0.9330127018922194093, 0.9330127018922194093 ) ) 
 REPRESENTATION_ITEM ( '' )  );
#1134 = EDGE_CURVE ( 'NONE', #2364, #1893, #5246, .T. ) ;
#1135 = CARTESIAN_POINT ( 'NONE',  ( -1.338300807568862716, 0.7726683315065794311, -6.045833333333343163 ) ) ;
#1136 = ORIENTED_EDGE ( 'NONE', *, *, #5562, .F. ) ;
#1137 = CARTESIAN_POINT ( 'NONE',  ( -1.338300807568862716, 0.7726683315065794311, -4.033333333333349202 ) ) ;
#1138 = FACE_OUTER_BOUND ( 'NONE', #4914, .T. ) ;
#1139 = CARTESIAN_POINT ( 'NONE',  ( 1.999999999999996225, 2.091679895156829610E-15, -2.575000000000008615 ) ) ;
#1140 = ORIENTED_EDGE ( 'NONE', *, *, #1744, .T. ) ;
#1141 = CARTESIAN_POINT ( 'NONE',  ( 1.764863307568863782, -1.018944305707774944, 2.288541666666638275 ) ) ;
#1142 = EDGE_CURVE ( 'NONE', #4931, #4205, #2758, .T. ) ;
#1143 = CARTESIAN_POINT ( 'NONE',  ( -0.8922005383792289690, 1.545336663013163081, 3.695833333333299109 ) ) ;
#1144 = CARTESIAN_POINT ( 'NONE',  ( -2.495693764988901954E-16, -2.037888611415550333, 8.515624999999950262 ) ) ;
#1145 = CARTESIAN_POINT ( 'NONE',  ( 1.999999999999997113, 0.5358983848622465018, 2.443760739116923375 ) ) ;
#1146 = CARTESIAN_POINT ( 'NONE',  ( -1.154700538379250352, -1.999999999999993117, 2.879166666666624241 ) ) ;
#1147 = CARTESIAN_POINT ( 'NONE',  ( 0.8245367216620418382, 1.677030270367775966, 7.514944555546011706 ) ) ;
#1148 = ORIENTED_EDGE ( 'NONE', *, *, #1613, .F. ) ;
#1149 = CARTESIAN_POINT ( 'NONE',  ( -1.338300807568862716, 0.7726683315065794311, 0.9541666666666396290 ) ) ;
#1150 = CARTESIAN_POINT ( 'NONE',  ( 1.764863307568864448, 1.018944305707778275, -6.651041666666678509 ) ) ;
#1151 = CARTESIAN_POINT ( 'NONE',  ( -2.449293598294702470E-16, -1.999999999999993561, -4.762500000000022382 ) ) ;
#1152 = CARTESIAN_POINT ( 'NONE',  ( 1.513993278371287775E-15, 1.545336663013155754, -5.550000000000011369 ) ) ;
#1153 = ORIENTED_EDGE ( 'NONE', *, *, #1333, .T. ) ;
#1154 = ORIENTED_EDGE ( 'NONE', *, *, #1142, .T. ) ;
#1155 = DIRECTION ( 'NONE',  ( -0.000000000000000000, -0.000000000000000000, 1.000000000000000000 ) ) ;
#1156 = DIRECTION ( 'NONE',  ( 6.982962677686266711E-15, -1.000000000000000000, 0.000000000000000000 ) ) ;
#1157 = DIRECTION ( 'NONE',  ( -1.000000000000000000, 0.000000000000000000, 0.000000000000000000 ) ) ;
#1158 = CARTESIAN_POINT ( 'NONE',  ( -1.732050807568873863, 1.000000000000001110, -2.283333333333342985 ) ) ;
#1159 = CARTESIAN_POINT ( 'NONE',  ( 0.000000000000000000, 1.545336663013155754, -6.862500000000007816 ) ) ;
#1160 = ORIENTED_EDGE ( 'NONE', *, *, #1755, .T. ) ;
#1161 = CARTESIAN_POINT ( 'NONE',  ( 1.338300807568857165, -0.7726683315065830948, -1.495833333333354220 ) ) ;
#1162 = CARTESIAN_POINT ( 'NONE',  ( -1.892491597964109718E-16, -1.545336663013149980, -5.200000000000012612 ) ) ;
#1163 = DIRECTION ( 'NONE',  ( -0.000000000000000000, -0.000000000000000000, 1.000000000000000000 ) ) ;
#1164 = EDGE_CURVE ( 'NONE', #5092, #3341, #5837, .T. ) ;
#1165 = CARTESIAN_POINT ( 'NONE',  ( 0.000000000000000000, -7.560902090037740558E-15, 13.65685424949233884 ) ) ;
#1166 = ORIENTED_EDGE ( 'NONE', *, *, #2791, .F. ) ;
#1167 = CARTESIAN_POINT ( 'NONE',  ( -1.764863307568864004, 1.018944305707780051, 1.938541666666640406 ) ) ;
#1168 = CARTESIAN_POINT ( 'NONE',  ( 1.545336663013152867, 2.868816710768336858E-15, -8.000000000000000000 ) ) ;
#1169 = CARTESIAN_POINT ( 'NONE',  ( -2.495693764988901954E-16, -2.037888611415550333, 7.815624999999954525 ) ) ;
#1170 = CARTESIAN_POINT ( 'NONE',  ( -1.825046674228330001, 0.1522652948118374261, -7.647568380558205980 ) ) ;
#1171 = CARTESIAN_POINT ( 'NONE',  ( -1.999999999999996225, -1.132993276543282844E-14, -3.625000000000005773 ) ) ;
#1172 = CARTESIAN_POINT ( 'NONE',  ( 1.212968968234204414, 1.396513572867875475, 7.495896301734035205 ) ) ;
#1173 = EDGE_LOOP ( 'NONE', ( #1272, #1183, #2482, #4254 ) ) ;
#1174 = CARTESIAN_POINT ( 'NONE',  ( 1.764863307568863782, -1.018944305707774944, -6.811458333333338722 ) ) ;
#1175 = CARTESIAN_POINT ( 'NONE',  ( -1.892491597964109718E-16, -1.545336663013149980, 7.487499999999958078 ) ) ;
#1176 = CARTESIAN_POINT ( 'NONE',  ( 1.176575538379241559, -2.037888611415550777, -1.226041666666691121 ) ) ;
#1177 = DIRECTION ( 'NONE',  ( 0.000000000000000000, 0.000000000000000000, -1.000000000000000000 ) ) ;
#1178 = EDGE_CURVE ( 'NONE', #2012, #2001, #1933, .T. ) ;
#1179 = DIRECTION ( 'NONE',  ( -0.000000000000000000, -0.000000000000000000, 1.000000000000000000 ) ) ;
#1180 =( BOUNDED_CURVE ( )  B_SPLINE_CURVE ( 2, ( #2976, #5905, #4835, #2450, #4924, #66, #1587, #37, #1966 ),
 .UNSPECIFIED., .F., .F. ) 
 B_SPLINE_CURVE_WITH_KNOTS ( ( 3, 2, 2, 2, 3 ),
 ( 0.4537037037037037202, 0.4567901234567900981, 0.4629629629629629650, 0.4691358024691357764, 0.4722222222222222099 ),
 .UNSPECIFIED. ) 
 CURVE ( )  GEOMETRIC_REPRESENTATION_ITEM ( )  RATIONAL_B_SPLINE_CURVE ( ( 0.9330127018922194093, 0.9330127018922199644, 1.000000000000000000, 0.8660254037844387076, 1.000000000000000000, 0.8660254037844387076, 1.000000000000000000, 0.9330127018922194093, 0.9330127018922194093 ) ) 
 REPRESENTATION_ITEM ( '' )  );
#1181 = ORIENTED_EDGE ( 'NONE', *, *, #3678, .T. ) ;
#1182 = CARTESIAN_POINT ( 'NONE',  ( -1.892491597964109718E-16, -1.545336663013149980, 3.199999999999966871 ) ) ;
#1183 = ORIENTED_EDGE ( 'NONE', *, *, #4657, .F. ) ;
#1184 = CARTESIAN_POINT ( 'NONE',  ( -0.8922005383792422917, -1.545336663013149758, 4.541666666666629659 ) ) ;
#1185 = CARTESIAN_POINT ( 'NONE',  ( 0.000000000000000000, -5.761269458237980497E-15, 10.20000000000000284 ) ) ;
#1186 = CARTESIAN_POINT ( 'NONE',  ( -1.999999999999996669, 3.079417623425332547E-15, 2.762499999999957989 ) ) ;
#1187 = CARTESIAN_POINT ( 'NONE',  ( -0.8922005383792818156, -1.545336663013126888, 6.641666666666625751 ) ) ;
#1188 = CARTESIAN_POINT ( 'NONE',  ( -1.999999999999996669, -6.565550782020048959E-15, -7.124999999999997335 ) ) ;
#1189 = VECTOR ( 'NONE', #1464, 1000.000000000000000 ) ;
#1190 = VECTOR ( 'NONE', #105, 1000.000000000000000 ) ;
#1191 = CARTESIAN_POINT ( 'NONE',  ( -1.784401076758483473, 2.978079764120704978E-15, -4.587500000000012790 ) ) ;
#1192 = VERTEX_POINT ( 'NONE', #1 ) ;
#1193 = CARTESIAN_POINT ( 'NONE',  ( -9.085872737170555280E-15, -1.545336663013149980, -1.612500000000020250 ) ) ;
#1194 = VECTOR ( 'NONE', #630, 1000.000000000000000 ) ;
#1195 = CARTESIAN_POINT ( 'NONE',  ( -1.338300807568862716, 0.7726683315065794311, -6.133333333333343518 ) ) ;
#1196 = CARTESIAN_POINT ( 'NONE',  ( 2.649488237149753556E-15, 1.545336663013155754, -3.362500000000016698 ) ) ;
#1197 = AXIS2_PLACEMENT_3D ( 'NONE', #863, #5665, #1157 ) ;
#1198 = CARTESIAN_POINT ( 'NONE',  ( -2.000000000000001776, 0.5358983848622386192, 3.431239260882994024 ) ) ;
#1199 = AXIS2_PLACEMENT_3D ( 'NONE', #4537, #688, #3591 ) ;
#1200 = ORIENTED_EDGE ( 'NONE', *, *, #3590, .T. ) ;
#1201 = CARTESIAN_POINT ( 'NONE',  ( -1.176575538379242447, 2.037888611415556994, 3.980208333333300708 ) ) ;
#1202 = ADVANCED_FACE ( 'NONE', ( #5902 ), #4919, .T. ) ;
#1203 = CARTESIAN_POINT ( 'NONE',  ( -1.764863307568863560, 1.018944305707779829, 6.882291666666621843 ) ) ;
#1204 = DIRECTION ( 'NONE',  ( -0.000000000000000000, -0.000000000000000000, 1.000000000000000000 ) ) ;
#1205 = CARTESIAN_POINT ( 'NONE',  ( -1.584894539549164261, -1.005720277205057744, -7.601784603461626766 ) ) ;
#1206 = APPLICATION_PROTOCOL_DEFINITION ( 'international standard', 'config_control_design', 1994, #4464 ) ;
#1207 = CARTESIAN_POINT ( 'NONE',  ( 1.999999999999997113, -7.437084071668730132E-15, -3.887500000000025935 ) ) ;
#1208 = VERTEX_POINT ( 'NONE', #2030 ) ;
#1209 = CARTESIAN_POINT ( 'NONE',  ( 0.000000000000000000, 2.037888611415556994, -6.578125000000006217 ) ) ;
#1210 = CARTESIAN_POINT ( 'NONE',  ( -1.338300807568862716, 0.7726683315065794311, 4.454166666666630192 ) ) ;
#1211 = CARTESIAN_POINT ( 'NONE',  ( -2.353151076758484894, 3.012905657471457707E-15, -4.259375000000017231 ) ) ;
#1212 = CARTESIAN_POINT ( 'NONE',  ( 0.000000000000000000, 2.868816710768336858E-15, -8.000000000000000000 ) ) ;
#1213 = CARTESIAN_POINT ( 'NONE',  ( 1.999999999999996669, 2.091679895156829610E-15, 1.712499999999961275 ) ) ;
#1214 = ORIENTED_EDGE ( 'NONE', *, *, #2791, .T. ) ;
#1215 = CARTESIAN_POINT ( 'NONE',  ( -0.8922005383792422917, -1.545336663013149758, 1.741666666666636276 ) ) ;
#1216 = VERTEX_POINT ( 'NONE', #2537 ) ;
#1217 = CARTESIAN_POINT ( 'NONE',  ( 1.784401076758483473, 2.541027550711231709E-15, 6.874999999999958256 ) ) ;
#1218 = EDGE_CURVE ( 'NONE', #1281, #6228, #4316, .T. ) ;
#1219 = FACE_OUTER_BOUND ( 'NONE', #2240, .T. ) ;
#1220 = CARTESIAN_POINT ( 'NONE',  ( -1.545336663013148426, 0.4140717108886048936, 5.093739260882998998 ) ) ;
#1221 = CARTESIAN_POINT ( 'NONE',  ( -7.193381139206446104E-15, -1.545336663013149980, -5.112500000000012257 ) ) ;
#1222 =( BOUNDED_CURVE ( )  B_SPLINE_CURVE ( 2, ( #5788, #2892, #2832, #4309, #4277, #430, #2865 ),
 .UNSPECIFIED., .F., .F. ) 
 B_SPLINE_CURVE_WITH_KNOTS ( ( 3, 2, 2, 3 ),
 ( 0.8055555555555556912, 0.8086419753086420137, 0.8148148148148147696, 0.8178767159532478459 ),
 .UNSPECIFIED. ) 
 CURVE ( )  GEOMETRIC_REPRESENTATION_ITEM ( )  RATIONAL_B_SPLINE_CURVE ( ( 0.9330127018922194093, 0.9330127018922217408, 1.000000000000000000, 0.8660254037844387076, 1.000000000000000000, 0.9335448510748869388, 0.9330169293019016097 ) ) 
 REPRESENTATION_ITEM ( '' )  );
#1223 = ORIENTED_EDGE ( 'NONE', *, *, #1047, .F. ) ;
#1224 = CARTESIAN_POINT ( 'NONE',  ( 1.545336663013151535, -4.938688641342515672E-16, -0.1250000000000237310 ) ) ;
#1225 = CARTESIAN_POINT ( 'NONE',  ( -1.784401076758483473, 2.978079764120704978E-15, -3.887500000000014833 ) ) ;
#1226 = ORIENTED_EDGE ( 'NONE', *, *, #552, .T. ) ;
#1227 = CARTESIAN_POINT ( 'NONE',  ( 1.545336663013154421, -1.060365502405892772E-14, 2.062499999999970690 ) ) ;
#1228 = CARTESIAN_POINT ( 'NONE',  ( 1.338300807568862494, -0.7726683315065742130, -3.683333333333350001 ) ) ;
#1229 = CARTESIAN_POINT ( 'NONE',  ( 1.338300807568868711, 0.7726683315065687729, -2.866666666666684904 ) ) ;
#1230 = CARTESIAN_POINT ( 'NONE',  ( 1.154700538379250796, 1.999999999999999334, 3.229166666666623886 ) ) ;
#1231 = CARTESIAN_POINT ( 'NONE',  ( 2.353151076758485338, 2.436549870658972734E-15, 3.046874999999970246 ) ) ;
#1232 = CARTESIAN_POINT ( 'NONE',  ( 1.999999999999996669, -0.5358983848622422830, 7.281239260882981235 ) ) ;
#1233 = CARTESIAN_POINT ( 'NONE',  ( 1.176575538379243557, 2.037888611415555662, 9.507291666666613850 ) ) ;
#1234 = CARTESIAN_POINT ( 'NONE',  ( -1.545336663013151313, -1.173664830060221151E-14, 4.424999999999965183 ) ) ;
#1235 = CARTESIAN_POINT ( 'NONE',  ( -8.328876097984911294E-15, -1.545336663013149980, -3.012500000000017053 ) ) ;
#1236 = APPROVAL_STATUS ( 'not_yet_approved' ) ;
#1237 = CARTESIAN_POINT ( 'NONE',  ( 0.9274307875282709057, 1.616980725929941798, 7.510220673206329245 ) ) ;
#1238 = EDGE_CURVE ( 'NONE', #5709, #5031, #3963, .T. ) ;
#1239 = ORIENTED_EDGE ( 'NONE', *, *, #4297, .F. ) ;
#1240 = CARTESIAN_POINT ( 'NONE',  ( -2.495693764988902447E-16, -2.037888611415550777, -7.628125000000004263 ) ) ;
#1241 = CARTESIAN_POINT ( 'NONE',  ( -1.338300807568862938, -0.7726683315065733249, 7.370833333333290049 ) ) ;
#1242 = CARTESIAN_POINT ( 'NONE',  ( 2.353151076758484894, 2.436549870658972734E-15, -1.809375000000023714 ) ) ;
#1243 = DIRECTION ( 'NONE',  ( 0.000000000000000000, 0.000000000000000000, -1.000000000000000000 ) ) ;
#1244 = EDGE_CURVE ( 'NONE', #594, #5197, #3072, .T. ) ;
#1245 = CARTESIAN_POINT ( 'NONE',  ( 0.8707400292101792338, -1.778880833795732475, -7.498544973228983501 ) ) ;
#1246 = EDGE_LOOP ( 'NONE', ( #1989, #1978, #149, #6154 ) ) ;
#1247 = CARTESIAN_POINT ( 'NONE',  ( -1.784401076758483473, 2.978079764120704978E-15, 2.324999999999969535 ) ) ;
#1248 = ORIENTED_EDGE ( 'NONE', *, *, #1014, .T. ) ;
#1249 = CARTESIAN_POINT ( 'NONE',  ( 0.8922005383792411815, -1.545336663013150424, 4.658333333333297688 ) ) ;
#1250 = CARTESIAN_POINT ( 'NONE',  ( 0.000000000000000000, -1.474999999999979883, -8.000000000000000000 ) ) ;
#1251 = CARTESIAN_POINT ( 'NONE',  ( 2.649488237149753556E-15, 1.545336663013155754, -3.450000000000017497 ) ) ;
#1252 = CARTESIAN_POINT ( 'NONE',  ( 1.545336663013151313, -3.950950913074011749E-15, -0.8250000000000234923 ) ) ;
#1253 = CARTESIAN_POINT ( 'NONE',  ( -0.4044126993943276127, 1.209887892115045327, 10.02716943592157328 ) ) ;
#1254 = CARTESIAN_POINT ( 'NONE',  ( 1.999999999999996225, -0.5358983848622421720, 5.793739260883005393 ) ) ;
#1255 = CARTESIAN_POINT ( 'NONE',  ( -1.338300807568862716, 0.7726683315065794311, -0.4458333333333570625 ) ) ;
#1256 = VERTEX_POINT ( 'NONE', #32 ) ;
#1257 = CARTESIAN_POINT ( 'NONE',  ( 1.732050807568873640, -0.9999999999999961142, 2.966666666666644137 ) ) ;
#1258 = CARTESIAN_POINT ( 'NONE',  ( -1.784401076758483473, 2.978079764120704978E-15, -3.275000000000017231 ) ) ;
#1259 =( BOUNDED_CURVE ( )  B_SPLINE_CURVE ( 2, ( #245, #3162, #1257, #4097, #754, #6022, #724, #5456, #2181 ),
 .UNSPECIFIED., .F., .F. ) 
 B_SPLINE_CURVE_WITH_KNOTS ( ( 3, 2, 2, 2, 3 ),
 ( 0.4166666666666666297, 0.4197530864197530631, 0.4259259259259259300, 0.4320987654320987970, 0.4351851851851851194 ),
 .UNSPECIFIED. ) 
 CURVE ( )  GEOMETRIC_REPRESENTATION_ITEM ( )  RATIONAL_B_SPLINE_CURVE ( ( 0.9330127018922194093, 0.9330127018922194093, 1.000000000000000000, 0.8660254037844387076, 1.000000000000000000, 0.8660254037844387076, 1.000000000000000000, 0.9330127018922205195, 0.9330127018922192983 ) ) 
 REPRESENTATION_ITEM ( '' )  );
#1260 = CYLINDRICAL_SURFACE ( 'NONE', #5121, 1.999999999999985789 ) ;
#1261 = DIRECTION ( 'NONE',  ( -1.000000000000000000, 0.000000000000000000, 0.000000000000000000 ) ) ;
#1262 = EDGE_CURVE ( 'NONE', #1038, #6011, #5638, .T. ) ;
#1263 = ADVANCED_FACE ( 'NONE', ( #5039 ), #2114, .F. ) ;
#1264 = CARTESIAN_POINT ( 'NONE',  ( 0.000000000000000000, 2.037888611415556994, 4.621874999999966427 ) ) ;
#1265 = CARTESIAN_POINT ( 'NONE',  ( -1.999999999999996225, -0.5358983848622411728, 6.206260739116932434 ) ) ;
#1266 = CARTESIAN_POINT ( 'NONE',  ( 1.764863307568863338, -1.018944305707774722, 10.03229166666661243 ) ) ;
#1267 = CARTESIAN_POINT ( 'NONE',  ( 1.338300807568857165, -0.7726683315065830948, -1.583333333333355020 ) ) ;
#1268 = APPROVAL_STATUS ( 'not_yet_approved' ) ;
#1269 = B_SPLINE_CURVE_WITH_KNOTS ( 'NONE', 3,
 ( #439, #5738, #1419, #944, #3377, #2873, #4790, #471, #2402, #1926, #2901, #969, #4818, #4850, #4352, #3880, #5320, #532, #2467, #167, #2994, #3975, #137, #2134, #5978, #5863, #4971, #2582, #3946, #3025 ),
 .UNSPECIFIED., .F., .F.,
 ( 4, 2, 2, 2, 2, 2, 2, 2, 2, 2, 2, 2, 2, 2, 4 ),
 ( 0.0003991388843119029464, 0.0007271997747035786192, 0.001055260665095254400, 0.001383321555486930182, 0.001711382445878606180, 0.002039443336270282178, 0.002367504226661958176, 0.003023626007445310605, 0.003351686897836987037, 0.003679747788228662601, 0.004007808678620338599, 0.004335869569012013730, 0.004991991349795365726, 0.005320052240187041724, 0.005648113130578716855 ),
 .UNSPECIFIED. ) ;
#1270 = CARTESIAN_POINT ( 'NONE',  ( 1.783976948021970266, 0.2385761284051824971, 7.445872362662126598 ) ) ;
#1271 = ADVANCED_FACE ( 'NONE', ( #5545 ), #5987, .T. ) ;
#1272 = ORIENTED_EDGE ( 'NONE', *, *, #7, .F. ) ;
#1273 = CARTESIAN_POINT ( 'NONE',  ( -2.495693764988902447E-16, -2.037888611415550777, -6.928125000000005862 ) ) ;
#1274 = CARTESIAN_POINT ( 'NONE',  ( -1.338300807568862716, 0.7726683315065794311, 7.954166666666621310 ) ) ;
#1275 = CARTESIAN_POINT ( 'NONE',  ( -1.764863307568863560, 1.018944305707779829, -4.317708333333350801 ) ) ;
#1276 = DIRECTION ( 'NONE',  ( -0.000000000000000000, -0.000000000000000000, 1.000000000000000000 ) ) ;
#1277 = ORIENTED_EDGE ( 'NONE', *, *, #1962, .F. ) ;
#1278 = CARTESIAN_POINT ( 'NONE',  ( 0.000000000000000000, 1.999999999999999112, -0.3000000000000148659 ) ) ;
#1279 = ORIENTED_EDGE ( 'NONE', *, *, #2461, .F. ) ;
#1280 = CARTESIAN_POINT ( 'NONE',  ( 1.338300807568862494, -0.7726683315065742130, 1.216666666666638585 ) ) ;
#1281 = VERTEX_POINT ( 'NONE', #4566 ) ;
#1282 = B_SPLINE_CURVE_WITH_KNOTS ( 'NONE', 3,
 ( #3529, #3587, #4948, #4595, #627, #5451, #2617, #4474 ),
 .UNSPECIFIED., .F., .F.,
 ( 4, 2, 2, 4 ),
 ( 2.544378114020008782E-07, 0.0003729905366538300627, 0.0007457266354962582052, 0.001491198833181113948 ),
 .UNSPECIFIED. ) ;
#1283 = CARTESIAN_POINT ( 'NONE',  ( -1.784401076758483473, 2.978079764120704978E-15, 5.824999999999959321 ) ) ;
#1284 = EDGE_CURVE ( 'NONE', #4096, #3051, #1288, .T. ) ;
#1285 = CARTESIAN_POINT ( 'NONE',  ( -2.120164509802652026E-14, -1.545336663013149980, 0.3999999999999732658 ) ) ;
#1286 = CARTESIAN_POINT ( 'NONE',  ( 1.226522136892920223, 1.176416689282435701, -7.810269700407613591 ) ) ;
#1287 = CARTESIAN_POINT ( 'NONE',  ( 1.545336663013151313, 1.365402153782930631E-14, 1.362499999999974065 ) ) ;
#1288 =( BOUNDED_CURVE ( )  B_SPLINE_CURVE ( 2, ( #2143, #1670, #1739, #3532, #209, #4951, #175, #1641, #720 ),
 .UNSPECIFIED., .F., .T. ) 
 B_SPLINE_CURVE_WITH_KNOTS ( ( 3, 2, 2, 2, 3 ),
 ( 0.2685185185185185452, 0.2716049382716049232, 0.2777777777777777901, 0.2839506172839506015, 0.2870370370370370905 ),
 .UNSPECIFIED. ) 
 CURVE ( )  GEOMETRIC_REPRESENTATION_ITEM ( )  RATIONAL_B_SPLINE_CURVE ( ( 0.9330127018922194093, 0.9330127018922199644, 1.000000000000000000, 0.8660254037844387076, 1.000000000000000000, 0.8660254037844387076, 1.000000000000000000, 0.9330127018922180770, 0.9330127018922192983 ) ) 
 REPRESENTATION_ITEM ( '' )  );
#1289 = CARTESIAN_POINT ( 'NONE',  ( -1.154700538379250352, -1.999999999999993117, 0.7791666666666298147 ) ) ;
#1290 = CARTESIAN_POINT ( 'NONE',  ( 1.545336663013153089, 2.440293211016302001E-15, -5.637500000000009948 ) ) ;
#1291 = CARTESIAN_POINT ( 'NONE',  ( 0.8922005383792426247, 1.545336663013155087, -2.020833333333353021 ) ) ;
#1292 = ORIENTED_EDGE ( 'NONE', *, *, #4093, .T. ) ;
#1293 = CARTESIAN_POINT ( 'NONE',  ( 1.999999999999996669, -0.5358983848622422830, 6.581239260882984610 ) ) ;
#1294 = CARTESIAN_POINT ( 'NONE',  ( -0.8922005383792422917, -1.545336663013149758, -1.758333333333354620 ) ) ;
#1295 = DIRECTION ( 'NONE',  ( -1.000000000000000000, 0.000000000000000000, 0.000000000000000000 ) ) ;
#1296 = AXIS2_PLACEMENT_3D ( 'NONE', #1212, #3149, #5060 ) ;
#1297 = CARTESIAN_POINT ( 'NONE',  ( 1.338300807568850725, -0.7726683315065945301, 2.616666666666635166 ) ) ;
#1298 = CARTESIAN_POINT ( 'NONE',  ( -1.176575538379243335, -2.037888611415550333, 7.013541666666626817 ) ) ;
#1299 =( BOUNDED_CURVE ( )  B_SPLINE_CURVE ( 2, ( #4785, #466, #1380, #4752, #5764, #434, #4314, #1058, #555 ),
 .UNSPECIFIED., .F., .T. ) 
 B_SPLINE_CURVE_WITH_KNOTS ( ( 3, 2, 2, 2, 3 ),
 ( 0.6018518518518518601, 0.6049382716049382935, 0.6111111111111111605, 0.6172839506172839164, 0.6203703703703703498 ),
 .UNSPECIFIED. ) 
 CURVE ( )  GEOMETRIC_REPRESENTATION_ITEM ( )  RATIONAL_B_SPLINE_CURVE ( ( 0.9330127018922194093, 0.9330127018922194093, 1.000000000000000000, 0.8660254037844387076, 1.000000000000000000, 0.8660254037844387076, 1.000000000000000000, 0.9330127018922194093, 0.9330127018922194093 ) ) 
 REPRESENTATION_ITEM ( '' )  );
#1300 = CARTESIAN_POINT ( 'NONE',  ( -1.732050807568873863, 1.000000000000001110, 7.516666666666631968 ) ) ;
#1301 = AXIS2_PLACEMENT_3D ( 'NONE', #2445, #1961, #3887 ) ;
#1302 = CARTESIAN_POINT ( 'NONE',  ( -1.545336663013154643, -0.4140717108885608178, 3.756260739116930925 ) ) ;
#1303 = CARTESIAN_POINT ( 'NONE',  ( -1.732050807568874085, -0.9999999999999947820, 2.033333333333313231 ) ) ;
#1304 = ADVANCED_FACE ( 'NONE', ( #4065 ), #2591, .T. ) ;
#1305 = CARTESIAN_POINT ( 'NONE',  ( 1.545336663013154199, -0.4140717108885790809, -1.556260739116985814 ) ) ;
#1306 = DATE_TIME_ROLE ( 'classification_date' ) ;
#1307 = LINE ( 'NONE', #1908, #5426 ) ;
#1308 = VECTOR ( 'NONE', #2011, 1000.000000000000000 ) ;
#1309 = CC_DESIGN_APPROVAL ( #2972, ( #4856 ) ) ;
#1310 = ORIENTED_EDGE ( 'NONE', *, *, #1463, .F. ) ;
#1311 = CARTESIAN_POINT ( 'NONE',  ( 1.764863307568864892, 1.018944305707778497, -5.294791666666675667 ) ) ;
#1312 = CARTESIAN_POINT ( 'NONE',  ( 0.000000000000000000, 1.545336663013155754, 5.037499999999964118 ) ) ;
#1313 = CARTESIAN_POINT ( 'NONE',  ( 1.176575538379241559, -2.037888611415550777, -2.626041666666687924 ) ) ;
#1314 = AXIS2_PLACEMENT_3D ( 'NONE', #1838, #4766, #918 ) ;
#1315 = CARTESIAN_POINT ( 'NONE',  ( 1.545336663013153089, 2.788906526875773602E-15, -6.337500000000009237 ) ) ;
#1316 = DIRECTION ( 'NONE',  ( 0.000000000000000000, 1.000000000000000000, 5.648303390429391465E-16 ) ) ;
#1317 = ORIENTED_EDGE ( 'NONE', *, *, #2031, .T. ) ;
#1318 = CARTESIAN_POINT ( 'NONE',  ( 1.135494958778465782E-15, 1.545336663013155754, -6.162500000000010303 ) ) ;
#1319 = ORIENTED_EDGE ( 'NONE', *, *, #101, .F. ) ;
#1320 = CARTESIAN_POINT ( 'NONE',  ( -1.784401076758483473, 2.978079764120704978E-15, 7.224999999999957012 ) ) ;
#1321 = CARTESIAN_POINT ( 'NONE',  ( 1.732050807568874085, -0.9999999999999963363, 3.754166666666623353 ) ) ;
#1322 = CARTESIAN_POINT ( 'NONE',  ( 3.784983195928219436E-16, 1.545336663013155754, -7.562500000000006217 ) ) ;
#1323 = LINE ( 'NONE', #4192, #294 ) ;
#1324 = ADVANCED_FACE ( 'NONE', ( #2564 ), #5431, .T. ) ;
#1325 = DIRECTION ( 'NONE',  ( 0.000000000000000000, 0.000000000000000000, -1.000000000000000000 ) ) ;
#1326 = ORIENTED_EDGE ( 'NONE', *, *, #5749, .F. ) ;
#1327 = EDGE_LOOP ( 'NONE', ( #535, #2876, #2055, #5266 ) ) ;
#1328 = DIRECTION ( 'NONE',  ( 1.000000000000000000, 6.982962677686266711E-15, 3.944189176761724746E-30 ) ) ;
#1329 = CARTESIAN_POINT ( 'NONE',  ( 0.8922005383792426247, 1.545336663013155087, -1.408333333333354975 ) ) ;
#1330 =( BOUNDED_CURVE ( )  B_SPLINE_CURVE ( 2, ( #1252, #3184, #2244, #5641, #3050, #2045, #5886, #1627, #3431 ),
 .UNSPECIFIED., .F., .T. ) 
 B_SPLINE_CURVE_WITH_KNOTS ( ( 3, 2, 2, 2, 3 ),
 ( 0.3981481481481481399, 0.4012345679012345734, 0.4074074074074073848, 0.4135802469135802517, 0.4166666666666666852 ),
 .UNSPECIFIED. ) 
 CURVE ( )  GEOMETRIC_REPRESENTATION_ITEM ( )  RATIONAL_B_SPLINE_CURVE ( ( 0.9330127018922194093, 0.9330127018922194093, 1.000000000000000000, 0.8660254037844387076, 1.000000000000000000, 0.8660254037844387076, 1.000000000000000000, 0.9330127018922187432, 0.9330127018922194093 ) ) 
 REPRESENTATION_ITEM ( '' )  );
#1331 = FACE_OUTER_BOUND ( 'NONE', #3881, .T. ) ;
#1332 = CARTESIAN_POINT ( 'NONE',  ( 0.000000000000000000, -7.560902090037740558E-15, 13.65685424949233884 ) ) ;
#1333 = EDGE_CURVE ( 'NONE', #5220, #5980, #2683, .T. ) ;
#1334 = CARTESIAN_POINT ( 'NONE',  ( -2.353151076758485338, 3.012905657471458101E-15, 7.596874999999958966 ) ) ;
#1335 = CARTESIAN_POINT ( 'NONE',  ( -0.8922005383792196431, 1.545336663013167966, 0.1958333333333082682 ) ) ;
#1336 = CARTESIAN_POINT ( 'NONE',  ( -1.999999999999996225, 0.5358983848622473900, 6.143739260883003261 ) ) ;
#1337 = CARTESIAN_POINT ( 'NONE',  ( -1.545336663013154643, -4.357666448243395021E-16, 0.9249999999999740652 ) ) ;
#1338 = CARTESIAN_POINT ( 'NONE',  ( -2.449293598294702470E-16, -1.999999999999993561, -6.162500000000019185 ) ) ;
#1339 = DATE_AND_TIME ( #5657, #6249 ) ;
#1340 = DIRECTION ( 'NONE',  ( -0.000000000000000000, -0.000000000000000000, 1.000000000000000000 ) ) ;
#1341 = ADVANCED_FACE ( 'NONE', ( #3626 ), #4978, .T. ) ;
#1342 =( BOUNDED_CURVE ( )  B_SPLINE_CURVE ( 2, ( #4437, #2491, #4404, #3998, #75, #2013, #1979, #3940, #5441 ),
 .UNSPECIFIED., .F., .T. ) 
 B_SPLINE_CURVE_WITH_KNOTS ( ( 3, 2, 2, 2, 3 ),
 ( 0.8055555555555556912, 0.8086419753086420137, 0.8148148148148147696, 0.8209876543209876365, 0.8225852573982610494 ),
 .UNSPECIFIED. ) 
 CURVE ( )  GEOMETRIC_REPRESENTATION_ITEM ( )  RATIONAL_B_SPLINE_CURVE ( ( 0.9330127018922194093, 0.9330127018922217408, 1.000000000000000000, 0.8660254037844387076, 1.000000000000000000, 0.8660254037844387076, 1.000000000000000000, 0.9653258071951482666, 0.9485997878594453203 ) ) 
 REPRESENTATION_ITEM ( '' )  );
#1343 = EDGE_LOOP ( 'NONE', ( #4067, #973, #363, #4485 ) ) ;
#1344 = CARTESIAN_POINT ( 'NONE',  ( 0.000000000000000000, 2.037888611415556994, -4.478125000000011902 ) ) ;
#1345 = CARTESIAN_POINT ( 'NONE',  ( 0.8922005383792411815, -1.545336663013150424, 8.945833333333286674 ) ) ;
#1346 = CARTESIAN_POINT ( 'NONE',  ( 0.000000000000000000, 2.037888611415556550, 1.165624999999968825 ) ) ;
#1347 = CARTESIAN_POINT ( 'NONE',  ( 1.338300807568865602, 0.7726683315065739910, 6.320833333333292892 ) ) ;
#1348 = CARTESIAN_POINT ( 'NONE',  ( -1.250000000000004663, 0.7216878364870283891, 8.660000000000001918 ) ) ;
#1349 = CYLINDRICAL_SURFACE ( 'NONE', #2427, 1.999999999999985789 ) ;
#1350 = VERTEX_POINT ( 'NONE', #1188 ) ;
#1351 = DIRECTION ( 'NONE',  ( 0.000000000000000000, 0.000000000000000000, -1.000000000000000000 ) ) ;
#1352 = ORIENTED_EDGE ( 'NONE', *, *, #5445, .T. ) ;
#1353 = CARTESIAN_POINT ( 'NONE',  ( 0.8922005383792411815, -1.545336663013150424, 7.458333333333291293 ) ) ;
#1354 = CARTESIAN_POINT ( 'NONE',  ( -1.545336663013153089, 3.137519842735245599E-15, -5.987500000000009592 ) ) ;
#1355 = ORIENTED_EDGE ( 'NONE', *, *, #229, .T. ) ;
#1356 = CARTESIAN_POINT ( 'NONE',  ( 1.338300807568860495, -0.7726683315065775437, 6.904166666666624153 ) ) ;
#1357 = CARTESIAN_POINT ( 'NONE',  ( -1.338300807568860940, 0.7726683315065822066, -5.345833333333344761 ) ) ;
#1358 = ORIENTED_EDGE ( 'NONE', *, *, #1671, .F. ) ;
#1359 = ORIENTED_EDGE ( 'NONE', *, *, #5298, .T. ) ;
#1360 = DIRECTION ( 'NONE',  ( 6.982962677686266711E-15, -1.000000000000000000, -6.152622119893133002E-16 ) ) ;
#1361 = CARTESIAN_POINT ( 'NONE',  ( -1.338300807568862716, 0.7726683315065794311, -1.933333333333353776 ) ) ;
#1362 = EDGE_CURVE ( 'NONE', #5324, #1986, #2621, .T. ) ;
#1363 = DIRECTION ( 'NONE',  ( 1.000000000000000000, -1.502314598737153608E-16, 0.000000000000000000 ) ) ;
#1364 = CARTESIAN_POINT ( 'NONE',  ( -1.545336663013155976, -0.4140717108885713649, -0.3562392608830593499 ) ) ;
#1365 = CARTESIAN_POINT ( 'NONE',  ( -1.764863307568864004, 1.018944305707780051, 5.438541666666631080 ) ) ;
#1366 = CARTESIAN_POINT ( 'NONE',  ( 1.999999999999996669, 0.5358983848622463908, 7.256260739116930480 ) ) ;
#1367 = CARTESIAN_POINT ( 'NONE',  ( 0.000000000000000000, 2.868816710768336858E-15, -8.000000000000000000 ) ) ;
#1368 = DIRECTION ( 'NONE',  ( 0.000000000000000000, 0.000000000000000000, -1.000000000000000000 ) ) ;
#1369 = EDGE_CURVE ( 'NONE', #6244, #4147, #5453, .T. ) ;
#1370 = CARTESIAN_POINT ( 'NONE',  ( 1.154700538379250796, 1.999999999999999334, -7.270833333333350801 ) ) ;
#1371 = CARTESIAN_POINT ( 'NONE',  ( 1.999999999999996669, 2.091679895156829610E-15, -0.3875000000000334843 ) ) ;
#1372 = ORIENTED_EDGE ( 'NONE', *, *, #5607, .F. ) ;
#1373 = CARTESIAN_POINT ( 'NONE',  ( -1.764863307568864226, -1.018944305707773612, -2.844791666666682151 ) ) ;
#1374 = CARTESIAN_POINT ( 'NONE',  ( -0.8922005383792416255, 1.545336663013155531, 8.595833333333287030 ) ) ;
#1375 = CARTESIAN_POINT ( 'NONE',  ( -1.176575538379243113, -2.037888611415549889, 2.157291666666633745 ) ) ;
#1376 = CARTESIAN_POINT ( 'NONE',  ( 0.000000000000000000, -3.800000000000006928, 7.999999999999996447 ) ) ;
#1377 = DIRECTION ( 'NONE',  ( 0.000000000000000000, 0.000000000000000000, -1.000000000000000000 ) ) ;
#1378 = CARTESIAN_POINT ( 'NONE',  ( 1.306282706852516684, -1.513857239647125041, -7.479604370625980714 ) ) ;
#1379 = ORIENTED_EDGE ( 'NONE', *, *, #5016, .T. ) ;
#1380 = CARTESIAN_POINT ( 'NONE',  ( -1.338300807568867601, -0.7726683315065651092, 3.083333333333300619 ) ) ;
#1381 = CARTESIAN_POINT ( 'NONE',  ( 1.545336663013153311, 0.4140717108885784148, -0.7062392608830587726 ) ) ;
#1382 = CARTESIAN_POINT ( 'NONE',  ( 1.338300807568863382, 0.7726683315065783209, 8.333333333333287740 ) ) ;
#1383 = DIRECTION ( 'NONE',  ( 0.000000000000000000, 0.000000000000000000, -1.000000000000000000 ) ) ;
#1384 = CARTESIAN_POINT ( 'NONE',  ( 0.000000000000000000, 1.999999999999999556, -5.812500000000020428 ) ) ;
#1385 = ORIENTED_EDGE ( 'NONE', *, *, #972, .F. ) ;
#1386 = EDGE_CURVE ( 'NONE', #5866, #2309, #2620, .T. ) ;
#1387 = CARTESIAN_POINT ( 'NONE',  ( 1.545336663013151313, 1.365402153782930473E-14, 1.362499999999974065 ) ) ;
#1388 = CARTESIAN_POINT ( 'NONE',  ( -2.105177523590381515E-16, 1.443375672974062995, 10.20000000000000284 ) ) ;
#1389 = ORIENTED_EDGE ( 'NONE', *, *, #5277, .T. ) ;
#1390 = VERTEX_POINT ( 'NONE', #6053 ) ;
#1391 = VERTEX_POINT ( 'NONE', #3036 ) ;
#1392 = CARTESIAN_POINT ( 'NONE',  ( 1.545336663013153533, 2.033577675846918137E-15, -4.937500000000012434 ) ) ;
#1393 = CARTESIAN_POINT ( 'NONE',  ( 1.338300807568862494, -0.7726683315065742130, -0.1833333333333582449 ) ) ;
#1394 = FACE_OUTER_BOUND ( 'NONE', #365, .T. ) ;
#1395 = CARTESIAN_POINT ( 'NONE',  ( -1.545336663013155087, 0.4140717108885931808, 2.381239260883006637 ) ) ;
#1396 =( BOUNDED_CURVE ( )  B_SPLINE_CURVE ( 2, ( #1719, #6098, #3641, #5083, #3169, #763, #3198, #2696, #4144 ),
 .UNSPECIFIED., .F., .F. ) 
 B_SPLINE_CURVE_WITH_KNOTS ( ( 3, 2, 2, 2, 3 ),
 ( 0.4351851851851852304, 0.4382716049382716084, 0.4444444444444444198, 0.4506172839506172867, 0.4537037037037037202 ),
 .UNSPECIFIED. ) 
 CURVE ( )  GEOMETRIC_REPRESENTATION_ITEM ( )  RATIONAL_B_SPLINE_CURVE ( ( 0.9330127018922192983, 0.9330127018922205195, 1.000000000000000000, 0.8660254037844387076, 1.000000000000000000, 0.8660254037844387076, 1.000000000000000000, 0.9330127018922187432, 0.9330127018922194093 ) ) 
 REPRESENTATION_ITEM ( '' )  );
#1397 = CARTESIAN_POINT ( 'NONE',  ( -1.764863307568864226, -1.018944305707773612, 5.555208333333297333 ) ) ;
#1398 = CARTESIAN_POINT ( 'NONE',  ( -1.324744118574876778E-15, -1.545336663013149980, -5.900000000000011013 ) ) ;
#1399 = CARTESIAN_POINT ( 'NONE',  ( 1.999999999999996669, -2.672702088255949867E-15, -5.375000000000001776 ) ) ;
#1400 = LINE ( 'NONE', #953, #3145 ) ;
#1401 = DIRECTION ( 'NONE',  ( 1.000000000000000000, 6.982962677686266711E-15, 3.944189176761724746E-30 ) ) ;
#1402 = CARTESIAN_POINT ( 'NONE',  ( -1.545336663013153311, 0.4140717108885884068, -1.906260739116984348 ) ) ;
#1403 = VECTOR ( 'NONE', #3042, 1000.000000000000000 ) ;
#1404 = EDGE_CURVE ( 'NONE', #6182, #4513, #147, .T. ) ;
#1405 = ORIENTED_EDGE ( 'NONE', *, *, #4946, .F. ) ;
#1406 = AXIS2_PLACEMENT_3D ( 'NONE', #5845, #2035, #5458 ) ;
#1407 = CARTESIAN_POINT ( 'NONE',  ( 1.176575538379244001, 2.037888611415556106, -4.536458333333343695 ) ) ;
#1408 = CYLINDRICAL_SURFACE ( 'NONE', #702, 1.545336663013152867 ) ;
#1409 = CARTESIAN_POINT ( 'NONE',  ( 1.176575538379243557, 2.037888611415555662, 2.507291666666633834 ) ) ;
#1410 = CARTESIAN_POINT ( 'NONE',  ( 0.000000000000000000, -7.560902090037740558E-15, 13.65685424949233884 ) ) ;
#1411 = CARTESIAN_POINT ( 'NONE',  ( -1.154700538379249464, 1.999999999999999556, 1.245833333333295379 ) ) ;
#1412 = CARTESIAN_POINT ( 'NONE',  ( -1.250000000000004663, 0.4925957471270003274, 10.09517410016200500 ) ) ;
#1413 = ORIENTED_EDGE ( 'NONE', *, *, #5277, .F. ) ;
#1414 = LINE ( 'NONE', #5157, #4225 ) ;
#1415 = CARTESIAN_POINT ( 'NONE',  ( -1.732050807568873863, 1.000000000000001110, -5.083333333333336590 ) ) ;
#1416 = CARTESIAN_POINT ( 'NONE',  ( 1.338300807568863382, 0.7726683315065783209, 0.02083333333330848747 ) ) ;
#1417 = CARTESIAN_POINT ( 'NONE',  ( 1.176575538379241559, -2.037888611415550777, -8.226041666666674246 ) ) ;
#1418 = CARTESIAN_POINT ( 'NONE',  ( 1.545336663013152423, 0.4140717108885810238, -2.106239260883054687 ) ) ;
#1419 = CARTESIAN_POINT ( 'NONE',  ( -1.562775064923232149, -0.2209839781897525168, 7.224539038806671698 ) ) ;
#1420 = ORIENTED_EDGE ( 'NONE', *, *, #5149, .T. ) ;
#1421 = VECTOR ( 'NONE', #1383, 1000.000000000000000 ) ;
#1422 = FACE_OUTER_BOUND ( 'NONE', #2152, .T. ) ;
#1423 = ORIENTED_EDGE ( 'NONE', *, *, #2047, .F. ) ;
#1424 = ORIENTED_EDGE ( 'NONE', *, *, #5364, .F. ) ;
#1425 = EDGE_CURVE ( 'NONE', #1192, #5324, #4955, .T. ) ;
#1426 = ORIENTED_EDGE ( 'NONE', *, *, #2273, .T. ) ;
#1427 = CARTESIAN_POINT ( 'NONE',  ( -1.545336663013152867, 2.469344320671257540E-15, -7.387500000000006395 ) ) ;
#1428 = CARTESIAN_POINT ( 'NONE',  ( -1.545336663013154199, -0.4140717108885615394, 2.356260739116933678 ) ) ;
#1429 = CARTESIAN_POINT ( 'NONE',  ( 0.000000000000000000, 2.037888611415556994, 8.821874999999954170 ) ) ;
#1430 = CARTESIAN_POINT ( 'NONE',  ( -1.545336663013149980, 0.4140717108885946240, 0.2812392608830109331 ) ) ;
#1431 = CARTESIAN_POINT ( 'NONE',  ( 1.732050807568873640, -0.9999999999999961142, -5.433333333333336235 ) ) ;
#1432 = CARTESIAN_POINT ( 'NONE',  ( 1.732050807568874085, -0.9999999999999963363, -3.945833333333358617 ) ) ;
#1433 = LINE ( 'NONE', #3360, #1907 ) ;
#1434 = AXIS2_PLACEMENT_3D ( 'NONE', #6034, #2226, #1751 ) ;
#1435 = CARTESIAN_POINT ( 'NONE',  ( -1.999999999999996225, 3.079417623425332942E-15, 4.774999999999972822 ) ) ;
#1436 =( BOUNDED_CURVE ( )  B_SPLINE_CURVE ( 2, ( #910, #3404, #3814, #4286, #54, #6178, #6212, #5703, #5227 ),
 .UNSPECIFIED., .F., .F. ) 
 B_SPLINE_CURVE_WITH_KNOTS ( ( 3, 2, 2, 2, 3 ),
 ( 0.7685185185185184897, 0.7716049382716049232, 0.7777777777777777901, 0.7839506172839506570, 0.7870370370370370905 ),
 .UNSPECIFIED. ) 
 CURVE ( )  GEOMETRIC_REPRESENTATION_ITEM ( )  RATIONAL_B_SPLINE_CURVE ( ( 0.9330127018922192983, 0.9330127018922180770, 1.000000000000000000, 0.8660254037844387076, 1.000000000000000000, 0.8660254037844387076, 1.000000000000000000, 0.9330127018922180770, 0.9330127018922192983 ) ) 
 REPRESENTATION_ITEM ( '' )  );
#1437 = ORIENTED_EDGE ( 'NONE', *, *, #4874, .F. ) ;
#1438 = CARTESIAN_POINT ( 'NONE',  ( 1.764863307568863782, -1.018944305707774944, -3.311458333333347603 ) ) ;
#1439 = CARTESIAN_POINT ( 'NONE',  ( 1.338300807568862494, -0.7726683315065742130, 9.704166666666619534 ) ) ;
#1440 = CARTESIAN_POINT ( 'NONE',  ( -1.176575538379242447, 2.037888611415556550, 2.623958333333299642 ) ) ;
#1441 = CARTESIAN_POINT ( 'NONE',  ( 1.338300807568856943, -0.7726683315065833169, -0.7958333333333558191 ) ) ;
#1442 = CARTESIAN_POINT ( 'NONE',  ( 1.999999999999996669, 2.091679895156829610E-15, -1.087500000000032330 ) ) ;
#1443 = EDGE_LOOP ( 'NONE', ( #1140, #5731, #297, #6119 ) ) ;
#1444 = DIRECTION ( 'NONE',  ( 0.000000000000000000, -1.000000000000000000, 0.000000000000000000 ) ) ;
#1445 = CARTESIAN_POINT ( 'NONE',  ( 1.732050807568874751, 0.9999999999999995559, -5.316666666666669094 ) ) ;
#1446 = CARTESIAN_POINT ( 'NONE',  ( 1.784401076758483473, 2.541027550711231709E-15, -2.837500000000017231 ) ) ;
#1447 = CARTESIAN_POINT ( 'NONE',  ( -1.338300807568862716, 0.7726683315065794311, 9.966666666666618823 ) ) ;
#1448 = CARTESIAN_POINT ( 'NONE',  ( 0.8922005383792495081, 1.545336663013150869, -2.020833333333352577 ) ) ;
#1449 = CARTESIAN_POINT ( 'NONE',  ( 1.545336663013156642, -0.4140717108885880182, 6.231239260882998288 ) ) ;
#1450 = ORIENTED_EDGE ( 'NONE', *, *, #670, .F. ) ;
#1451 = EDGE_CURVE ( 'NONE', #5990, #3275, #1323, .T. ) ;
#1452 = DIRECTION ( 'NONE',  ( 0.000000000000000000, 0.000000000000000000, -1.000000000000000000 ) ) ;
#1453 = ORIENTED_EDGE ( 'NONE', *, *, #2452, .T. ) ;
#1454 = ORIENTED_EDGE ( 'NONE', *, *, #2406, .T. ) ;
#1455 = ORIENTED_EDGE ( 'NONE', *, *, #4260, .T. ) ;
#1456 = CARTESIAN_POINT ( 'NONE',  ( 0.000000000000000000, -7.560902090037740558E-15, 13.65685424949233884 ) ) ;
#1457 = CARTESIAN_POINT ( 'NONE',  ( 0.000000000000000000, -7.560902090037740558E-15, 13.65685424949233884 ) ) ;
#1458 = CARTESIAN_POINT ( 'NONE',  ( 0.000000000000000000, 1.999999999999999556, 4.687499999999953815 ) ) ;
#1459 = CARTESIAN_POINT ( 'NONE',  ( 1.784401076758483473, 2.541027550711231709E-15, -7.737500000000005151 ) ) ;
#1460 = CARTESIAN_POINT ( 'NONE',  ( -1.545336663013151313, -1.098131944957335565E-14, 5.824999999999962874 ) ) ;
#1461 = CARTESIAN_POINT ( 'NONE',  ( 1.423445448163205285, -1.146454715144221259, -7.651064154064195932 ) ) ;
#1462 = CYLINDRICAL_SURFACE ( 'NONE', #3012, 1.545336663013152867 ) ;
#1463 = EDGE_CURVE ( 'NONE', #2012, #1663, #3264, .T. ) ;
#1464 = DIRECTION ( 'NONE',  ( 0.000000000000000000, 0.000000000000000000, -1.000000000000000000 ) ) ;
#1465 = AXIS2_PLACEMENT_3D ( 'NONE', #2567, #1618, #4863 ) ;
#1466 = EDGE_LOOP ( 'NONE', ( #3209, #336, #2292, #3577 ) ) ;
#1467 = CARTESIAN_POINT ( 'NONE',  ( -1.176575538379243335, -2.037888611415550333, -0.6864583333333540427 ) ) ;
#1468 = CARTESIAN_POINT ( 'NONE',  ( -1.999999999999996225, -0.5358983848622411728, 4.806260739116937408 ) ) ;
#1469 = CARTESIAN_POINT ( 'NONE',  ( -1.176575538379243113, -2.037888611415549889, 0.7572916666666369423 ) ) ;
#1470 = CARTESIAN_POINT ( 'NONE',  ( 1.545336663013154865, 0.4140717108885770270, -4.206239260883049447 ) ) ;
#1471 =( BOUNDED_CURVE ( )  B_SPLINE_CURVE ( 2, ( #5911, #4400, #2486, #104, #2982, #70, #2043, #5436, #1052 ),
 .UNSPECIFIED., .F., .F. ) 
 B_SPLINE_CURVE_WITH_KNOTS ( ( 3, 2, 2, 2, 3 ),
 ( 0.4351851851851851749, 0.4382716049382716084, 0.4444444444444444198, 0.4506172839506172867, 0.4537037037037037202 ),
 .UNSPECIFIED. ) 
 CURVE ( )  GEOMETRIC_REPRESENTATION_ITEM ( )  RATIONAL_B_SPLINE_CURVE ( ( 0.9330127018922194093, 0.9330127018922194093, 1.000000000000000000, 0.8660254037844387076, 1.000000000000000000, 0.8660254037844387076, 1.000000000000000000, 0.9330127018922187432, 0.9330127018922194093 ) ) 
 REPRESENTATION_ITEM ( '' )  );
#1472 = CARTESIAN_POINT ( 'NONE',  ( -1.999999999999996225, -0.5358983848622411728, -4.293739260883040032 ) ) ;
#1473 = CARTESIAN_POINT ( 'NONE',  ( 1.545336663013153311, 8.773435115796706249E-15, -1.525000000000020783 ) ) ;
#1474 = ORIENTED_EDGE ( 'NONE', *, *, #4913, .T. ) ;
#1475 = CARTESIAN_POINT ( 'NONE',  ( 1.732050807568874973, 0.9999999999999997780, 1.770833333333295068 ) ) ;
#1476 = CARTESIAN_POINT ( 'NONE',  ( 1.154700538379250574, 1.999999999999998224, -5.258333333333337301 ) ) ;
#1477 = CARTESIAN_POINT ( 'NONE',  ( 0.000000000000000000, 1.545336663013155754, -0.5625000000000230926 ) ) ;
#1478 = CARTESIAN_POINT ( 'NONE',  ( -1.892491597964109718E-16, -1.545336663013149980, 7.399999999999956835 ) ) ;
#1479 = DIRECTION ( 'NONE',  ( -0.000000000000000000, -5.648303390429391465E-16, 1.000000000000000000 ) ) ;
#1480 = CARTESIAN_POINT ( 'NONE',  ( -0.8922005383792483979, -1.545336663013146206, 6.029166666666627705 ) ) ;
#1481 = ORIENTED_EDGE ( 'NONE', *, *, #3055, .F. ) ;
#1482 = CARTESIAN_POINT ( 'NONE',  ( -1.154700538379250130, -1.999999999999992673, 3.491666666666642271 ) ) ;
#1483 = VERTEX_POINT ( 'NONE', #3185 ) ;
#1484 = VERTEX_POINT ( 'NONE', #2846 ) ;
#1485 = EDGE_CURVE ( 'NONE', #3799, #375, #3911, .T. ) ;
#1486 = CARTESIAN_POINT ( 'NONE',  ( 1.545336663013152867, 3.166570952390200744E-15, -7.737500000000006040 ) ) ;
#1487 = CARTESIAN_POINT ( 'NONE',  ( -0.8922005383792428468, -1.545336663013149092, -4.470833333333347426 ) ) ;
#1488 = CARTESIAN_POINT ( 'NONE',  ( 1.545336663013156642, -0.4140717108885880182, 6.143739260882995268 ) ) ;
#1489 = CARTESIAN_POINT ( 'NONE',  ( 0.000000000000000000, 1.545336663013155754, -8.262500000000004619 ) ) ;
#1490 = CARTESIAN_POINT ( 'NONE',  ( -1.999999999999997113, -6.565550782020048959E-15, -0.7375000000000325739 ) ) ;
#1491 = CARTESIAN_POINT ( 'NONE',  ( -1.892491597964109718E-16, -1.545336663013149980, -8.000000000000005329 ) ) ;
#1492 = DIRECTION ( 'NONE',  ( -1.000000000000000000, 0.000000000000000000, 0.000000000000000000 ) ) ;
#1493 = ORIENTED_EDGE ( 'NONE', *, *, #3715, .T. ) ;
#1494 = CARTESIAN_POINT ( 'NONE',  ( -2.495693764988902447E-16, -2.037888611415550777, -2.028125000000017053 ) ) ;
#1495 = EDGE_CURVE ( 'NONE', #2471, #1119, #875, .T. ) ;
#1496 = CARTESIAN_POINT ( 'NONE',  ( -1.732050807568874307, 1.000000000000001332, 6.204166666666617758 ) ) ;
#1497 = CARTESIAN_POINT ( 'NONE',  ( -1.176575538379243113, -2.037888611415549889, 4.957291666666628238 ) ) ;
#1498 = EDGE_LOOP ( 'NONE', ( #5669, #6102, #2637, #3019 ) ) ;
#1499 = CARTESIAN_POINT ( 'NONE',  ( 0.000000000000000000, 2.868816710768336858E-15, -8.000000000000000000 ) ) ;
#1500 = CARTESIAN_POINT ( 'NONE',  ( -1.999999999999997113, -6.565550782020048959E-15, -0.7375000000000325739 ) ) ;
#1501 = CARTESIAN_POINT ( 'NONE',  ( -0.8922005383792289690, 1.545336663013163081, 3.608333333333298754 ) ) ;
#1502 = CARTESIAN_POINT ( 'NONE',  ( -1.999999999999997113, -6.565550782020048959E-15, -1.437500000000030642 ) ) ;
#1503 = EDGE_LOOP ( 'NONE', ( #1756, #5698, #4426, #4731 ) ) ;
#1504 = CARTESIAN_POINT ( 'NONE',  ( -1.338300807568860495, 0.7726683315065828728, -4.033333333333349202 ) ) ;
#1505 = CARTESIAN_POINT ( 'NONE',  ( 0.8922005383792426247, 1.545336663013155087, 0.7791666666666398067 ) ) ;
#1506 = CARTESIAN_POINT ( 'NONE',  ( -2.495693764988901954E-16, -2.037888611415550333, -6.884375000000011013 ) ) ;
#1507 = VECTOR ( 'NONE', #635, 1000.000000000000000 ) ;
#1508 =( BOUNDED_CURVE ( )  B_SPLINE_CURVE ( 2, ( #2288, #2319, #3734, #5275, #4202, #5655, #4707, #1813, #1337 ),
 .UNSPECIFIED., .F., .F. ) 
 B_SPLINE_CURVE_WITH_KNOTS ( ( 3, 2, 2, 2, 3 ),
 ( 0.4722222222222222654, 0.4753086419753086433, 0.4814814814814814548, 0.4876543209876543217, 0.4907407407407408106 ),
 .UNSPECIFIED. ) 
 CURVE ( )  GEOMETRIC_REPRESENTATION_ITEM ( )  RATIONAL_B_SPLINE_CURVE ( ( 0.9330127018922192983, 0.9330127018922205195, 1.000000000000000000, 0.8660254037844387076, 1.000000000000000000, 0.8660254037844387076, 1.000000000000000000, 0.9330127018922175219, 0.9330127018922194093 ) ) 
 REPRESENTATION_ITEM ( '' )  );
#1509 = CARTESIAN_POINT ( 'NONE',  ( -1.338300807568852502, 0.7726683315065969726, 5.854166666666626995 ) ) ;
#1510 = VECTOR ( 'NONE', #1900, 1000.000000000000000 ) ;
#1511 = FACE_OUTER_BOUND ( 'NONE', #4322, .T. ) ;
#1512 = ORIENTED_EDGE ( 'NONE', *, *, #3590, .F. ) ;
#1513 = FACE_OUTER_BOUND ( 'NONE', #4882, .T. ) ;
#1514 = VECTOR ( 'NONE', #866, 1000.000000000000000 ) ;
#1515 = ORIENTED_EDGE ( 'NONE', *, *, #4143, .F. ) ;
#1516 = ORIENTED_EDGE ( 'NONE', *, *, #397, .F. ) ;
#1517 = CARTESIAN_POINT ( 'NONE',  ( 1.732050807568874085, -0.9999999999999963363, 2.354166666666626551 ) ) ;
#1518 = AXIS2_PLACEMENT_3D ( 'NONE', #2837, #1351, #1887 ) ;
#1519 = CARTESIAN_POINT ( 'NONE',  ( 1.545336663013152201, -0.4140717108885789144, -7.068760739116971337 ) ) ;
#1520 = ADVANCED_FACE ( 'NONE', ( #5100 ), #3249, .T. ) ;
#1521 = CARTESIAN_POINT ( 'NONE',  ( 0.000000000000000000, 2.868816710768336858E-15, -8.000000000000000000 ) ) ;
#1522 = CARTESIAN_POINT ( 'NONE',  ( 0.000000000000000000, 1.545336663013155754, -7.562500000000006217 ) ) ;
#1523 = CARTESIAN_POINT ( 'NONE',  ( 1.999999999999996669, -7.553288510288552290E-15, -6.075000000000001066 ) ) ;
#1524 = CARTESIAN_POINT ( 'NONE',  ( -1.892491597964109718E-16, -1.545336663013149980, -7.300000000000007816 ) ) ;
#1525 = CARTESIAN_POINT ( 'NONE',  ( -1.545336663013152867, 3.058065870564747460E-15, -8.000000000000000000 ) ) ;
#1526 = EDGE_CURVE ( 'NONE', #3620, #5033, #2826, .T. ) ;
#1527 = FACE_OUTER_BOUND ( 'NONE', #4445, .T. ) ;
#1528 = ORIENTED_EDGE ( 'NONE', *, *, #831, .F. ) ;
#1529 = CARTESIAN_POINT ( 'NONE',  ( 1.764863307568863782, -1.018944305707774944, 0.1885416666666441809 ) ) ;
#1530 = CARTESIAN_POINT ( 'NONE',  ( 1.999999999999996225, 2.091679895156829610E-15, 1.624999999999979794 ) ) ;
#1531 = CARTESIAN_POINT ( 'NONE',  ( -1.176575538379242447, 2.037888611415556550, 4.023958333333296444 ) ) ;
#1532 = CARTESIAN_POINT ( 'NONE',  ( -1.338300807568860717, 0.7726683315065825397, -4.733333333333347603 ) ) ;
#1533 = CARTESIAN_POINT ( 'NONE',  ( 0.8922005383792621647, 1.545336663013143763, 0.7791666666666398067 ) ) ;
#1534 =( BOUNDED_CURVE ( )  B_SPLINE_CURVE ( 2, ( #153, #126, #1111, #5906, #4927 ),
 .UNSPECIFIED., .F., .T. ) 
 B_SPLINE_CURVE_WITH_KNOTS ( ( 3, 2, 3 ),
 ( 0.06010503890543683614, 0.06172839506172839164, 0.06481481481481478346 ),
 .UNSPECIFIED. ) 
 CURVE ( )  GEOMETRIC_REPRESENTATION_ITEM ( )  RATIONAL_B_SPLINE_CURVE ( ( 0.9480652107226272829, 0.9647668653403804750, 1.000000000000000000, 0.9330127018922198534, 0.9330127018922191873 ) ) 
 REPRESENTATION_ITEM ( '' )  );
#1535 = FACE_OUTER_BOUND ( 'NONE', #3608, .T. ) ;
#1536 = EDGE_CURVE ( 'NONE', #4764, #1818, #2586, .T. ) ;
#1537 = CARTESIAN_POINT ( 'NONE',  ( -1.250000000000004663, -0.7216878364870406015, 10.20000000000000284 ) ) ;
#1538 = CIRCLE ( 'NONE', #321, 2.000000000000005773 ) ;
#1539 = VERTEX_POINT ( 'NONE', #1862 ) ;
#1540 = CARTESIAN_POINT ( 'NONE',  ( 0.000000000000000000, -7.560902090037740558E-15, 13.65685424949233884 ) ) ;
#1541 = CARTESIAN_POINT ( 'NONE',  ( 1.999999999999996669, 0.5358983848622463908, 3.756260739116938918 ) ) ;
#1542 = CARTESIAN_POINT ( 'NONE',  ( -0.8922005383792416255, 1.545336663013155531, 1.595833333333305015 ) ) ;
#1543 = CARTESIAN_POINT ( 'NONE',  ( -2.353151076758484894, 3.012905657471457707E-15, -5.659375000000013145 ) ) ;
#1544 = CARTESIAN_POINT ( 'NONE',  ( -0.8922005383792167565, 1.545336663013169964, 5.795833333333296977 ) ) ;
#1545 = CARTESIAN_POINT ( 'NONE',  ( 0.000000000000000000, 2.868816710768336858E-15, -8.000000000000000000 ) ) ;
#1546 = EDGE_CURVE ( 'NONE', #771, #6183, #1703, .T. ) ;
#1547 = CARTESIAN_POINT ( 'NONE',  ( -1.053519143052618734, 0.8351261121362101303, 10.08656172435010490 ) ) ;
#1548 = ORIENTED_EDGE ( 'NONE', *, *, #1744, .F. ) ;
#1549 = EDGE_LOOP ( 'NONE', ( #5162, #1226, #3150, #3422 ) ) ;
#1550 =( BOUNDED_CURVE ( )  B_SPLINE_CURVE ( 2, ( #3992, #4487, #157, #2095, #5939, #1143, #4546, #3667, #1749 ),
 .UNSPECIFIED., .F., .F. ) 
 B_SPLINE_CURVE_WITH_KNOTS ( ( 3, 2, 2, 2, 3 ),
 ( 0.6203703703703703498, 0.6234567901234567833, 0.6296296296296296502, 0.6358024691358025171, 0.6388888888888889506 ),
 .UNSPECIFIED. ) 
 CURVE ( )  GEOMETRIC_REPRESENTATION_ITEM ( )  RATIONAL_B_SPLINE_CURVE ( ( 0.9330127018922194093, 0.9330127018922194093, 1.000000000000000000, 0.8660254037844387076, 1.000000000000000000, 0.8660254037844387076, 1.000000000000000000, 0.9330127018922180770, 0.9330127018922192983 ) ) 
 REPRESENTATION_ITEM ( '' )  );
#1551 = DIRECTION ( 'NONE',  ( -0.000000000000000000, -0.000000000000000000, 1.000000000000000000 ) ) ;
#1552 = CARTESIAN_POINT ( 'NONE',  ( 1.999999999999996225, -0.5358983848622421720, -0.5062607391169787752 ) ) ;
#1553 = CARTESIAN_POINT ( 'NONE',  ( -1.545336663013153533, -0.4140717108885711428, -4.556239260883049091 ) ) ;
#1554 = CARTESIAN_POINT ( 'NONE',  ( 1.999999999999996669, 0.5358983848622463908, -4.643739260883038789 ) ) ;
#1555 = CARTESIAN_POINT ( 'NONE',  ( -1.764863307568864226, -1.018944305707773612, 9.055208333333290227 ) ) ;
#1556 = CARTESIAN_POINT ( 'NONE',  ( 1.338300807568871154, 0.7726683315065647761, 5.533333333333295023 ) ) ;
#1557 = CARTESIAN_POINT ( 'NONE',  ( -1.784401076758483473, 2.978079764120704978E-15, -8.175000000000006040 ) ) ;
#1558 = CARTESIAN_POINT ( 'NONE',  ( -1.545336663013152867, 3.058065870564747460E-15, -8.000000000000000000 ) ) ;
#1559 = CARTESIAN_POINT ( 'NONE',  ( -2.449293598294701977E-16, -1.999999999999993117, 0.7499999999999822364 ) ) ;
#1560 = ORIENTED_EDGE ( 'NONE', *, *, #4757, .T. ) ;
#1561 = CARTESIAN_POINT ( 'NONE',  ( 1.764863307568864892, 1.018944305707778497, -2.494791666666682506 ) ) ;
#1562 = ADVANCED_FACE ( 'NONE', ( #591 ), #3853, .F. ) ;
#1563 = CARTESIAN_POINT ( 'NONE',  ( -1.545336663013152867, -3.776644255144275849E-16, -3.975000000000015188 ) ) ;
#1564 = CARTESIAN_POINT ( 'NONE',  ( -1.764863307568863560, 1.018944305707779829, 5.482291666666625041 ) ) ;
#1565 = CARTESIAN_POINT ( 'NONE',  ( -0.1196048028963617726, 1.727083495285733905, -7.747916504714248198 ) ) ;
#1566 = DIRECTION ( 'NONE',  ( -0.000000000000000000, -0.000000000000000000, 1.000000000000000000 ) ) ;
#1567 = CARTESIAN_POINT ( 'NONE',  ( 1.545336663013152645, -0.4140717108885793030, -5.668760739116974534 ) ) ;
#1568 = CARTESIAN_POINT ( 'NONE',  ( -0.08475165735024262070, -1.573170676655790912, -7.901829323344190747 ) ) ;
#1569 = VERTEX_POINT ( 'NONE', #1036 ) ;
#1570 = CARTESIAN_POINT ( 'NONE',  ( -1.999999999999997113, -6.565550782020048959E-15, -1.437500000000030642 ) ) ;
#1571 = CARTESIAN_POINT ( 'NONE',  ( -0.8922005383792422917, -1.545336663013149758, 3.929166666666633390 ) ) ;
#1572 = CARTESIAN_POINT ( 'NONE',  ( 2.353151076758484894, 2.436549870658972734E-15, -5.309375000000015277 ) ) ;
#1573 = FACE_OUTER_BOUND ( 'NONE', #937, .T. ) ;
#1574 = DIRECTION ( 'NONE',  ( 0.000000000000000000, -1.000000000000000000, -1.122553756405663144E-15 ) ) ;
#1575 = PLANE ( 'NONE',  #2017 ) ;
#1576 = VERTEX_POINT ( 'NONE', #1063 ) ;
#1577 = VERTEX_POINT ( 'NONE', #1928 ) ;
#1578 = ADVANCED_FACE ( 'NONE', ( #1422 ), #2405, .T. ) ;
#1579 = CARTESIAN_POINT ( 'NONE',  ( 1.154700538379248798, -1.999999999999994005, 2.295833333333292536 ) ) ;
#1580 = CARTESIAN_POINT ( 'NONE',  ( 0.000000000000000000, -7.560902090037740558E-15, 13.65685424949233884 ) ) ;
#1581 = CARTESIAN_POINT ( 'NONE',  ( -1.338300807568863604, -0.7726683315065724367, -7.329166666666672825 ) ) ;
#1582 = CARTESIAN_POINT ( 'NONE',  ( -5.677474793892328908E-16, -1.545336663013149980, -7.300000000000007816 ) ) ;
#1583 =( BOUNDED_CURVE ( )  B_SPLINE_CURVE ( 2, ( #6, #2860, #4776, #455, #5623, #2384, #6227, #956, #2886 ),
 .UNSPECIFIED., .F., .T. ) 
 B_SPLINE_CURVE_WITH_KNOTS ( ( 3, 2, 2, 2, 3 ),
 ( 0.9537037037037037202, 0.9567901234567901536, 0.9629629629629630205, 0.9691358024691357764, 0.9722222222222225430 ),
 .UNSPECIFIED. ) 
 CURVE ( )  GEOMETRIC_REPRESENTATION_ITEM ( )  RATIONAL_B_SPLINE_CURVE ( ( 0.9330127018922194093, 0.9330127018922194093, 1.000000000000000000, 0.8660254037844387076, 1.000000000000000000, 0.8660254037844387076, 1.000000000000000000, 0.9330127018922120818, 0.9330127018922192983 ) ) 
 REPRESENTATION_ITEM ( '' )  );
#1584 = CARTESIAN_POINT ( 'NONE',  ( -1.338300807568862938, -0.7726683315065733249, -5.229166666666678509 ) ) ;
#1585 = DIRECTION ( 'NONE',  ( -1.000000000000000000, 0.000000000000000000, 0.000000000000000000 ) ) ;
#1586 = CARTESIAN_POINT ( 'NONE',  ( 1.999999999999997113, -7.437084071668730132E-15, -3.887500000000025935 ) ) ;
#1587 = CARTESIAN_POINT ( 'NONE',  ( 1.732050807568874085, -0.9999999999999963363, 0.2541666666666305696 ) ) ;
#1588 = CARTESIAN_POINT ( 'NONE',  ( -1.999999999999985789, -7.560902090037740558E-15, 13.65685424949233884 ) ) ;
#1589 = ORIENTED_EDGE ( 'NONE', *, *, #757, .T. ) ;
#1590 = CARTESIAN_POINT ( 'NONE',  ( 2.353151076758485338, 2.436549870658972734E-15, 0.9468749999999755973 ) ) ;
#1591 = CARTESIAN_POINT ( 'NONE',  ( -2.353151076758484894, 3.012905657471457707E-15, 6.240624999999956124 ) ) ;
#1592 = CARTESIAN_POINT ( 'NONE',  ( -0.5935775058022448869, 1.646959536417943015, -7.728471357440754197 ) ) ;
#1593 = CARTESIAN_POINT ( 'NONE',  ( 1.732050807568874973, 0.9999999999999997780, -5.229166666666688279 ) ) ;
#1594 = CARTESIAN_POINT ( 'NONE',  ( -1.154700538379249464, 1.999999999999999556, -1.554166666666698005 ) ) ;
#1595 = EDGE_CURVE ( 'NONE', #154, #2324, #2874, .T. ) ;
#1596 = ADVANCED_FACE ( 'NONE', ( #1513 ), #5771, .T. ) ;
#1597 = ORIENTED_EDGE ( 'NONE', *, *, #4055, .F. ) ;
#1598 = CARTESIAN_POINT ( 'NONE',  ( 2.270989917556931563E-15, 1.545336663013155754, -4.150000000000015454 ) ) ;
#1599 = CARTESIAN_POINT ( 'NONE',  ( 0.000000000000000000, 1.545336663013155754, 1.537499999999971223 ) ) ;
#1600 = CARTESIAN_POINT ( 'NONE',  ( 2.353151076758484894, 2.436549870658972734E-15, -6.709375000000011191 ) ) ;
#1601 = CARTESIAN_POINT ( 'NONE',  ( 1.999999999999995337, -0.5358983848622443924, -4.618760739116988923 ) ) ;
#1602 = ADVANCED_FACE ( 'NONE', ( #57 ), #4354, .T. ) ;
#1603 = CARTESIAN_POINT ( 'NONE',  ( 1.154700538379250796, 1.999999999999999334, 3.929166666666623176 ) ) ;
#1604 = ORIENTED_EDGE ( 'NONE', *, *, #6101, .F. ) ;
#1605 = AXIS2_PLACEMENT_3D ( 'NONE', #3099, #4511, #2627 ) ;
#1606 = ORIENTED_EDGE ( 'NONE', *, *, #2569, .T. ) ;
#1607 = VECTOR ( 'NONE', #3098, 1000.000000000000000 ) ;
#1608 = CARTESIAN_POINT ( 'NONE',  ( -1.338300807568872930, -0.7726683315065558944, 2.470833333333302129 ) ) ;
#1609 = CARTESIAN_POINT ( 'NONE',  ( 1.250000000000004885, -5.761269458405264763E-15, 10.00662432702593740 ) ) ;
#1610 = CARTESIAN_POINT ( 'NONE',  ( 1.732050807568874973, 0.9999999999999997780, -2.429166666666695118 ) ) ;
#1611 = VECTOR ( 'NONE', #6158, 1000.000000000000000 ) ;
#1612 = CARTESIAN_POINT ( 'NONE',  ( -1.999999999999994005, -0.5358983848622458357, -2.106239260883065345 ) ) ;
#1613 = EDGE_CURVE ( 'NONE', #4544, #2119, #5895, .T. ) ;
#1614 = CARTESIAN_POINT ( 'NONE',  ( 0.000000000000000000, 1.545336663013155754, -4.762500000000013500 ) ) ;
#1615 = ORIENTED_EDGE ( 'NONE', *, *, #4644, .F. ) ;
#1616 = VECTOR ( 'NONE', #3793, 1000.000000000000000 ) ;
#1617 = CARTESIAN_POINT ( 'NONE',  ( 1.545336663013149092, 0.4140717108885794140, 2.706260739116933323 ) ) ;
#1618 = DIRECTION ( 'NONE',  ( -0.000000000000000000, -0.000000000000000000, 1.000000000000000000 ) ) ;
#1619 = LINE ( 'NONE', #4957, #3824 ) ;
#1620 = CARTESIAN_POINT ( 'NONE',  ( 1.732050807568873640, -0.9999999999999961142, -2.633333333333342630 ) ) ;
#1621 = VERTEX_POINT ( 'NONE', #5798 ) ;
#1622 = CARTESIAN_POINT ( 'NONE',  ( 1.176575538379242003, -2.037888611415551221, 2.930208333333303550 ) ) ;
#1623 = CARTESIAN_POINT ( 'NONE',  ( 1.732050807568873640, -0.9999999999999961142, -4.733333333333336945 ) ) ;
#1624 = CARTESIAN_POINT ( 'NONE',  ( -2.495693764988901954E-16, -2.037888611415550333, 5.715624999999958433 ) ) ;
#1625 = CARTESIAN_POINT ( 'NONE',  ( -1.999999999999996669, 3.079417623425332942E-15, 2.762499999999957989 ) ) ;
#1626 = DIRECTION ( 'NONE',  ( -1.000000000000000000, 0.000000000000000000, 0.000000000000000000 ) ) ;
#1627 = CARTESIAN_POINT ( 'NONE',  ( -1.545336663013153089, 0.4140717108885832998, -0.5062607391169883231 ) ) ;
#1628 = ORIENTED_EDGE ( 'NONE', *, *, #1935, .F. ) ;
#1629 = CARTESIAN_POINT ( 'NONE',  ( -1.545336663013151313, -1.098131944957335723E-14, 5.824999999999962874 ) ) ;
#1630 = CARTESIAN_POINT ( 'NONE',  ( 1.338300807568862494, -0.7726683315065742130, 3.404166666666633478 ) ) ;
#1631 = CARTESIAN_POINT ( 'NONE',  ( -1.176575538379243113, -2.037888611415549889, -7.642708333333342985 ) ) ;
#1632 = ADVANCED_FACE ( 'NONE', ( #562 ), #2499, .T. ) ;
#1633 = CARTESIAN_POINT ( 'NONE',  ( 1.999999999999985789, -7.315972730208273417E-15, 13.65685424949233884 ) ) ;
#1634 = CARTESIAN_POINT ( 'NONE',  ( 0.000000000000000000, 2.868816710768336858E-15, -8.000000000000000000 ) ) ;
#1635 = EDGE_LOOP ( 'NONE', ( #4699, #929, #1154, #3785, #1615 ) ) ;
#1636 = ORIENTED_EDGE ( 'NONE', *, *, #1362, .F. ) ;
#1637 = EDGE_CURVE ( 'NONE', #3756, #5820, #5190, .T. ) ;
#1638 = CARTESIAN_POINT ( 'NONE',  ( 1.999999999999997113, 0.5358983848622465018, 6.643760739116913783 ) ) ;
#1639 = CARTESIAN_POINT ( 'NONE',  ( 1.250000000000004441, -0.2509462730489053217, 10.02631280408042436 ) ) ;
#1640 = CARTESIAN_POINT ( 'NONE',  ( 0.8922005383792521727, 1.545336663013149536, 2.879166666666635788 ) ) ;
#1641 = CARTESIAN_POINT ( 'NONE',  ( 1.545336663013154199, -0.4140717108885784148, -2.956260739116982172 ) ) ;
#1642 = EDGE_CURVE ( 'NONE', #5990, #154, #5842, .T. ) ;
#1643 = CARTESIAN_POINT ( 'NONE',  ( 1.784401076758483473, 2.541027550711231709E-15, -5.637500000000009948 ) ) ;
#1644 = ORIENTED_EDGE ( 'NONE', *, *, #1238, .T. ) ;
#1645 = CARTESIAN_POINT ( 'NONE',  ( 0.8922005383792521727, 1.545336663013149536, 2.791666666666634988 ) ) ;
#1646 = CARTESIAN_POINT ( 'NONE',  ( 0.8922005383792426247, 1.545336663013155087, -4.908333333333346538 ) ) ;
#1647 = CARTESIAN_POINT ( 'NONE',  ( -1.999999999999997113, -6.565550782020048959E-15, -0.7375000000000325739 ) ) ;
#1648 = CYLINDRICAL_SURFACE ( 'NONE', #3517, 1.545336663013152867 ) ;
#1649 = ORIENTED_EDGE ( 'NONE', *, *, #2461, .T. ) ;
#1650 = CARTESIAN_POINT ( 'NONE',  ( 2.353151076758485338, 2.436549870658972734E-15, 3.746874999999968647 ) ) ;
#1651 = CARTESIAN_POINT ( 'NONE',  ( 1.545336663013153089, 2.788906526875773602E-15, -6.337500000000009237 ) ) ;
#1652 = CARTESIAN_POINT ( 'NONE',  ( 1.176575538379243557, 2.037888611415555662, 8.107291666666620600 ) ) ;
#1653 = CARTESIAN_POINT ( 'NONE',  ( -1.655701806206236082, 0.7258317194797511140, -7.671168301644074816 ) ) ;
#1654 = CARTESIAN_POINT ( 'NONE',  ( -1.999999999999996669, -0.5358983848622412838, 2.793760739116922132 ) ) ;
#1655 = CARTESIAN_POINT ( 'NONE',  ( -2.105177523590381515E-16, 1.443375672974062995, 8.660000000000001918 ) ) ;
#1656 = ORIENTED_EDGE ( 'NONE', *, *, #1087, .T. ) ;
#1657 = CARTESIAN_POINT ( 'NONE',  ( 2.353151076758485338, 2.436549870658972734E-15, -7.453125000000004441 ) ) ;
#1658 = CARTESIAN_POINT ( 'NONE',  ( 0.000000000000000000, 1.545336663013155754, 6.437499999999960920 ) ) ;
#1659 = CARTESIAN_POINT ( 'NONE',  ( -2.495693764988901954E-16, -2.037888611415550333, -1.984375000000022649 ) ) ;
#1660 = CARTESIAN_POINT ( 'NONE',  ( 0.8922005383792516175, 1.545336663013149758, 1.391666666666638186 ) ) ;
#1661 = EDGE_LOOP ( 'NONE', ( #1413, #4194, #314, #903 ) ) ;
#1662 = CARTESIAN_POINT ( 'NONE',  ( -1.999999999999991340, -0.5358983848622501656, -0.09373926088305084559 ) ) ;
#1663 = VERTEX_POINT ( 'NONE', #1213 ) ;
#1664 = CARTESIAN_POINT ( 'NONE',  ( 1.784401076758483473, 2.541027550711231709E-15, 0.5749999999999731992 ) ) ;
#1665 = ORIENTED_EDGE ( 'NONE', *, *, #5493, .F. ) ;
#1666 = CARTESIAN_POINT ( 'NONE',  ( 1.338300807568850725, -0.7726683315065945301, 2.704166666666635965 ) ) ;
#1667 = CARTESIAN_POINT ( 'NONE',  ( 1.545336663013154199, -0.4140717108885787479, -2.168760739116983860 ) ) ;
#1668 = CARTESIAN_POINT ( 'NONE',  ( -1.338300807568853168, 0.7726683315065957514, 3.054166666666633834 ) ) ;
#1669 =( BOUNDED_CURVE ( )  B_SPLINE_CURVE ( 2, ( #4343, #3805, #3872, #5817, #1023, #4749, #2954, #1472, #4243 ),
 .UNSPECIFIED., .F., .F. ) 
 B_SPLINE_CURVE_WITH_KNOTS ( ( 3, 2, 2, 2, 3 ),
 ( 0.7870370370370370905, 0.7901234567901234129, 0.7962962962962962798, 0.8024691358024691468, 0.8055555555555555802 ),
 .UNSPECIFIED. ) 
 CURVE ( )  GEOMETRIC_REPRESENTATION_ITEM ( )  RATIONAL_B_SPLINE_CURVE ( ( 0.9330127018922192983, 0.9330127018922205195, 1.000000000000000000, 0.8660254037844387076, 1.000000000000000000, 0.8660254037844387076, 1.000000000000000000, 0.9330127018922194093, 0.9330127018922194093 ) ) 
 REPRESENTATION_ITEM ( '' )  );
#1670 = CARTESIAN_POINT ( 'NONE',  ( -1.545336663013152423, -0.4140717108885721420, -3.243739260883052644 ) ) ;
#1671 = EDGE_CURVE ( 'NONE', #185, #2875, #230, .T. ) ;
#1672 = CARTESIAN_POINT ( 'NONE',  ( 0.8922005383792426247, 1.545336663013155087, -5.520833333333343695 ) ) ;
#1673 = ORIENTED_EDGE ( 'NONE', *, *, #2264, .F. ) ;
#1674 = CARTESIAN_POINT ( 'NONE',  ( -1.545336663013151757, 8.221464032352539560E-15, 0.2249999999999745537 ) ) ;
#1675 = CARTESIAN_POINT ( 'NONE',  ( -1.338300807568862938, -0.7726683315065733249, -3.916666666666682950 ) ) ;
#1676 = CARTESIAN_POINT ( 'NONE',  ( 1.999999999999997113, 0.5358983848622465018, -1.056239260883067965 ) ) ;
#1677 = ORIENTED_EDGE ( 'NONE', *, *, #6065, .T. ) ;
#1678 = CARTESIAN_POINT ( 'NONE',  ( -1.764863307568864226, -1.018944305707773612, 1.355208333333307147 ) ) ;
#1679 = CARTESIAN_POINT ( 'NONE',  ( -1.999999999999996669, -0.5358983848622412838, 6.993760739116910763 ) ) ;
#1680 = CARTESIAN_POINT ( 'NONE',  ( 1.176575538379241559, -2.037888611415550777, 9.973958333333282411 ) ) ;
#1681 = DIRECTION ( 'NONE',  ( 0.000000000000000000, -1.000000000000000000, -5.648303390429391465E-16 ) ) ;
#1682 = CARTESIAN_POINT ( 'NONE',  ( -1.391376710918008408, 1.126585387858956455, -7.688798445624351885 ) ) ;
#1683 = APPROVAL_DATE_TIME ( #2228, #260 ) ;
#1684 = CARTESIAN_POINT ( 'NONE',  ( 1.154700538379250796, 1.999999999999999334, -3.770833333333359239 ) ) ;
#1685 = ADVANCED_FACE ( 'NONE', ( #5473 ), #1575, .T. ) ;
#1686 = EDGE_LOOP ( 'NONE', ( #4246, #1037, #6046, #3644 ) ) ;
#1687 = CARTESIAN_POINT ( 'NONE',  ( -1.764863307568864226, -1.018944305707773612, -7.744791666666669627 ) ) ;
#1688 = CARTESIAN_POINT ( 'NONE',  ( -0.8922005383792422917, -1.545336663013149758, 4.629166666666630015 ) ) ;
#1689 = CARTESIAN_POINT ( 'NONE',  ( 0.000000000000000000, 2.037888611415556550, -1.634375000000023892 ) ) ;
#1690 = CARTESIAN_POINT ( 'NONE',  ( -1.545336663013152645, -0.4140717108885764719, -6.656239260883045183 ) ) ;
#1691 = CARTESIAN_POINT ( 'NONE',  ( 1.250000000000004663, -0.7216878364870416007, 8.660000000000001918 ) ) ;
#1692 = ORIENTED_EDGE ( 'NONE', *, *, #2135, .T. ) ;
#1693 = CARTESIAN_POINT ( 'NONE',  ( -1.338300807568862716, 0.7726683315065794311, 0.8666666666666388297 ) ) ;
#1694 = EDGE_LOOP ( 'NONE', ( #2809, #4838, #5548, #4272 ) ) ;
#1695 = CARTESIAN_POINT ( 'NONE',  ( -0.8922005383792422917, -1.545336663013149758, 6.641666666666624863 ) ) ;
#1696 = CARTESIAN_POINT ( 'NONE',  ( 1.443375672974069657, -5.761269458237980497E-15, 10.20000000000000284 ) ) ;
#1697 = AXIS2_PLACEMENT_3D ( 'NONE', #1410, #2457, #5694 ) ;
#1698 = CARTESIAN_POINT ( 'NONE',  ( 1.999999999999996225, 2.091679895156829610E-15, -1.175000000000012701 ) ) ;
#1699 = CARTESIAN_POINT ( 'NONE',  ( 1.545336663013159528, -0.4140717108885775266, 6.843739260882992781 ) ) ;
#1700 = DIRECTION ( 'NONE',  ( -0.000000000000000000, -0.000000000000000000, 1.000000000000000000 ) ) ;
#1701 = CARTESIAN_POINT ( 'NONE',  ( -9.842869376356200844E-15, -1.545336663013149980, -0.3000000000000241918 ) ) ;
#1702 = VECTOR ( 'NONE', #1163, 1000.000000000000000 ) ;
#1703 = B_SPLINE_CURVE_WITH_KNOTS ( 'NONE', 3,
 ( #1388, #5230, #6214, #1253, #5265, #2440, #1547, #5864 ),
 .UNSPECIFIED., .F., .F.,
 ( 4, 2, 2, 4 ),
 ( 2.544378114026047598E-07, 0.0003729905366538305506, 0.0007457266354962584221, 0.001491198833181113948 ),
 .UNSPECIFIED. ) ;
#1704 = CARTESIAN_POINT ( 'NONE',  ( -0.8922005383792416255, 1.545336663013155531, -6.104166666666675845 ) ) ;
#1705 = ORIENTED_EDGE ( 'NONE', *, *, #818, .T. ) ;
#1706 = CARTESIAN_POINT ( 'NONE',  ( 1.338300807568855832, -0.7726683315065854263, 3.404166666666633478 ) ) ;
#1707 = AXIS2_PLACEMENT_3D ( 'NONE', #2297, #4184, #6108 ) ;
#1708 = CARTESIAN_POINT ( 'NONE',  ( 1.338300807568863382, 0.7726683315065783209, -3.566666666666683305 ) ) ;
#1709 = EDGE_CURVE ( 'NONE', #2304, #5474, #4803, .T. ) ;
#1710 =( BOUNDED_CURVE ( )  B_SPLINE_CURVE ( 2, ( #4831, #513, #2062, #122, #3891, #3919, #2448, #3, #980 ),
 .UNSPECIFIED., .F., .F. ) 
 B_SPLINE_CURVE_WITH_KNOTS ( ( 3, 2, 2, 2, 3 ),
 ( 0.7314814814814813992, 0.7345679012345678327, 0.7407407407407406996, 0.7469135802469135665, 0.7500000000000000000 ),
 .UNSPECIFIED. ) 
 CURVE ( )  GEOMETRIC_REPRESENTATION_ITEM ( )  RATIONAL_B_SPLINE_CURVE ( ( 0.9330127018922192983, 0.9330127018922180770, 1.000000000000000000, 0.8660254037844387076, 1.000000000000000000, 0.8660254037844387076, 1.000000000000000000, 0.9330127018922194093, 0.9330127018922194093 ) ) 
 REPRESENTATION_ITEM ( '' )  );
#1711 = DIRECTION ( 'NONE',  ( 0.8660254037844385966, -0.4999999999999999445, 0.000000000000000000 ) ) ;
#1712 = CARTESIAN_POINT ( 'NONE',  ( 1.999999999999985789, -0.5358983848622601576, -2.606260739116974090 ) ) ;
#1713 = ORIENTED_EDGE ( 'NONE', *, *, #2236, .T. ) ;
#1714 = CARTESIAN_POINT ( 'NONE',  ( 1.764863307568863782, -1.018944305707774944, 2.988541666666637564 ) ) ;
#1715 = LINE ( 'NONE', #5519, #2928 ) ;
#1716 = CARTESIAN_POINT ( 'NONE',  ( 2.353151076758484894, 2.436549870658972734E-15, 9.390624999999948486 ) ) ;
#1717 = CARTESIAN_POINT ( 'NONE',  ( 0.000000000000000000, 9.797174393178829602E-16, -8.000000000000000000 ) ) ;
#1718 = EDGE_CURVE ( 'NONE', #3617, #4147, #182, .T. ) ;
#1719 = CARTESIAN_POINT ( 'NONE',  ( 1.545336663013151535, -4.938688641342515672E-16, -0.1250000000000237310 ) ) ;
#1720 = VECTOR ( 'NONE', #4252, 1000.000000000000000 ) ;
#1721 = PERSON_AND_ORGANIZATION ( #4281, #3728 ) ;
#1722 = CARTESIAN_POINT ( 'NONE',  ( -1.988487272439409370, 0.2142857142846077700, 7.650000000000009237 ) ) ;
#1723 = ORIENTED_EDGE ( 'NONE', *, *, #4450, .F. ) ;
#1724 = CARTESIAN_POINT ( 'NONE',  ( 0.8922005383792228628, -1.545336663013161083, 4.745833333333298043 ) ) ;
#1725 = CARTESIAN_POINT ( 'NONE',  ( -1.338300807568862716, 0.7726683315065794311, 6.554166666666626284 ) ) ;
#1726 = CARTESIAN_POINT ( 'NONE',  ( -2.353151076758484894, 3.012905657471457707E-15, -2.159375000000022471 ) ) ;
#1727 = CARTESIAN_POINT ( 'NONE',  ( 0.8922005383792398492, -1.545336663013150869, -6.454166666666675489 ) ) ;
#1728 = CYLINDRICAL_SURFACE ( 'NONE', #4025, 1.545336663013152867 ) ;
#1729 = ORIENTED_EDGE ( 'NONE', *, *, #1642, .F. ) ;
#1730 = CARTESIAN_POINT ( 'NONE',  ( 0.8922005383792426247, 1.545336663013155087, 3.491666666666632501 ) ) ;
#1731 = CARTESIAN_POINT ( 'NONE',  ( 1.999999999999997113, 0.5358983848622465018, 5.243760739116916980 ) ) ;
#1732 = CARTESIAN_POINT ( 'NONE',  ( 0.8922005383792426247, 1.545336663013155087, 4.891666666666628416 ) ) ;
#1733 = CARTESIAN_POINT ( 'NONE',  ( -1.338300807568866935, -0.7726683315065664415, 0.2833333333333073467 ) ) ;
#1734 = CARTESIAN_POINT ( 'NONE',  ( 1.545336663013153311, 9.848326173030075016E-15, -3.625000000000015543 ) ) ;
#1735 = EDGE_CURVE ( 'NONE', #6183, #2216, #2820, .T. ) ;
#1736 = EDGE_CURVE ( 'NONE', #2937, #2996, #5447, .T. ) ;
#1737 = CARTESIAN_POINT ( 'NONE',  ( 1.999999999999996225, 2.091679895156829610E-15, 6.524999999999967493 ) ) ;
#1738 =( BOUNDED_CURVE ( )  B_SPLINE_CURVE ( 2, ( #2291, #1848, #2761, #5689, #3765, #2355, #2419, #6196, #1816 ),
 .UNSPECIFIED., .F., .F. ) 
 B_SPLINE_CURVE_WITH_KNOTS ( ( 3, 2, 2, 2, 3 ),
 ( 0.2129629629629629373, 0.2160493827160493707, 0.2222222222222222099, 0.2283950617283950490, 0.2314814814814815103 ),
 .UNSPECIFIED. ) 
 CURVE ( )  GEOMETRIC_REPRESENTATION_ITEM ( )  RATIONAL_B_SPLINE_CURVE ( ( 0.9330127018922191873, 0.9330127018922189652, 1.000000000000000000, 0.8660254037844387076, 1.000000000000000000, 0.8660254037844387076, 1.000000000000000000, 0.9330127018922185211, 0.9330127018922194093 ) ) 
 REPRESENTATION_ITEM ( '' )  );
#1739 = CARTESIAN_POINT ( 'NONE',  ( -1.338300807568865824, -0.7726683315065681068, -3.216666666666684549 ) ) ;
#1740 = CARTESIAN_POINT ( 'NONE',  ( 1.338300807568865158, 0.7726683315065747681, -5.579166666666677266 ) ) ;
#1741 = CARTESIAN_POINT ( 'NONE',  ( -0.8922005383792416255, 1.545336663013155531, -2.604166666666685170 ) ) ;
#1742 = ORIENTED_EDGE ( 'NONE', *, *, #4160, .F. ) ;
#1743 = CARTESIAN_POINT ( 'NONE',  ( 1.784401076758483473, 2.541027550711231709E-15, -4.325000000000014388 ) ) ;
#1744 = EDGE_CURVE ( 'NONE', #249, #5553, #282, .T. ) ;
#1745 = CARTESIAN_POINT ( 'NONE',  ( -1.250000000000004663, -0.7216878364870418228, 8.660000000000001918 ) ) ;
#1746 = CARTESIAN_POINT ( 'NONE',  ( 1.135494958778465782E-15, 1.545336663013155754, -6.250000000000010658 ) ) ;
#1747 = CARTESIAN_POINT ( 'NONE',  ( 1.176575538379244001, 2.037888611415556106, 3.863541666666634899 ) ) ;
#1748 =( BOUNDED_CURVE ( )  B_SPLINE_CURVE ( 2, ( #4653, #2670, #3610, #3146, #5086, #796, #6038, #6073, #1757 ),
 .UNSPECIFIED., .F., .F. ) 
 B_SPLINE_CURVE_WITH_KNOTS ( ( 3, 2, 2, 2, 3 ),
 ( 0.02777777777777777971, 0.03086419753086419582, 0.03703703703703703498, 0.04320987654320987414, 0.04629629629629630067 ),
 .UNSPECIFIED. ) 
 CURVE ( )  GEOMETRIC_REPRESENTATION_ITEM ( )  RATIONAL_B_SPLINE_CURVE ( ( 0.9330127018922194093, 0.9330127018922194093, 1.000000000000000000, 0.8660254037844387076, 1.000000000000000000, 0.8660254037844387076, 1.000000000000000000, 0.9330127018922191873, 0.9330127018922194093 ) ) 
 REPRESENTATION_ITEM ( '' )  );
#1749 = CARTESIAN_POINT ( 'NONE',  ( -1.545336663013154643, 8.570077348212010767E-15, 3.812499999999968470 ) ) ;
#1750 = CARTESIAN_POINT ( 'NONE',  ( 1.176575538379243557, 2.037888611415555662, 8.807291666666616337 ) ) ;
#1751 = DIRECTION ( 'NONE',  ( -1.000000000000000000, 0.000000000000000000, 0.000000000000000000 ) ) ;
#1752 = CARTESIAN_POINT ( 'NONE',  ( -0.8094261350581518633, -1.738669378724368331, -7.560938148576767048 ) ) ;
#1753 = SECURITY_CLASSIFICATION_LEVEL ( 'unclassified' ) ;
#1754 = DIRECTION ( 'NONE',  ( -0.000000000000000000, -0.000000000000000000, 1.000000000000000000 ) ) ;
#1755 = EDGE_CURVE ( 'NONE', #1390, #4698, #3511, .T. ) ;
#1756 = ORIENTED_EDGE ( 'NONE', *, *, #4928, .F. ) ;
#1757 = CARTESIAN_POINT ( 'NONE',  ( -1.545336663013152867, 2.469344320671257540E-15, -7.475000000000006750 ) ) ;
#1758 = CARTESIAN_POINT ( 'NONE',  ( 0.8922005383792426247, 1.545336663013155087, 7.779166666666622376 ) ) ;
#1759 = CARTESIAN_POINT ( 'NONE',  ( 1.176575538379243557, 2.037888611415555662, -1.692708333333356796 ) ) ;
#1760 = FACE_OUTER_BOUND ( 'NONE', #5440, .T. ) ;
#1761 = CARTESIAN_POINT ( 'NONE',  ( -2.000000000000001332, 0.5358983848622385082, -0.1562607391169791304 ) ) ;
#1762 = ORIENTED_EDGE ( 'NONE', *, *, #757, .F. ) ;
#1763 = UNCERTAINTY_MEASURE_WITH_UNIT (LENGTH_MEASURE( 1.000000000000000082E-05 ), #4902, 'distance_accuracy_value', 'NONE');
#1764 = CARTESIAN_POINT ( 'NONE',  ( 0.8922005383792426247, 1.545336663013155087, 0.6916666666666390073 ) ) ;
#1765 = ORIENTED_EDGE ( 'NONE', *, *, #2600, .T. ) ;
#1766 = CARTESIAN_POINT ( 'NONE',  ( 1.338300807568863382, 0.7726683315065783209, 6.933333333333290938 ) ) ;
#1767 = CARTESIAN_POINT ( 'NONE',  ( -1.052468259152693930, -0.8357328402387319555, 10.09567075922984358 ) ) ;
#1768 = CARTESIAN_POINT ( 'NONE',  ( -2.449293598294702470E-16, -1.999999999999993561, 3.637499999999955769 ) ) ;
#1769 = CARTESIAN_POINT ( 'NONE',  ( 1.545336663013154421, -0.4140717108885780262, -3.656260739116980574 ) ) ;
#1770 = CARTESIAN_POINT ( 'NONE',  ( -1.999999999999994005, -0.5358983848622458357, 0.6937607391169280380 ) ) ;
#1771 = DIRECTION ( 'NONE',  ( 1.000000000000000000, 0.000000000000000000, 0.000000000000000000 ) ) ;
#1772 = ADVANCED_FACE ( 'NONE', ( #2165 ), #4028, .T. ) ;
#1773 = ADVANCED_FACE ( 'NONE', ( #5155 ), #1728, .T. ) ;
#1774 = CARTESIAN_POINT ( 'NONE',  ( 1.338300807568863382, 0.7726683315065783209, -2.079166666666685703 ) ) ;
#1775 = VERTEX_POINT ( 'NONE', #5666 ) ;
#1776 = CARTESIAN_POINT ( 'NONE',  ( -1.338300807568862938, -0.7726683315065733249, -4.616666666666680463 ) ) ;
#1777 = CARTESIAN_POINT ( 'NONE',  ( -1.732050807568873863, 1.000000000000001110, -1.583333333333344584 ) ) ;
#1778 = B_SPLINE_CURVE_WITH_KNOTS ( 'NONE', 3,
 ( #3969, #1568, #3487, #4904 ),
 .UNSPECIFIED., .F., .F.,
 ( 4, 4 ),
 ( 0.002863766227350462469, 0.003123590967979365807 ),
 .UNSPECIFIED. ) ;
#1779 = CARTESIAN_POINT ( 'NONE',  ( 0.8922005383792348532, -1.545336663013153755, 2.558333333333301596 ) ) ;
#1780 = CARTESIAN_POINT ( 'NONE',  ( -1.764863307568864226, -1.018944305707773612, 7.655208333333291648 ) ) ;
#1781 = CARTESIAN_POINT ( 'NONE',  ( 1.732050807568874751, 0.9999999999999995559, 7.283333333333300352 ) ) ;
#1782 = CARTESIAN_POINT ( 'NONE',  ( -1.764863307568863782, -1.018944305707773390, 8.398958333333286674 ) ) ;
#1783 = CARTESIAN_POINT ( 'NONE',  ( -1.545336663013151757, 8.221464032352539560E-15, 0.3124999999999752420 ) ) ;
#1784 = CARTESIAN_POINT ( 'NONE',  ( 1.999999999999997113, -7.553288510288552290E-15, -7.387500000000017053 ) ) ;
#1785 = CARTESIAN_POINT ( 'NONE',  ( -1.732050807568874307, 1.000000000000001332, -3.595833333333358972 ) ) ;
#1786 =( BOUNDED_CURVE ( )  B_SPLINE_CURVE ( 2, ( #1799, #4665, #310, #341, #5099, #3280, #2276, #3720, #273 ),
 .UNSPECIFIED., .F., .T. ) 
 B_SPLINE_CURVE_WITH_KNOTS ( ( 3, 2, 2, 2, 3 ),
 ( 0.4722222222222222099, 0.4753086419753086433, 0.4814814814814815103, 0.4876543209876542662, 0.4907407407407406996 ),
 .UNSPECIFIED. ) 
 CURVE ( )  GEOMETRIC_REPRESENTATION_ITEM ( )  RATIONAL_B_SPLINE_CURVE ( ( 0.9330127018922194093, 0.9330127018922194093, 1.000000000000000000, 0.8660254037844387076, 1.000000000000000000, 0.8660254037844387076, 1.000000000000000000, 0.9330127018922194093, 0.9330127018922194093 ) ) 
 REPRESENTATION_ITEM ( '' )  );
#1787 = ORIENTED_EDGE ( 'NONE', *, *, #4947, .F. ) ;
#1788 = CARTESIAN_POINT ( 'NONE',  ( 1.764863307568864892, 1.018944305707778497, -4.594791666666677266 ) ) ;
#1789 = CARTESIAN_POINT ( 'NONE',  ( 1.338300807568863382, 0.7726683315065783209, 6.320833333333292892 ) ) ;
#1790 = CARTESIAN_POINT ( 'NONE',  ( 0.000000000000000000, 2.037888611415556550, -2.334375000000022293 ) ) ;
#1791 = CARTESIAN_POINT ( 'NONE',  ( -2.449293598294701977E-16, -1.999999999999993117, 7.049999999999966072 ) ) ;
#1792 = EDGE_CURVE ( 'NONE', #3776, #375, #2200, .T. ) ;
#1793 = DIRECTION ( 'NONE',  ( 0.000000000000000000, 5.648303390429391465E-16, -1.000000000000000000 ) ) ;
#1794 = ORIENTED_EDGE ( 'NONE', *, *, #1792, .F. ) ;
#1795 = CARTESIAN_POINT ( 'NONE',  ( -1.892491597964109718E-16, -1.545336663013149980, 1.799999999999970068 ) ) ;
#1796 = ORIENTED_EDGE ( 'NONE', *, *, #5749, .T. ) ;
#1797 = CARTESIAN_POINT ( 'NONE',  ( -0.8922005383792422917, -1.545336663013149758, 5.941666666666626462 ) ) ;
#1798 = ADVANCED_FACE ( 'NONE', ( #5219 ), #2738, .T. ) ;
#1799 = CARTESIAN_POINT ( 'NONE',  ( -1.999999999999996225, 3.079417623425332942E-15, 1.974999999999979883 ) ) ;
#1800 = CARTESIAN_POINT ( 'NONE',  ( 1.154700538379248798, -1.999999999999994005, -1.904166666666696761 ) ) ;
#1801 = CARTESIAN_POINT ( 'NONE',  ( 1.545336663013151313, 1.289869268680045045E-14, 2.674999999999970068 ) ) ;
#1802 = ORIENTED_EDGE ( 'NONE', *, *, #5298, .F. ) ;
#1803 = CYLINDRICAL_SURFACE ( 'NONE', #5942, 1.999999999999985789 ) ;
#1804 = CARTESIAN_POINT ( 'NONE',  ( 1.338300807568863382, 0.7726683315065783209, -1.466666666666688101 ) ) ;
#1805 = DIRECTION ( 'NONE',  ( -1.000000000000000000, 0.000000000000000000, 0.000000000000000000 ) ) ;
#1806 = EDGE_CURVE ( 'NONE', #5677, #839, #362, .T. ) ;
#1807 = AXIS2_PLACEMENT_3D ( 'NONE', #3084, #1062, #2077 ) ;
#1808 = CYLINDRICAL_SURFACE ( 'NONE', #1810, 1.545336663013152867 ) ;
#1809 = CARTESIAN_POINT ( 'NONE',  ( 0.000000000000000000, 2.037888611415556994, 6.721874999999962519 ) ) ;
#1810 = AXIS2_PLACEMENT_3D ( 'NONE', #1841, #5651, #885 ) ;
#1811 = DIRECTION ( 'NONE',  ( -0.000000000000000000, -0.000000000000000000, 1.000000000000000000 ) ) ;
#1812 = DIRECTION ( 'NONE',  ( -0.000000000000000000, -0.000000000000000000, 1.000000000000000000 ) ) ;
#1813 = CARTESIAN_POINT ( 'NONE',  ( -1.545336663013157308, 0.4140717108885889064, 0.8937392608830090346 ) ) ;
#1814 = CARTESIAN_POINT ( 'NONE',  ( -1.999999999999985789, -7.560902090037740558E-15, 13.65685424949233884 ) ) ;
#1815 = COORDINATED_UNIVERSAL_TIME_OFFSET ( 6, 0, .BEHIND. ) ;
#1816 = CARTESIAN_POINT ( 'NONE',  ( -1.999999999999996669, -1.132993276543282844E-14, -4.237500000000022915 ) ) ;
#1817 = AXIS2_PLACEMENT_3D ( 'NONE', #3242, #2299, #3808 ) ;
#1818 = VERTEX_POINT ( 'NONE', #4119 ) ;
#1819 = CARTESIAN_POINT ( 'NONE',  ( 2.353151076758485338, 2.436549870658972734E-15, -3.953125000000012434 ) ) ;
#1820 = CARTESIAN_POINT ( 'NONE',  ( -1.892491597964109718E-16, -1.545336663013149980, 9.587499999999952394 ) ) ;
#1821 = CARTESIAN_POINT ( 'NONE',  ( 1.176575538379243557, 2.037888611415555662, -0.2927083333333601045 ) ) ;
#1822 = DIRECTION ( 'NONE',  ( 0.000000000000000000, -1.000000000000000000, 0.000000000000000000 ) ) ;
#1823 = CARTESIAN_POINT ( 'NONE',  ( 1.338300807568860940, -0.7726683315065766555, -4.995833333333345117 ) ) ;
#1824 = CARTESIAN_POINT ( 'NONE',  ( -2.449293598294701977E-16, -1.999999999999993117, 1.449999999999981526 ) ) ;
#1825 = VERTEX_POINT ( 'NONE', #5091 ) ;
#1826 = CARTESIAN_POINT ( 'NONE',  ( 1.338300807568864936, 0.7726683315065751012, -6.279166666666675667 ) ) ;
#1827 = ORIENTED_EDGE ( 'NONE', *, *, #807, .F. ) ;
#1828 = ADVANCED_FACE ( 'NONE', ( #4686, #803 ), #2835, .F. ) ;
#1829 = CARTESIAN_POINT ( 'NONE',  ( 1.338300807568862494, -0.7726683315065742130, 9.616666666666619179 ) ) ;
#1830 = DIRECTION ( 'NONE',  ( 0.000000000000000000, 0.000000000000000000, -1.000000000000000000 ) ) ;
#1831 = CARTESIAN_POINT ( 'NONE',  ( 1.545336663013154421, 1.760497245090331648E-14, 4.774999999999963940 ) ) ;
#1832 = EDGE_LOOP ( 'NONE', ( #5571, #3378 ) ) ;
#1833 = CARTESIAN_POINT ( 'NONE',  ( 1.732050807568874085, -0.9999999999999963363, 1.654166666666627261 ) ) ;
#1834 = CARTESIAN_POINT ( 'NONE',  ( -1.732050807568874085, -0.9999999999999947820, 5.533333333333303905 ) ) ;
#1835 = VERTEX_POINT ( 'NONE', #5122 ) ;
#1836 = EDGE_CURVE ( 'NONE', #2661, #5231, #873, .T. ) ;
#1837 = ORIENTED_EDGE ( 'NONE', *, *, #2023, .T. ) ;
#1838 = CARTESIAN_POINT ( 'NONE',  ( -1.592765541559593352E-17, -1.443375672974076540, 8.660000000000001918 ) ) ;
#1839 = CARTESIAN_POINT ( 'NONE',  ( 0.8922005383792426247, 1.545336663013155087, -2.808333333333352222 ) ) ;
#1840 = FACE_OUTER_BOUND ( 'NONE', #1694, .T. ) ;
#1841 = CARTESIAN_POINT ( 'NONE',  ( 0.000000000000000000, 2.868816710768336858E-15, -8.000000000000000000 ) ) ;
#1842 =( BOUNDED_CURVE ( )  B_SPLINE_CURVE ( 2, ( #3330, #888, #2824, #5247, #4742, #2858, #2383, #4303, #3831 ),
 .UNSPECIFIED., .F., .F. ) 
 B_SPLINE_CURVE_WITH_KNOTS ( ( 3, 2, 2, 2, 3 ),
 ( 0.6759259259259259300, 0.6790123456790123635, 0.6851851851851852304, 0.6913580246913579863, 0.6944444444444444198 ),
 .UNSPECIFIED. ) 
 CURVE ( )  GEOMETRIC_REPRESENTATION_ITEM ( )  RATIONAL_B_SPLINE_CURVE ( ( 0.9330127018922194093, 0.9330127018922194093, 1.000000000000000000, 0.8660254037844387076, 1.000000000000000000, 0.8660254037844387076, 1.000000000000000000, 0.9330127018922194093, 0.9330127018922194093 ) ) 
 REPRESENTATION_ITEM ( '' )  );
#1843 = CARTESIAN_POINT ( 'NONE',  ( -2.495693764988902447E-16, -2.037888611415550777, 4.971874999999966072 ) ) ;
#1844 = CARTESIAN_POINT ( 'NONE',  ( -1.732050807568873863, 1.000000000000001110, 2.616666666666644936 ) ) ;
#1845 = CARTESIAN_POINT ( 'NONE',  ( -1.338300807568865602, -0.7726683315065684399, -3.829166666666682151 ) ) ;
#1846 = CYLINDRICAL_SURFACE ( 'NONE', #2404, 1.999999999999985789 ) ;
#1847 = CARTESIAN_POINT ( 'NONE',  ( 1.999999999999997113, -7.553288510288552290E-15, -7.387500000000017053 ) ) ;
#1848 = CARTESIAN_POINT ( 'NONE',  ( 1.999999999999998224, 0.5358983848622441704, -4.556239260883058861 ) ) ;
#1849 = ORIENTED_EDGE ( 'NONE', *, *, #3735, .T. ) ;
#1850 = CARTESIAN_POINT ( 'NONE',  ( -1.764863307568864004, 1.018944305707780051, -2.961458333333347959 ) ) ;
#1851 = CARTESIAN_POINT ( 'NONE',  ( 1.338300807568862494, -0.7726683315065742130, 10.40416666666661527 ) ) ;
#1852 = CARTESIAN_POINT ( 'NONE',  ( 1.176575538379241559, -2.037888611415550777, 1.573958333333302040 ) ) ;
#1853 = LINE ( 'NONE', #5727, #889 ) ;
#1854 = CYLINDRICAL_SURFACE ( 'NONE', #4118, 1.999999999999985789 ) ;
#1855 = DIRECTION ( 'NONE',  ( 1.000000000000000000, 0.000000000000000000, 0.000000000000000000 ) ) ;
#1856 = ORIENTED_EDGE ( 'NONE', *, *, #2722, .F. ) ;
#1857 = CARTESIAN_POINT ( 'NONE',  ( -1.154700538379249020, 1.999999999999999334, 1.158333333333315895 ) ) ;
#1858 = CARTESIAN_POINT ( 'NONE',  ( -1.732050807568874307, 1.000000000000001332, 5.504166666666618468 ) ) ;
#1859 = CARTESIAN_POINT ( 'NONE',  ( 1.338300807568863382, 0.7726683315065783209, 7.633333333333288451 ) ) ;
#1860 = CARTESIAN_POINT ( 'NONE',  ( -2.449293598294702470E-16, -1.999999999999993561, -2.662500000000027622 ) ) ;
#1861 = FACE_OUTER_BOUND ( 'NONE', #5235, .T. ) ;
#1862 = CARTESIAN_POINT ( 'NONE',  ( -1.999999999999997113, -6.565550782020048959E-15, -0.03750000000003415185 ) ) ;
#1863 = ORIENTED_EDGE ( 'NONE', *, *, #1637, .T. ) ;
#1864 = ORIENTED_EDGE ( 'NONE', *, *, #3382, .F. ) ;
#1865 = ORIENTED_EDGE ( 'NONE', *, *, #10, .F. ) ;
#1866 = DIRECTION ( 'NONE',  ( -0.000000000000000000, -0.000000000000000000, 1.000000000000000000 ) ) ;
#1867 = CARTESIAN_POINT ( 'NONE',  ( -1.784401076758483473, 2.978079764120704978E-15, -0.4750000000000240696 ) ) ;
#1868 = CYLINDRICAL_SURFACE ( 'NONE', #3423, 1.999999999999985789 ) ;
#1869 = ADVANCED_FACE ( 'NONE', ( #3649 ), #302, .T. ) ;
#1870 = EDGE_CURVE ( 'NONE', #2421, #2001, #4157, .T. ) ;
#1871 = DIRECTION ( 'NONE',  ( -0.000000000000000000, -0.000000000000000000, 1.000000000000000000 ) ) ;
#1872 = CARTESIAN_POINT ( 'NONE',  ( -2.353151076758485338, 3.012905657471458101E-15, 8.296874999999957367 ) ) ;
#1873 = CARTESIAN_POINT ( 'NONE',  ( -1.999999999999996669, -6.565550782020048959E-15, -6.424999999999999822 ) ) ;
#1874 = CARTESIAN_POINT ( 'NONE',  ( -1.545336663013152867, -3.776644255144275849E-16, -3.887500000000013500 ) ) ;
#1875 = CARTESIAN_POINT ( 'NONE',  ( -1.942223146741631782E-16, -1.585945554337691243, -7.889054445662288195 ) ) ;
#1876 = LINE ( 'NONE', #354, #4020 ) ;
#1877 =( BOUNDED_CURVE ( )  B_SPLINE_CURVE ( 2, ( #2816, #3859, #5139, #817, #4702, #5681, #2312, #2282, #4227 ),
 .UNSPECIFIED., .F., .F. ) 
 B_SPLINE_CURVE_WITH_KNOTS ( ( 3, 2, 2, 2, 3 ),
 ( 0.4907407407407408106, 0.4938271604938271331, 0.5000000000000000000, 0.5061728395061728669, 0.5092592592592594114 ),
 .UNSPECIFIED. ) 
 CURVE ( )  GEOMETRIC_REPRESENTATION_ITEM ( )  RATIONAL_B_SPLINE_CURVE ( ( 0.9330127018922194093, 0.9330127018922211857, 1.000000000000000000, 0.8660254037844387076, 1.000000000000000000, 0.8660254037844387076, 1.000000000000000000, 0.9330127018922169668, 0.9330127018922194093 ) ) 
 REPRESENTATION_ITEM ( '' )  );
#1878 = ORIENTED_EDGE ( 'NONE', *, *, #1792, .T. ) ;
#1879 = CARTESIAN_POINT ( 'NONE',  ( -1.176575538379243335, -2.037888611415550333, -3.486458333333346538 ) ) ;
#1880 = CARTESIAN_POINT ( 'NONE',  ( -1.784401076758483473, 2.978079764120704978E-15, 8.012499999999956657 ) ) ;
#1881 = CARTESIAN_POINT ( 'NONE',  ( 0.000000000000000000, 2.037888611415556550, 2.565624999999965627 ) ) ;
#1882 = CARTESIAN_POINT ( 'NONE',  ( -1.732050807568874307, 1.000000000000001332, 0.6041666666666302143 ) ) ;
#1883 = DIRECTION ( 'NONE',  ( 0.000000000000000000, 0.000000000000000000, -1.000000000000000000 ) ) ;
#1884 = ADVANCED_FACE ( 'NONE', ( #2237 ), #1349, .T. ) ;
#1885 = CARTESIAN_POINT ( 'NONE',  ( -1.999999999999985789, -7.560902090037740558E-15, 13.65685424949233884 ) ) ;
#1886 = ORIENTED_EDGE ( 'NONE', *, *, #5838, .T. ) ;
#1887 = DIRECTION ( 'NONE',  ( -1.000000000000000000, 0.000000000000000000, 0.000000000000000000 ) ) ;
#1888 = CARTESIAN_POINT ( 'NONE',  ( 0.8922005383792612765, 1.545336663013144207, -0.6208333333333558857 ) ) ;
#1889 = CARTESIAN_POINT ( 'NONE',  ( -1.784401076758483473, 2.978079764120704978E-15, -0.3875000000000232703 ) ) ;
#1890 = CARTESIAN_POINT ( 'NONE',  ( -1.176575538379242447, 2.037888611415556550, -8.576041666666672114 ) ) ;
#1891 = CARTESIAN_POINT ( 'NONE',  ( -0.8922005383792445121, -1.545336663013148426, -1.058333333333356441 ) ) ;
#1892 = CARTESIAN_POINT ( 'NONE',  ( 1.999999999999997113, -2.672702088255949867E-15, -5.987500000000020250 ) ) ;
#1893 = VERTEX_POINT ( 'NONE', #2331 ) ;
#1894 = CARTESIAN_POINT ( 'NONE',  ( -1.999999999999997113, -6.565550782020048959E-15, 0.6624999999999641176 ) ) ;
#1895 = ORIENTED_EDGE ( 'NONE', *, *, #4657, .T. ) ;
#1896 = ORIENTED_EDGE ( 'NONE', *, *, #1836, .T. ) ;
#1897 = ORIENTED_EDGE ( 'NONE', *, *, #2986, .F. ) ;
#1898 = DIRECTION ( 'NONE',  ( 0.000000000000000000, -1.000000000000000000, -4.565061778886327141E-16 ) ) ;
#1899 = CARTESIAN_POINT ( 'NONE',  ( 1.784401076758483473, 2.541027550711231709E-15, -0.8250000000000236033 ) ) ;
#1900 = DIRECTION ( 'NONE',  ( 0.000000000000000000, 0.000000000000000000, -1.000000000000000000 ) ) ;
#1901 = CARTESIAN_POINT ( 'NONE',  ( 1.665775219596982259E-14, 1.545336663013155754, 2.237499999999970512 ) ) ;
#1902 = CARTESIAN_POINT ( 'NONE',  ( 1.764863307568863782, -1.018944305707774944, 7.188541666666625751 ) ) ;
#1903 = LINE ( 'NONE', #4705, #3332 ) ;
#1904 = LINE ( 'NONE', #350, #494 ) ;
#1905 = CARTESIAN_POINT ( 'NONE',  ( 1.154700538379248798, -1.999999999999993561, -3.391666666666673713 ) ) ;
#1906 = CARTESIAN_POINT ( 'NONE',  ( -1.999999999999997113, -6.565550782020048959E-15, -7.037500000000016520 ) ) ;
#1907 = VECTOR ( 'NONE', #5276, 1000.000000000000000 ) ;
#1908 = CARTESIAN_POINT ( 'NONE',  ( -1.999999999999985789, -7.560902090037740558E-15, 13.65685424949233884 ) ) ;
#1909 = EDGE_LOOP ( 'NONE', ( #4323, #4661, #877, #4051, #225, #5501, #496, #6215, #19, #5056, #2056, #5888, #202, #1481, #1223, #1940, #916, #1125, #1326, #4292, #1512, #5678, #4718, #4222, #3441, #3893, #773, #5136, #626, #5115, #3509, #3348, #1516, #1673, #1148, #3352, #3028, #1548, #5009, #1385, #6132, #1723, #915, #6173, #4212, #3333, #6078, #1896, #6140, #2394, #1292, #636, #1420, #5448, #3528, #3043, #1895, #2551, #2968, #2249, #3489, #5198, #4293, #3738, #4357, #2717, #4259, #3094, #1214, #1379, #3751, #5503, #5307, #6248, #5763, #1713, #4695, #4071, #140, #3539, #3119, #1160, #304, #5341, #5475, #5593, #5772, #1453, #782, #4615, #3444, #2769, #5167, #4867 ) ) ;
#1910 = CARTESIAN_POINT ( 'NONE',  ( -1.764863307568864004, 1.018944305707780051, -5.761458333333341564 ) ) ;
#1911 = EDGE_CURVE ( 'NONE', #5474, #2238, #3716, .T. ) ;
#1912 = CARTESIAN_POINT ( 'NONE',  ( 0.8922005383792411815, -1.545336663013150424, 9.645833333333285964 ) ) ;
#1913 = CARTESIAN_POINT ( 'NONE',  ( 1.176575538379241559, -2.037888611415550777, 0.1739583333333055148 ) ) ;
#1914 = CARTESIAN_POINT ( 'NONE',  ( -1.338300807568866269, -0.7726683315065669966, -1.029166666666688545 ) ) ;
#1915 = AXIS2_PLACEMENT_3D ( 'NONE', #1634, #3553, #1855 ) ;
#1916 =( BOUNDED_CURVE ( )  B_SPLINE_CURVE ( 2, ( #1399, #4740, #1431, #3829, #3358, #4801, #6127, #2351, #2414 ),
 .UNSPECIFIED., .F., .F. ) 
 B_SPLINE_CURVE_WITH_KNOTS ( ( 3, 2, 2, 2, 3 ),
 ( 0.8611111111111111605, 0.8641975308641975939, 0.8703703703703703498, 0.8765432098765432167, 0.8796296296296296502 ),
 .UNSPECIFIED. ) 
 CURVE ( )  GEOMETRIC_REPRESENTATION_ITEM ( )  RATIONAL_B_SPLINE_CURVE ( ( 0.9330127018922194093, 0.9330127018922194093, 1.000000000000000000, 0.8660254037844387076, 1.000000000000000000, 0.8660254037844387076, 1.000000000000000000, 0.9330127018922194093, 0.9330127018922194093 ) ) 
 REPRESENTATION_ITEM ( '' )  );
#1917 = DIRECTION ( 'NONE',  ( 1.000000000000000000, 0.000000000000000000, 0.000000000000000000 ) ) ;
#1918 = CARTESIAN_POINT ( 'NONE',  ( -1.545336663013154643, -0.4140717108885599851, 5.156260739116926395 ) ) ;
#1919 = VERTEX_POINT ( 'NONE', #4402 ) ;
#1920 = CARTESIAN_POINT ( 'NONE',  ( 1.999999999999990896, -0.5358983848622511648, -6.806260739116962277 ) ) ;
#1921 = AXIS2_PLACEMENT_3D ( 'NONE', #150, #660, #4479 ) ;
#1922 = CARTESIAN_POINT ( 'NONE',  ( -1.545336663013153311, 3.747593145489319422E-15, -3.187500000000016875 ) ) ;
#1923 = CARTESIAN_POINT ( 'NONE',  ( 0.000000000000000000, 1.545336663013155754, -2.662500000000018296 ) ) ;
#1924 = CARTESIAN_POINT ( 'NONE',  ( 0.8922005383792411815, -1.545336663013150424, 9.558333333333287385 ) ) ;
#1925 = CARTESIAN_POINT ( 'NONE',  ( 1.338300807568856943, -0.7726683315065833169, -0.8833333333333566184 ) ) ;
#1926 = CARTESIAN_POINT ( 'NONE',  ( -1.021487238170109668, -1.270826542212773136, 7.276789685262217589 ) ) ;
#1927 = VERTEX_POINT ( 'NONE', #5255 ) ;
#1928 = CARTESIAN_POINT ( 'NONE',  ( 1.545336663013157308, 1.060365502405892772E-14, 6.874999999999958256 ) ) ;
#1929 = EDGE_LOOP ( 'NONE', ( #2646, #3997, #382 ) ) ;
#1930 = ORIENTED_EDGE ( 'NONE', *, *, #1709, .F. ) ;
#1931 = CARTESIAN_POINT ( 'NONE',  ( 0.000000000000000000, -7.560902090037740558E-15, 7.649999999999998579 ) ) ;
#1932 = EDGE_CURVE ( 'NONE', #6183, #2216, #716, .T. ) ;
#1933 = LINE ( 'NONE', #4417, #3522 ) ;
#1934 = CARTESIAN_POINT ( 'NONE',  ( 1.764863307568863782, -1.018944305707774944, 9.988541666666622021 ) ) ;
#1935 = EDGE_CURVE ( 'NONE', #2201, #4845, #4364, .T. ) ;
#1936 = CARTESIAN_POINT ( 'NONE',  ( -1.988487272439409370, 0.2142857142846077700, 7.650000000000009237 ) ) ;
#1937 = CARTESIAN_POINT ( 'NONE',  ( 1.508543048294297861, -1.060843731053572103, -7.634521624036988641 ) ) ;
#1938 = CARTESIAN_POINT ( 'NONE',  ( -1.999999999999994005, -0.5358983848622458357, -6.306239260883053532 ) ) ;
#1939 =( BOUNDED_CURVE ( )  B_SPLINE_CURVE ( 2, ( #3507, #5306, #2542, #2507, #4895, #5398, #983, #4425, #2916 ),
 .UNSPECIFIED., .F., .T. ) 
 B_SPLINE_CURVE_WITH_KNOTS ( ( 3, 2, 2, 2, 3 ),
 ( 0.2129629629629629095, 0.2160493827160493430, 0.2222222222222222099, 0.2283950617283950768, 0.2314814814814815103 ),
 .UNSPECIFIED. ) 
 CURVE ( )  GEOMETRIC_REPRESENTATION_ITEM ( )  RATIONAL_B_SPLINE_CURVE ( ( 0.9330127018922192983, 0.9330127018922180770, 1.000000000000000000, 0.8660254037844387076, 1.000000000000000000, 0.8660254037844387076, 1.000000000000000000, 0.9330127018922194093, 0.9330127018922194093 ) ) 
 REPRESENTATION_ITEM ( '' )  );
#1940 = ORIENTED_EDGE ( 'NONE', *, *, #6043, .F. ) ;
#1941 = CARTESIAN_POINT ( 'NONE',  ( 1.764863307568863782, -1.018944305707774944, -0.5114583333333542203 ) ) ;
#1942 = DIRECTION ( 'NONE',  ( 1.000000000000000000, 0.000000000000000000, 0.000000000000000000 ) ) ;
#1943 = CARTESIAN_POINT ( 'NONE',  ( -1.176575538379243113, -2.037888611415549889, 1.457291666666634455 ) ) ;
#1944 = CARTESIAN_POINT ( 'NONE',  ( -2.044464845884087470E-14, -1.545336663013149980, -0.9125000000000218492 ) ) ;
#1945 = CARTESIAN_POINT ( 'NONE',  ( 0.8922005383792627198, 1.545336663013143319, 2.091666666666635699 ) ) ;
#1946 = EDGE_CURVE ( 'NONE', #2453, #2587, #1977, .T. ) ;
#1947 = CARTESIAN_POINT ( 'NONE',  ( -1.545336663013151535, 1.446745260816807561E-14, 5.124999999999962697 ) ) ;
#1948 = EDGE_LOOP ( 'NONE', ( #5799, #1001, #4015, #2067 ) ) ;
#1949 = DIRECTION ( 'NONE',  ( -0.000000000000000000, -0.000000000000000000, 1.000000000000000000 ) ) ;
#1950 = CARTESIAN_POINT ( 'NONE',  ( 1.999999999999996669, -2.672702088255949867E-15, -5.375000000000001776 ) ) ;
#1951 = CARTESIAN_POINT ( 'NONE',  ( -0.8922005383792422917, -1.545336663013149758, -0.9708333333333555304 ) ) ;
#1952 = CARTESIAN_POINT ( 'NONE',  ( -0.8922005383792416255, 1.545336663013155531, 9.208333333333285964 ) ) ;
#1953 =( BOUNDED_SURFACE ( )  B_SPLINE_SURFACE ( 1, 2, ( 
 ( #5974, #5594, #3645, #5469, #1687, #5564, #1240, #226, #5529, #1657, #766, #4995, #675, #5116, #3578, #4526, #5026, #3110, #1273, #5495, #1174, #3202, #2701, #707, #1209, #5057, #4584, #4617, #3739, #5213, #3363, #2828, #3706, #2862, #4306, #3266, #4681, #5181, #1910, #5627, #930, #5691, #4180, #3838, #895, #4745, #1311, #4273, #5280, #958, #3800, #458, #5723, #427, #5151, #6199, #6103, #357, #1788, #1407, #1344, #4206, #2357, #2888, #2793, #6134, #5661, #3234, #827, #1819, #858, #2764, #4778, #2387, #4711, #392, #6229, #1879, #5756, #4807, #1438, #2263, #2325, #2293, #4239, #6167, #1850, #3768, #1373, #3296, #3334, #5249, #68, #5849, #1561, #3510, #2509, #609, #3010, #4932, #547, #4428, #1494, #100, #2002, #1113, #5342, #2919, #1970, #3044, #3393, #4839, #5785, #2979, #5433, #2544, #3424, #3455, #487, #3481, #3894, #2949, #5308, #1018, #518, #1467, #40, #3962, #1941, #5812, #4458, #4868, #3990, #4897, #2483, #3928, #4397, #1049, #5371, #2039, #1529, #2068, #2423, #575, #2454, #5880, #128, #985, #4368, #5400, #1078, #3867, #5908, #1590, #4339, #11, #4016, #3541, #5079, #4072, #1678, #3666, #5461, #2153, #637, #187, #3570, #2662, #5488, #759, #1167, #3636, #5554, #2572, #2223, #2186, #1141, #155, #4960, #3071, #4989, #2691, #4608, #2599, #4545, #667, #4486, #1622, #1714, #1231, #251, #2094, #3101, #5996, #285, #729, #3601, #219, #6029, #4139, #5938, #1650, #6064, #1747, #5518, #1201, #4576, #3136, #2629, #5047, #5015, #4045, #4102, #4514, #3167, #5587, #1264, #2125, #5967, #697, #5242, #3325, #1843, #4231, #886, #4704, #849, #3760, #5652, #2285, #1365, #3194, #1397, #2380, #5748, #5715, #3825, #6159, #2785, #2315, #4266, #6222, #5205, #923, #2854, #4771, #3258, #2819, #4199, #4738, #383, #5108, #1809, #5617, #4673, #787, #6094, #1298, #2254, #5684, #1902, #450, #6125, #3289, #2724, #6191, #348, #1334, #1780, #3731, #3229, #4171, #2754, #420, #4646, #5173, #4299, #2349, #319, #1872, #3792, #3697, #5142, #820, #63, #2973, #33, #3004, #1429, #511, #3861, #4362, #1555, #479, #3386, #2910, #4891, #2881, #2477, #5393, #3473, #1072, #2412, #2, #4920, #540, #4391, #121, #1934, #4861, #3356, #4830, #1963, #5363, #3890, #601, #5804, #92, #2032, #5272, #2538, #569, #5778, #4799, #951 ),
 ( #1489, #1995, #3415, #4330, #3918, #5332, #1011, #3955, #2943, #1459, #5839, #2447, #1522, #5302, #3448, #1042, #2504, #979, #4418, #5872, #4451, #2061, #3984, #3037, #1159, #658, #4095, #4037, #5959, #4953, #5072, #5989, #277, #4979, #5509, #2592, #6020, #1704, #1135, #4506, #5454, #2087, #2179, #4066, #2215, #1643, #3592, #1672, #176, #3562, #5928, #5040, #1584, #2685, #752, #4009, #632, #2118, #5481, #3628, #1614, #5424, #5547, #1191, #2565, #4477, #3093, #1105, #3503, #3064, #2622, #4602, #211, #148, #243, #1225, #5008, #3533, #691, #3160, #4538, #4568, #2144, #3127, #5903, #722, #2654, #3187, #6239, #5317, #2931, #5766, #2434, #1446, #2398, #781, #1923, #1741, #313, #6056, #3373, #3306, #6087, #468, #995, #4755, #1774, #1291, #3659, #5102, #3690, #5612, #2716, #499, #4815, #907, #5223, #4349, #940, #22, #4847, #5792, #529, #2839, #4638, #1951, #5581, #2248, #4164, #436, #4131, #3877, #1477, #3401, #1255, #1889, #3811, #2367, #6209, #4283, #4787, #5734, #1416, #3344, #5259, #2871, #4317, #3848, #5290, #2898, #966, #4379, #4023, #5411, #1089, #1505, #4468, #3550, #1149, #3999, #647, #5917, #619, #5352, #135, #51, #4878, #1981, #1599, #1542, #4406, #4940, #5470, #2991, #77, #5860, #3904, #3437, #2015, #3943, #1030, #4969, #3053, #5380, #3463, #2580, #3021, #4495, #3082, #5947, #4996, #1059, #2960, #164, #5823, #557, #2494, #4908, #2465, #2103, #1630, #586, #2523, #109, #2050, #4439, #3972, #5890, #2553, #1571, #3491, #2075, #3520, #5443, #1121, #3611, #5530, #3203, #1210, #4053, #2197, #1688, #5117, #5058, #738, #5975, #6104, #767, #1312, #6007, #299, #3147, #799, #2735, #2162, #2671, #227, #3111, #4654, #5087, #3236, #4585, #4619, #2702, #262, #4113, #708, #6075, #2608, #3707, #1789, #5027, #1658, #6039, #1725, #330, #2639, #197, #2265, #2233, #3579, #5496, #3646, #2132, #4527, #4081, #5565, #5628, #1241, #4149, #1175, #3174, #4181, #676, #4554, #1758, #3674, #5595, #1274, #1880, #3868, #5662, #2358, #828, #393, #3769, #2863, #5692, #5281, #1374, #3839, #5758, #2765, #2424, #2388, #1345, #358, #5152, #3267, #3740, #2890, #959, #2794, #4746, #5182, #4683, #1820, #1912, #1439, #460, #2294, #3298, #4275, #488, #931, #6200, #428, #6230, #4341, #4207, #1851, #4808, #12, #3801, #5725 ) ),
 .UNSPECIFIED., .F., .F., .F. ) 
 B_SPLINE_SURFACE_WITH_KNOTS ( ( 2, 2 ),
 ( 3, 2, 2, 2, 2, 2, 2, 2, 2, 2, 2, 2, 2, 2, 2, 2, 2, 2, 2, 2, 2, 2, 2, 2, 2, 2, 2, 2, 2, 2, 2, 2, 2, 2, 2, 2, 2, 2, 2, 2, 2, 2, 2, 2, 2, 2, 2, 2, 2, 2, 2, 2, 2, 2, 2, 2, 2, 2, 2, 2, 2, 2, 2, 2, 2, 2, 2, 2, 2, 2, 2, 2, 2, 2, 2, 2, 2, 2, 2, 2, 2, 2, 2, 2, 2, 2, 2, 2, 2, 2, 2, 2, 2, 2, 2, 2, 2, 2, 2, 2, 2, 2, 2, 2, 2, 2, 2, 2, 2, 2, 2, 2, 2, 2, 2, 2, 2, 2, 2, 2, 2, 2, 2, 2, 2, 2, 2, 2, 2, 2, 2, 2, 2, 2, 2, 2, 2, 2, 2, 2, 2, 2, 2, 2, 2, 2, 2, 2, 2, 2, 2, 2, 2, 2, 2, 2, 2, 2, 2, 2, 2, 2, 3 ),
 ( 0.000000000000000000, 1.000000000000000000 ),
 ( 0.000000000000000000, 0.006172839506172839164, 0.01234567901234567833, 0.01851851851851851749, 0.02469135802469135665, 0.03086419753086419582, 0.03703703703703703498, 0.04320987654320987414, 0.04938271604938271331, 0.05555555555555555247, 0.06172839506172839164, 0.06790123456790123080, 0.07407407407407406996, 0.08024691358024690913, 0.08641975308641974829, 0.09259259259259258745, 0.09876543209876542662, 0.1049382716049382658, 0.1111111111111111049, 0.1172839506172839441, 0.1234567901234567833, 0.1296296296296296224, 0.1358024691358024616, 0.1419753086419753008, 0.1481481481481481399, 0.1543209876543209791, 0.1604938271604938183, 0.1666666666666666574, 0.1728395061728394966, 0.1790123456790123357, 0.1851851851851851749, 0.1913580246913580141, 0.1975308641975308532, 0.2037037037037036924, 0.2098765432098765316, 0.2160493827160493707, 0.2222222222222222099, 0.2283950617283950490, 0.2345679012345678882, 0.2407407407407407274, 0.2469135802469135665, 0.2530864197530864335, 0.2592592592592592449, 0.2654320987654321118, 0.2716049382716049232, 0.2777777777777777901, 0.2839506172839506015, 0.2901234567901234684, 0.2962962962962962798, 0.3024691358024691468, 0.3086419753086419582, 0.3148148148148148251, 0.3209876543209876365, 0.3271604938271605034, 0.3333333333333333148, 0.3395061728395061817, 0.3456790123456789932, 0.3518518518518518601, 0.3580246913580246715, 0.3641975308641975384, 0.3703703703703703498, 0.3765432098765432167, 0.3827160493827160281, 0.3888888888888888951, 0.3950617283950617065, 0.4012345679012345734, 0.4074074074074073848, 0.4135802469135802517, 0.4197530864197530631, 0.4259259259259259300, 0.4320987654320987414, 0.4382716049382716084, 0.4444444444444444198, 0.4506172839506172867, 0.4567901234567900981, 0.4629629629629629650, 0.4691358024691357764, 0.4753086419753086433, 0.4814814814814814548, 0.4876543209876543217, 0.4938271604938271331, 0.5000000000000000000, 0.5061728395061728669, 0.5123456790123457338, 0.5185185185185184897, 0.5246913580246913567, 0.5308641975308642236, 0.5370370370370370905, 0.5432098765432098464, 0.5493827160493827133, 0.5555555555555555802, 0.5617283950617284471, 0.5679012345679012030, 0.5740740740740740700, 0.5802469135802469369, 0.5864197530864198038, 0.5925925925925925597, 0.5987654320987654266, 0.6049382716049382935, 0.6111111111111111605, 0.6172839506172839164, 0.6234567901234567833, 0.6296296296296296502, 0.6358024691358025171, 0.6419753086419752730, 0.6481481481481481399, 0.6543209876543210068, 0.6604938271604938738, 0.6666666666666666297, 0.6728395061728394966, 0.6790123456790123635, 0.6851851851851852304, 0.6913580246913579863, 0.6975308641975308532, 0.7037037037037037202, 0.7098765432098765871, 0.7160493827160493430, 0.7222222222222222099, 0.7283950617283950768, 0.7345679012345679437, 0.7407407407407406996, 0.7469135802469135665, 0.7530864197530864335, 0.7592592592592593004, 0.7654320987654320563, 0.7716049382716049232, 0.7777777777777777901, 0.7839506172839506570, 0.7901234567901234129, 0.7962962962962962798, 0.8024691358024691468, 0.8086419753086420137, 0.8148148148148147696, 0.8209876543209876365, 0.8271604938271605034, 0.8333333333333333703, 0.8395061728395061262, 0.8456790123456789932, 0.8518518518518518601, 0.8580246913580247270, 0.8641975308641974829, 0.8703703703703703498, 0.8765432098765432167, 0.8827160493827160836, 0.8888888888888888395, 0.8950617283950617065, 0.9012345679012345734, 0.9074074074074074403, 0.9135802469135801962, 0.9197530864197530631, 0.9259259259259259300, 0.9320987654320987970, 0.9382716049382715529, 0.9444444444444444198, 0.9506172839506172867, 0.9567901234567901536, 0.9629629629629629095, 0.9691358024691357764, 0.9753086419753086433, 0.9814814814814815103, 0.9876543209876542662, 0.9938271604938271331, 1.000000000000000000 ),
 .UNSPECIFIED. ) 
 GEOMETRIC_REPRESENTATION_ITEM ( )  RATIONAL_B_SPLINE_SURFACE ( (
 ( 1.000000000000000000, 0.8660254037844387076, 1.000000000000000000, 0.8660254037844387076, 1.000000000000000000, 0.8660254037844387076, 1.000000000000000000, 0.8660254037844387076, 1.000000000000000000, 0.8660254037844387076, 1.000000000000000000, 0.8660254037844387076, 1.000000000000000000, 0.8660254037844387076, 1.000000000000000000, 0.8660254037844387076, 1.000000000000000000, 0.8660254037844387076, 1.000000000000000000, 0.8660254037844387076, 1.000000000000000000, 0.8660254037844387076, 1.000000000000000000, 0.8660254037844387076, 1.000000000000000000, 0.8660254037844387076, 1.000000000000000000, 0.8660254037844387076, 1.000000000000000000, 0.8660254037844387076, 1.000000000000000000, 0.8660254037844387076, 1.000000000000000000, 0.8660254037844387076, 1.000000000000000000, 0.8660254037844387076, 1.000000000000000000, 0.8660254037844387076, 1.000000000000000000, 0.8660254037844387076, 1.000000000000000000, 0.8660254037844387076, 1.000000000000000000, 0.8660254037844387076, 1.000000000000000000, 0.8660254037844387076, 1.000000000000000000, 0.8660254037844387076, 1.000000000000000000, 0.8660254037844387076, 1.000000000000000000, 0.8660254037844387076, 1.000000000000000000, 0.8660254037844387076, 1.000000000000000000, 0.8660254037844387076, 1.000000000000000000, 0.8660254037844387076, 1.000000000000000000, 0.8660254037844387076, 1.000000000000000000, 0.8660254037844387076, 1.000000000000000000, 0.8660254037844387076, 1.000000000000000000, 0.8660254037844387076, 1.000000000000000000, 0.8660254037844387076, 1.000000000000000000, 0.8660254037844387076, 1.000000000000000000, 0.8660254037844387076, 1.000000000000000000, 0.8660254037844387076, 1.000000000000000000, 0.8660254037844387076, 1.000000000000000000, 0.8660254037844387076, 1.000000000000000000, 0.8660254037844387076, 1.000000000000000000, 0.8660254037844387076, 1.000000000000000000, 0.8660254037844387076, 1.000000000000000000, 0.8660254037844387076, 1.000000000000000000, 0.8660254037844387076, 1.000000000000000000, 0.8660254037844387076, 1.000000000000000000, 0.8660254037844387076, 1.000000000000000000, 0.8660254037844387076, 1.000000000000000000, 0.8660254037844387076, 1.000000000000000000, 0.8660254037844387076, 1.000000000000000000, 0.8660254037844387076, 1.000000000000000000, 0.8660254037844387076, 1.000000000000000000, 0.8660254037844387076, 1.000000000000000000, 0.8660254037844387076, 1.000000000000000000, 0.8660254037844387076, 1.000000000000000000, 0.8660254037844387076, 1.000000000000000000, 0.8660254037844387076, 1.000000000000000000, 0.8660254037844387076, 1.000000000000000000, 0.8660254037844387076, 1.000000000000000000, 0.8660254037844387076, 1.000000000000000000, 0.8660254037844387076, 1.000000000000000000, 0.8660254037844387076, 1.000000000000000000, 0.8660254037844387076, 1.000000000000000000, 0.8660254037844387076, 1.000000000000000000, 0.8660254037844387076, 1.000000000000000000, 0.8660254037844387076, 1.000000000000000000, 0.8660254037844387076, 1.000000000000000000, 0.8660254037844387076, 1.000000000000000000, 0.8660254037844387076, 1.000000000000000000, 0.8660254037844387076, 1.000000000000000000, 0.8660254037844387076, 1.000000000000000000, 0.8660254037844387076, 1.000000000000000000, 0.8660254037844387076, 1.000000000000000000, 0.8660254037844387076, 1.000000000000000000, 0.8660254037844387076, 1.000000000000000000, 0.8660254037844387076, 1.000000000000000000, 0.8660254037844387076, 1.000000000000000000, 0.8660254037844387076, 1.000000000000000000, 0.8660254037844387076, 1.000000000000000000, 0.8660254037844387076, 1.000000000000000000, 0.8660254037844387076, 1.000000000000000000, 0.8660254037844387076, 1.000000000000000000, 0.8660254037844387076, 1.000000000000000000, 0.8660254037844387076, 1.000000000000000000, 0.8660254037844387076, 1.000000000000000000, 0.8660254037844387076, 1.000000000000000000, 0.8660254037844387076, 1.000000000000000000, 0.8660254037844387076, 1.000000000000000000, 0.8660254037844387076, 1.000000000000000000, 0.8660254037844387076, 1.000000000000000000, 0.8660254037844387076, 1.000000000000000000, 0.8660254037844387076, 1.000000000000000000, 0.8660254037844387076, 1.000000000000000000, 0.8660254037844387076, 1.000000000000000000, 0.8660254037844387076, 1.000000000000000000, 0.8660254037844387076, 1.000000000000000000, 0.8660254037844387076, 1.000000000000000000, 0.8660254037844387076, 1.000000000000000000, 0.8660254037844387076, 1.000000000000000000, 0.8660254037844387076, 1.000000000000000000, 0.8660254037844387076, 1.000000000000000000, 0.8660254037844387076, 1.000000000000000000, 0.8660254037844387076, 1.000000000000000000, 0.8660254037844387076, 1.000000000000000000, 0.8660254037844387076, 1.000000000000000000, 0.8660254037844387076, 1.000000000000000000, 0.8660254037844387076, 1.000000000000000000, 0.8660254037844387076, 1.000000000000000000, 0.8660254037844387076, 1.000000000000000000, 0.8660254037844387076, 1.000000000000000000, 0.8660254037844387076, 1.000000000000000000, 0.8660254037844387076, 1.000000000000000000, 0.8660254037844387076, 1.000000000000000000, 0.8660254037844387076, 1.000000000000000000, 0.8660254037844387076, 1.000000000000000000, 0.8660254037844387076, 1.000000000000000000, 0.8660254037844387076, 1.000000000000000000, 0.8660254037844387076, 1.000000000000000000, 0.8660254037844387076, 1.000000000000000000, 0.8660254037844387076, 1.000000000000000000, 0.8660254037844387076, 1.000000000000000000, 0.8660254037844387076, 1.000000000000000000, 0.8660254037844387076, 1.000000000000000000, 0.8660254037844387076, 1.000000000000000000, 0.8660254037844387076, 1.000000000000000000, 0.8660254037844387076, 1.000000000000000000, 0.8660254037844387076, 1.000000000000000000, 0.8660254037844387076, 1.000000000000000000, 0.8660254037844387076, 1.000000000000000000, 0.8660254037844387076, 1.000000000000000000, 0.8660254037844387076, 1.000000000000000000, 0.8660254037844387076, 1.000000000000000000, 0.8660254037844387076, 1.000000000000000000, 0.8660254037844387076, 1.000000000000000000, 0.8660254037844387076, 1.000000000000000000, 0.8660254037844387076, 1.000000000000000000, 0.8660254037844387076, 1.000000000000000000, 0.8660254037844387076, 1.000000000000000000, 0.8660254037844387076, 1.000000000000000000, 0.8660254037844387076, 1.000000000000000000, 0.8660254037844387076, 1.000000000000000000, 0.8660254037844387076, 1.000000000000000000, 0.8660254037844387076, 1.000000000000000000, 0.8660254037844387076, 1.000000000000000000, 0.8660254037844387076, 1.000000000000000000, 0.8660254037844387076, 1.000000000000000000, 0.8660254037844387076, 1.000000000000000000, 0.8660254037844387076, 1.000000000000000000, 0.8660254037844387076, 1.000000000000000000, 0.8660254037844387076, 1.000000000000000000, 0.8660254037844387076, 1.000000000000000000, 0.8660254037844387076, 1.000000000000000000, 0.8660254037844387076, 1.000000000000000000, 0.8660254037844387076, 1.000000000000000000, 0.8660254037844387076, 1.000000000000000000, 0.8660254037844387076, 1.000000000000000000, 0.8660254037844387076, 1.000000000000000000, 0.8660254037844387076, 1.000000000000000000, 0.8660254037844387076, 1.000000000000000000, 0.8660254037844387076, 1.000000000000000000, 0.8660254037844387076, 1.000000000000000000, 0.8660254037844387076, 1.000000000000000000, 0.8660254037844387076, 1.000000000000000000),
 ( 1.000000000000000000, 0.8660254037844387076, 1.000000000000000000, 0.8660254037844387076, 1.000000000000000000, 0.8660254037844387076, 1.000000000000000000, 0.8660254037844387076, 1.000000000000000000, 0.8660254037844387076, 1.000000000000000000, 0.8660254037844387076, 1.000000000000000000, 0.8660254037844387076, 1.000000000000000000, 0.8660254037844387076, 1.000000000000000000, 0.8660254037844387076, 1.000000000000000000, 0.8660254037844387076, 1.000000000000000000, 0.8660254037844387076, 1.000000000000000000, 0.8660254037844387076, 1.000000000000000000, 0.8660254037844387076, 1.000000000000000000, 0.8660254037844387076, 1.000000000000000000, 0.8660254037844387076, 1.000000000000000000, 0.8660254037844387076, 1.000000000000000000, 0.8660254037844387076, 1.000000000000000000, 0.8660254037844387076, 1.000000000000000000, 0.8660254037844387076, 1.000000000000000000, 0.8660254037844387076, 1.000000000000000000, 0.8660254037844387076, 1.000000000000000000, 0.8660254037844387076, 1.000000000000000000, 0.8660254037844387076, 1.000000000000000000, 0.8660254037844387076, 1.000000000000000000, 0.8660254037844387076, 1.000000000000000000, 0.8660254037844387076, 1.000000000000000000, 0.8660254037844387076, 1.000000000000000000, 0.8660254037844387076, 1.000000000000000000, 0.8660254037844387076, 1.000000000000000000, 0.8660254037844387076, 1.000000000000000000, 0.8660254037844387076, 1.000000000000000000, 0.8660254037844387076, 1.000000000000000000, 0.8660254037844387076, 1.000000000000000000, 0.8660254037844387076, 1.000000000000000000, 0.8660254037844387076, 1.000000000000000000, 0.8660254037844387076, 1.000000000000000000, 0.8660254037844387076, 1.000000000000000000, 0.8660254037844387076, 1.000000000000000000, 0.8660254037844387076, 1.000000000000000000, 0.8660254037844387076, 1.000000000000000000, 0.8660254037844387076, 1.000000000000000000, 0.8660254037844387076, 1.000000000000000000, 0.8660254037844387076, 1.000000000000000000, 0.8660254037844387076, 1.000000000000000000, 0.8660254037844387076, 1.000000000000000000, 0.8660254037844387076, 1.000000000000000000, 0.8660254037844387076, 1.000000000000000000, 0.8660254037844387076, 1.000000000000000000, 0.8660254037844387076, 1.000000000000000000, 0.8660254037844387076, 1.000000000000000000, 0.8660254037844387076, 1.000000000000000000, 0.8660254037844387076, 1.000000000000000000, 0.8660254037844387076, 1.000000000000000000, 0.8660254037844387076, 1.000000000000000000, 0.8660254037844387076, 1.000000000000000000, 0.8660254037844387076, 1.000000000000000000, 0.8660254037844387076, 1.000000000000000000, 0.8660254037844387076, 1.000000000000000000, 0.8660254037844387076, 1.000000000000000000, 0.8660254037844387076, 1.000000000000000000, 0.8660254037844387076, 1.000000000000000000, 0.8660254037844387076, 1.000000000000000000, 0.8660254037844387076, 1.000000000000000000, 0.8660254037844387076, 1.000000000000000000, 0.8660254037844387076, 1.000000000000000000, 0.8660254037844387076, 1.000000000000000000, 0.8660254037844387076, 1.000000000000000000, 0.8660254037844387076, 1.000000000000000000, 0.8660254037844387076, 1.000000000000000000, 0.8660254037844387076, 1.000000000000000000, 0.8660254037844387076, 1.000000000000000000, 0.8660254037844387076, 1.000000000000000000, 0.8660254037844387076, 1.000000000000000000, 0.8660254037844387076, 1.000000000000000000, 0.8660254037844387076, 1.000000000000000000, 0.8660254037844387076, 1.000000000000000000, 0.8660254037844387076, 1.000000000000000000, 0.8660254037844387076, 1.000000000000000000, 0.8660254037844387076, 1.000000000000000000, 0.8660254037844387076, 1.000000000000000000, 0.8660254037844387076, 1.000000000000000000, 0.8660254037844387076, 1.000000000000000000, 0.8660254037844387076, 1.000000000000000000, 0.8660254037844387076, 1.000000000000000000, 0.8660254037844387076, 1.000000000000000000, 0.8660254037844387076, 1.000000000000000000, 0.8660254037844387076, 1.000000000000000000, 0.8660254037844387076, 1.000000000000000000, 0.8660254037844387076, 1.000000000000000000, 0.8660254037844387076, 1.000000000000000000, 0.8660254037844387076, 1.000000000000000000, 0.8660254037844387076, 1.000000000000000000, 0.8660254037844387076, 1.000000000000000000, 0.8660254037844387076, 1.000000000000000000, 0.8660254037844387076, 1.000000000000000000, 0.8660254037844387076, 1.000000000000000000, 0.8660254037844387076, 1.000000000000000000, 0.8660254037844387076, 1.000000000000000000, 0.8660254037844387076, 1.000000000000000000, 0.8660254037844387076, 1.000000000000000000, 0.8660254037844387076, 1.000000000000000000, 0.8660254037844387076, 1.000000000000000000, 0.8660254037844387076, 1.000000000000000000, 0.8660254037844387076, 1.000000000000000000, 0.8660254037844387076, 1.000000000000000000, 0.8660254037844387076, 1.000000000000000000, 0.8660254037844387076, 1.000000000000000000, 0.8660254037844387076, 1.000000000000000000, 0.8660254037844387076, 1.000000000000000000, 0.8660254037844387076, 1.000000000000000000, 0.8660254037844387076, 1.000000000000000000, 0.8660254037844387076, 1.000000000000000000, 0.8660254037844387076, 1.000000000000000000, 0.8660254037844387076, 1.000000000000000000, 0.8660254037844387076, 1.000000000000000000, 0.8660254037844387076, 1.000000000000000000, 0.8660254037844387076, 1.000000000000000000, 0.8660254037844387076, 1.000000000000000000, 0.8660254037844387076, 1.000000000000000000, 0.8660254037844387076, 1.000000000000000000, 0.8660254037844387076, 1.000000000000000000, 0.8660254037844387076, 1.000000000000000000, 0.8660254037844387076, 1.000000000000000000, 0.8660254037844387076, 1.000000000000000000, 0.8660254037844387076, 1.000000000000000000, 0.8660254037844387076, 1.000000000000000000, 0.8660254037844387076, 1.000000000000000000, 0.8660254037844387076, 1.000000000000000000, 0.8660254037844387076, 1.000000000000000000, 0.8660254037844387076, 1.000000000000000000, 0.8660254037844387076, 1.000000000000000000, 0.8660254037844387076, 1.000000000000000000, 0.8660254037844387076, 1.000000000000000000, 0.8660254037844387076, 1.000000000000000000, 0.8660254037844387076, 1.000000000000000000, 0.8660254037844387076, 1.000000000000000000, 0.8660254037844387076, 1.000000000000000000, 0.8660254037844387076, 1.000000000000000000, 0.8660254037844387076, 1.000000000000000000, 0.8660254037844387076, 1.000000000000000000, 0.8660254037844387076, 1.000000000000000000, 0.8660254037844387076, 1.000000000000000000, 0.8660254037844387076, 1.000000000000000000, 0.8660254037844387076, 1.000000000000000000, 0.8660254037844387076, 1.000000000000000000, 0.8660254037844387076, 1.000000000000000000, 0.8660254037844387076, 1.000000000000000000, 0.8660254037844387076, 1.000000000000000000, 0.8660254037844387076, 1.000000000000000000, 0.8660254037844387076, 1.000000000000000000, 0.8660254037844387076, 1.000000000000000000, 0.8660254037844387076, 1.000000000000000000, 0.8660254037844387076, 1.000000000000000000, 0.8660254037844387076, 1.000000000000000000, 0.8660254037844387076, 1.000000000000000000, 0.8660254037844387076, 1.000000000000000000, 0.8660254037844387076, 1.000000000000000000, 0.8660254037844387076, 1.000000000000000000, 0.8660254037844387076, 1.000000000000000000, 0.8660254037844387076, 1.000000000000000000, 0.8660254037844387076, 1.000000000000000000, 0.8660254037844387076, 1.000000000000000000) ) ) 
 REPRESENTATION_ITEM ( '' )  SURFACE ( )  );
#1954 = CARTESIAN_POINT ( 'NONE',  ( 0.000000000000000000, -7.560902090037740558E-15, 13.65685424949233884 ) ) ;
#1955 = CARTESIAN_POINT ( 'NONE',  ( -1.338300807568868267, -0.7726683315065637769, 5.970833333333295023 ) ) ;
#1956 = ORIENTED_EDGE ( 'NONE', *, *, #2487, .F. ) ;
#1957 = CARTESIAN_POINT ( 'NONE',  ( 1.545336663013153089, -9.005843993036351354E-16, -4.325000000000015277 ) ) ;
#1958 = EDGE_LOOP ( 'NONE', ( #2948, #1359, #2500, #1405, #58, #3251, #4822 ) ) ;
#1959 = ORIENTED_EDGE ( 'NONE', *, *, #1536, .T. ) ;
#1960 = CARTESIAN_POINT ( 'NONE',  ( -1.545336663013153089, 6.768908549604742074E-15, -4.587500000000013678 ) ) ;
#1961 = DIRECTION ( 'NONE',  ( 0.000000000000000000, 0.000000000000000000, -1.000000000000000000 ) ) ;
#1962 = EDGE_CURVE ( 'NONE', #1192, #5866, #432, .T. ) ;
#1963 = CARTESIAN_POINT ( 'NONE',  ( 0.000000000000000000, 2.037888611415556994, 10.22187499999995275 ) ) ;
#1964 = CARTESIAN_POINT ( 'NONE',  ( -1.154700538379250352, -1.999999999999993117, -0.6208333333333666548 ) ) ;
#1965 = CARTESIAN_POINT ( 'NONE',  ( 1.250000000000004885, 0.7216878364870286111, 10.20000000000000284 ) ) ;
#1966 = CARTESIAN_POINT ( 'NONE',  ( 1.999999999999996669, 2.091679895156829610E-15, 0.3124999999999644174 ) ) ;
#1967 = CC_DESIGN_PERSON_AND_ORGANIZATION_ASSIGNMENT ( #2290, #2698, ( #4856 ) ) ;
#1968 = CARTESIAN_POINT ( 'NONE',  ( -1.999999999999996669, -6.565550782020048959E-15, 0.5749999999999836353 ) ) ;
#1969 = EDGE_LOOP ( 'NONE', ( #5569, #692, #5025, #4122 ) ) ;
#1970 = CARTESIAN_POINT ( 'NONE',  ( 0.000000000000000000, 2.037888611415556994, -1.678125000000018074 ) ) ;
#1971 = CARTESIAN_POINT ( 'NONE',  ( 0.000000000000000000, 1.999999999999999556, 6.087499999999950617 ) ) ;
#1972 = CARTESIAN_POINT ( 'NONE',  ( 1.764863307568863338, -1.018944305707774722, 6.532291666666622199 ) ) ;
#1973 = CARTESIAN_POINT ( 'NONE',  ( 1.250000000000004885, -5.761269458405264763E-15, 10.00662432702593740 ) ) ;
#1974 = CARTESIAN_POINT ( 'NONE',  ( -1.545336663013152867, 2.062628785501874071E-15, -6.687500000000007994 ) ) ;
#1975 =( BOUNDED_CURVE ( )  B_SPLINE_CURVE ( 2, ( #389, #4304, #3798, #425, #928, #5210, #5721, #1402, #3331 ),
 .UNSPECIFIED., .F., .T. ) 
 B_SPLINE_CURVE_WITH_KNOTS ( ( 3, 2, 2, 2, 3 ),
 ( 0.3240740740740741255, 0.3271604938271605034, 0.3333333333333333148, 0.3395061728395061817, 0.3425925925925926152 ),
 .UNSPECIFIED. ) 
 CURVE ( )  GEOMETRIC_REPRESENTATION_ITEM ( )  RATIONAL_B_SPLINE_CURVE ( ( 0.9330127018922192983, 0.9330127018922205195, 1.000000000000000000, 0.8660254037844387076, 1.000000000000000000, 0.8660254037844387076, 1.000000000000000000, 0.9330127018922187432, 0.9330127018922194093 ) ) 
 REPRESENTATION_ITEM ( '' )  );
#1976 = CARTESIAN_POINT ( 'NONE',  ( 1.338300807568876039, 0.7726683315065562274, 3.433333333333298487 ) ) ;
#1977 = LINE ( 'NONE', #3900, #1308 ) ;
#1978 = ORIENTED_EDGE ( 'NONE', *, *, #4682, .T. ) ;
#1979 = CARTESIAN_POINT ( 'NONE',  ( -1.338300807568852280, 0.7726683315065975277, 7.166666666666623442 ) ) ;
#1980 = CARTESIAN_POINT ( 'NONE',  ( 1.154700538379250796, 1.999999999999999334, 5.329166666666618646 ) ) ;
#1981 = CARTESIAN_POINT ( 'NONE',  ( 0.8922005383792426247, 1.545336663013155087, 1.479166666666638985 ) ) ;
#1982 = CARTESIAN_POINT ( 'NONE',  ( -1.176575538379242447, 2.037888611415556550, -7.876041666666674601 ) ) ;
#1983 = ADVANCED_FACE ( 'NONE', ( #3806 ), #962, .T. ) ;
#1984 = CARTESIAN_POINT ( 'NONE',  ( 1.545336663013149092, 0.4140717108885786368, 4.106260739116929237 ) ) ;
#1985 = LINE ( 'NONE', #1000, #4516 ) ;
#1986 = VERTEX_POINT ( 'NONE', #5377 ) ;
#1987 = CARTESIAN_POINT ( 'NONE',  ( -1.338300807568865380, -0.7726683315065687729, -4.616666666666680463 ) ) ;
#1988 = VERTEX_POINT ( 'NONE', #5314 ) ;
#1989 = ORIENTED_EDGE ( 'NONE', *, *, #2371, .T. ) ;
#1990 =( BOUNDED_CURVE ( )  B_SPLINE_CURVE ( 2, ( #3902, #5379, #1475, #5410, #5821, #4938, #5316, #4968, #2552 ),
 .UNSPECIFIED., .F., .F. ) 
 B_SPLINE_CURVE_WITH_KNOTS ( ( 3, 2, 2, 2, 3 ),
 ( 0.5462962962962962798, 0.5493827160493827133, 0.5555555555555555802, 0.5617283950617284471, 0.5648148148148148806 ),
 .UNSPECIFIED. ) 
 CURVE ( )  GEOMETRIC_REPRESENTATION_ITEM ( )  RATIONAL_B_SPLINE_CURVE ( ( 0.9330127018922194093, 0.9330127018922194093, 1.000000000000000000, 0.8660254037844387076, 1.000000000000000000, 0.8660254037844387076, 1.000000000000000000, 0.9330127018922180770, 0.9330127018922192983 ) ) 
 REPRESENTATION_ITEM ( '' )  );
#1991 = EDGE_CURVE ( 'NONE', #3222, #1569, #4999, .T. ) ;
#1992 = CARTESIAN_POINT ( 'NONE',  ( 0.000000000000000000, 1.999999999999999556, -6.512500000000019718 ) ) ;
#1993 = CARTESIAN_POINT ( 'NONE',  ( -1.999999999999996669, -6.565550782020048959E-15, -2.225000000000009415 ) ) ;
#1994 = CARTESIAN_POINT ( 'NONE',  ( 1.154700538379250574, 1.999999999999998224, -4.558333333333337123 ) ) ;
#1995 = CARTESIAN_POINT ( 'NONE',  ( -0.8922005383792416255, 1.545336663013155531, -8.204166666666671048 ) ) ;
#1996 = CARTESIAN_POINT ( 'NONE',  ( 1.999999999999996669, 0.5358983848622463908, -6.043739260883036479 ) ) ;
#1997 = CARTESIAN_POINT ( 'NONE',  ( -2.105177523590381515E-16, 1.443375672974062995, 10.20000000000000284 ) ) ;
#1998 = EDGE_CURVE ( 'NONE', #1097, #5677, #5650, .T. ) ;
#1999 = CARTESIAN_POINT ( 'NONE',  ( -0.8922005383792174227, 1.545336663013169520, 4.395833333333298398 ) ) ;
#2000 = CARTESIAN_POINT ( 'NONE',  ( 1.545336663013152867, 2.868816710768336858E-15, -8.000000000000000000 ) ) ;
#2001 = VERTEX_POINT ( 'NONE', #991 ) ;
#2002 = CARTESIAN_POINT ( 'NONE',  ( 1.764863307568863782, -1.018944305707774944, -1.911458333333351023 ) ) ;
#2003 = CARTESIAN_POINT ( 'NONE',  ( 0.8922005383792516175, 1.545336663013149758, 1.479166666666638985 ) ) ;
#2004 = AXIS2_PLACEMENT_3D ( 'NONE', #2737, #1276, #710 ) ;
#2005 = CARTESIAN_POINT ( 'NONE',  ( -1.764863307568863782, -1.018944305707773390, 6.298958333333289694 ) ) ;
#2006 = EDGE_CURVE ( 'NONE', #2988, #5797, #46, .T. ) ;
#2007 = CARTESIAN_POINT ( 'NONE',  ( 1.999999999999985789, -7.315972730208273417E-15, 13.65685424949233884 ) ) ;
#2008 = CARTESIAN_POINT ( 'NONE',  ( 1.545336663013154199, -0.4140717108885861308, 4.131239260883002196 ) ) ;
#2009 = CARTESIAN_POINT ( 'NONE',  ( 1.732050807568873640, -0.9999999999999961142, 4.366666666666641383 ) ) ;
#2010 = AXIS2_PLACEMENT_3D ( 'NONE', #6203, #1883, #5728 ) ;
#2011 = DIRECTION ( 'NONE',  ( -0.000000000000000000, -0.000000000000000000, 1.000000000000000000 ) ) ;
#2012 = VERTEX_POINT ( 'NONE', #2519 ) ;
#2013 = CARTESIAN_POINT ( 'NONE',  ( -0.8922005383792380728, 1.545336663013157530, 7.108333333333290760 ) ) ;
#2014 = CARTESIAN_POINT ( 'NONE',  ( 1.999999999999996669, 2.091679895156829610E-15, 5.912499999999950795 ) ) ;
#2015 = CARTESIAN_POINT ( 'NONE',  ( 1.338300807568863382, 0.7726683315065783209, 2.120833333333304260 ) ) ;
#2016 = CARTESIAN_POINT ( 'NONE',  ( -1.764863307568863560, 1.018944305707779829, -6.417708333333346005 ) ) ;
#2017 = AXIS2_PLACEMENT_3D ( 'NONE', #1691, #5979, #3616 ) ;
#2018 = CARTESIAN_POINT ( 'NONE',  ( 0.000000000000000000, 8.057567985369143580E-15, -8.000000000000000000 ) ) ;
#2019 = CC_DESIGN_APPROVAL ( #260, ( #3226 ) ) ;
#2020 = CARTESIAN_POINT ( 'NONE',  ( -1.999999999999996669, -1.132993276543282844E-14, -4.937500000000022204 ) ) ;
#2021 = CARTESIAN_POINT ( 'NONE',  ( -2.449293598294701977E-16, -1.999999999999993117, 3.549999999999975397 ) ) ;
#2022 = AXIS2_PLACEMENT_3D ( 'NONE', #1079, #520, #3425 ) ;
#2023 = EDGE_CURVE ( 'NONE', #4539, #5409, #1778, .T. ) ;
#2024 = ORIENTED_EDGE ( 'NONE', *, *, #5801, .F. ) ;
#2025 = ORIENTED_EDGE ( 'NONE', *, *, #4644, .T. ) ;
#2026 = DIRECTION ( 'NONE',  ( 0.000000000000000000, 0.000000000000000000, -1.000000000000000000 ) ) ;
#2027 = CARTESIAN_POINT ( 'NONE',  ( -8.707374417577735654E-15, -1.545336663013149980, -2.312500000000018652 ) ) ;
#2028 = AXIS2_PLACEMENT_3D ( 'NONE', #3449, #1043, #3474 ) ;
#2029 = CARTESIAN_POINT ( 'NONE',  ( -1.999999999999996669, -6.565550782020048959E-15, -2.225000000000009415 ) ) ;
#2030 = CARTESIAN_POINT ( 'NONE',  ( 1.545336663013153089, 2.440293211016302001E-15, -5.637500000000010836 ) ) ;
#2031 = EDGE_CURVE ( 'NONE', #2644, #3583, #622, .T. ) ;
#2032 = CARTESIAN_POINT ( 'NONE',  ( -2.495693764988902447E-16, -2.037888611415550777, 10.57187499999995239 ) ) ;
#2033 = FACE_OUTER_BOUND ( 'NONE', #5187, .T. ) ;
#2034 = CARTESIAN_POINT ( 'NONE',  ( 0.4090586785750403021, 1.207205534784410395, 10.00609109402886254 ) ) ;
#2035 = DIRECTION ( 'NONE',  ( -0.000000000000000000, -5.648303390429391465E-16, 1.000000000000000000 ) ) ;
#2036 = CARTESIAN_POINT ( 'NONE',  ( -2.105177523590381515E-16, 1.443375672974062995, 10.20000000000000284 ) ) ;
#2037 = AXIS2_PLACEMENT_3D ( 'NONE', #1717, #4579, #1681 ) ;
#2038 = ORIENTED_EDGE ( 'NONE', *, *, #954, .F. ) ;
#2039 = CARTESIAN_POINT ( 'NONE',  ( 1.176575538379242003, -2.037888611415551221, 0.1302083333333103055 ) ) ;
#2040 = DIRECTION ( 'NONE',  ( 1.000000000000000000, 0.000000000000000000, 0.000000000000000000 ) ) ;
#2041 = CARTESIAN_POINT ( 'NONE',  ( 1.176575538379241559, -2.037888611415550777, 5.073958333333292714 ) ) ;
#2042 = ORIENTED_EDGE ( 'NONE', *, *, #5807, .T. ) ;
#2043 = CARTESIAN_POINT ( 'NONE',  ( -1.732050807568874307, 1.000000000000001332, -0.09583333333336729876 ) ) ;
#2044 = CARTESIAN_POINT ( 'NONE',  ( 1.154700538379248798, -1.999999999999994005, 2.995833333333291826 ) ) ;
#2045 = CARTESIAN_POINT ( 'NONE',  ( -0.8922005383792310784, 1.545336663013161527, -0.5916666666666908769 ) ) ;
#2046 = AXIS2_PLACEMENT_3D ( 'NONE', #1954, #3439, #3879 ) ;
#2047 = EDGE_CURVE ( 'NONE', #2185, #1350, #3040, .T. ) ;
#2048 = VERTEX_POINT ( 'NONE', #5288 ) ;
#2049 = CARTESIAN_POINT ( 'NONE',  ( -0.8922005383792330768, 1.545336663013160416, -4.091666666666681884 ) ) ;
#2050 = CARTESIAN_POINT ( 'NONE',  ( 0.000000000000000000, 1.545336663013155754, 3.637499999999967315 ) ) ;
#2051 = CARTESIAN_POINT ( 'NONE',  ( -2.495693764988901954E-16, -2.037888611415550333, -7.584375000000009415 ) ) ;
#2052 = CARTESIAN_POINT ( 'NONE',  ( 0.8922005383792531719, 1.545336663013148870, 4.191666666666631791 ) ) ;
#2053 = CARTESIAN_POINT ( 'NONE',  ( 1.732050807568874085, -0.9999999999999963363, -4.645833333333357906 ) ) ;
#2054 = DIRECTION ( 'NONE',  ( -1.000000000000000000, 0.000000000000000000, 0.000000000000000000 ) ) ;
#2055 = ORIENTED_EDGE ( 'NONE', *, *, #831, .T. ) ;
#2056 = ORIENTED_EDGE ( 'NONE', *, *, #4193, .F. ) ;
#2057 = CARTESIAN_POINT ( 'NONE',  ( 1.545336663013152867, 2.868816710768336858E-15, -8.000000000000000000 ) ) ;
#2058 = DIRECTION ( 'NONE',  ( -1.000000000000000000, -6.982962677686266711E-15, -3.944189176761724046E-30 ) ) ;
#2059 = CARTESIAN_POINT ( 'NONE',  ( 1.999999999999996669, 0.5358983848622463908, 3.056260739116941405 ) ) ;
#2060 = CARTESIAN_POINT ( 'NONE',  ( -1.545336663013152645, -0.4140717108885767495, -7.443739260883043052 ) ) ;
#2061 = CARTESIAN_POINT ( 'NONE',  ( 1.784401076758483473, 2.541027550711231709E-15, -7.037500000000007638 ) ) ;
#2062 = CARTESIAN_POINT ( 'NONE',  ( -1.732050807568873863, 1.000000000000001110, -2.983333333333341830 ) ) ;
#2063 = CARTESIAN_POINT ( 'NONE',  ( -0.8922005383792422917, -1.545336663013149758, -7.358333333333341386 ) ) ;
#2064 = ADVANCED_FACE ( 'NONE', ( #6207 ), #2896, .T. ) ;
#2065 = DIRECTION ( 'NONE',  ( -0.000000000000000000, -0.000000000000000000, 1.000000000000000000 ) ) ;
#2066 = CARTESIAN_POINT ( 'NONE',  ( 1.999999999999996225, 2.091679895156829610E-15, 0.9249999999999819478 ) ) ;
#2067 = ORIENTED_EDGE ( 'NONE', *, *, #5935, .F. ) ;
#2068 = CARTESIAN_POINT ( 'NONE',  ( 2.353151076758485338, 2.436549870658972734E-15, 0.2468749999999780287 ) ) ;
#2069 = CARTESIAN_POINT ( 'NONE',  ( -1.764863307568863782, -1.018944305707773390, 5.598958333333293069 ) ) ;
#2070 = CARTESIAN_POINT ( 'NONE',  ( 0.8922005383792480648, 1.545336663013151979, -4.908333333333346538 ) ) ;
#2071 = CARTESIAN_POINT ( 'NONE',  ( -1.999999999999985789, -7.560902090037740558E-15, 13.65685424949233884 ) ) ;
#2072 = CARTESIAN_POINT ( 'NONE',  ( 1.999999999999997113, 0.5358983848622465018, -1.756239260883066144 ) ) ;
#2073 = ORIENTED_EDGE ( 'NONE', *, *, #2023, .F. ) ;
#2074 = CARTESIAN_POINT ( 'NONE',  ( 1.999999999999996669, -7.553288510288552290E-15, -6.774999999999999467 ) ) ;
#2075 = CARTESIAN_POINT ( 'NONE',  ( 0.8922005383792411815, -1.545336663013150424, 4.045833333333298754 ) ) ;
#2076 = CARTESIAN_POINT ( 'NONE',  ( 2.353151076758484894, 2.436549870658972734E-15, -8.109375000000007105 ) ) ;
#2077 = DIRECTION ( 'NONE',  ( 1.000000000000000000, 0.000000000000000000, 0.000000000000000000 ) ) ;
#2078 = EDGE_CURVE ( 'NONE', #706, #2145, #3875, .T. ) ;
#2079 = CARTESIAN_POINT ( 'NONE',  ( 1.732050807568874973, 0.9999999999999997780, 3.870833333333289161 ) ) ;
#2080 =( BOUNDED_CURVE ( )  B_SPLINE_CURVE ( 2, ( #3995, #3546, #1593, #71, #3935, #4019, #2514, #4519, #4433 ),
 .UNSPECIFIED., .F., .F. ) 
 B_SPLINE_CURVE_WITH_KNOTS ( ( 3, 2, 2, 2, 3 ),
 ( 0.1759259259259259023, 0.1790123456790123357, 0.1851851851851851749, 0.1913580246913580141, 0.1944444444444444753 ),
 .UNSPECIFIED. ) 
 CURVE ( )  GEOMETRIC_REPRESENTATION_ITEM ( )  RATIONAL_B_SPLINE_CURVE ( ( 0.9330127018922191873, 0.9330127018922189652, 1.000000000000000000, 0.8660254037844387076, 1.000000000000000000, 0.8660254037844387076, 1.000000000000000000, 0.9330127018922185211, 0.9330127018922194093 ) ) 
 REPRESENTATION_ITEM ( '' )  );
#2081 = ORIENTED_EDGE ( 'NONE', *, *, #4512, .T. ) ;
#2082 = ORIENTED_EDGE ( 'NONE', *, *, #1911, .F. ) ;
#2083 = LINE ( 'NONE', #3498, #607 ) ;
#2084 = CARTESIAN_POINT ( 'NONE',  ( 1.999999999999996669, 0.5358983848622463908, 5.856260739116933678 ) ) ;
#2085 = CARTESIAN_POINT ( 'NONE',  ( -1.999999999999996225, 3.079417623425332547E-15, 6.174999999999967848 ) ) ;
#2086 = DIRECTION ( 'NONE',  ( -0.000000000000000000, -0.000000000000000000, 1.000000000000000000 ) ) ;
#2087 = CARTESIAN_POINT ( 'NONE',  ( -0.8922005383792422917, -1.545336663013149758, -5.870833333333344228 ) ) ;
#2088 = ORIENTED_EDGE ( 'NONE', *, *, #1386, .T. ) ;
#2089 = CARTESIAN_POINT ( 'NONE',  ( -1.545336663013153311, 3.747593145489319422E-15, -3.275000000000017231 ) ) ;
#2090 = CARTESIAN_POINT ( 'NONE',  ( 0.000000000000000000, -7.560902090037740558E-15, 13.65685424949233884 ) ) ;
#2091 = CARTESIAN_POINT ( 'NONE',  ( 1.999999999999985789, -7.315972730208273417E-15, 13.65685424949233884 ) ) ;
#2092 = EDGE_CURVE ( 'NONE', #6080, #5815, #1414, .T. ) ;
#2093 = ORIENTED_EDGE ( 'NONE', *, *, #2220, .T. ) ;
#2094 = CARTESIAN_POINT ( 'NONE',  ( 1.176575538379244001, 2.037888611415556106, 3.163541666666637830 ) ) ;
#2095 = CARTESIAN_POINT ( 'NONE',  ( 0.8922005383792637190, 1.545336663013142875, 3.579166666666633301 ) ) ;
#2096 = CARTESIAN_POINT ( 'NONE',  ( -1.764863307568863782, -1.018944305707773390, 3.498958333333296533 ) ) ;
#2097 = CARTESIAN_POINT ( 'NONE',  ( 1.154700538379250796, 1.999999999999999334, 2.529166666666626373 ) ) ;
#2098 = CARTESIAN_POINT ( 'NONE',  ( -0.8922005383792583899, -1.545336663013139988, 3.929166666666632501 ) ) ;
#2099 = CARTESIAN_POINT ( 'NONE',  ( -1.567472387358823882, 0.6990596888401130471, 7.359959332730114490 ) ) ;
#2100 = EDGE_CURVE ( 'NONE', #4562, #2967, #5668, .T. ) ;
#2101 = ORIENTED_EDGE ( 'NONE', *, *, #5464, .F. ) ;
#2102 = CARTESIAN_POINT ( 'NONE',  ( 1.545336663013152867, 2.868816710768336858E-15, -8.000000000000000000 ) ) ;
#2103 = CARTESIAN_POINT ( 'NONE',  ( 0.8922005383792411815, -1.545336663013150424, 3.345833333333301685 ) ) ;
#2104 = CARTESIAN_POINT ( 'NONE',  ( -1.764863307568863560, 1.018944305707779829, -7.817708333333341031 ) ) ;
#2105 = CARTESIAN_POINT ( 'NONE',  ( 1.338300807568869821, 0.7726683315065667745, 1.333333333333304394 ) ) ;
#2106 = AXIS2_PLACEMENT_3D ( 'NONE', #1499, #5884, #4870 ) ;
#2107 = CARTESIAN_POINT ( 'NONE',  ( -1.552639347747164944, -1.260678807558544667, 7.650000000000001243 ) ) ;
#2108 = ORIENTED_EDGE ( 'NONE', *, *, #3524, .F. ) ;
#2109 = AXIS2_PLACEMENT_3D ( 'NONE', #3899, #45, #2577 ) ;
#2110 = ORIENTED_EDGE ( 'NONE', *, *, #2859, .F. ) ;
#2111 = AXIS2_PLACEMENT_3D ( 'NONE', #3823, #2880, #4197 ) ;
#2112 = CARTESIAN_POINT ( 'NONE',  ( 1.999999999999996225, 2.091679895156829610E-15, -0.4750000000000146883 ) ) ;
#2113 = CARTESIAN_POINT ( 'NONE',  ( -1.338300807568874040, -0.7726683315065538959, 6.583333333333292181 ) ) ;
#2114 = CONICAL_SURFACE ( 'NONE', #1199, 1.443375672974069657, 0.7853981633974500554 ) ;
#2115 =( BOUNDED_CURVE ( )  B_SPLINE_CURVE ( 2, ( #3269, #4714, #43, #5283, #5184, #5216, #1882, #2329, #4242 ),
 .UNSPECIFIED., .F., .F. ) 
 B_SPLINE_CURVE_WITH_KNOTS ( ( 3, 2, 2, 2, 3 ),
 ( 0.4722222222222222099, 0.4753086419753086433, 0.4814814814814814548, 0.4876543209876543217, 0.4907407407407407551 ),
 .UNSPECIFIED. ) 
 CURVE ( )  GEOMETRIC_REPRESENTATION_ITEM ( )  RATIONAL_B_SPLINE_CURVE ( ( 0.9330127018922194093, 0.9330127018922194093, 1.000000000000000000, 0.8660254037844387076, 1.000000000000000000, 0.8660254037844387076, 1.000000000000000000, 0.9330127018922187432, 0.9330127018922194093 ) ) 
 REPRESENTATION_ITEM ( '' )  );
#2116 = CARTESIAN_POINT ( 'NONE',  ( 1.545336663013152867, 2.868816710768336858E-15, -8.000000000000000000 ) ) ;
#2117 = ADVANCED_FACE ( 'NONE', ( #4719 ), #904, .T. ) ;
#2118 = CARTESIAN_POINT ( 'NONE',  ( 1.784401076758483473, 2.541027550711231709E-15, -4.937500000000012434 ) ) ;
#2119 = VERTEX_POINT ( 'NONE', #4813 ) ;
#2120 = CARTESIAN_POINT ( 'NONE',  ( 1.545336663013151313, 1.289869268680045045E-14, 2.674999999999970068 ) ) ;
#2121 = CARTESIAN_POINT ( 'NONE',  ( 1.784401076758483473, 2.541027550711231709E-15, -6.425000000000009592 ) ) ;
#2122 = DIRECTION ( 'NONE',  ( 0.000000000000000000, 0.000000000000000000, -1.000000000000000000 ) ) ;
#2123 = CARTESIAN_POINT ( 'NONE',  ( 1.545336663013153311, 9.848326173030075016E-15, -3.537500000000014744 ) ) ;
#2124 = ORIENTED_EDGE ( 'NONE', *, *, #3047, .T. ) ;
#2125 = CARTESIAN_POINT ( 'NONE',  ( -1.176575538379242447, 2.037888611415556994, 4.680208333333300885 ) ) ;
#2126 = CARTESIAN_POINT ( 'NONE',  ( -1.154700538379249020, 1.999999999999999334, -6.541666666666666075 ) ) ;
#2127 = CARTESIAN_POINT ( 'NONE',  ( -2.353151076758484894, 3.012905657471457707E-15, 9.740624999999946354 ) ) ;
#2128 = CARTESIAN_POINT ( 'NONE',  ( 1.545336663013153089, 9.499712857170600653E-15, -2.837500000000016787 ) ) ;
#2129 = CARTESIAN_POINT ( 'NONE',  ( 0.000000000000000000, -7.560902090037740558E-15, 13.65685424949233884 ) ) ;
#2130 = CARTESIAN_POINT ( 'NONE',  ( -0.9088291319145475056, 1.708368442353727534, 7.581401492689860078 ) ) ;
#2131 = EDGE_LOOP ( 'NONE', ( #5385, #3519, #3600, #4165 ) ) ;
#2132 = CARTESIAN_POINT ( 'NONE',  ( 0.8922005383792426247, 1.545336663013155087, 7.079166666666624863 ) ) ;
#2133 = CARTESIAN_POINT ( 'NONE',  ( 2.353151076758484894, 2.436549870658972734E-15, -3.909375000000018030 ) ) ;
#2134 = CARTESIAN_POINT ( 'NONE',  ( 1.428048510525155468, -1.023259544603793536, 7.392887562289872427 ) ) ;
#2135 = EDGE_CURVE ( 'NONE', #5085, #4313, #4213, .T. ) ;
#2136 = CARTESIAN_POINT ( 'NONE',  ( 1.999999999999996669, -0.5358983848622422830, 5.881239260882986208 ) ) ;
#2137 = ORIENTED_EDGE ( 'NONE', *, *, #3382, .T. ) ;
#2138 = CARTESIAN_POINT ( 'NONE',  ( -1.784401076758483473, 2.978079764120704978E-15, 0.9249999999999727329 ) ) ;
#2139 = ORIENTED_EDGE ( 'NONE', *, *, #1386, .F. ) ;
#2140 = DIRECTION ( 'NONE',  ( 0.000000000000000000, 0.000000000000000000, 1.000000000000000000 ) ) ;
#2141 = CARTESIAN_POINT ( 'NONE',  ( -1.732050807568874085, -0.9999999999999947820, -0.7666666666666804852 ) ) ;
#2142 = CARTESIAN_POINT ( 'NONE',  ( 1.338300807568860495, -0.7726683315065775437, 6.816666666666623797 ) ) ;
#2143 = CARTESIAN_POINT ( 'NONE',  ( -1.545336663013153311, 3.747593145489319422E-15, -3.275000000000017231 ) ) ;
#2144 = CARTESIAN_POINT ( 'NONE',  ( 1.338300807568863382, 0.7726683315065783209, -3.479166666666682506 ) ) ;
#2145 = VERTEX_POINT ( 'NONE', #6141 ) ;
#2146 = CARTESIAN_POINT ( 'NONE',  ( 1.545336663013153311, 8.773435115796704671E-15, -1.525000000000021005 ) ) ;
#2147 = CARTESIAN_POINT ( 'NONE',  ( -0.8922005383792422917, -1.545336663013149758, -5.258333333333345294 ) ) ;
#2148 =( BOUNDED_CURVE ( )  B_SPLINE_CURVE ( 2, ( #41, #5401, #986, #5813, #5310, #610, #2484, #5343, #5881 ),
 .UNSPECIFIED., .F., .F. ) 
 B_SPLINE_CURVE_WITH_KNOTS ( ( 3, 2, 2, 2, 3 ),
 ( 0.2870370370370370350, 0.2901234567901234684, 0.2962962962962962798, 0.3024691358024691468, 0.3055555555555555802 ),
 .UNSPECIFIED. ) 
 CURVE ( )  GEOMETRIC_REPRESENTATION_ITEM ( )  RATIONAL_B_SPLINE_CURVE ( ( 0.9330127018922194093, 0.9330127018922194093, 1.000000000000000000, 0.8660254037844387076, 1.000000000000000000, 0.8660254037844387076, 1.000000000000000000, 0.9330127018922187432, 0.9330127018922194093 ) ) 
 REPRESENTATION_ITEM ( '' )  );
#2149 = CARTESIAN_POINT ( 'NONE',  ( -1.999999999999996669, -6.565550782020048959E-15, -0.1250000000000149603 ) ) ;
#2150 = EDGE_CURVE ( 'NONE', #4915, #2571, #905, .T. ) ;
#2151 = CARTESIAN_POINT ( 'NONE',  ( 1.545336663013152867, -0.4140717108885775266, -7.856260739116969205 ) ) ;
#2152 = EDGE_LOOP ( 'NONE', ( #3569, #4569, #795, #1423 ) ) ;
#2153 = CARTESIAN_POINT ( 'NONE',  ( 1.176575538379242003, -2.037888611415551221, 1.530208333333307191 ) ) ;
#2154 = CARTESIAN_POINT ( 'NONE',  ( 2.000000000000001776, 0.5358983848622375090, -6.743739260883035769 ) ) ;
#2155 = CARTESIAN_POINT ( 'NONE',  ( -1.176575538379243113, -2.037888611415549889, 7.757291666666620955 ) ) ;
#2156 = CARTESIAN_POINT ( 'NONE',  ( 1.999999999999995337, -0.5358983848622443924, -5.318760739116986436 ) ) ;
#2157 = CARTESIAN_POINT ( 'NONE',  ( -9.085872737170555280E-15, -1.545336663013149980, -1.700000000000021050 ) ) ;
#2158 = SHAPE_DEFINITION_REPRESENTATION ( #2348, #5546 ) ;
#2159 = CARTESIAN_POINT ( 'NONE',  ( 1.714640806637737436, 0.5926606633481253938, 7.460259609161994376 ) ) ;
#2160 = ORIENTED_EDGE ( 'NONE', *, *, #2889, .T. ) ;
#2161 = CARTESIAN_POINT ( 'NONE',  ( 0.8922005383792398492, -1.545336663013150869, -6.541666666666677621 ) ) ;
#2162 = CARTESIAN_POINT ( 'NONE',  ( -1.892491597964109718E-16, -1.545336663013149980, 5.387499999999961986 ) ) ;
#2163 = CARTESIAN_POINT ( 'NONE',  ( -1.176575538379242447, 2.037888611415556550, -0.8760416666666924757 ) ) ;
#2164 = CARTESIAN_POINT ( 'NONE',  ( 1.154700538379248798, -1.999999999999993561, 7.108333333333300530 ) ) ;
#2165 = FACE_OUTER_BOUND ( 'NONE', #3836, .T. ) ;
#2166 = ORIENTED_EDGE ( 'NONE', *, *, #2695, .T. ) ;
#2167 = CARTESIAN_POINT ( 'NONE',  ( -1.338300807568862716, 0.7726683315065794311, 0.1666666666666413721 ) ) ;
#2168 = ORIENTED_EDGE ( 'NONE', *, *, #3256, .T. ) ;
#2169 = EDGE_CURVE ( 'NONE', #2001, #3855, #4484, .T. ) ;
#2170 = VECTOR ( 'NONE', #822, 1000.000000000000000 ) ;
#2171 = CARTESIAN_POINT ( 'NONE',  ( 1.338300807568863382, 0.7726683315065783209, 4.833333333333295734 ) ) ;
#2172 = CARTESIAN_POINT ( 'NONE',  ( -1.545336663013154643, 7.814748497183156485E-15, 2.412499999999971223 ) ) ;
#2173 = CARTESIAN_POINT ( 'NONE',  ( -1.732050807568874529, -0.9999999999999950040, 3.520833333333289961 ) ) ;
#2174 = CARTESIAN_POINT ( 'NONE',  ( -1.545336663013151757, 3.457082048939760872E-15, 6.524999999999960387 ) ) ;
#2175 =( BOUNDED_CURVE ( )  B_SPLINE_CURVE ( 2, ( #5674, #2339, #5705, #2746, #4256, #3312, #840, #1769, #6116 ),
 .UNSPECIFIED., .F., .T. ) 
 B_SPLINE_CURVE_WITH_KNOTS ( ( 3, 2, 2, 2, 3 ),
 ( 0.2314814814814815103, 0.2345679012345678882, 0.2407407407407407274, 0.2469135802469135665, 0.2500000000000000555 ),
 .UNSPECIFIED. ) 
 CURVE ( )  GEOMETRIC_REPRESENTATION_ITEM ( )  RATIONAL_B_SPLINE_CURVE ( ( 0.9330127018922194093, 0.9330127018922202975, 1.000000000000000000, 0.8660254037844387076, 1.000000000000000000, 0.8660254037844387076, 1.000000000000000000, 0.9330127018922180770, 0.9330127018922192983 ) ) 
 REPRESENTATION_ITEM ( '' )  );
#2176 = DIRECTION ( 'NONE',  ( -0.7071067811865487940, 0.000000000000000000, 0.7071067811865463515 ) ) ;
#2177 = DIRECTION ( 'NONE',  ( -0.000000000000000000, -0.000000000000000000, 1.000000000000000000 ) ) ;
#2178 = EDGE_CURVE ( 'NONE', #442, #5220, #1299, .T. ) ;
#2179 = CARTESIAN_POINT ( 'NONE',  ( -1.892491597964109718E-16, -1.545336663013149980, -5.812500000000010658 ) ) ;
#2180 = ORIENTED_EDGE ( 'NONE', *, *, #5253, .F. ) ;
#2181 = CARTESIAN_POINT ( 'NONE',  ( -1.999999999999996225, -1.621051918746543165E-14, 2.674999999999979394 ) ) ;
#2182 = CARTESIAN_POINT ( 'NONE',  ( -1.338300807568862938, -0.7726683315065733249, -5.316666666666679752 ) ) ;
#2183 = LINE ( 'NONE', #1745, #1099 ) ;
#2184 = CARTESIAN_POINT ( 'NONE',  ( 0.9062599177565324737, -1.251702186432756658, -7.929663336986862099 ) ) ;
#2185 = VERTEX_POINT ( 'NONE', #2074 ) ;
#2186 = CARTESIAN_POINT ( 'NONE',  ( 1.176575538379242003, -2.037888611415551221, 2.230208333333306481 ) ) ;
#2187 = EDGE_CURVE ( 'NONE', #1577, #3128, #1342, .T. ) ;
#2188 =( BOUNDED_CURVE ( )  B_SPLINE_CURVE ( 2, ( #4017, #129, #548, #5850, #1971, #3930, #1496, #2455, #2951 ),
 .UNSPECIFIED., .F., .F. ) 
 B_SPLINE_CURVE_WITH_KNOTS ( ( 3, 2, 2, 2, 3 ),
 ( 0.7685185185185184897, 0.7716049382716049232, 0.7777777777777777901, 0.7839506172839506570, 0.7870370370370370905 ),
 .UNSPECIFIED. ) 
 CURVE ( )  GEOMETRIC_REPRESENTATION_ITEM ( )  RATIONAL_B_SPLINE_CURVE ( ( 0.9330127018922194093, 0.9330127018922194093, 1.000000000000000000, 0.8660254037844387076, 1.000000000000000000, 0.8660254037844387076, 1.000000000000000000, 0.9330127018922180770, 0.9330127018922192983 ) ) 
 REPRESENTATION_ITEM ( '' )  );
#2189 = CARTESIAN_POINT ( 'NONE',  ( 1.545336663013152867, 2.868816710768336858E-15, -8.000000000000000000 ) ) ;
#2190 = CARTESIAN_POINT ( 'NONE',  ( -1.764863307568863782, -1.018944305707773390, 7.698958333333286497 ) ) ;
#2191 = FACE_OUTER_BOUND ( 'NONE', #5811, .T. ) ;
#2192 = CARTESIAN_POINT ( 'NONE',  ( -1.545336663013152867, -0.4140717108885713094, -1.843739260883056286 ) ) ;
#2193 = CARTESIAN_POINT ( 'NONE',  ( -1.876257702866087174, 0.6833898078481813743, 7.632460273461246558 ) ) ;
#2194 = ORIENTED_EDGE ( 'NONE', *, *, #4249, .T. ) ;
#2195 = CARTESIAN_POINT ( 'NONE',  ( -1.338300807568867823, -0.7726683315065644431, 4.570833333333298221 ) ) ;
#2196 = ADVANCED_FACE ( 'NONE', ( #527 ), #49, .T. ) ;
#2197 = CARTESIAN_POINT ( 'NONE',  ( -1.338300807568862938, -0.7726683315065733249, 4.570833333333298221 ) ) ;
#2198 = CARTESIAN_POINT ( 'NONE',  ( -2.353151076758484894, 3.012905657471457707E-15, -2.859375000000020428 ) ) ;
#2199 = CARTESIAN_POINT ( 'NONE',  ( -1.545336663013153311, 4.967739750997471014E-15, -1.087500000000021005 ) ) ;
#2200 = LINE ( 'NONE', #4211, #89 ) ;
#2201 = VERTEX_POINT ( 'NONE', #1570 ) ;
#2202 = CARTESIAN_POINT ( 'NONE',  ( -0.8922005383792422917, -1.545336663013149758, 2.441666666666635344 ) ) ;
#2203 = VERTEX_POINT ( 'NONE', #5858 ) ;
#2204 = CARTESIAN_POINT ( 'NONE',  ( 1.338300807568862494, -0.7726683315065742130, 4.016666666666631968 ) ) ;
#2205 = DIRECTION ( 'NONE',  ( 0.000000000000000000, 0.000000000000000000, -1.000000000000000000 ) ) ;
#2206 = CIRCLE ( 'NONE', #283, 3.800000000000006040 ) ;
#2207 = CARTESIAN_POINT ( 'NONE',  ( 0.3409521457388245413, 1.709958160574466923, -7.765041839425576242 ) ) ;
#2208 = CARTESIAN_POINT ( 'NONE',  ( 1.545336663013152867, 2.868816710768336858E-15, -8.000000000000000000 ) ) ;
#2209 = CARTESIAN_POINT ( 'NONE',  ( -1.545336663013153533, 0.4140717108885836328, -7.418760739116970981 ) ) ;
#2210 = CARTESIAN_POINT ( 'NONE',  ( 1.999999999999996225, 2.091679895156829610E-15, -2.575000000000008615 ) ) ;
#2211 = AXIS2_PLACEMENT_3D ( 'NONE', #5368, #606, #1046 ) ;
#2212 = CARTESIAN_POINT ( 'NONE',  ( 1.545336663013151535, -4.938688641342515672E-16, -0.1250000000000237310 ) ) ;
#2213 = VECTOR ( 'NONE', #1045, 1000.000000000000000 ) ;
#2214 = APPLICATION_CONTEXT ( 'configuration controlled 3d designs of mechanical parts and assemblies' ) ;
#2215 = CARTESIAN_POINT ( 'NONE',  ( 1.338300807568862494, -0.7726683315065742130, -5.695833333333344406 ) ) ;
#2216 = VERTEX_POINT ( 'NONE', #618 ) ;
#2217 = CARTESIAN_POINT ( 'NONE',  ( -0.8922005383792184219, 1.545336663013169076, 2.908333333333300796 ) ) ;
#2218 = CARTESIAN_POINT ( 'NONE',  ( 0.8922005383792411815, -1.545336663013150424, -5.141666666666679930 ) ) ;
#2219 = CARTESIAN_POINT ( 'NONE',  ( -1.338300807568860495, 0.7726683315065832058, -3.245833333333349557 ) ) ;
#2220 = EDGE_CURVE ( 'NONE', #3275, #1576, #5407, .T. ) ;
#2221 = CARTESIAN_POINT ( 'NONE',  ( -1.999999999999996669, -6.565550782020048959E-15, 0.5749999999999836353 ) ) ;
#2222 = VECTOR ( 'NONE', #3638, 1000.000000000000000 ) ;
#2223 = CARTESIAN_POINT ( 'NONE',  ( -2.495693764988902447E-16, -2.037888611415550777, 2.171874999999972466 ) ) ;
#2224 = CARTESIAN_POINT ( 'NONE',  ( -1.154700538379250352, -1.999999999999993117, 7.079166666666614205 ) ) ;
#2225 = CARTESIAN_POINT ( 'NONE',  ( 1.176575538379241559, -2.037888611415550777, 7.873958333333285431 ) ) ;
#2226 = DIRECTION ( 'NONE',  ( 0.000000000000000000, 0.000000000000000000, -1.000000000000000000 ) ) ;
#2227 = CARTESIAN_POINT ( 'NONE',  ( -1.250000000000004663, 0.7216878364870283891, 8.660000000000001918 ) ) ;
#2228 = DATE_AND_TIME ( #6099, #4832 ) ;
#2229 = FACE_OUTER_BOUND ( 'NONE', #3563, .T. ) ;
#2230 =( BOUNDED_CURVE ( )  B_SPLINE_CURVE ( 2, ( #5405, #2072, #3016, #3996, #5913, #1594, #4077, #6002, #3671 ),
 .UNSPECIFIED., .F., .T. ) 
 B_SPLINE_CURVE_WITH_KNOTS ( ( 3, 2, 2, 2, 3 ),
 ( 0.3611111111111111049, 0.3641975308641975384, 0.3703703703703703498, 0.3765432098765432167, 0.3796296296296296502 ),
 .UNSPECIFIED. ) 
 CURVE ( )  GEOMETRIC_REPRESENTATION_ITEM ( )  RATIONAL_B_SPLINE_CURVE ( ( 0.9330127018922194093, 0.9330127018922194093, 1.000000000000000000, 0.8660254037844387076, 1.000000000000000000, 0.8660254037844387076, 1.000000000000000000, 0.9330127018922187432, 0.9330127018922194093 ) ) 
 REPRESENTATION_ITEM ( '' )  );
#2231 = ORIENTED_EDGE ( 'NONE', *, *, #5078, .T. ) ;
#2232 = CARTESIAN_POINT ( 'NONE',  ( 1.545336663013153089, 2.788906526875773602E-15, -6.425000000000008704 ) ) ;
#2233 = CARTESIAN_POINT ( 'NONE',  ( 0.8922005383792411815, -1.545336663013150424, 6.845833333333291471 ) ) ;
#2234 = CARTESIAN_POINT ( 'NONE',  ( 0.000000000000000000, 2.037888611415556550, -3.034375000000020695 ) ) ;
#2235 = FACE_OUTER_BOUND ( 'NONE', #5722, .T. ) ;
#2236 = EDGE_CURVE ( 'NONE', #1663, #4905, #1990, .T. ) ;
#2237 = FACE_OUTER_BOUND ( 'NONE', #2131, .T. ) ;
#2238 = VERTEX_POINT ( 'NONE', #2579 ) ;
#2239 = CARTESIAN_POINT ( 'NONE',  ( 1.338300807568863382, 0.7726683315065783209, 1.333333333333304394 ) ) ;
#2240 = EDGE_LOOP ( 'NONE', ( #433, #1166, #3820, #6072 ) ) ;
#2241 = CARTESIAN_POINT ( 'NONE',  ( 0.8922005383792426247, 1.545336663013155087, 6.291666666666626107 ) ) ;
#2242 = CARTESIAN_POINT ( 'NONE',  ( -1.545336663013148426, 0.4140717108885939024, 6.493739260882994913 ) ) ;
#2243 = CARTESIAN_POINT ( 'NONE',  ( 1.817174547434111056E-14, 1.545336663013155754, 4.949999999999962874 ) ) ;
#2244 = CARTESIAN_POINT ( 'NONE',  ( 1.338300807568863826, 0.7726683315065773217, -0.7666666666666906993 ) ) ;
#2245 = CARTESIAN_POINT ( 'NONE',  ( 0.8922005383792250832, -1.545336663013159750, 0.5458333333333078574 ) ) ;
#2246 = PRODUCT ( '92095A194_18-8 Stainless Steel Button Head Hex-Drive Screw', '92095A194_18-8 Stainless Steel Button Head Hex-Drive Screw', '', ( #764 ) ) ;
#2247 = CARTESIAN_POINT ( 'NONE',  ( 0.000000000000000000, -5.761269458237980497E-15, 10.20000000000000284 ) ) ;
#2248 = CARTESIAN_POINT ( 'NONE',  ( 0.8922005383792411815, -1.545336663013150424, -0.8541666666666888341 ) ) ;
#2249 = ORIENTED_EDGE ( 'NONE', *, *, #588, .T. ) ;
#2250 = CARTESIAN_POINT ( 'NONE',  ( 1.545336663013154421, 1.760497245090331648E-14, 4.862499999999966960 ) ) ;
#2251 = CARTESIAN_POINT ( 'NONE',  ( 0.8922005383792411815, -1.545336663013150424, -6.541666666666676733 ) ) ;
#2252 = DIRECTION ( 'NONE',  ( -0.000000000000000000, -0.000000000000000000, 1.000000000000000000 ) ) ;
#2253 = FACE_OUTER_BOUND ( 'NONE', #412, .T. ) ;
#2254 = CARTESIAN_POINT ( 'NONE',  ( -2.495693764988902447E-16, -2.037888611415550777, 7.071874999999960387 ) ) ;
#2255 = EDGE_CURVE ( 'NONE', #249, #1208, #2990, .T. ) ;
#2256 = LINE ( 'NONE', #2189, #3625 ) ;
#2257 = CARTESIAN_POINT ( 'NONE',  ( 1.176575538379243557, 2.037888611415555662, 10.20729166666661669 ) ) ;
#2258 = CARTESIAN_POINT ( 'NONE',  ( 1.154700538379248798, -1.999999999999994005, -5.404166666666688990 ) ) ;
#2259 = CARTESIAN_POINT ( 'NONE',  ( -1.545336663013153311, 4.561024215828087150E-15, -1.875000000000020428 ) ) ;
#2260 = CALENDAR_DATE ( 2026, 25, 6 ) ;
#2261 = CARTESIAN_POINT ( 'NONE',  ( 1.545336663013153311, 9.122048431656175878E-15, -2.225000000000019185 ) ) ;
#2262 = ORIENTED_EDGE ( 'NONE', *, *, #4984, .F. ) ;
#2263 = CARTESIAN_POINT ( 'NONE',  ( 2.353151076758485338, 2.436549870658972734E-15, -3.253125000000013589 ) ) ;
#2264 = EDGE_CURVE ( 'NONE', #2119, #2453, #8, .T. ) ;
#2265 = CARTESIAN_POINT ( 'NONE',  ( -1.892491597964109718E-16, -1.545336663013149980, 6.787499999999958789 ) ) ;
#2266 = CARTESIAN_POINT ( 'NONE',  ( 1.176575538379241559, -2.037888611415550777, -1.926041666666689745 ) ) ;
#2267 = CARTESIAN_POINT ( 'NONE',  ( 0.000000000000000000, -7.560902090037740558E-15, 13.65685424949233884 ) ) ;
#2268 = CARTESIAN_POINT ( 'NONE',  ( 0.000000000000000000, 2.868816710768336858E-15, -8.000000000000000000 ) ) ;
#2269 = ORIENTED_EDGE ( 'NONE', *, *, #922, .T. ) ;
#2270 = CARTESIAN_POINT ( 'NONE',  ( 1.784401076758483473, 2.541027550711231709E-15, 1.974999999999969891 ) ) ;
#2271 = LINE ( 'NONE', #6111, #3212 ) ;
#2272 = CARTESIAN_POINT ( 'NONE',  ( -1.338300807568862716, 0.7726683315065794311, 4.366666666666629837 ) ) ;
#2273 = EDGE_CURVE ( 'NONE', #4030, #4652, #3052, .T. ) ;
#2274 = CARTESIAN_POINT ( 'NONE',  ( -1.154700538379250352, -1.999999999999993117, -2.720833333333362081 ) ) ;
#2275 = CARTESIAN_POINT ( 'NONE',  ( 1.999999999999996669, 2.091679895156829610E-15, 3.812499999999955591 ) ) ;
#2276 = CARTESIAN_POINT ( 'NONE',  ( 1.732050807568874751, 0.9999999999999995559, 1.683333333333313364 ) ) ;
#2277 = CARTESIAN_POINT ( 'NONE',  ( 1.545336663013153533, -0.4140717108885803022, 0.6312392608830098562 ) ) ;
#2278 = CARTESIAN_POINT ( 'NONE',  ( 1.545336663013153089, 0.4140717108885803577, -5.606239260883048026 ) ) ;
#2279 = ORIENTED_EDGE ( 'NONE', *, *, #2100, .T. ) ;
#2280 = CARTESIAN_POINT ( 'NONE',  ( 1.338300807568876261, 0.7726683315065555613, 4.920833333333296089 ) ) ;
#2281 = CARTESIAN_POINT ( 'NONE',  ( 0.000000000000000000, 1.545336663013155754, -1.350000000000022293 ) ) ;
#2282 = CARTESIAN_POINT ( 'NONE',  ( 1.545336663013154421, -0.4140717108885846875, 1.243739260883008013 ) ) ;
#2283 = CARTESIAN_POINT ( 'NONE',  ( 1.545336663013151313, 1.289869268680045045E-14, 2.674999999999970068 ) ) ;
#2284 =( BOUNDED_CURVE ( )  B_SPLINE_CURVE ( 2, ( #4643, #215, #1229, #2597, #3633, #4510, #180, #6024, #4542 ),
 .UNSPECIFIED., .F., .F. ) 
 B_SPLINE_CURVE_WITH_KNOTS ( ( 3, 2, 2, 2, 3 ),
 ( 0.2870370370370370905, 0.2901234567901234684, 0.2962962962962962798, 0.3024691358024691468, 0.3055555555555555802 ),
 .UNSPECIFIED. ) 
 CURVE ( )  GEOMETRIC_REPRESENTATION_ITEM ( )  RATIONAL_B_SPLINE_CURVE ( ( 0.9330127018922192983, 0.9330127018922205195, 1.000000000000000000, 0.8660254037844387076, 1.000000000000000000, 0.8660254037844387076, 1.000000000000000000, 0.9330127018922187432, 0.9330127018922194093 ) ) 
 REPRESENTATION_ITEM ( '' )  );
#2285 = CARTESIAN_POINT ( 'NONE',  ( -1.176575538379242447, 2.037888611415556994, 5.380208333333297510 ) ) ;
#2286 = DIRECTION ( 'NONE',  ( 1.000000000000000000, 0.000000000000000000, 0.000000000000000000 ) ) ;
#2287 = FACE_OUTER_BOUND ( 'NONE', #1343, .T. ) ;
#2288 = CARTESIAN_POINT ( 'NONE',  ( 1.545336663013151535, 1.010978615992467605E-14, 0.5749999999999743094 ) ) ;
#2289 = DIRECTION ( 'NONE',  ( 0.000000000000000000, 0.000000000000000000, -1.000000000000000000 ) ) ;
#2290 = PERSON_AND_ORGANIZATION ( #4281, #3728 ) ;
#2291 = CARTESIAN_POINT ( 'NONE',  ( 1.999999999999997113, -2.672702088255949867E-15, -4.587500000000023448 ) ) ;
#2292 = ORIENTED_EDGE ( 'NONE', *, *, #2169, .F. ) ;
#2293 = CARTESIAN_POINT ( 'NONE',  ( 1.176575538379244001, 2.037888611415556106, -3.136458333333347781 ) ) ;
#2294 = CARTESIAN_POINT ( 'NONE',  ( 1.338300807568863382, 0.7726683315065783209, 9.820833333333283122 ) ) ;
#2295 = CARTESIAN_POINT ( 'NONE',  ( -1.764863307568863560, 1.018944305707779829, -0.1177083333333602683 ) ) ;
#2296 = EDGE_CURVE ( 'NONE', #5482, #2341, #1098, .T. ) ;
#2297 = CARTESIAN_POINT ( 'NONE',  ( 0.000000000000000000, 2.868816710768336858E-15, -8.000000000000000000 ) ) ;
#2298 = ORIENTED_EDGE ( 'NONE', *, *, #6245, .F. ) ;
#2299 = DIRECTION ( 'NONE',  ( 0.000000000000000000, 0.000000000000000000, -1.000000000000000000 ) ) ;
#2300 = ORIENTED_EDGE ( 'NONE', *, *, #1404, .F. ) ;
#2301 = CARTESIAN_POINT ( 'NONE',  ( -1.784401076758483473, 2.978079764120704978E-15, 6.524999999999957723 ) ) ;
#2302 = CARTESIAN_POINT ( 'NONE',  ( 1.476526059800571657E-14, 1.545336663013155754, -1.262500000000021494 ) ) ;
#2303 = CARTESIAN_POINT ( 'NONE',  ( -0.8922005383792400712, 1.545336663013156642, -6.891666666666675489 ) ) ;
#2304 = VERTEX_POINT ( 'NONE', #4148 ) ;
#2305 = CARTESIAN_POINT ( 'NONE',  ( -7.193381139206446104E-15, -1.545336663013149980, -5.200000000000012612 ) ) ;
#2306 = CARTESIAN_POINT ( 'NONE',  ( -1.154700538379250352, -1.999999999999993117, 1.479166666666627439 ) ) ;
#2307 = CYLINDRICAL_SURFACE ( 'NONE', #4622, 1.545336663013152867 ) ;
#2308 = ORIENTED_EDGE ( 'NONE', *, *, #644, .T. ) ;
#2309 = VERTEX_POINT ( 'NONE', #2607 ) ;
#2310 = CARTESIAN_POINT ( 'NONE',  ( 0.000000000000000000, 2.868816710768336858E-15, -8.000000000000000000 ) ) ;
#2311 = CARTESIAN_POINT ( 'NONE',  ( 0.000000000000000000, 1.545336663013155754, -2.050000000000020695 ) ) ;
#2312 = CARTESIAN_POINT ( 'NONE',  ( 1.338300807568850948, -0.7726683315065938640, 1.216666666666638585 ) ) ;
#2313 = AXIS2_PLACEMENT_3D ( 'NONE', #143, #2058, #1156 ) ;
#2314 = CARTESIAN_POINT ( 'NONE',  ( -1.545336663013151535, 1.446745260816807561E-14, 5.124999999999962697 ) ) ;
#2315 = CARTESIAN_POINT ( 'NONE',  ( 1.176575538379244001, 2.037888611415556106, 5.963541666666628771 ) ) ;
#2316 = CARTESIAN_POINT ( 'NONE',  ( 1.732050807568874751, 0.9999999999999995559, 2.383333333333312876 ) ) ;
#2317 = AXIS2_PLACEMENT_3D ( 'NONE', #3915, #566, #2474 ) ;
#2318 = CARTESIAN_POINT ( 'NONE',  ( -1.545336663013151313, -0.4140717108885741959, -3.856239260883049802 ) ) ;
#2319 = CARTESIAN_POINT ( 'NONE',  ( 1.545336663013149536, 0.4140717108885845765, 0.6062607391169382298 ) ) ;
#2320 = CARTESIAN_POINT ( 'NONE',  ( 1.806354028742331011E-16, 1.474999999999995870, -8.000000000000000000 ) ) ;
#2321 = DIRECTION ( 'NONE',  ( -1.000000000000000000, 0.000000000000000000, 0.000000000000000000 ) ) ;
#2322 = AXIS2_PLACEMENT_3D ( 'NONE', #6246, #473, #2054 ) ;
#2323 =( BOUNDED_CURVE ( )  B_SPLINE_CURVE ( 2, ( #160, #1654, #4965, #1146, #5404, #2044, #672, #3015, #192 ),
 .UNSPECIFIED., .F., .F. ) 
 B_SPLINE_CURVE_WITH_KNOTS ( ( 3, 2, 2, 2, 3 ),
 ( 0.6018518518518518601, 0.6049382716049382935, 0.6111111111111111605, 0.6172839506172839164, 0.6203703703703703498 ),
 .UNSPECIFIED. ) 
 CURVE ( )  GEOMETRIC_REPRESENTATION_ITEM ( )  RATIONAL_B_SPLINE_CURVE ( ( 0.9330127018922194093, 0.9330127018922194093, 1.000000000000000000, 0.8660254037844387076, 1.000000000000000000, 0.8660254037844387076, 1.000000000000000000, 0.9330127018922194093, 0.9330127018922194093 ) ) 
 REPRESENTATION_ITEM ( '' )  );
#2324 = VERTEX_POINT ( 'NONE', #737 ) ;
#2325 = CARTESIAN_POINT ( 'NONE',  ( 1.764863307568864892, 1.018944305707778497, -3.194791666666680907 ) ) ;
#2326 = DIRECTION ( 'NONE',  ( -0.000000000000000000, -0.000000000000000000, 1.000000000000000000 ) ) ;
#2327 = CARTESIAN_POINT ( 'NONE',  ( 1.764863307568863338, -1.018944305707774722, 0.9322916666666368757 ) ) ;
#2328 = AXIS2_PLACEMENT_3D ( 'NONE', #2510, #102, #2040 ) ;
#2329 = CARTESIAN_POINT ( 'NONE',  ( -1.999999999999999112, 0.5358983848622429491, 0.6312392608829996421 ) ) ;
#2330 = CARTESIAN_POINT ( 'NONE',  ( 1.732050807568874973, 0.9999999999999997780, 1.070833333333295778 ) ) ;
#2331 = CARTESIAN_POINT ( 'NONE',  ( 1.545336663013151313, 1.028409281785441324E-14, 6.174999999999959854 ) ) ;
#2332 = EDGE_LOOP ( 'NONE', ( #3807, #3351, #55, #4603 ) ) ;
#2333 = CARTESIAN_POINT ( 'NONE',  ( 1.154700538379248798, -1.999999999999993561, -6.891666666666665719 ) ) ;
#2334 = CARTESIAN_POINT ( 'NONE',  ( -1.338300807568859607, 0.7726683315065845381, -0.4458333333333570625 ) ) ;
#2335 = CARTESIAN_POINT ( 'NONE',  ( 1.784401076758483473, 2.541027550711231709E-15, 9.674999999999950973 ) ) ;
#2336 = ADVANCED_FACE ( 'NONE', ( #2734 ), #5532, .F. ) ;
#2337 = CARTESIAN_POINT ( 'NONE',  ( 1.999999999999996669, -0.5358983848622422830, -2.518760739116993275 ) ) ;
#2338 = CARTESIAN_POINT ( 'NONE',  ( 1.154700538379250796, 1.999999999999999334, -5.870833333333353998 ) ) ;
#2339 = CARTESIAN_POINT ( 'NONE',  ( -1.545336663013151313, -0.4140717108885741959, -3.943739260883051045 ) ) ;
#2340 = CARTESIAN_POINT ( 'NONE',  ( 1.999999999999996669, -0.5358983848622422830, -1.818760739116995095 ) ) ;
#2341 = VERTEX_POINT ( 'NONE', #2232 ) ;
#2342 = ORIENTED_EDGE ( 'NONE', *, *, #3892, .T. ) ;
#2343 = CARTESIAN_POINT ( 'NONE',  ( 1.154700538379248798, -1.999999999999994005, 6.495833333333282056 ) ) ;
#2344 = CARTESIAN_POINT ( 'NONE',  ( -1.784401076758483473, 2.978079764120704978E-15, -1.175000000000022471 ) ) ;
#2345 = CARTESIAN_POINT ( 'NONE',  ( 1.545336663013151313, 1.135898387508778358E-14, 5.474999999999962341 ) ) ;
#2346 = CARTESIAN_POINT ( 'NONE',  ( -1.999999999999996225, -1.621051918746543165E-14, 6.874999999999968914 ) ) ;
#2347 = CIRCLE ( 'NONE', #5556, 1.443375672974069657 ) ;
#2348 = PRODUCT_DEFINITION_SHAPE ( 'NONE', 'NONE',  #4856 ) ;
#2349 = CARTESIAN_POINT ( 'NONE',  ( -1.176575538379242447, 2.037888611415556994, 8.180208333333292003 ) ) ;
#2350 = CARTESIAN_POINT ( 'NONE',  ( 1.999999999999996669, 0.5358983848622463908, 2.356260739116943004 ) ) ;
#2351 = CARTESIAN_POINT ( 'NONE',  ( -1.999999999999996225, -0.5358983848622411728, -5.693739260883037723 ) ) ;
#2352 = CARTESIAN_POINT ( 'NONE',  ( 1.999999999999996669, -2.672702088255949867E-15, -3.975000000000005418 ) ) ;
#2353 = EDGE_CURVE ( 'NONE', #2713, #1391, #3447, .T. ) ;
#2354 = SPHERICAL_SURFACE ( 'NONE', #4111, 4.229229689812978421 ) ;
#2355 = CARTESIAN_POINT ( 'NONE',  ( -1.154700538379249464, 1.999999999999999556, -4.354166666666690055 ) ) ;
#2356 = ORIENTED_EDGE ( 'NONE', *, *, #2545, .F. ) ;
#2357 = CARTESIAN_POINT ( 'NONE',  ( -1.764863307568864004, 1.018944305707780051, -4.361458333333344761 ) ) ;
#2358 = CARTESIAN_POINT ( 'NONE',  ( -1.892491597964109718E-16, -1.545336663013149980, 8.187499999999957367 ) ) ;
#2359 = CARTESIAN_POINT ( 'NONE',  ( 2.353151076758484894, 2.436549870658972734E-15, -0.4093750000000260791 ) ) ;
#2360 = CYLINDRICAL_SURFACE ( 'NONE', #1697, 1.999999999999985789 ) ;
#2361 =( BOUNDED_CURVE ( )  B_SPLINE_CURVE ( 2, ( #2172, #1100, #1608, #3032, #2680, #2588, #1666, #4032, #5476 ),
 .UNSPECIFIED., .F., .F. ) 
 B_SPLINE_CURVE_WITH_KNOTS ( ( 3, 2, 2, 2, 3 ),
 ( 0.5648148148148148806, 0.5679012345679012030, 0.5740740740740740700, 0.5802469135802469369, 0.5833333333333334814 ),
 .UNSPECIFIED. ) 
 CURVE ( )  GEOMETRIC_REPRESENTATION_ITEM ( )  RATIONAL_B_SPLINE_CURVE ( ( 0.9330127018922192983, 0.9330127018922205195, 1.000000000000000000, 0.8660254037844387076, 1.000000000000000000, 0.8660254037844387076, 1.000000000000000000, 0.9330127018922169668, 0.9330127018922194093 ) ) 
 REPRESENTATION_ITEM ( '' )  );
#2362 = CYLINDRICAL_SURFACE ( 'NONE', #2010, 1.999999999999985789 ) ;
#2363 = CARTESIAN_POINT ( 'NONE',  ( -1.545336663013151313, -1.173664830060221151E-14, 4.424999999999965183 ) ) ;
#2364 = VERTEX_POINT ( 'NONE', #1629 ) ;
#2365 = CARTESIAN_POINT ( 'NONE',  ( 1.999999999999996669, 0.5358983848622463908, 0.9562607391169465343 ) ) ;
#2366 = CARTESIAN_POINT ( 'NONE',  ( -1.999999999999996669, 3.079417623425332942E-15, 5.562499999999950262 ) ) ;
#2367 = CARTESIAN_POINT ( 'NONE',  ( -0.8922005383792422917, -1.545336663013149758, -0.2708333333333572956 ) ) ;
#2368 = CARTESIAN_POINT ( 'NONE',  ( 1.338300807568862494, -0.7726683315065742130, 8.916666666666619889 ) ) ;
#2369 = CARTESIAN_POINT ( 'NONE',  ( -1.338300807568846729, 0.7726683315066066315, 6.466666666666625929 ) ) ;
#2370 = CARTESIAN_POINT ( 'NONE',  ( 1.999999999999996669, -0.5358983848622422830, 0.9812392608829981766 ) ) ;
#2371 = EDGE_CURVE ( 'NONE', #4625, #5709, #1748, .T. ) ;
#2372 = EDGE_LOOP ( 'NONE', ( #4132, #5667, #2139, #1277 ) ) ;
#2373 = VERTEX_POINT ( 'NONE', #3673 ) ;
#2374 = ORIENTED_EDGE ( 'NONE', *, *, #5757, .F. ) ;
#2375 = PLANE ( 'NONE',  #1314 ) ;
#2376 = CARTESIAN_POINT ( 'NONE',  ( 0.000000000000000000, 1.545336663013155754, -2.750000000000019096 ) ) ;
#2377 = CARTESIAN_POINT ( 'NONE',  ( 1.545336663013154421, -1.060365502405892772E-14, 1.974999999999969891 ) ) ;
#2378 = DIRECTION ( 'NONE',  ( -1.000000000000000000, 0.000000000000000000, 0.000000000000000000 ) ) ;
#2379 = ADVANCED_FACE ( 'NONE', ( #3549 ), #1953, .T. ) ;
#2380 = CARTESIAN_POINT ( 'NONE',  ( -1.176575538379243335, -2.037888611415550333, 5.613541666666631791 ) ) ;
#2381 = CARTESIAN_POINT ( 'NONE',  ( 0.8922005383792241950, -1.545336663013159972, 1.945833333333304660 ) ) ;
#2382 = CARTESIAN_POINT ( 'NONE',  ( -1.154700538379250352, -1.999999999999993117, -4.120833333333357551 ) ) ;
#2383 = CARTESIAN_POINT ( 'NONE',  ( 1.732050807568874085, -0.9999999999999963363, 4.454166666666620422 ) ) ;
#2384 = CARTESIAN_POINT ( 'NONE',  ( 1.154700538379250574, 1.999999999999998224, -7.358333333333330728 ) ) ;
#2385 =( BOUNDED_CURVE ( )  B_SPLINE_CURVE ( 2, ( #3865, #516, #5339, #5846, #1016, #3478, #544, #4395, #573 ),
 .UNSPECIFIED., .F., .T. ) 
 B_SPLINE_CURVE_WITH_KNOTS ( ( 3, 2, 2, 2, 3 ),
 ( 0.7129629629629630205, 0.7160493827160493430, 0.7222222222222222099, 0.7283950617283950768, 0.7314814814814816213 ),
 .UNSPECIFIED. ) 
 CURVE ( )  GEOMETRIC_REPRESENTATION_ITEM ( )  RATIONAL_B_SPLINE_CURVE ( ( 0.9330127018922192983, 0.9330127018922205195, 1.000000000000000000, 0.8660254037844387076, 1.000000000000000000, 0.8660254037844387076, 1.000000000000000000, 0.9330127018922169668, 0.9330127018922194093 ) ) 
 REPRESENTATION_ITEM ( '' )  );
#2386 = VERTEX_POINT ( 'NONE', #860 ) ;
#2387 = CARTESIAN_POINT ( 'NONE',  ( -1.176575538379242447, 2.037888611415556994, -3.719791666666679042 ) ) ;
#2388 = CARTESIAN_POINT ( 'NONE',  ( -1.892491597964109718E-16, -1.545336663013149980, 8.887499999999953104 ) ) ;
#2389 = CARTESIAN_POINT ( 'NONE',  ( 1.764863307568863338, -1.018944305707774722, 0.2322916666666376140 ) ) ;
#2390 = CARTESIAN_POINT ( 'NONE',  ( 1.999999999999997113, -2.672702088255949867E-15, -5.987500000000020250 ) ) ;
#2391 = CARTESIAN_POINT ( 'NONE',  ( 1.545336663013153311, 0.4140717108885820785, -7.006239260883043052 ) ) ;
#2392 = CARTESIAN_POINT ( 'NONE',  ( -0.8922005383792697142, -1.545336663013133549, 4.541666666666629659 ) ) ;
#2393 = ADVANCED_FACE ( 'NONE', ( #5214 ), #1408, .T. ) ;
#2394 = ORIENTED_EDGE ( 'NONE', *, *, #5253, .T. ) ;
#2395 = EDGE_CURVE ( 'NONE', #2733, #5417, #3335, .T. ) ;
#2396 = CARTESIAN_POINT ( 'NONE',  ( -1.999999999999996669, -6.565550782020048959E-15, 1.274999999999981704 ) ) ;
#2397 = CARTESIAN_POINT ( 'NONE',  ( 0.000000000000000000, -3.800000000000008704, 10.19999999999999929 ) ) ;
#2398 = CARTESIAN_POINT ( 'NONE',  ( 1.338300807568863382, 0.7726683315065783209, -2.779166666666684105 ) ) ;
#2399 = CARTESIAN_POINT ( 'NONE',  ( -1.892491597964109718E-16, -1.545336663013149980, 8.799999999999952749 ) ) ;
#2400 =( BOUNDED_CURVE ( )  B_SPLINE_CURVE ( 2, ( #3291, #5206, #4739, #5717, #1398, #4300, #451, #2882, #480 ),
 .UNSPECIFIED., .F., .F. ) 
 B_SPLINE_CURVE_WITH_KNOTS ( ( 3, 2, 2, 2, 3 ),
 ( 0.1203703703703703776, 0.1234567901234567833, 0.1296296296296296224, 0.1358024691358024616, 0.1388888888888888951 ),
 .UNSPECIFIED. ) 
 CURVE ( )  GEOMETRIC_REPRESENTATION_ITEM ( )  RATIONAL_B_SPLINE_CURVE ( ( 0.9330127018922194093, 0.9330127018922196314, 1.000000000000000000, 0.8660254037844387076, 1.000000000000000000, 0.8660254037844387076, 1.000000000000000000, 0.9330127018922190762, 0.9330127018922194093 ) ) 
 REPRESENTATION_ITEM ( '' )  );
#2401 = CARTESIAN_POINT ( 'NONE',  ( 1.545336663013153089, 9.499712857170602231E-15, -2.837500000000016787 ) ) ;
#2402 = CARTESIAN_POINT ( 'NONE',  ( -1.175987803023619493, -1.115292173792655772, 7.267044324600329119 ) ) ;
#2403 = ORIENTED_EDGE ( 'NONE', *, *, #7, .T. ) ;
#2404 = AXIS2_PLACEMENT_3D ( 'NONE', #5176, #5687, #482 ) ;
#2405 = CYLINDRICAL_SURFACE ( 'NONE', #2322, 1.999999999999985789 ) ;
#2406 = EDGE_CURVE ( 'NONE', #1576, #177, #3001, .T. ) ;
#2407 = EDGE_LOOP ( 'NONE', ( #3135, #4305, #5103, #1742 ) ) ;
#2408 = EDGE_LOOP ( 'NONE', ( #6179, #1796, #1606, #5449 ) ) ;
#2409 = CARTESIAN_POINT ( 'NONE',  ( 0.000000000000000000, 7.761032057371600896E-15, -7.475000000000002309 ) ) ;
#2410 = DIRECTION ( 'NONE',  ( -0.000000000000000000, -5.648303390429391465E-16, 1.000000000000000000 ) ) ;
#2411 = CARTESIAN_POINT ( 'NONE',  ( 1.999999999999996669, 2.091679895156829610E-15, 4.512499999999953992 ) ) ;
#2412 = CARTESIAN_POINT ( 'NONE',  ( -1.764863307568864004, 1.018944305707780051, 9.638541666666622376 ) ) ;
#2413 = LINE ( 'NONE', #2821, #1616 ) ;
#2414 = CARTESIAN_POINT ( 'NONE',  ( -1.999999999999996669, -6.565550782020048959E-15, -5.725000000000001421 ) ) ;
#2415 = CARTESIAN_POINT ( 'NONE',  ( 1.722225009366570969, -0.7783076216072183362, -7.588763324960663859 ) ) ;
#2416 = EDGE_CURVE ( 'NONE', #3617, #696, #1061, .T. ) ;
#2417 = CARTESIAN_POINT ( 'NONE',  ( 1.545336663013154421, -1.135898387508778358E-14, 3.374999999999965805 ) ) ;
#2418 = VECTOR ( 'NONE', #3804, 1000.000000000000000 ) ;
#2419 = CARTESIAN_POINT ( 'NONE',  ( -1.732050807568874307, 1.000000000000001332, -4.295833333333357373 ) ) ;
#2420 = CONICAL_SURFACE ( 'NONE', #3722, 1.999999999999985789, 0.7853981633974500554 ) ;
#2421 = VERTEX_POINT ( 'NONE', #1530 ) ;
#2422 = VECTOR ( 'NONE', #118, 1000.000000000000000 ) ;
#2423 = CARTESIAN_POINT ( 'NONE',  ( 1.764863307568864892, 1.018944305707778497, 0.3052083333333101001 ) ) ;
#2424 = CARTESIAN_POINT ( 'NONE',  ( -0.8922005383792422917, -1.545336663013149758, 8.829166666666619534 ) ) ;
#2425 = CARTESIAN_POINT ( 'NONE',  ( -1.764863307568863560, 1.018944305707779829, 0.5822916666666372310 ) ) ;
#2426 = LINE ( 'NONE', #490, #2418 ) ;
#2427 = AXIS2_PLACEMENT_3D ( 'NONE', #864, #4152, #2799 ) ;
#2428 = CARTESIAN_POINT ( 'NONE',  ( 1.999999999999996669, 2.091679895156829610E-15, 1.012499999999962430 ) ) ;
#2429 =( GEOMETRIC_REPRESENTATION_CONTEXT ( 3 ) GLOBAL_UNCERTAINTY_ASSIGNED_CONTEXT ( ( #1763 ) ) GLOBAL_UNIT_ASSIGNED_CONTEXT ( ( #4902, #3606, #326 ) ) REPRESENTATION_CONTEXT ( 'NONE', 'WORKASPACE' ) );
#2430 = CARTESIAN_POINT ( 'NONE',  ( -1.250000000000004885, -0.2508958893827584746, 10.02630162262993707 ) ) ;
#2431 = VERTEX_POINT ( 'NONE', #5909 ) ;
#2432 = CIRCLE ( 'NONE', #3941, 1.474999999999987876 ) ;
#2433 = CARTESIAN_POINT ( 'NONE',  ( -1.545336663013154643, 1.975475456537005874E-15, -0.3875000000000231593 ) ) ;
#2434 = CARTESIAN_POINT ( 'NONE',  ( 1.338300807568862494, -0.7726683315065742130, -2.895833333333350801 ) ) ;
#2435 = CARTESIAN_POINT ( 'NONE',  ( -0.8922005383792422917, -1.545336663013149758, 8.741666666666617402 ) ) ;
#2436 = CARTESIAN_POINT ( 'NONE',  ( -1.545336663013153311, 0.4140717108885884068, -1.818760739116983993 ) ) ;
#2437 = CARTESIAN_POINT ( 'NONE',  ( 1.545336663013151313, 1.028409281785441324E-14, 6.262499999999962874 ) ) ;
#2438 = EDGE_LOOP ( 'NONE', ( #5041, #5848, #369, #1604 ) ) ;
#2439 = EDGE_CURVE ( 'NONE', #6228, #162, #2148, .T. ) ;
#2440 = CARTESIAN_POINT ( 'NONE',  ( -0.8409413214249650270, 0.9578579746766805458, 10.00609109402886787 ) ) ;
#2441 = ORIENTED_EDGE ( 'NONE', *, *, #1911, .T. ) ;
#2442 = VERTEX_POINT ( 'NONE', #3394 ) ;
#2443 =( BOUNDED_CURVE ( )  B_SPLINE_CURVE ( 2, ( #5994, #5586, #786, #1230, #3133, #5077, #5516, #1198, #758 ),
 .UNSPECIFIED., .F., .T. ) 
 B_SPLINE_CURVE_WITH_KNOTS ( ( 3, 2, 2, 2, 3 ),
 ( 0.6203703703703703498, 0.6234567901234567833, 0.6296296296296296502, 0.6358024691358025171, 0.6388888888888889506 ),
 .UNSPECIFIED. ) 
 CURVE ( )  GEOMETRIC_REPRESENTATION_ITEM ( )  RATIONAL_B_SPLINE_CURVE ( ( 0.9330127018922194093, 0.9330127018922194093, 1.000000000000000000, 0.8660254037844387076, 1.000000000000000000, 0.8660254037844387076, 1.000000000000000000, 0.9330127018922180770, 0.9330127018922192983 ) ) 
 REPRESENTATION_ITEM ( '' )  );
#2444 = CARTESIAN_POINT ( 'NONE',  ( -1.154700538379249464, 1.999999999999999556, -6.454166666666684371 ) ) ;
#2445 = CARTESIAN_POINT ( 'NONE',  ( 0.000000000000000000, -7.560902090037740558E-15, 13.65685424949233884 ) ) ;
#2446 = CARTESIAN_POINT ( 'NONE',  ( -1.999999999999996669, -1.621051918746543165E-14, 4.862499999999954525 ) ) ;
#2447 = CARTESIAN_POINT ( 'NONE',  ( 0.8922005383792426247, 1.545336663013155087, -7.620833333333338899 ) ) ;
#2448 = CARTESIAN_POINT ( 'NONE',  ( 1.732050807568874751, 0.9999999999999995559, -3.216666666666673891 ) ) ;
#2449 = CARTESIAN_POINT ( 'NONE',  ( -1.338300807568862938, -0.7726683315065733249, -8.116666666666672469 ) ) ;
#2450 = CARTESIAN_POINT ( 'NONE',  ( -1.154700538379250352, -1.999999999999993117, 0.07916666666663250973 ) ) ;
#2451 = DIRECTION ( 'NONE',  ( 0.000000000000000000, 0.000000000000000000, -1.000000000000000000 ) ) ;
#2452 = EDGE_CURVE ( 'NONE', #154, #6080, #2188, .T. ) ;
#2453 = VERTEX_POINT ( 'NONE', #1563 ) ;
#2454 = CARTESIAN_POINT ( 'NONE',  ( 0.000000000000000000, 2.037888611415556994, 0.4218749999999760747 ) ) ;
#2455 = CARTESIAN_POINT ( 'NONE',  ( -2.000000000000001776, 0.5358983848622386192, 6.231239260882985853 ) ) ;
#2456 = CARTESIAN_POINT ( 'NONE',  ( -1.176575538379242447, 2.037888611415556550, 5.423958333333293247 ) ) ;
#2457 = DIRECTION ( 'NONE',  ( 0.000000000000000000, 0.000000000000000000, -1.000000000000000000 ) ) ;
#2458 = DIRECTION ( 'NONE',  ( -0.000000000000000000, -0.000000000000000000, 1.000000000000000000 ) ) ;
#2459 = CARTESIAN_POINT ( 'NONE',  ( 1.545336663013159750, 0.4140717108885659803, 3.406260739116929948 ) ) ;
#2460 = CARTESIAN_POINT ( 'NONE',  ( -1.732050807568874529, -0.9999999999999950040, -1.379166666666698182 ) ) ;
#2461 = EDGE_CURVE ( 'NONE', #204, #6198, #3895, .T. ) ;
#2462 = ORIENTED_EDGE ( 'NONE', *, *, #5807, .F. ) ;
#2463 = CARTESIAN_POINT ( 'NONE',  ( -1.999999999999996225, -1.621051918746543165E-14, 5.474999999999972111 ) ) ;
#2464 = CARTESIAN_POINT ( 'NONE',  ( -1.545336663013153089, 0.4140717108885832998, -0.4187607391169875237 ) ) ;
#2465 = CARTESIAN_POINT ( 'NONE',  ( -1.892491597964109718E-16, -1.545336663013149980, 3.287499999999967670 ) ) ;
#2466 = CARTESIAN_POINT ( 'NONE',  ( 0.000000000000000000, 1.545336663013155754, 8.449999999999953104 ) ) ;
#2467 = CARTESIAN_POINT ( 'NONE',  ( 0.6265341202859523451, -1.585432636768767445, 7.351208487713797091 ) ) ;
#2468 = ORIENTED_EDGE ( 'NONE', *, *, #869, .F. ) ;
#2469 = CARTESIAN_POINT ( 'NONE',  ( 1.732050807568874085, -0.9999999999999963363, 5.854166666666617225 ) ) ;
#2470 = ORIENTED_EDGE ( 'NONE', *, *, #5134, .T. ) ;
#2471 = VERTEX_POINT ( 'NONE', #4369 ) ;
#2472 = EDGE_CURVE ( 'NONE', #2806, #1775, #2528, .T. ) ;
#2473 = LINE ( 'NONE', #2057, #4530 ) ;
#2474 = DIRECTION ( 'NONE',  ( 0.000000000000000000, 1.000000000000000000, 8.673617379884097595E-16 ) ) ;
#2475 = CARTESIAN_POINT ( 'NONE',  ( 1.999999999999997113, 0.5358983848622465018, 4.543760739116918579 ) ) ;
#2476 = B_SPLINE_CURVE_WITH_KNOTS ( 'NONE', 3,
 ( #4614, #5526, #1270, #5592, #2159, #3142, #704, #1172, #792, #1237, #1147, #5054, #735, #673, #193, #4651, #2668, #293, #2130, #4177, #6100, #4582, #5084, #258, #4050, #2193, #6036, #1722 ),
 .UNSPECIFIED., .F., .F.,
 ( 4, 2, 2, 2, 2, 2, 2, 2, 2, 2, 2, 2, 2, 4 ),
 ( 0.005648113130578716855, 0.006006524873345212186, 0.006364936616111706649, 0.007081760101644696444, 0.007440171844411190907, 0.007798583587177686238, 0.008156995329944181569, 0.008515407072710676900, 0.009232230558243665827, 0.009590642301010161158, 0.009949054043776656489, 0.01030746578654315182, 0.01066587752930964715, 0.01138270101484263608 ),
 .UNSPECIFIED. ) ;
#2477 = CARTESIAN_POINT ( 'NONE',  ( 1.764863307568864892, 1.018944305707778497, 9.405208333333289872 ) ) ;
#2478 = CARTESIAN_POINT ( 'NONE',  ( 0.000000000000000000, 1.999999999999999112, -5.900000000000001243 ) ) ;
#2479 = CARTESIAN_POINT ( 'NONE',  ( 0.8922005383792426247, 1.545336663013155087, -7.708333333333339255 ) ) ;
#2480 = CYLINDRICAL_SURFACE ( 'NONE', #3419, 1.999999999999985789 ) ;
#2481 = CARTESIAN_POINT ( 'NONE',  ( -1.999999999999996225, -0.5358983848622411728, 0.6062607391169471116 ) ) ;
#2482 = ORIENTED_EDGE ( 'NONE', *, *, #631, .T. ) ;
#2483 = CARTESIAN_POINT ( 'NONE',  ( -1.764863307568864004, 1.018944305707780051, -0.1614583333333554638 ) ) ;
#2484 = CARTESIAN_POINT ( 'NONE',  ( -1.732050807568874307, 1.000000000000001332, -2.895833333333360571 ) ) ;
#2485 = CARTESIAN_POINT ( 'NONE',  ( 1.176575538379243557, 2.037888611415555662, 6.707291666666622021 ) ) ;
#2486 = CARTESIAN_POINT ( 'NONE',  ( 1.732050807568874973, 0.9999999999999997780, -0.3291666666667009689 ) ) ;
#2487 = EDGE_CURVE ( 'NONE', #356, #2996, #3200, .T. ) ;
#2488 = DIRECTION ( 'NONE',  ( 0.000000000000000000, 0.000000000000000000, -1.000000000000000000 ) ) ;
#2489 = CARTESIAN_POINT ( 'NONE',  ( 1.999999999999996225, -0.5358983848622421720, 4.393739260883010367 ) ) ;
#2490 = ORIENTED_EDGE ( 'NONE', *, *, #1087, .F. ) ;
#2491 = CARTESIAN_POINT ( 'NONE',  ( 1.545336663013155309, 0.4140717108885668685, 6.906260739116923730 ) ) ;
#2492 = CARTESIAN_POINT ( 'NONE',  ( -2.000000000000001332, 0.5358983848622385082, 4.043739260883011610 ) ) ;
#2493 =( BOUNDED_CURVE ( )  B_SPLINE_CURVE ( 2, ( #4949, #1101, #686, #2618, #5956, #117, #3033, #207, #3530 ),
 .UNSPECIFIED., .F., .F. ) 
 B_SPLINE_CURVE_WITH_KNOTS ( ( 3, 2, 2, 2, 3 ),
 ( 0.5462962962962962798, 0.5493827160493827133, 0.5555555555555555802, 0.5617283950617284471, 0.5648148148148148806 ),
 .UNSPECIFIED. ) 
 CURVE ( )  GEOMETRIC_REPRESENTATION_ITEM ( )  RATIONAL_B_SPLINE_CURVE ( ( 0.9330127018922194093, 0.9330127018922194093, 1.000000000000000000, 0.8660254037844387076, 1.000000000000000000, 0.8660254037844387076, 1.000000000000000000, 0.9330127018922194093, 0.9330127018922194093 ) ) 
 REPRESENTATION_ITEM ( '' )  );
#2494 = CARTESIAN_POINT ( 'NONE',  ( -1.338300807568862938, -0.7726683315065733249, 3.170833333333301418 ) ) ;
#2495 = CARTESIAN_POINT ( 'NONE',  ( 0.000000000000000000, 2.037888611415556550, -5.834375000000012967 ) ) ;
#2496 = CYLINDRICAL_SURFACE ( 'NONE', #303, 1.545336663013152867 ) ;
#2497 = CYLINDRICAL_SURFACE ( 'NONE', #1807, 1.545336663013152867 ) ;
#2498 = ADVANCED_FACE ( 'NONE', ( #2980 ), #576, .T. ) ;
#2499 = CYLINDRICAL_SURFACE ( 'NONE', #3619, 1.999999999999985789 ) ;
#2500 = ORIENTED_EDGE ( 'NONE', *, *, #2472, .F. ) ;
#2501 = ORIENTED_EDGE ( 'NONE', *, *, #3047, .F. ) ;
#2502 = CARTESIAN_POINT ( 'NONE',  ( -1.999999999999996225, 3.079417623425332942E-15, 3.374999999999975131 ) ) ;
#2503 = CARTESIAN_POINT ( 'NONE',  ( 1.250000000000004885, 0.7216878364870286111, 10.20000000000000284 ) ) ;
#2504 = CARTESIAN_POINT ( 'NONE',  ( -1.338300807568862938, -0.7726683315065733249, -7.329166666666672825 ) ) ;
#2505 = CARTESIAN_POINT ( 'NONE',  ( 0.000000000000000000, 8.057567985369143580E-15, -8.000000000000000000 ) ) ;
#2506 = LINE ( 'NONE', #1558, #4424 ) ;
#2507 = CARTESIAN_POINT ( 'NONE',  ( -1.154700538379249020, 1.999999999999999334, 6.758333333333299997 ) ) ;
#2508 = ORIENTED_EDGE ( 'NONE', *, *, #3696, .F. ) ;
#2509 = CARTESIAN_POINT ( 'NONE',  ( 0.000000000000000000, 2.037888611415556994, -2.378125000000016698 ) ) ;
#2510 = CARTESIAN_POINT ( 'NONE',  ( 0.000000000000000000, 2.868816710768336858E-15, -8.000000000000000000 ) ) ;
#2511 = VECTOR ( 'NONE', #3545, 1000.000000000000000 ) ;
#2512 = CARTESIAN_POINT ( 'NONE',  ( -1.764863307568863560, 1.018944305707779829, 4.782291666666627528 ) ) ;
#2513 = CARTESIAN_POINT ( 'NONE',  ( -0.8922005383792387390, 1.545336663013157308, -4.791666666666679397 ) ) ;
#2514 = CARTESIAN_POINT ( 'NONE',  ( -1.732050807568874307, 1.000000000000001332, -4.995833333333355775 ) ) ;
#2515 = DIRECTION ( 'NONE',  ( 1.000000000000000000, 0.000000000000000000, 0.000000000000000000 ) ) ;
#2516 = CONICAL_SURFACE ( 'NONE', #6030, 1.443375672974069657, 0.7853981633974500554 ) ;
#2517 = EDGE_LOOP ( 'NONE', ( #26, #3427, #554, #625 ) ) ;
#2518 = AXIS2_PLACEMENT_3D ( 'NONE', #5452, #3061, #3156 ) ;
#2519 = CARTESIAN_POINT ( 'NONE',  ( -1.999999999999996669, 3.079417623425332547E-15, 1.362499999999962075 ) ) ;
#2520 = ORIENTED_EDGE ( 'NONE', *, *, #3571, .T. ) ;
#2521 = ORIENTED_EDGE ( 'NONE', *, *, #4886, .F. ) ;
#2522 = CARTESIAN_POINT ( 'NONE',  ( 0.8922005383792483979, 1.545336663013151757, -4.208333333333349024 ) ) ;
#2523 = CARTESIAN_POINT ( 'NONE',  ( 1.338300807568863382, 0.7726683315065783209, 3.520833333333299286 ) ) ;
#2524 = CARTESIAN_POINT ( 'NONE',  ( 0.000000000000000000, 2.037888611415556550, -5.134375000000015454 ) ) ;
#2525 = CARTESIAN_POINT ( 'NONE',  ( 0.000000000000000000, -5.761269458237980497E-15, 10.20000000000000284 ) ) ;
#2526 = CARTESIAN_POINT ( 'NONE',  ( -1.338300807568853612, 0.7726683315065950852, 1.566666666666638008 ) ) ;
#2527 = CARTESIAN_POINT ( 'NONE',  ( 1.999999999999996225, 2.091679895156829610E-15, 3.724999999999974776 ) ) ;
#2528 = CIRCLE ( 'NONE', #2022, 1.999999999999985789 ) ;
#2529 =( BOUNDED_CURVE ( )  B_SPLINE_CURVE ( 2, ( #16, #5217, #5313, #1945, #3842, #4871, #5761, #44, #989 ),
 .UNSPECIFIED., .F., .F. ) 
 B_SPLINE_CURVE_WITH_KNOTS ( ( 3, 2, 2, 2, 3 ),
 ( 0.5462962962962962798, 0.5493827160493827133, 0.5555555555555555802, 0.5617283950617284471, 0.5648148148148148806 ),
 .UNSPECIFIED. ) 
 CURVE ( )  GEOMETRIC_REPRESENTATION_ITEM ( )  RATIONAL_B_SPLINE_CURVE ( ( 0.9330127018922194093, 0.9330127018922194093, 1.000000000000000000, 0.8660254037844387076, 1.000000000000000000, 0.8660254037844387076, 1.000000000000000000, 0.9330127018922180770, 0.9330127018922192983 ) ) 
 REPRESENTATION_ITEM ( '' )  );
#2530 = ORIENTED_EDGE ( 'NONE', *, *, #3524, .T. ) ;
#2531 = EDGE_LOOP ( 'NONE', ( #2462, #6037, #1153, #4552 ) ) ;
#2532 = ADVANCED_FACE ( 'NONE', ( #3964 ), #3482, .T. ) ;
#2533 = CARTESIAN_POINT ( 'NONE',  ( 2.653525817520783559E-14, -3.800000000000007816, 8.329999999999996518 ) ) ;
#2534 = DIRECTION ( 'NONE',  ( -1.000000000000000000, 0.000000000000000000, 0.000000000000000000 ) ) ;
#2535 = VECTOR ( 'NONE', #1155, 1000.000000000000000 ) ;
#2536 = CARTESIAN_POINT ( 'NONE',  ( 0.8922005383792386279, -1.545336663013151757, -4.354166666666680285 ) ) ;
#2537 = CARTESIAN_POINT ( 'NONE',  ( -1.545336663013153533, 3.486133158594716806E-15, -5.287500000000012079 ) ) ;
#2538 = CARTESIAN_POINT ( 'NONE',  ( 1.764863307568863782, -1.018944305707774944, 10.68854166666661776 ) ) ;
#2539 = CYLINDRICAL_SURFACE ( 'NONE', #4935, 1.999999999999985789 ) ;
#2540 = CARTESIAN_POINT ( 'NONE',  ( -1.999999999999994005, -0.5358983848622458357, -7.006239260883052822 ) ) ;
#2541 = DIRECTION ( 'NONE',  ( -1.000000000000000000, 0.000000000000000000, 0.000000000000000000 ) ) ;
#2542 = CARTESIAN_POINT ( 'NONE',  ( -1.732050807568873863, 1.000000000000001110, 6.816666666666635344 ) ) ;
#2543 = ORIENTED_EDGE ( 'NONE', *, *, #5445, .F. ) ;
#2544 = CARTESIAN_POINT ( 'NONE',  ( 1.176575538379242003, -2.037888611415551221, -1.269791666666685526 ) ) ;
#2545 = EDGE_CURVE ( 'NONE', #5980, #5417, #1550, .T. ) ;
#2546 = CARTESIAN_POINT ( 'NONE',  ( 1.545336663013148648, 0.4140717108885801911, 1.393760739116937097 ) ) ;
#2547 = CARTESIAN_POINT ( 'NONE',  ( 1.764863307568863338, -1.018944305707774722, 5.132291666666627172 ) ) ;
#2548 = CARTESIAN_POINT ( 'NONE',  ( -1.545336663013153089, 6.768908549604742074E-15, -4.675000000000014921 ) ) ;
#2549 = CARTESIAN_POINT ( 'NONE',  ( -1.338300807568859385, 0.7726683315065850932, 0.9541666666666396290 ) ) ;
#2550 = CARTESIAN_POINT ( 'NONE',  ( -1.799979897537619111, 0.1490080297396888243, 7.449979897537638784 ) ) ;
#2551 = ORIENTED_EDGE ( 'NONE', *, *, #670, .T. ) ;
#2552 = CARTESIAN_POINT ( 'NONE',  ( -1.999999999999996669, -1.621051918746543165E-14, 2.062499999999961364 ) ) ;
#2553 = CARTESIAN_POINT ( 'NONE',  ( -1.338300807568862938, -0.7726683315065733249, 3.870833333333298931 ) ) ;
#2554 = CARTESIAN_POINT ( 'NONE',  ( 1.764863307568863338, -1.018944305707774722, -4.667708333333350446 ) ) ;
#2555 = CARTESIAN_POINT ( 'NONE',  ( 0.000000000000000000, 2.868816710768336858E-15, -8.000000000000000000 ) ) ;
#2556 = ORIENTED_EDGE ( 'NONE', *, *, #2078, .T. ) ;
#2557 = CARTESIAN_POINT ( 'NONE',  ( 1.545336663013153089, 0.4140717108885803577, -5.693739260883047493 ) ) ;
#2558 = ORIENTED_EDGE ( 'NONE', *, *, #2100, .F. ) ;
#2559 = EDGE_LOOP ( 'NONE', ( #5915, #5297, #5321, #4457 ) ) ;
#2560 = CARTESIAN_POINT ( 'NONE',  ( 1.732050807568874973, 0.9999999999999997780, 6.670833333333282766 ) ) ;
#2561 = CARTESIAN_POINT ( 'NONE',  ( 1.732050807568873640, -0.9999999999999961142, -0.5333333333333476478 ) ) ;
#2562 = CARTESIAN_POINT ( 'NONE',  ( 0.000000000000000000, 1.999999999999999112, 3.199999999999976197 ) ) ;
#2563 =( BOUNDED_CURVE ( )  B_SPLINE_CURVE ( 2, ( #3328, #1302, #4706, #925, #6193, #4268, #6225, #3699, #5718 ),
 .UNSPECIFIED., .F., .T. ) 
 B_SPLINE_CURVE_WITH_KNOTS ( ( 3, 2, 2, 2, 3 ),
 ( 0.6388888888888889506, 0.6419753086419752730, 0.6481481481481481399, 0.6543209876543210068, 0.6574074074074075513 ),
 .UNSPECIFIED. ) 
 CURVE ( )  GEOMETRIC_REPRESENTATION_ITEM ( )  RATIONAL_B_SPLINE_CURVE ( ( 0.9330127018922192983, 0.9330127018922205195, 1.000000000000000000, 0.8660254037844387076, 1.000000000000000000, 0.8660254037844387076, 1.000000000000000000, 0.9330127018922169668, 0.9330127018922194093 ) ) 
 REPRESENTATION_ITEM ( '' )  );
#2564 = FACE_OUTER_BOUND ( 'NONE', #1929, .T. ) ;
#2565 = CARTESIAN_POINT ( 'NONE',  ( -1.338300807568862938, -0.7726683315065733249, -4.529166666666679220 ) ) ;
#2566 = LINE ( 'NONE', #279, #410 ) ;
#2567 = CARTESIAN_POINT ( 'NONE',  ( 0.000000000000000000, 2.868816710768336858E-15, -8.000000000000000000 ) ) ;
#2568 = DIRECTION ( 'NONE',  ( 0.000000000000000000, 0.000000000000000000, -1.000000000000000000 ) ) ;
#2569 = EDGE_CURVE ( 'NONE', #2606, #356, #2256, .T. ) ;
#2570 = FACE_OUTER_BOUND ( 'NONE', #2438, .T. ) ;
#2571 = VERTEX_POINT ( 'NONE', #3195 ) ;
#2572 = CARTESIAN_POINT ( 'NONE',  ( -1.176575538379243335, -2.037888611415550333, 2.113541666666638452 ) ) ;
#2573 = CARTESIAN_POINT ( 'NONE',  ( -1.999999999999996225, -0.5358983848622411728, 7.606260739116929237 ) ) ;
#2574 = CARTESIAN_POINT ( 'NONE',  ( 1.764863307568864448, 1.018944305707778275, 5.948958333333290938 ) ) ;
#2575 = CARTESIAN_POINT ( 'NONE',  ( -1.988487272439409370, 0.2142857142846077700, 7.650000000000009237 ) ) ;
#2576 = CYLINDRICAL_SURFACE ( 'NONE', #186, 1.999999999999985789 ) ;
#2577 = DIRECTION ( 'NONE',  ( -1.000000000000000000, 0.000000000000000000, 0.000000000000000000 ) ) ;
#2578 = EDGE_LOOP ( 'NONE', ( #526, #4101 ) ) ;
#2579 = CARTESIAN_POINT ( 'NONE',  ( 1.999999999999996225, 2.091679895156829610E-15, -0.4750000000000146883 ) ) ;
#2580 = CARTESIAN_POINT ( 'NONE',  ( -0.8922005383792422917, -1.545336663013149758, 2.529166666666636143 ) ) ;
#2581 = CARTESIAN_POINT ( 'NONE',  ( 1.176575538379243557, 2.037888611415555662, -5.892708333333346538 ) ) ;
#2582 = CARTESIAN_POINT ( 'NONE',  ( 1.766615499996689875, -0.2198754330955519087, 7.426892484553365037 ) ) ;
#2583 = EDGE_CURVE ( 'NONE', #2471, #5399, #3677, .T. ) ;
#2584 = CARTESIAN_POINT ( 'NONE',  ( -1.154700538379249464, 1.999999999999999556, 4.045833333333288095 ) ) ;
#2585 = ORIENTED_EDGE ( 'NONE', *, *, #1262, .F. ) ;
#2586 =( BOUNDED_CURVE ( )  B_SPLINE_CURVE ( 2, ( #2747, #4666, #3816, #841, #4696, #5675, #1356, #4726, #4257 ),
 .UNSPECIFIED., .F., .T. ) 
 B_SPLINE_CURVE_WITH_KNOTS ( ( 3, 2, 2, 2, 3 ),
 ( 0.7870370370370370905, 0.7901234567901234129, 0.7962962962962962798, 0.8024691358024691468, 0.8055555555555556912 ),
 .UNSPECIFIED. ) 
 CURVE ( )  GEOMETRIC_REPRESENTATION_ITEM ( )  RATIONAL_B_SPLINE_CURVE ( ( 0.9330127018922192983, 0.9330127018922205195, 1.000000000000000000, 0.8660254037844387076, 1.000000000000000000, 0.8660254037844387076, 1.000000000000000000, 0.9330127018922169668, 0.9330127018922194093 ) ) 
 REPRESENTATION_ITEM ( '' )  );
#2587 = VERTEX_POINT ( 'NONE', #4647 ) ;
#2588 = CARTESIAN_POINT ( 'NONE',  ( 0.8922005383792348532, -1.545336663013153755, 2.645833333333301951 ) ) ;
#2589 = DIRECTION ( 'NONE',  ( 0.000000000000000000, 0.000000000000000000, -1.000000000000000000 ) ) ;
#2590 = PLANE ( 'NONE',  #5330 ) ;
#2591 = CYLINDRICAL_SURFACE ( 'NONE', #1003, 1.999999999999985789 ) ;
#2592 = CARTESIAN_POINT ( 'NONE',  ( 0.8922005383792426247, 1.545336663013155087, -6.220833333333342097 ) ) ;
#2593 = ORIENTED_EDGE ( 'NONE', *, *, #1735, .F. ) ;
#2594 = DIRECTION ( 'NONE',  ( 0.000000000000000000, -1.000000000000000000, 0.000000000000000000 ) ) ;
#2595 = CARTESIAN_POINT ( 'NONE',  ( 0.000000000000000000, 1.545336663013155754, -6.250000000000010658 ) ) ;
#2596 =( BOUNDED_CURVE ( )  B_SPLINE_CURVE ( 2, ( #1392, #3223, #5137, #2749, #948, #3950, #1007, #4887, #1960 ),
 .UNSPECIFIED., .F., .F. ) 
 B_SPLINE_CURVE_WITH_KNOTS ( ( 3, 2, 2, 2, 3 ),
 ( 0.1759259259259259300, 0.1790123456790123357, 0.1851851851851851749, 0.1913580246913580141, 0.1944444444444444475 ),
 .UNSPECIFIED. ) 
 CURVE ( )  GEOMETRIC_REPRESENTATION_ITEM ( )  RATIONAL_B_SPLINE_CURVE ( ( 0.9330127018922194093, 0.9330127018922196314, 1.000000000000000000, 0.8660254037844387076, 1.000000000000000000, 0.8660254037844387076, 1.000000000000000000, 0.9330127018922190762, 0.9330127018922194093 ) ) 
 REPRESENTATION_ITEM ( '' )  );
#2597 = CARTESIAN_POINT ( 'NONE',  ( 0.8922005383792492861, 1.545336663013150869, -2.808333333333352222 ) ) ;
#2598 = ORIENTED_EDGE ( 'NONE', *, *, #2395, .T. ) ;
#2599 = CARTESIAN_POINT ( 'NONE',  ( -2.353151076758485338, 3.012905657471458101E-15, 2.696874999999971934 ) ) ;
#2600 = EDGE_CURVE ( 'NONE', #2431, #2185, #3888, .T. ) ;
#2601 = CARTESIAN_POINT ( 'NONE',  ( -2.449293598294701977E-16, -1.999999999999993117, 6.349999999999969447 ) ) ;
#2602 = CARTESIAN_POINT ( 'NONE',  ( -2.495693764988901954E-16, -2.037888611415550333, 7.115624999999955236 ) ) ;
#2603 = FACE_OUTER_BOUND ( 'NONE', #4500, .T. ) ;
#2604 = CARTESIAN_POINT ( 'NONE',  ( -0.8922005383792304123, 1.545336663013161749, 0.8958333333333075021 ) ) ;
#2605 = CARTESIAN_POINT ( 'NONE',  ( 0.000000000000000000, -7.560902090037740558E-15, 7.649999999999998579 ) ) ;
#2606 = VERTEX_POINT ( 'NONE', #252 ) ;
#2607 = CARTESIAN_POINT ( 'NONE',  ( 1.999999999999996225, 2.091679895156829610E-15, -2.575000000000008615 ) ) ;
#2608 = CARTESIAN_POINT ( 'NONE',  ( 1.338300807568862494, -0.7726683315065742130, 6.204166666666626639 ) ) ;
#2609 = CARTESIAN_POINT ( 'NONE',  ( -1.764863307568863782, -1.018944305707773390, -5.601041666666681351 ) ) ;
#2610 = DIRECTION ( 'NONE',  ( 1.000000000000000000, 0.000000000000000000, 0.000000000000000000 ) ) ;
#2611 = VECTOR ( 'NONE', #4775, 1000.000000000000000 ) ;
#2612 = CARTESIAN_POINT ( 'NONE',  ( 0.000000000000000000, -5.761269458237980497E-15, 10.20000000000000284 ) ) ;
#2613 = ORIENTED_EDGE ( 'NONE', *, *, #3715, .F. ) ;
#2614 = CARTESIAN_POINT ( 'NONE',  ( -1.338300807568862938, -0.7726683315065733249, 2.383333333333301773 ) ) ;
#2615 = ORIENTED_EDGE ( 'NONE', *, *, #5234, .F. ) ;
#2616 = EDGE_CURVE ( 'NONE', #6011, #5268, #2630, .T. ) ;
#2617 = CARTESIAN_POINT ( 'NONE',  ( 1.053519143052618734, -0.8351261121362235640, 10.08656172435010667 ) ) ;
#2618 = CARTESIAN_POINT ( 'NONE',  ( -1.154700538379249020, 1.999999999999999334, 0.4583333333333164394 ) ) ;
#2619 = DIRECTION ( 'NONE',  ( -0.8660254037844387076, 0.4999999999999997224, 0.000000000000000000 ) ) ;
#2620 =( BOUNDED_CURVE ( )  B_SPLINE_CURVE ( 2, ( #4092, #4476, #1158, #3092, #3157, #750, #4599, #274, #2210 ),
 .UNSPECIFIED., .F., .T. ) 
 B_SPLINE_CURVE_WITH_KNOTS ( ( 3, 2, 2, 2, 3 ),
 ( 0.6944444444444444198, 0.6975308641975308532, 0.7037037037037037202, 0.7098765432098765871, 0.7129629629629631316 ),
 .UNSPECIFIED. ) 
 CURVE ( )  GEOMETRIC_REPRESENTATION_ITEM ( )  RATIONAL_B_SPLINE_CURVE ( ( 0.9330127018922194093, 0.9330127018922194093, 1.000000000000000000, 0.8660254037844387076, 1.000000000000000000, 0.8660254037844387076, 1.000000000000000000, 0.9330127018922169668, 0.9330127018922194093 ) ) 
 REPRESENTATION_ITEM ( '' )  );
#2621 = LINE ( 'NONE', #5007, #1194 ) ;
#2622 = CARTESIAN_POINT ( 'NONE',  ( 1.338300807568863382, 0.7726683315065783209, -4.179166666666680463 ) ) ;
#2623 = EDGE_LOOP ( 'NONE', ( #835, #5063, #5704, #1528 ) ) ;
#2624 = CARTESIAN_POINT ( 'NONE',  ( -1.338300807568866269, -0.7726683315065673296, -1.729166666666686947 ) ) ;
#2625 = CARTESIAN_POINT ( 'NONE',  ( -0.8922005383792422917, -1.545336663013149758, -6.658333333333342097 ) ) ;
#2626 = CARTESIAN_POINT ( 'NONE',  ( 0.000000000000000000, 1.999999999999999112, -1.700000000000011724 ) ) ;
#2627 = DIRECTION ( 'NONE',  ( 1.000000000000000000, 0.000000000000000000, 0.000000000000000000 ) ) ;
#2628 = EDGE_LOOP ( 'NONE', ( #4287, #3885, #4466, #5349 ) ) ;
#2629 = CARTESIAN_POINT ( 'NONE',  ( -1.764863307568864226, -1.018944305707773612, 4.155208333333300530 ) ) ;
#2630 =( BOUNDED_CURVE ( )  B_SPLINE_CURVE ( 2, ( #698, #6031, #1623, #6066, #2725, #4172, #4140, #3073, #4103 ),
 .UNSPECIFIED., .F., .F. ) 
 B_SPLINE_CURVE_WITH_KNOTS ( ( 3, 2, 2, 2, 3 ),
 ( 0.8240740740740740700, 0.8271604938271605034, 0.8333333333333333703, 0.8395061728395061262, 0.8425925925925925597 ),
 .UNSPECIFIED. ) 
 CURVE ( )  GEOMETRIC_REPRESENTATION_ITEM ( )  RATIONAL_B_SPLINE_CURVE ( ( 0.9330127018922194093, 0.9330127018922194093, 1.000000000000000000, 0.8660254037844387076, 1.000000000000000000, 0.8660254037844387076, 1.000000000000000000, 0.9330127018922194093, 0.9330127018922194093 ) ) 
 REPRESENTATION_ITEM ( '' )  );
#2631 = CARTESIAN_POINT ( 'NONE',  ( 1.999999999999996225, -0.5358983848622421720, -6.106260739116964764 ) ) ;
#2632 = CARTESIAN_POINT ( 'NONE',  ( 1.764863307568863338, -1.018944305707774722, 9.332291666666616692 ) ) ;
#2633 = CARTESIAN_POINT ( 'NONE',  ( -1.999999999999996669, -1.132993276543282844E-14, -5.637500000000018829 ) ) ;
#2634 = CARTESIAN_POINT ( 'NONE',  ( -1.779783831065157473, 0.3887807409522421875, -7.657224658964704389 ) ) ;
#2635 = PERSON_AND_ORGANIZATION ( #4281, #3728 ) ;
#2636 = EDGE_CURVE ( 'NONE', #414, #5815, #2797, .T. ) ;
#2637 = ORIENTED_EDGE ( 'NONE', *, *, #3735, .F. ) ;
#2638 = CARTESIAN_POINT ( 'NONE',  ( 1.545336663013156864, -0.4140717108885756392, 4.831239260883001485 ) ) ;
#2639 = CARTESIAN_POINT ( 'NONE',  ( -1.338300807568862938, -0.7726683315065733249, 6.670833333333292536 ) ) ;
#2640 = CARTESIAN_POINT ( 'NONE',  ( -1.176575538379242447, 2.037888611415556550, -2.276041666666689167 ) ) ;
#2641 = CARTESIAN_POINT ( 'NONE',  ( 1.999999999999996225, 2.091679895156829610E-15, 4.424999999999973177 ) ) ;
#2642 = EDGE_CURVE ( 'NONE', #5014, #1483, #1715, .T. ) ;
#2643 = CARTESIAN_POINT ( 'NONE',  ( -1.545336663013153533, 3.486133158594716806E-15, -5.375000000000012434 ) ) ;
#2644 = VERTEX_POINT ( 'NONE', #1651 ) ;
#2645 = CARTESIAN_POINT ( 'NONE',  ( 1.784401076758483473, 2.541027550711231709E-15, 3.374999999999966693 ) ) ;
#2646 = ORIENTED_EDGE ( 'NONE', *, *, #4168, .F. ) ;
#2647 = CARTESIAN_POINT ( 'NONE',  ( 1.784401076758483473, 2.541027550711231709E-15, 4.074999999999963762 ) ) ;
#2648 = DIRECTION ( 'NONE',  ( -1.000000000000000000, 0.000000000000000000, 0.000000000000000000 ) ) ;
#2649 = DIRECTION ( 'NONE',  ( -0.000000000000000000, -0.000000000000000000, 1.000000000000000000 ) ) ;
#2650 = DIRECTION ( 'NONE',  ( -0.000000000000000000, -0.000000000000000000, 1.000000000000000000 ) ) ;
#2651 = CARTESIAN_POINT ( 'NONE',  ( 0.000000000000000000, -7.560902090037740558E-15, 7.649999999999998579 ) ) ;
#2652 = EDGE_CURVE ( 'NONE', #1893, #3108, #3572, .T. ) ;
#2653 = LINE ( 'NONE', #4600, #5024 ) ;
#2654 = CARTESIAN_POINT ( 'NONE',  ( -1.338300807568862716, 0.7726683315065794311, -3.245833333333349557 ) ) ;
#2655 = VERTEX_POINT ( 'NONE', #760 ) ;
#2656 = CARTESIAN_POINT ( 'NONE',  ( -1.545336663013151313, 1.653008139366994771E-14, 1.712499999999971489 ) ) ;
#2657 = CARTESIAN_POINT ( 'NONE',  ( -0.8922005383792416255, 1.545336663013155531, -4.091666666666681884 ) ) ;
#2658 = CARTESIAN_POINT ( 'NONE',  ( -1.545336663013153533, 0.4140717108885875741, -3.218760739116980574 ) ) ;
#2659 = CARTESIAN_POINT ( 'NONE',  ( -1.545336663013151313, -1.098131944957335723E-14, 5.912499999999964118 ) ) ;
#2660 = EDGE_CURVE ( 'NONE', #3926, #2431, #4728, .T. ) ;
#2661 = VERTEX_POINT ( 'NONE', #4800 ) ;
#2662 = CARTESIAN_POINT ( 'NONE',  ( 1.176575538379244001, 2.037888611415556106, 1.763541666666640806 ) ) ;
#2663 = DIRECTION ( 'NONE',  ( -0.000000000000000000, -0.000000000000000000, 1.000000000000000000 ) ) ;
#2664 = CARTESIAN_POINT ( 'NONE',  ( -1.764863307568863560, 1.018944305707779829, 9.682291666666616337 ) ) ;
#2665 = PLANE ( 'NONE',  #2739 ) ;
#2666 = CARTESIAN_POINT ( 'NONE',  ( -0.8922005383792546152, -1.545336663013142431, -3.070833333333349735 ) ) ;
#2667 = PERSON_AND_ORGANIZATION ( #4281, #3728 ) ;
#2668 = CARTESIAN_POINT ( 'NONE',  ( -0.4573288470484878077, 1.873202827624065314, 7.563106546504776873 ) ) ;
#2669 = ORIENTED_EDGE ( 'NONE', *, *, #1718, .T. ) ;
#2670 = CARTESIAN_POINT ( 'NONE',  ( 1.545336663013152867, 0.4140717108885829112, -7.793739260883042697 ) ) ;
#2671 = CARTESIAN_POINT ( 'NONE',  ( 0.8922005383792411815, -1.545336663013150424, 5.445833333333294668 ) ) ;
#2672 = CARTESIAN_POINT ( 'NONE',  ( 1.176575538379243557, 2.037888611415555662, -3.092708333333353377 ) ) ;
#2673 = CARTESIAN_POINT ( 'NONE',  ( -3.691315149501429142E-15, -1.545336663013149980, -6.512500000000009059 ) ) ;
#2674 = CARTESIAN_POINT ( 'NONE',  ( 1.154700538379250574, 1.999999999999998224, -1.058333333333346227 ) ) ;
#2675 = VERTEX_POINT ( 'NONE', #3698 ) ;
#2676 = CARTESIAN_POINT ( 'NONE',  ( -0.8922005383792416255, 1.545336663013155531, 1.508333333333304216 ) ) ;
#2677 = EDGE_LOOP ( 'NONE', ( #4875, #59, #592, #6028 ) ) ;
#2678 = CARTESIAN_POINT ( 'NONE',  ( 0.8922005383792411815, -1.545336663013150424, 6.058333333333292714 ) ) ;
#2679 = EDGE_CURVE ( 'NONE', #1825, #1038, #349, .T. ) ;
#2680 = CARTESIAN_POINT ( 'NONE',  ( -1.135686265472748724E-14, -1.545336663013149980, 2.587499999999970157 ) ) ;
#2681 = CARTESIAN_POINT ( 'NONE',  ( 1.468210507076225468, -0.6163167901558945783, -7.892069915603648234 ) ) ;
#2682 = CARTESIAN_POINT ( 'NONE',  ( 1.999999999999997113, 0.5358983848622465018, -2.456239260883064546 ) ) ;
#2683 = LINE ( 'NONE', #2116, #184 ) ;
#2684 = CARTESIAN_POINT ( 'NONE',  ( 1.999999999999996225, 2.091679895156829610E-15, 5.824999999999969091 ) ) ;
#2685 = CARTESIAN_POINT ( 'NONE',  ( -0.8922005383792422917, -1.545336663013149758, -5.170833333333344939 ) ) ;
#2686 = EDGE_LOOP ( 'NONE', ( #2849, #4784, #723, #2108, #2740, #2110, #2593 ) ) ;
#2687 = CARTESIAN_POINT ( 'NONE',  ( 1.545336663013154421, -1.135898387508778358E-14, 3.462499999999967049 ) ) ;
#2688 = CARTESIAN_POINT ( 'NONE',  ( -0.8922005383792416255, 1.545336663013155531, -5.491666666666678687 ) ) ;
#2689 = CARTESIAN_POINT ( 'NONE',  ( 1.732050807568874751, 0.9999999999999995559, -1.816666666666677310 ) ) ;
#2690 = DIRECTION ( 'NONE',  ( 0.000000000000000000, 0.000000000000000000, -1.000000000000000000 ) ) ;
#2691 = CARTESIAN_POINT ( 'NONE',  ( -1.176575538379242447, 2.037888611415556994, 2.580208333333304349 ) ) ;
#2692 = CARTESIAN_POINT ( 'NONE',  ( 1.999999999999996669, -7.553288510288552290E-15, -6.075000000000001066 ) ) ;
#2693 = CARTESIAN_POINT ( 'NONE',  ( -1.176575538379242447, 2.037888611415556550, 7.523958333333288451 ) ) ;
#2694 = CARTESIAN_POINT ( 'NONE',  ( 0.000000000000000000, 2.868816710768336858E-15, -8.000000000000000000 ) ) ;
#2695 = EDGE_CURVE ( 'NONE', #1281, #6166, #1903, .T. ) ;
#2696 = CARTESIAN_POINT ( 'NONE',  ( -1.545336663013149980, 0.4140717108885946240, 0.1937392608830100782 ) ) ;
#2697 = ADVANCED_FACE ( 'NONE', ( #5273 ), #602, .F. ) ;
#2698 = PERSON_AND_ORGANIZATION_ROLE ( 'creator' ) ;
#2699 = CARTESIAN_POINT ( 'NONE',  ( -8.707374417577735654E-15, -1.545336663013149980, -2.400000000000019451 ) ) ;
#2700 = ORIENTED_EDGE ( 'NONE', *, *, #4465, .F. ) ;
#2701 = CARTESIAN_POINT ( 'NONE',  ( 1.764863307568864892, 1.018944305707778497, -6.694791666666672469 ) ) ;
#2702 = CARTESIAN_POINT ( 'NONE',  ( -1.784401076758483473, 2.978079764120704978E-15, 5.912499999999960565 ) ) ;
#2703 = CARTESIAN_POINT ( 'NONE',  ( 2.353151076758484894, 2.436549870658972734E-15, -3.209375000000019629 ) ) ;
#2704 = DIRECTION ( 'NONE',  ( 0.000000000000000000, 0.000000000000000000, -1.000000000000000000 ) ) ;
#2705 = CARTESIAN_POINT ( 'NONE',  ( 0.6315448283993133627, -1.867189376830472813, -7.508018990239056834 ) ) ;
#2706 = ORIENTED_EDGE ( 'NONE', *, *, #568, .F. ) ;
#2707 = CARTESIAN_POINT ( 'NONE',  ( 1.338300807568862494, -0.7726683315065742130, 1.916666666666635876 ) ) ;
#2708 = ORIENTED_EDGE ( 'NONE', *, *, #5387, .F. ) ;
#2709 = CARTESIAN_POINT ( 'NONE',  ( 0.000000000000000000, 1.545336663013155754, 5.649999999999960387 ) ) ;
#2710 = CARTESIAN_POINT ( 'NONE',  ( -1.999999999999997113, -6.565550782020048959E-15, 0.6624999999999641176 ) ) ;
#2711 = CARTESIAN_POINT ( 'NONE',  ( -1.545336663013153533, -0.4140717108885744180, -5.343739260883048736 ) ) ;
#2712 = CARTESIAN_POINT ( 'NONE',  ( -1.999999999999996669, 3.079417623425332942E-15, 1.362499999999962075 ) ) ;
#2713 = VERTEX_POINT ( 'NONE', #4200 ) ;
#2714 = EDGE_CURVE ( 'NONE', #696, #4472, #3277, .T. ) ;
#2715 = CARTESIAN_POINT ( 'NONE',  ( 0.000000000000000000, -7.560902090037740558E-15, 7.195336663013168099 ) ) ;
#2716 = CARTESIAN_POINT ( 'NONE',  ( -1.338300807568862938, -0.7726683315065733249, -1.729166666666686947 ) ) ;
#2717 = ORIENTED_EDGE ( 'NONE', *, *, #512, .T. ) ;
#2718 = FACE_OUTER_BOUND ( 'NONE', #3350, .T. ) ;
#2719 = CARTESIAN_POINT ( 'NONE',  ( -1.784401076758483473, 2.978079764120704978E-15, -4.675000000000014033 ) ) ;
#2720 = CARTESIAN_POINT ( 'NONE',  ( 1.154700538379250574, 1.999999999999998224, -1.758333333333344628 ) ) ;
#2721 = FACE_OUTER_BOUND ( 'NONE', #2408, .T. ) ;
#2722 = EDGE_CURVE ( 'NONE', #3405, #5189, #2413, .T. ) ;
#2723 =( BOUNDED_CURVE ( )  B_SPLINE_CURVE ( 2, ( #1847, #5720, #5688, #1370, #3293, #3797, #5209, #454, #1906 ),
 .UNSPECIFIED., .F., .F. ) 
 B_SPLINE_CURVE_WITH_KNOTS ( ( 3, 2, 2, 2, 3 ),
 ( 0.06481481481481478346, 0.06790123456790123080, 0.07407407407407406996, 0.08024691358024690913, 0.08333333333333335646 ),
 .UNSPECIFIED. ) 
 CURVE ( )  GEOMETRIC_REPRESENTATION_ITEM ( )  RATIONAL_B_SPLINE_CURVE ( ( 0.9330127018922191873, 0.9330127018922187432, 1.000000000000000000, 0.8660254037844387076, 1.000000000000000000, 0.8660254037844387076, 1.000000000000000000, 0.9330127018922187432, 0.9330127018922194093 ) ) 
 REPRESENTATION_ITEM ( '' )  );
#2724 = CARTESIAN_POINT ( 'NONE',  ( 0.000000000000000000, 2.037888611415556994, 7.421874999999960032 ) ) ;
#2725 = CARTESIAN_POINT ( 'NONE',  ( -2.449293598294701977E-16, -1.999999999999993117, -4.850000000000003197 ) ) ;
#2726 = CARTESIAN_POINT ( 'NONE',  ( -2.495693764988901954E-16, -2.037888611415550333, 9.215624999999949551 ) ) ;
#2727 = CARTESIAN_POINT ( 'NONE',  ( 1.732050807568873640, -0.9999999999999961142, -3.333333333333341031 ) ) ;
#2728 = CARTESIAN_POINT ( 'NONE',  ( -0.8922005383792555033, -1.545336663013142209, -1.758333333333354842 ) ) ;
#2729 = VECTOR ( 'NONE', #6050, 1000.000000000000000 ) ;
#2730 = COORDINATED_UNIVERSAL_TIME_OFFSET ( 6, 0, .BEHIND. ) ;
#2731 = CARTESIAN_POINT ( 'NONE',  ( 0.000000000000000000, -5.761269458237980497E-15, 10.20000000000000284 ) ) ;
#2732 = EDGE_CURVE ( 'NONE', #6198, #3799, #4327, .T. ) ;
#2733 = VERTEX_POINT ( 'NONE', #4772 ) ;
#2734 = FACE_OUTER_BOUND ( 'NONE', #5673, .T. ) ;
#2735 = CARTESIAN_POINT ( 'NONE',  ( -0.8922005383792422917, -1.545336663013149758, 5.329166666666630192 ) ) ;
#2736 = CARTESIAN_POINT ( 'NONE',  ( -1.764863307568863782, -1.018944305707773390, -3.501041666666686147 ) ) ;
#2737 = CARTESIAN_POINT ( 'NONE',  ( 0.000000000000000000, 2.868816710768336858E-15, -8.000000000000000000 ) ) ;
#2738 = CYLINDRICAL_SURFACE ( 'NONE', #793, 1.999999999999985789 ) ;
#2739 = AXIS2_PLACEMENT_3D ( 'NONE', #4548, #3669, #6000 ) ;
#2740 = ORIENTED_EDGE ( 'NONE', *, *, #3766, .F. ) ;
#2741 = CARTESIAN_POINT ( 'NONE',  ( -0.8922005383792416255, 1.545336663013155531, 2.208333333333301507 ) ) ;
#2742 = ORIENTED_EDGE ( 'NONE', *, *, #4346, .F. ) ;
#2743 = CARTESIAN_POINT ( 'NONE',  ( -1.338300807568862938, -0.7726683315065733249, 4.483333333333297865 ) ) ;
#2744 = CARTESIAN_POINT ( 'NONE',  ( -1.545336663013153089, -0.4140717108885703657, 0.2562607391169383630 ) ) ;
#2745 = CARTESIAN_POINT ( 'NONE',  ( 1.338300807568863604, 0.7726683315065778768, -7.066666666666675312 ) ) ;
#2746 = CARTESIAN_POINT ( 'NONE',  ( -0.8922005383792432909, -1.545336663013148870, -3.858333333333348936 ) ) ;
#2747 = CARTESIAN_POINT ( 'NONE',  ( -1.545336663013151757, 3.457082048939760872E-15, 6.612499999999960743 ) ) ;
#2748 = FACE_OUTER_BOUND ( 'NONE', #2578, .T. ) ;
#2749 = CARTESIAN_POINT ( 'NONE',  ( 0.8922005383792480648, 1.545336663013151979, -4.820833333333345294 ) ) ;
#2750 = CARTESIAN_POINT ( 'NONE',  ( -1.338300807568862716, 0.7726683315065794311, -2.633333333333351955 ) ) ;
#2751 = EDGE_CURVE ( 'NONE', #67, #5659, #2841, .T. ) ;
#2752 = CARTESIAN_POINT ( 'NONE',  ( 0.000000000000000000, -7.560902090037740558E-15, 13.65685424949233884 ) ) ;
#2753 = CYLINDRICAL_SURFACE ( 'NONE', #3925, 1.999999999999985789 ) ;
#2754 = CARTESIAN_POINT ( 'NONE',  ( 1.764863307568863782, -1.018944305707774944, 7.888541666666623264 ) ) ;
#2755 = CARTESIAN_POINT ( 'NONE',  ( -1.999999999999991340, -0.5358983848622501656, -6.393739260883035236 ) ) ;
#2756 = CARTESIAN_POINT ( 'NONE',  ( 0.000000000000000000, -7.560902090037740558E-15, 7.649999999999998579 ) ) ;
#2758 = B_SPLINE_CURVE_WITH_KNOTS ( 'NONE', 3,
 ( #1070, #3002, #4860, #567, #5803, #2503 ),
 .UNSPECIFIED., .F., .F.,
 ( 4, 2, 4 ),
 ( 0.001601428964651804192, 0.001975450271311197156, 0.002349471577970590336 ),
 .UNSPECIFIED. ) ;
#2757 = FACE_OUTER_BOUND ( 'NONE', #1327, .T. ) ;
#2759 = EDGE_CURVE ( 'NONE', #4560, #5659, #4232, .T. ) ;
#2760 = CARTESIAN_POINT ( 'NONE',  ( 0.8922005383792380728, -1.545336663013151979, -2.954166666666683927 ) ) ;
#2761 = CARTESIAN_POINT ( 'NONE',  ( 1.732050807568874973, 0.9999999999999997780, -4.529166666666689878 ) ) ;
#2762 =( BOUNDED_CURVE ( )  B_SPLINE_CURVE ( 2, ( #4388, #598, #1581, #1102, #5327, #538, #4826, #1519, #3500 ),
 .UNSPECIFIED., .F., .F. ) 
 B_SPLINE_CURVE_WITH_KNOTS ( ( 3, 2, 2, 2, 3 ),
 ( 0.04629629629629630067, 0.04938271604938271331, 0.05555555555555555247, 0.06172839506172839164, 0.06481481481481481122 ),
 .UNSPECIFIED. ) 
 CURVE ( )  GEOMETRIC_REPRESENTATION_ITEM ( )  RATIONAL_B_SPLINE_CURVE ( ( 0.9330127018922194093, 0.9330127018922195203, 1.000000000000000000, 0.8660254037844387076, 1.000000000000000000, 0.8660254037844387076, 1.000000000000000000, 0.9330127018922194093, 0.9330127018922194093 ) ) 
 REPRESENTATION_ITEM ( '' )  );
#2763 = EDGE_LOOP ( 'NONE', ( #5126, #3056, #2168 ) ) ;
#2764 = CARTESIAN_POINT ( 'NONE',  ( 1.176575538379244001, 2.037888611415556106, -3.836458333333346182 ) ) ;
#2765 = CARTESIAN_POINT ( 'NONE',  ( -1.338300807568862938, -0.7726683315065733249, 8.770833333333287740 ) ) ;
#2766 = CARTESIAN_POINT ( 'NONE',  ( 2.353151076758484894, 2.436549870658972734E-15, 1.690624999999968070 ) ) ;
#2767 = DIRECTION ( 'NONE',  ( -0.000000000000000000, -0.000000000000000000, 1.000000000000000000 ) ) ;
#2768 = CARTESIAN_POINT ( 'NONE',  ( 1.396592535537254604E-14, -2.000000000000007994, 10.20000000000000107 ) ) ;
#2769 = ORIENTED_EDGE ( 'NONE', *, *, #4946, .T. ) ;
#2770 = CARTESIAN_POINT ( 'NONE',  ( 1.999999999999996669, -7.553288510288552290E-15, -6.774999999999999467 ) ) ;
#2771 = EDGE_LOOP ( 'NONE', ( #4386, #1493 ) ) ;
#2772 = CARTESIAN_POINT ( 'NONE',  ( 1.338300807568863382, 0.7726683315065783209, 6.233333333333292536 ) ) ;
#2773 = CARTESIAN_POINT ( 'NONE',  ( 0.8922005383792651623, 1.545336663013141987, 6.291666666666626107 ) ) ;
#2774 = CARTESIAN_POINT ( 'NONE',  ( -1.999999999999991562, -0.5358983848622502766, 3.493760739116921865 ) ) ;
#2775 = EDGE_CURVE ( 'NONE', #4994, #249, #2400, .T. ) ;
#2776 = CARTESIAN_POINT ( 'NONE',  ( -0.8922005383792404043, 1.545336663013156642, -7.504166666666672647 ) ) ;
#2777 = CARTESIAN_POINT ( 'NONE',  ( 1.338300807568856499, -0.7726683315065840940, 0.6041666666666399843 ) ) ;
#2778 = CARTESIAN_POINT ( 'NONE',  ( 1.732050807568873640, -0.9999999999999961142, 5.766666666666637298 ) ) ;
#2779 = ORIENTED_EDGE ( 'NONE', *, *, #1369, .F. ) ;
#2780 = ORIENTED_EDGE ( 'NONE', *, *, #2985, .T. ) ;
#2781 = FACE_OUTER_BOUND ( 'NONE', #4385, .T. ) ;
#2782 = CARTESIAN_POINT ( 'NONE',  ( -1.338300807568862716, 0.7726683315065794311, -0.5333333333333578619 ) ) ;
#2783 = CARTESIAN_POINT ( 'NONE',  ( 1.338300807568856277, -0.7726683315065847601, 1.916666666666635876 ) ) ;
#2784 = LINE ( 'NONE', #380, #3920 ) ;
#2785 = CARTESIAN_POINT ( 'NONE',  ( 1.764863307568864892, 1.018944305707778497, 5.905208333333296977 ) ) ;
#2786 = CARTESIAN_POINT ( 'NONE',  ( -1.154700538379249020, 1.999999999999999334, 7.458333333333299286 ) ) ;
#2787 = CARTESIAN_POINT ( 'NONE',  ( 0.000000000000000000, 1.999999999999999112, 5.999999999999969802 ) ) ;
#2788 = CARTESIAN_POINT ( 'NONE',  ( 1.239292333835193327, -1.296503577071612678, -7.685320244742439577 ) ) ;
#2789 = DIRECTION ( 'NONE',  ( -1.000000000000000000, 0.000000000000000000, 0.000000000000000000 ) ) ;
#2790 = CARTESIAN_POINT ( 'NONE',  ( 1.999999999999996225, 2.091679895156829610E-15, 4.424999999999973177 ) ) ;
#2791 = EDGE_CURVE ( 'NONE', #6063, #674, #3922, .T. ) ;
#2792 = ORIENTED_EDGE ( 'NONE', *, *, #3192, .T. ) ;
#2793 = CARTESIAN_POINT ( 'NONE',  ( -1.764863307568864226, -1.018944305707773612, -4.244791666666677621 ) ) ;
#2794 = CARTESIAN_POINT ( 'NONE',  ( -1.338300807568862716, 0.7726683315065794311, 9.354166666666619889 ) ) ;
#2795 = CARTESIAN_POINT ( 'NONE',  ( 1.764863307568864448, 1.018944305707778275, 1.748958333333302084 ) ) ;
#2796 = CARTESIAN_POINT ( 'NONE',  ( -0.8922005383792274147, 1.545336663013163969, 6.495833333333292714 ) ) ;
#2797 =( BOUNDED_CURVE ( )  B_SPLINE_CURVE ( 2, ( #5109, #5080, #4046, #668, #2601, #5968, #188, #1265, #4515 ),
 .UNSPECIFIED., .F., .F. ) 
 B_SPLINE_CURVE_WITH_KNOTS ( ( 3, 2, 2, 2, 3 ),
 ( 0.2314814814814815103, 0.2345679012345679437, 0.2407407407407406996, 0.2469135802469135665, 0.2500000000000000000 ),
 .UNSPECIFIED. ) 
 CURVE ( )  GEOMETRIC_REPRESENTATION_ITEM ( )  RATIONAL_B_SPLINE_CURVE ( ( 0.9330127018922194093, 0.9330127018922194093, 1.000000000000000000, 0.8660254037844387076, 1.000000000000000000, 0.8660254037844387076, 1.000000000000000000, 0.9330127018922194093, 0.9330127018922194093 ) ) 
 REPRESENTATION_ITEM ( '' )  );
#2798 = CARTESIAN_POINT ( 'NONE',  ( 1.545336663013153089, -9.005843993036351354E-16, -4.237500000000014033 ) ) ;
#2799 = DIRECTION ( 'NONE',  ( -1.000000000000000000, 0.000000000000000000, 0.000000000000000000 ) ) ;
#2800 = ORIENTED_EDGE ( 'NONE', *, *, #3538, .T. ) ;
#2801 = CARTESIAN_POINT ( 'NONE',  ( -1.732050807568873863, 1.000000000000001110, 1.216666666666647911 ) ) ;
#2802 = CARTESIAN_POINT ( 'NONE',  ( 4.653657836759949632E-16, 3.800000000000005151, 8.000000000000000000 ) ) ;
#2803 = CARTESIAN_POINT ( 'NONE',  ( -2.495693764988901954E-16, -2.037888611415550333, -8.284375000000007816 ) ) ;
#2804 = CARTESIAN_POINT ( 'NONE',  ( -0.8922005383792315225, 1.545336663013161527, -1.204166666666688590 ) ) ;
#2805 = CARTESIAN_POINT ( 'NONE',  ( 1.338300807568876261, 0.7726683315065555613, 4.833333333333295734 ) ) ;
#2806 = VERTEX_POINT ( 'NONE', #1936 ) ;
#2807 = DIRECTION ( 'NONE',  ( 0.000000000000000000, 0.000000000000000000, -1.000000000000000000 ) ) ;
#2808 = CARTESIAN_POINT ( 'NONE',  ( -2.449293598294702470E-16, -1.999999999999993561, 1.537499999999961453 ) ) ;
#2809 = ORIENTED_EDGE ( 'NONE', *, *, #4390, .T. ) ;
#2810 = ORIENTED_EDGE ( 'NONE', *, *, #2652, .T. ) ;
#2811 = ADVANCED_FACE ( 'NONE', ( #5394 ), #2539, .T. ) ;
#2812 = VECTOR ( 'NONE', #1177, 1000.000000000000000 ) ;
#2813 = EDGE_LOOP ( 'NONE', ( #3978, #2137, #3380 ) ) ;
#2814 = CARTESIAN_POINT ( 'NONE',  ( -1.999999999999996669, -1.621051918746543165E-14, 6.262499999999950440 ) ) ;
#2815 = CARTESIAN_POINT ( 'NONE',  ( -1.892491597964109718E-16, -1.545336663013149980, -0.3000000000000241918 ) ) ;
#2816 = CARTESIAN_POINT ( 'NONE',  ( -1.545336663013154643, -4.357666448243395021E-16, 0.9249999999999740652 ) ) ;
#2817 = AXIS2_PLACEMENT_3D ( 'NONE', #3263, #1340, #4204 ) ;
#2818 = CARTESIAN_POINT ( 'NONE',  ( -1.545336663013154643, 7.814748497183156485E-15, 2.324999999999970424 ) ) ;
#2819 = CARTESIAN_POINT ( 'NONE',  ( 1.176575538379242003, -2.037888611415551221, 6.430208333333294668 ) ) ;
#2820 = CIRCLE ( 'NONE', #5840, 1.443375672974069657 ) ;
#2821 = CARTESIAN_POINT ( 'NONE',  ( -1.545336663013152867, 3.058065870564747460E-15, -8.000000000000000000 ) ) ;
#2822 = CARTESIAN_POINT ( 'NONE',  ( -1.999999999999996225, 3.079417623425332942E-15, 6.174999999999967848 ) ) ;
#2823 = FACE_OUTER_BOUND ( 'NONE', #474, .T. ) ;
#2824 = CARTESIAN_POINT ( 'NONE',  ( -1.732050807568874529, -0.9999999999999950040, 4.220833333333287918 ) ) ;
#2825 = CARTESIAN_POINT ( 'NONE',  ( 1.154700538379250574, 1.999999999999998224, 4.541666666666640317 ) ) ;
#2826 =( BOUNDED_CURVE ( )  B_SPLINE_CURVE ( 2, ( #1894, #1770, #440, #1289, #411, #5133, #4289, #2370, #811 ),
 .UNSPECIFIED., .F., .T. ) 
 B_SPLINE_CURVE_WITH_KNOTS ( ( 3, 2, 2, 2, 3 ),
 ( 0.4907407407407407551, 0.4938271604938271331, 0.5000000000000000000, 0.5061728395061728669, 0.5092592592592593004 ),
 .UNSPECIFIED. ) 
 CURVE ( )  GEOMETRIC_REPRESENTATION_ITEM ( )  RATIONAL_B_SPLINE_CURVE ( ( 0.9330127018922194093, 0.9330127018922199644, 1.000000000000000000, 0.8660254037844387076, 1.000000000000000000, 0.8660254037844387076, 1.000000000000000000, 0.9330127018922194093, 0.9330127018922194093 ) ) 
 REPRESENTATION_ITEM ( '' )  );
#2827 = ORIENTED_EDGE ( 'NONE', *, *, #978, .T. ) ;
#2828 = CARTESIAN_POINT ( 'NONE',  ( 1.176575538379242003, -2.037888611415551221, -6.169791666666673002 ) ) ;
#2829 = CARTESIAN_POINT ( 'NONE',  ( 1.999999999999996225, -0.5358983848622421720, 5.093739260883007880 ) ) ;
#2830 = CARTESIAN_POINT ( 'NONE',  ( -1.176575538379242447, 2.037888611415556550, -0.1760416666666941021 ) ) ;
#2831 = CIRCLE ( 'NONE', #3841, 1.443375672974069657 ) ;
#2832 = CARTESIAN_POINT ( 'NONE',  ( 1.338300807568882478, 0.7726683315065451252, 7.020833333333292181 ) ) ;
#2833 = EDGE_CURVE ( 'NONE', #684, #3443, #1710, .T. ) ;
#2834 = CARTESIAN_POINT ( 'NONE',  ( 1.545336663013152645, 1.568759921367622405E-15, -7.037500000000007638 ) ) ;
#2835 = PLANE ( 'NONE',  #899 ) ;
#2836 = ORIENTED_EDGE ( 'NONE', *, *, #3637, .T. ) ;
#2837 = CARTESIAN_POINT ( 'NONE',  ( 0.000000000000000000, -7.560902090037740558E-15, 13.65685424949233884 ) ) ;
#2838 = CARTESIAN_POINT ( 'NONE',  ( -0.8922005383792310784, 1.545336663013161527, -0.5041666666666900776 ) ) ;
#2839 = CARTESIAN_POINT ( 'NONE',  ( -1.784401076758483473, 2.978079764120704978E-15, -1.087500000000021672 ) ) ;
#2840 = CARTESIAN_POINT ( 'NONE',  ( 0.000000000000000000, 1.545336663013155754, 9.849999999999951683 ) ) ;
#2841 =( BOUNDED_CURVE ( )  B_SPLINE_CURVE ( 2, ( #3761, #5174, #1844, #852, #6192, #384, #2316, #2350, #6160 ),
 .UNSPECIFIED., .F., .F. ) 
 B_SPLINE_CURVE_WITH_KNOTS ( ( 3, 2, 2, 2, 3 ),
 ( 0.4351851851851851194, 0.4382716049382715529, 0.4444444444444444198, 0.4506172839506172867, 0.4537037037037037202 ),
 .UNSPECIFIED. ) 
 CURVE ( )  GEOMETRIC_REPRESENTATION_ITEM ( )  RATIONAL_B_SPLINE_CURVE ( ( 0.9330127018922192983, 0.9330127018922180770, 1.000000000000000000, 0.8660254037844387076, 1.000000000000000000, 0.8660254037844387076, 1.000000000000000000, 0.9330127018922194093, 0.9330127018922194093 ) ) 
 REPRESENTATION_ITEM ( '' )  );
#2842 = CARTESIAN_POINT ( 'NONE',  ( 1.545336663013146872, 0.4140717108885767495, 6.206260739116924441 ) ) ;
#2843 = DIRECTION ( 'NONE',  ( -0.000000000000000000, -0.000000000000000000, 1.000000000000000000 ) ) ;
#2844 = ADVANCED_FACE ( 'NONE', ( #4333 ), #570, .T. ) ;
#2845 = CARTESIAN_POINT ( 'NONE',  ( -1.338300807568865158, -0.7726683315065693280, -5.929166666666676022 ) ) ;
#2846 = CARTESIAN_POINT ( 'NONE',  ( -1.545336663013153311, 4.967739750997471014E-15, -1.087500000000021005 ) ) ;
#2847 = EDGE_LOOP ( 'NONE', ( #753, #334, #4320, #5528, #2978 ) ) ;
#2848 = EDGE_LOOP ( 'NONE', ( #608, #6236, #3585, #5494, #1705, #5359, #2194, #3080, #2093, #1454, #5602, #3480, #1027, #1863, #3172, #2780, #4851, #390, #5228, #533, #963, #3818, #3180, #5827, #2441, #1455, #5378, #6003, #3817, #3065, #2088, #2269, #682, #5954, #2081, #2887, #4187, #4980, #4710, #4155, #2160, #5267, #1765, #3252, #879, #2997, #1837, #373, #728, #804, #1677, #1560, #1317, #4411, #3362, #4973, #2792, #4793, #4087, #4493, #5830, #278, #3908, #4376, #1181, #5770, #3469, #4945, #2902, #2904, #3672, #653, #6143, #2957, #4525, #5487, #3117, #4900, #4811, #9, #401, #4987, #992, #5468, #2958, #441, #1849, #4744, #1474, #1959, #1064, #4628 ) ) ;
#2849 = ORIENTED_EDGE ( 'NONE', *, *, #5950, .F. ) ;
#2850 = DIRECTION ( 'NONE',  ( 0.000000000000000000, 0.000000000000000000, -1.000000000000000000 ) ) ;
#2851 = CARTESIAN_POINT ( 'NONE',  ( -0.8922005383792416255, 1.545336663013155531, -1.991666666666687568 ) ) ;
#2852 = CARTESIAN_POINT ( 'NONE',  ( -1.545336663013151313, 1.653008139366994771E-14, 1.624999999999970690 ) ) ;
#2853 = CARTESIAN_POINT ( 'NONE',  ( -0.8922005383792295241, 1.545336663013162415, 2.295833333333302306 ) ) ;
#2854 = CARTESIAN_POINT ( 'NONE',  ( -1.764863307568864226, -1.018944305707773612, 6.255208333333296622 ) ) ;
#2855 = CARTESIAN_POINT ( 'NONE',  ( 1.999999999999996225, 2.091679895156829610E-15, 7.224999999999965894 ) ) ;
#2856 = CARTESIAN_POINT ( 'NONE',  ( -7.950377778392091668E-15, -1.545336663013149980, -3.712500000000015454 ) ) ;
#2857 = CARTESIAN_POINT ( 'NONE',  ( -1.999999999999996669, -1.132993276543282844E-14, -4.237500000000022915 ) ) ;
#2858 = CARTESIAN_POINT ( 'NONE',  ( 1.154700538379248798, -1.999999999999994005, 4.395833333333288628 ) ) ;
#2859 = EDGE_CURVE ( 'NONE', #2216, #4639, #3027, .T. ) ;
#2860 = CARTESIAN_POINT ( 'NONE',  ( -1.999999999999996225, 0.5358983848622473900, -7.156260739116961034 ) ) ;
#2861 = VERTEX_POINT ( 'NONE', #4954 ) ;
#2862 = CARTESIAN_POINT ( 'NONE',  ( 2.353151076758485338, 2.436549870658972734E-15, -6.053125000000007638 ) ) ;
#2863 = CARTESIAN_POINT ( 'NONE',  ( 1.338300807568863382, 0.7726683315065783209, 8.420833333333288095 ) ) ;
#2864 = CARTESIAN_POINT ( 'NONE',  ( -1.176575538379243113, -2.037888611415549889, 2.857291666666631258 ) ) ;
#2865 = CARTESIAN_POINT ( 'NONE',  ( -0.7669639501023663986, 1.341578063809933941, 7.195336663013177869 ) ) ;
#2866 = CARTESIAN_POINT ( 'NONE',  ( 1.999999999999996669, 0.5358983848622463908, -0.4437392608830506013 ) ) ;
#2867 = ORIENTED_EDGE ( 'NONE', *, *, #2642, .T. ) ;
#2868 = CARTESIAN_POINT ( 'NONE',  ( 1.999999999999996225, 2.091679895156829610E-15, 0.9249999999999819478 ) ) ;
#2869 = CARTESIAN_POINT ( 'NONE',  ( 0.000000000000000000, 2.868816710768336858E-15, -8.000000000000000000 ) ) ;
#2870 = B_SPLINE_CURVE_WITH_KNOTS ( 'NONE', 3,
 ( #4124, #3122, #206, #4975 ),
 .UNSPECIFIED., .F., .F.,
 ( 4, 4 ),
 ( 2.720726449563954173E-17, 0.0003991388843119029464 ),
 .UNSPECIFIED. ) ;
#2871 = CARTESIAN_POINT ( 'NONE',  ( -0.8922005383792416255, 1.545336663013155531, 0.1958333333333082682 ) ) ;
#2872 = CARTESIAN_POINT ( 'NONE',  ( 0.8922005383792426247, 1.545336663013155087, 9.091666666666617047 ) ) ;
#2873 = CARTESIAN_POINT ( 'NONE',  ( -1.417044902490574909, -0.7485680951165550878, 7.248786808257956515 ) ) ;
#2874 = LINE ( 'NONE', #4384, #5125 ) ;
#2875 = VERTEX_POINT ( 'NONE', #5805 ) ;
#2876 = ORIENTED_EDGE ( 'NONE', *, *, #2296, .T. ) ;
#2877 = EDGE_CURVE ( 'NONE', #5677, #2364, #4966, .T. ) ;
#2878 =( BOUNDED_CURVE ( )  B_SPLINE_CURVE ( 2, ( #5683, #1364, #3288, #4170, #4265, #5140, #6189, #347, #5746 ),
 .UNSPECIFIED., .F., .T. ) 
 B_SPLINE_CURVE_WITH_KNOTS ( ( 3, 2, 2, 2, 3 ),
 ( 0.4166666666666666852, 0.4197530864197530631, 0.4259259259259259300, 0.4320987654320987414, 0.4351851851851852304 ),
 .UNSPECIFIED. ) 
 CURVE ( )  GEOMETRIC_REPRESENTATION_ITEM ( )  RATIONAL_B_SPLINE_CURVE ( ( 0.9330127018922194093, 0.9330127018922199644, 1.000000000000000000, 0.8660254037844387076, 1.000000000000000000, 0.8660254037844387076, 1.000000000000000000, 0.9330127018922180770, 0.9330127018922192983 ) ) 
 REPRESENTATION_ITEM ( '' )  );
#2879 = DIRECTION ( 'NONE',  ( -0.000000000000000000, -0.000000000000000000, 1.000000000000000000 ) ) ;
#2880 = DIRECTION ( 'NONE',  ( -0.000000000000000000, -5.648303390429391465E-16, 1.000000000000000000 ) ) ;
#2881 = CARTESIAN_POINT ( 'NONE',  ( 2.353151076758485338, 2.436549870658972734E-15, 9.346874999999956302 ) ) ;
#2882 = CARTESIAN_POINT ( 'NONE',  ( 1.545336663013152645, -0.4140717108885793030, -5.756260739116974001 ) ) ;
#2883 = CARTESIAN_POINT ( 'NONE',  ( -0.8922005383792461775, -1.545336663013147316, 1.829166666666636853 ) ) ;
#2884 = DIRECTION ( 'NONE',  ( -0.000000000000000000, -0.000000000000000000, 1.000000000000000000 ) ) ;
#2885 = LINE ( 'NONE', #2914, #2611 ) ;
#2886 = CARTESIAN_POINT ( 'NONE',  ( 1.999999999999996225, -9.784413731789170541E-14, -7.475000000000002309 ) ) ;
#2887 = ORIENTED_EDGE ( 'NONE', *, *, #6101, .T. ) ;
#2888 = CARTESIAN_POINT ( 'NONE',  ( -2.353151076758485338, 3.012905657471458101E-15, -4.303125000000012079 ) ) ;
#2889 = EDGE_CURVE ( 'NONE', #3284, #3926, #3476, .T. ) ;
#2890 = CARTESIAN_POINT ( 'NONE',  ( 0.000000000000000000, 1.545336663013155754, 9.237499999999952749 ) ) ;
#2891 = CARTESIAN_POINT ( 'NONE',  ( 1.764863307568863338, -1.018944305707774722, -0.4677083333333598714 ) ) ;
#2892 = CARTESIAN_POINT ( 'NONE',  ( 1.545336663013155309, 0.4140717108885668685, 6.993760739116924974 ) ) ;
#2893 = CARTESIAN_POINT ( 'NONE',  ( -1.999999999999996669, 3.079417623425332942E-15, 1.362499999999962075 ) ) ;
#2894 = CARTESIAN_POINT ( 'NONE',  ( -1.250000000000004441, -0.4921360860715201513, 10.09502995122097779 ) ) ;
#2895 = ORIENTED_EDGE ( 'NONE', *, *, #4874, .T. ) ;
#2896 = CYLINDRICAL_SURFACE ( 'NONE', #1817, 1.999999999999985789 ) ;
#2897 = CARTESIAN_POINT ( 'NONE',  ( -1.999999999999985789, -7.560902090037740558E-15, 13.65685424949233884 ) ) ;
#2898 = CARTESIAN_POINT ( 'NONE',  ( -0.8922005383792422917, -1.545336663013149758, 0.4291666666666419938 ) ) ;
#2899 = CARTESIAN_POINT ( 'NONE',  ( 1.338300807568862494, -0.7726683315065742130, 8.216666666666620600 ) ) ;
#2900 = CARTESIAN_POINT ( 'NONE',  ( 1.545336663013151313, 1.135898387508778358E-14, 5.562499999999963585 ) ) ;
#2901 = CARTESIAN_POINT ( 'NONE',  ( -0.9371450709620351427, -1.340263402853404395, 7.281709047128043011 ) ) ;
#2902 = ORIENTED_EDGE ( 'NONE', *, *, #30, .T. ) ;
#2903 = CARTESIAN_POINT ( 'NONE',  ( -1.999999999999996225, 3.079417623425332942E-15, 3.374999999999975131 ) ) ;
#2904 = ORIENTED_EDGE ( 'NONE', *, *, #1127, .T. ) ;
#2905 = ORIENTED_EDGE ( 'NONE', *, *, #6124, .F. ) ;
#2906 = DIRECTION ( 'NONE',  ( -0.000000000000000000, -0.000000000000000000, 1.000000000000000000 ) ) ;
#2907 = CARTESIAN_POINT ( 'NONE',  ( -1.999999999999996225, -0.5358983848622411728, -2.193739260883046160 ) ) ;
#2908 = ADVANCED_FACE ( 'NONE', ( #2033 ), #3956, .T. ) ;
#2909 = CARTESIAN_POINT ( 'NONE',  ( -2.449293598294702470E-16, -1.999999999999993561, -3.362500000000026024 ) ) ;
#2910 = CARTESIAN_POINT ( 'NONE',  ( 1.176575538379242003, -2.037888611415551221, 9.230208333333289161 ) ) ;
#2911 = CARTESIAN_POINT ( 'NONE',  ( 1.154700538379248798, -1.999999999999994005, -0.5041666666667008467 ) ) ;
#2912 = VECTOR ( 'NONE', #4315, 1000.000000000000000 ) ;
#2913 = CARTESIAN_POINT ( 'NONE',  ( 1.999999999999996669, -2.672702088255949867E-15, -5.375000000000001776 ) ) ;
#2914 = CARTESIAN_POINT ( 'NONE',  ( 1.999999999999985789, -7.315972730208273417E-15, 13.65685424949233884 ) ) ;
#2915 = EDGE_CURVE ( 'NONE', #3534, #2442, #3526, .T. ) ;
#2916 = CARTESIAN_POINT ( 'NONE',  ( 1.999999999999996225, 2.091679895156829610E-15, 6.524999999999967493 ) ) ;
#2917 = ORIENTED_EDGE ( 'NONE', *, *, #1244, .F. ) ;
#2918 = VECTOR ( 'NONE', #2122, 1000.000000000000000 ) ;
#2919 = CARTESIAN_POINT ( 'NONE',  ( 1.176575538379244001, 2.037888611415556106, -1.736458333333351201 ) ) ;
#2920 = CARTESIAN_POINT ( 'NONE',  ( -1.999999999999996225, 3.079417623425332942E-15, 7.574999999999963762 ) ) ;
#2921 = CARTESIAN_POINT ( 'NONE',  ( -1.176575538379243113, -2.037888611415549889, 4.257291666666628061 ) ) ;
#2922 = CARTESIAN_POINT ( 'NONE',  ( -1.338300807568846729, 0.7726683315066066315, 6.554166666666626284 ) ) ;
#2923 = CARTESIAN_POINT ( 'NONE',  ( 1.999999999999997113, 0.5358983848622465018, 1.043760739116926572 ) ) ;
#2924 = ADVANCED_FACE ( 'NONE', ( #4981 ), #4570, .T. ) ;
#2925 = CARTESIAN_POINT ( 'NONE',  ( -2.347263501558345064E-14, -1.545336663013149980, 4.599999999999963229 ) ) ;
#2926 = ORIENTED_EDGE ( 'NONE', *, *, #3159, .F. ) ;
#2927 = CARTESIAN_POINT ( 'NONE',  ( 1.545336663013152867, 2.868816710768336858E-15, -8.000000000000000000 ) ) ;
#2928 = VECTOR ( 'NONE', #2663, 1000.000000000000000 ) ;
#2929 = FACE_OUTER_BOUND ( 'NONE', #5883, .T. ) ;
#2930 =( BOUNDED_CURVE ( )  B_SPLINE_CURVE ( 2, ( #5971, #5885, #3575, #2098, #5491, #5853, #4401, #2008, #2983 ),
 .UNSPECIFIED., .F., .F. ) 
 B_SPLINE_CURVE_WITH_KNOTS ( ( 3, 2, 2, 2, 3 ),
 ( 0.6388888888888889506, 0.6419753086419752730, 0.6481481481481481399, 0.6543209876543210068, 0.6574074074074075513 ),
 .UNSPECIFIED. ) 
 CURVE ( )  GEOMETRIC_REPRESENTATION_ITEM ( )  RATIONAL_B_SPLINE_CURVE ( ( 0.9330127018922192983, 0.9330127018922205195, 1.000000000000000000, 0.8660254037844387076, 1.000000000000000000, 0.8660254037844387076, 1.000000000000000000, 0.9330127018922169668, 0.9330127018922194093 ) ) 
 REPRESENTATION_ITEM ( '' )  );
#2931 = CARTESIAN_POINT ( 'NONE',  ( -1.892491597964109718E-16, -1.545336663013149980, -3.012500000000017053 ) ) ;
#2932 = CARTESIAN_POINT ( 'NONE',  ( -1.784401076758483473, 2.978079764120704978E-15, 9.324999999999953104 ) ) ;
#2933 = DIRECTION ( 'NONE',  ( -0.000000000000000000, -0.000000000000000000, 1.000000000000000000 ) ) ;
#2934 = DIRECTION ( 'NONE',  ( 0.000000000000000000, 0.000000000000000000, -1.000000000000000000 ) ) ;
#2935 = VERTEX_POINT ( 'NONE', #1674 ) ;
#2936 = CARTESIAN_POINT ( 'NONE',  ( -2.449293598294702470E-16, -1.999999999999993561, 5.737499999999951861 ) ) ;
#2937 = VERTEX_POINT ( 'NONE', #4508 ) ;
#2938 = ORIENTED_EDGE ( 'NONE', *, *, #4311, .F. ) ;
#2939 = LINE ( 'NONE', #597, #5340 ) ;
#2940 = AXIS2_PLACEMENT_3D ( 'NONE', #2694, #3493, #5050 ) ;
#2941 = CARTESIAN_POINT ( 'NONE',  ( -1.154700538379250130, -1.999999999999992673, -2.108333333333344495 ) ) ;
#2942 = CARTESIAN_POINT ( 'NONE',  ( 1.154700538379248798, -1.999999999999994005, -3.304166666666692898 ) ) ;
#2943 = CARTESIAN_POINT ( 'NONE',  ( 1.338300807568862494, -0.7726683315065742130, -7.795833333333338722 ) ) ;
#2944 = CARTESIAN_POINT ( 'NONE',  ( -1.999999999999996225, 0.5358983848622473900, -5.756260739116966008 ) ) ;
#2945 = CARTESIAN_POINT ( 'NONE',  ( 1.338300807568863382, 0.7726683315065783209, -7.766666666666673713 ) ) ;
#2946 = DIRECTION ( 'NONE',  ( 0.000000000000000000, 0.000000000000000000, -1.000000000000000000 ) ) ;
#2947 = LINE ( 'NONE', #5809, #4116 ) ;
#2948 = ORIENTED_EDGE ( 'NONE', *, *, #5838, .F. ) ;
#2949 = CARTESIAN_POINT ( 'NONE',  ( -1.176575538379242447, 2.037888611415556994, -0.9197916666666867691 ) ) ;
#2950 = EDGE_CURVE ( 'NONE', #5031, #5690, #2566, .T. ) ;
#2951 = CARTESIAN_POINT ( 'NONE',  ( -1.999999999999996669, -1.621051918746543165E-14, 6.262499999999950440 ) ) ;
#2952 = CARTESIAN_POINT ( 'NONE',  ( -2.495693764988901954E-16, -2.037888611415550333, 5.015624999999959144 ) ) ;
#2953 = CARTESIAN_POINT ( 'NONE',  ( 1.999999999999996669, 2.091679895156829610E-15, 2.412499999999958789 ) ) ;
#2954 = CARTESIAN_POINT ( 'NONE',  ( -1.732050807568874085, -0.9999999999999947820, -4.266666666666671048 ) ) ;
#2955 = CARTESIAN_POINT ( 'NONE',  ( 1.999999999999996225, 2.091679895156829610E-15, 4.424999999999973177 ) ) ;
#2956 = CARTESIAN_POINT ( 'NONE',  ( -2.449293598294702470E-16, -1.999999999999993561, -1.262500000000031264 ) ) ;
#2957 = ORIENTED_EDGE ( 'NONE', *, *, #355, .T. ) ;
#2958 = ORIENTED_EDGE ( 'NONE', *, *, #3104, .T. ) ;
#2959 = CARTESIAN_POINT ( 'NONE',  ( -0.8922005383792445121, -1.545336663013148426, -6.658333333333342097 ) ) ;
#2960 = CARTESIAN_POINT ( 'NONE',  ( 0.000000000000000000, 1.545336663013155754, 2.937499999999968026 ) ) ;
#2961 = CARTESIAN_POINT ( 'NONE',  ( 1.176575538379241559, -2.037888611415550777, -6.826041666666677443 ) ) ;
#2962 = CARTESIAN_POINT ( 'NONE',  ( 1.545336663013153311, 8.773435115796704671E-15, -1.437500000000019762 ) ) ;
#2963 = LINE ( 'NONE', #679, #785 ) ;
#2964 = ORIENTED_EDGE ( 'NONE', *, *, #3031, .T. ) ;
#2965 = DIRECTION ( 'NONE',  ( -0.8660254037844387076, 0.4999999999999997224, 0.000000000000000000 ) ) ;
#2966 =( BOUNDED_CURVE ( )  B_SPLINE_CURVE ( 2, ( #5912, #3106, #550, #1533, #615, #2604, #2549, #5466, #3076 ),
 .UNSPECIFIED., .F., .F. ) 
 B_SPLINE_CURVE_WITH_KNOTS ( ( 3, 2, 2, 2, 3 ),
 ( 0.4722222222222222654, 0.4753086419753086433, 0.4814814814814814548, 0.4876543209876543217, 0.4907407407407408106 ),
 .UNSPECIFIED. ) 
 CURVE ( )  GEOMETRIC_REPRESENTATION_ITEM ( )  RATIONAL_B_SPLINE_CURVE ( ( 0.9330127018922192983, 0.9330127018922205195, 1.000000000000000000, 0.8660254037844387076, 1.000000000000000000, 0.8660254037844387076, 1.000000000000000000, 0.9330127018922175219, 0.9330127018922194093 ) ) 
 REPRESENTATION_ITEM ( '' )  );
#2967 = VERTEX_POINT ( 'NONE', #1227 ) ;
#2968 = ORIENTED_EDGE ( 'NONE', *, *, #4027, .T. ) ;
#2969 = CARTESIAN_POINT ( 'NONE',  ( -1.545336663013151313, -1.173664830060221151E-14, 4.424999999999965183 ) ) ;
#2970 = DIRECTION ( 'NONE',  ( 0.000000000000000000, -0.7071067811865479058, 0.7071067811865472397 ) ) ;
#2971 = CARTESIAN_POINT ( 'NONE',  ( 1.338300807568854944, -0.7726683315065866475, 6.116666666666626284 ) ) ;
#2972 = APPROVAL ( #1268, 'UNSPECIFIED' ) ;
#2973 = CARTESIAN_POINT ( 'NONE',  ( 2.353151076758485338, 2.436549870658972734E-15, 8.646874999999957012 ) ) ;
#2974 = CARTESIAN_POINT ( 'NONE',  ( -1.999999999999996669, -6.565550782020048959E-15, -5.725000000000001421 ) ) ;
#2975 = CARTESIAN_POINT ( 'NONE',  ( -1.999999999999997113, -6.565550782020048959E-15, -7.037500000000016520 ) ) ;
#2976 = CARTESIAN_POINT ( 'NONE',  ( -1.999999999999997113, -6.565550782020048959E-15, -0.03750000000003415185 ) ) ;
#2977 = LINE ( 'NONE', #4456, #1507 ) ;
#2978 = ORIENTED_EDGE ( 'NONE', *, *, #3375, .F. ) ;
#2979 = CARTESIAN_POINT ( 'NONE',  ( -1.176575538379243335, -2.037888611415550333, -1.386458333333352444 ) ) ;
#2980 = FACE_OUTER_BOUND ( 'NONE', #5003, .T. ) ;
#2981 = CARTESIAN_POINT ( 'NONE',  ( -1.764863307568863560, 1.018944305707779829, 4.082291666666628238 ) ) ;
#2982 = CARTESIAN_POINT ( 'NONE',  ( 0.000000000000000000, 1.999999999999999556, -0.2125000000000349942 ) ) ;
#2983 = CARTESIAN_POINT ( 'NONE',  ( 1.545336663013151313, 1.214336383577159459E-14, 4.162499999999967670 ) ) ;
#2984 = CARTESIAN_POINT ( 'NONE',  ( -1.387987349391429870, 0.9364044847461659993, 7.317833632896456386 ) ) ;
#2985 = EDGE_CURVE ( 'NONE', #5517, #67, #1259, .T. ) ;
#2986 = EDGE_CURVE ( 'NONE', #4058, #3650, #654, .T. ) ;
#2987 = CARTESIAN_POINT ( 'NONE',  ( 1.154700538379250574, 1.999999999999998224, -0.3583333333333478810 ) ) ;
#2988 = VERTEX_POINT ( 'NONE', #2146 ) ;
#2989 = EDGE_LOOP ( 'NONE', ( #5582, #1628, #1589, #3745 ) ) ;
#2990 = LINE ( 'NONE', #2927, #3833 ) ;
#2991 = CARTESIAN_POINT ( 'NONE',  ( -0.8922005383792422917, -1.545336663013149758, 1.829166666666636853 ) ) ;
#2992 = CARTESIAN_POINT ( 'NONE',  ( -1.176575538379242447, 2.037888611415556550, -6.476041666666678687 ) ) ;
#2993 = CYLINDRICAL_SURFACE ( 'NONE', #2046, 1.999999999999985789 ) ;
#2994 = CARTESIAN_POINT ( 'NONE',  ( 0.9269297607483993895, -1.447617491712796189, 7.365485895483766754 ) ) ;
#2995 = CARTESIAN_POINT ( 'NONE',  ( -1.545336663013153533, -0.4140717108885711428, -4.643739260883050335 ) ) ;
#2996 = VERTEX_POINT ( 'NONE', #2656 ) ;
#2997 = ORIENTED_EDGE ( 'NONE', *, *, #3976, .T. ) ;
#2998 = CARTESIAN_POINT ( 'NONE',  ( 1.999999999999999112, 0.5358983848622420609, -6.656239260883053177 ) ) ;
#2999 = CARTESIAN_POINT ( 'NONE',  ( -1.999999999999991340, -0.5358983848622501656, -0.7937392608830486918 ) ) ;
#3000 = CARTESIAN_POINT ( 'NONE',  ( -1.338300807568865380, -0.7726683315065687729, -4.529166666666679220 ) ) ;
#3001 =( BOUNDED_CURVE ( )  B_SPLINE_CURVE ( 2, ( #4712, #2829, #4240, #6168, #5250, #3364, #4779, #1468, #5434 ),
 .UNSPECIFIED., .F., .F. ) 
 B_SPLINE_CURVE_WITH_KNOTS ( ( 3, 2, 2, 2, 3 ),
 ( 0.3055555555555555802, 0.3086419753086420137, 0.3148148148148147696, 0.3209876543209876365, 0.3240740740740740700 ),
 .UNSPECIFIED. ) 
 CURVE ( )  GEOMETRIC_REPRESENTATION_ITEM ( )  RATIONAL_B_SPLINE_CURVE ( ( 0.9330127018922194093, 0.9330127018922194093, 1.000000000000000000, 0.8660254037844387076, 1.000000000000000000, 0.8660254037844387076, 1.000000000000000000, 0.9330127018922194093, 0.9330127018922194093 ) ) 
 REPRESENTATION_ITEM ( '' )  );
#3002 = CARTESIAN_POINT ( 'NONE',  ( 1.250000000000004885, 0.1271009718430151092, 10.00662432702593740 ) ) ;
#3003 = EDGE_CURVE ( 'NONE', #127, #5980, #3643, .T. ) ;
#3004 = CARTESIAN_POINT ( 'NONE',  ( 1.176575538379244001, 2.037888611415556106, 8.763541666666624153 ) ) ;
#3005 = DIRECTION ( 'NONE',  ( 0.000000000000000000, -1.000000000000000000, 0.000000000000000000 ) ) ;
#3006 = CARTESIAN_POINT ( 'NONE',  ( -1.338300807568862938, -0.7726683315065733249, -7.416666666666674068 ) ) ;
#3007 = CARTESIAN_POINT ( 'NONE',  ( 0.000000000000000000, -2.222344185212348905E-15, 10.20000000000000107 ) ) ;
#3008 = CYLINDRICAL_SURFACE ( 'NONE', #2211, 1.999999999999985789 ) ;
#3009 = ORIENTED_EDGE ( 'NONE', *, *, #4055, .T. ) ;
#3010 = CARTESIAN_POINT ( 'NONE',  ( -1.764863307568864004, 1.018944305707780051, -2.261458333333349557 ) ) ;
#3011 = DIRECTION ( 'NONE',  ( 1.000000000000000000, 0.000000000000000000, 0.000000000000000000 ) ) ;
#3012 = AXIS2_PLACEMENT_3D ( 'NONE', #6129, #352, #5 ) ;
#3013 = CARTESIAN_POINT ( 'NONE',  ( 2.353151076758484894, 2.436549870658972734E-15, 5.190624999999958966 ) ) ;
#3014 = CARTESIAN_POINT ( 'NONE',  ( -1.999999999999996669, 0.5358983848622475010, 2.731239260882993403 ) ) ;
#3015 = CARTESIAN_POINT ( 'NONE',  ( 1.999999999999996669, -0.5358983848622422830, 3.081239260882993491 ) ) ;
#3016 = CARTESIAN_POINT ( 'NONE',  ( 1.732050807568874973, 0.9999999999999997780, -1.729166666666696717 ) ) ;
#3017 = AXIS2_PLACEMENT_3D ( 'NONE', #751, #2177, #372 ) ;
#3018 = VECTOR ( 'NONE', #3255, 1000.000000000000000 ) ;
#3019 = ORIENTED_EDGE ( 'NONE', *, *, #1806, .F. ) ;
#3020 = CARTESIAN_POINT ( 'NONE',  ( 1.732050807568874751, 0.9999999999999995559, 5.183333333333304260 ) ) ;
#3021 = CARTESIAN_POINT ( 'NONE',  ( -1.892491597964109718E-16, -1.545336663013149980, 2.587499999999970157 ) ) ;
#3022 = CARTESIAN_POINT ( 'NONE',  ( -1.764863307568863782, -1.018944305707773390, -6.301041666666678864 ) ) ;
#3023 = VECTOR ( 'NONE', #3937, 1000.000000000000000 ) ;
#3024 = CARTESIAN_POINT ( 'NONE',  ( -2.449293598294702470E-16, -1.999999999999993561, -5.462500000000020783 ) ) ;
#3025 = CARTESIAN_POINT ( 'NONE',  ( 1.786033573777206396, 3.660439816524453040E-14, 7.436033573777219630 ) ) ;
#3026 = CARTESIAN_POINT ( 'NONE',  ( 1.154700538379248798, -1.999999999999993561, 0.1083333333333168780 ) ) ;
#3027 = CIRCLE ( 'NONE', #1106, 1.443375672974069657 ) ;
#3028 = ORIENTED_EDGE ( 'NONE', *, *, #340, .F. ) ;
#3029 =( BOUNDED_CURVE ( )  B_SPLINE_CURVE ( 2, ( #2955, #2489, #2009, #5376, #3486, #1084, #1053, #4903, #581 ),
 .UNSPECIFIED., .F., .T. ) 
 B_SPLINE_CURVE_WITH_KNOTS ( ( 3, 2, 2, 2, 3 ),
 ( 0.3425925925925925597, 0.3456790123456789932, 0.3518518518518518601, 0.3580246913580247270, 0.3611111111111110494 ),
 .UNSPECIFIED. ) 
 CURVE ( )  GEOMETRIC_REPRESENTATION_ITEM ( )  RATIONAL_B_SPLINE_CURVE ( ( 0.9330127018922194093, 0.9330127018922194093, 1.000000000000000000, 0.8660254037844387076, 1.000000000000000000, 0.8660254037844387076, 1.000000000000000000, 0.9330127018922205195, 0.9330127018922192983 ) ) 
 REPRESENTATION_ITEM ( '' )  );
#3030 = ORIENTED_EDGE ( 'NONE', *, *, #2395, .F. ) ;
#3031 = EDGE_CURVE ( 'NONE', #2442, #3534, #2432, .T. ) ;
#3032 = CARTESIAN_POINT ( 'NONE',  ( -0.8922005383792575017, -1.545336663013140654, 2.529166666666636143 ) ) ;
#3033 = CARTESIAN_POINT ( 'NONE',  ( 1.732050807568874751, 0.9999999999999995559, 0.2833333333333167281 ) ) ;
#3034 = CIRCLE ( 'NONE', #5660, 3.800000000000006928 ) ;
#3035 = CARTESIAN_POINT ( 'NONE',  ( -1.154700538379249020, 1.999999999999999334, 3.258333333333309767 ) ) ;
#3036 = CARTESIAN_POINT ( 'NONE',  ( 1.545336663013154421, 1.760497245090331648E-14, 4.862499999999966960 ) ) ;
#3037 = CARTESIAN_POINT ( 'NONE',  ( 0.8922005383792426247, 1.545336663013155087, -6.920833333333341386 ) ) ;
#3038 = CARTESIAN_POINT ( 'NONE',  ( -1.545336663013155087, 0.4140717108885873521, 5.793739260882996511 ) ) ;
#3039 = CARTESIAN_POINT ( 'NONE',  ( 0.000000000000000000, -2.222344185212348905E-15, 10.20000000000000107 ) ) ;
#3040 =( BOUNDED_CURVE ( )  B_SPLINE_CURVE ( 2, ( #2770, #1920, #3370, #2333, #3746, #4247, #964, #4688, #6237 ),
 .UNSPECIFIED., .F., .T. ) 
 B_SPLINE_CURVE_WITH_KNOTS ( ( 3, 2, 2, 2, 3 ),
 ( 0.9351851851851852304, 0.9382716049382715529, 0.9444444444444444198, 0.9506172839506172867, 0.9537037037037037202 ),
 .UNSPECIFIED. ) 
 CURVE ( )  GEOMETRIC_REPRESENTATION_ITEM ( )  RATIONAL_B_SPLINE_CURVE ( ( 0.9330127018922192983, 0.9330127018922205195, 1.000000000000000000, 0.8660254037844387076, 1.000000000000000000, 0.8660254037844387076, 1.000000000000000000, 0.9330127018922194093, 0.9330127018922194093 ) ) 
 REPRESENTATION_ITEM ( '' )  );
#3041 = CARTESIAN_POINT ( 'NONE',  ( -1.999999999999985789, -7.560902090037740558E-15, 13.65685424949233884 ) ) ;
#3042 = DIRECTION ( 'NONE',  ( 0.000000000000000000, 0.000000000000000000, -1.000000000000000000 ) ) ;
#3043 = ORIENTED_EDGE ( 'NONE', *, *, #6163, .T. ) ;
#3044 = CARTESIAN_POINT ( 'NONE',  ( -1.176575538379242447, 2.037888611415556994, -1.619791666666685170 ) ) ;
#3045 = CARTESIAN_POINT ( 'NONE',  ( -1.545336663013151313, 1.653008139366994771E-14, 1.712499999999971489 ) ) ;
#3046 = CARTESIAN_POINT ( 'NONE',  ( 1.764863307568864448, 1.018944305707778275, 4.548958333333294135 ) ) ;
#3047 = EDGE_CURVE ( 'NONE', #5085, #6183, #4604, .T. ) ;
#3048 = CARTESIAN_POINT ( 'NONE',  ( 1.545336663013153533, 2.033577675846918137E-15, -5.025000000000011902 ) ) ;
#3049 = LINE ( 'NONE', #1082, #1190 ) ;
#3050 = CARTESIAN_POINT ( 'NONE',  ( 1.514375891759853777E-14, 1.545336663013155754, -0.6500000000000237810 ) ) ;
#3051 = VERTEX_POINT ( 'NONE', #5042 ) ;
#3052 = LINE ( 'NONE', #2102, #5237 ) ;
#3053 = CARTESIAN_POINT ( 'NONE',  ( -1.338300807568862716, 0.7726683315065794311, 2.354166666666636321 ) ) ;
#3054 = CARTESIAN_POINT ( 'NONE',  ( -1.176575538379243113, -2.037888611415549889, -4.842708333333350268 ) ) ;
#3055 = EDGE_CURVE ( 'NONE', #268, #442, #4290, .T. ) ;
#3056 = ORIENTED_EDGE ( 'NONE', *, *, #740, .F. ) ;
#3057 = CARTESIAN_POINT ( 'NONE',  ( -0.8922005383792394051, 1.545336663013157086, -5.491666666666678687 ) ) ;
#3058 = ORIENTED_EDGE ( 'NONE', *, *, #1870, .F. ) ;
#3059 = ORIENTED_EDGE ( 'NONE', *, *, #2889, .F. ) ;
#3060 = CARTESIAN_POINT ( 'NONE',  ( -1.545336663013152645, -0.4140717108885716424, -2.456239260883054332 ) ) ;
#3061 = DIRECTION ( 'NONE',  ( 0.000000000000000000, 0.000000000000000000, 1.000000000000000000 ) ) ;
#3062 = CARTESIAN_POINT ( 'NONE',  ( -1.732050807568874529, -0.9999999999999950040, -2.079166666666696806 ) ) ;
#3063 = ADVANCED_FACE ( 'NONE', ( #6059 ), #5583, .T. ) ;
#3064 = CARTESIAN_POINT ( 'NONE',  ( 1.784401076758483473, 2.541027550711231709E-15, -4.237500000000014033 ) ) ;
#3065 = ORIENTED_EDGE ( 'NONE', *, *, #5757, .T. ) ;
#3066 = CARTESIAN_POINT ( 'NONE',  ( -1.545336663013155531, -0.4140717108885652031, 3.143760739116931990 ) ) ;
#3067 = CARTESIAN_POINT ( 'NONE',  ( 1.338300807568862494, -0.7726683315065742130, -6.483333333333342274 ) ) ;
#3068 = DIRECTION ( 'NONE',  ( -0.000000000000000000, -0.000000000000000000, 1.000000000000000000 ) ) ;
#3069 = CARTESIAN_POINT ( 'NONE',  ( -1.338300807568861384, 0.7726683315065818736, -6.133333333333343518 ) ) ;
#3070 = ORIENTED_EDGE ( 'NONE', *, *, #1736, .T. ) ;
#3071 = CARTESIAN_POINT ( 'NONE',  ( 1.176575538379244001, 2.037888611415556106, 2.463541666666638097 ) ) ;
#3072 =( BOUNDED_CURVE ( )  B_SPLINE_CURVE ( 2, ( #2411, #2475, #4361, #4329, #1458, #3385, #510, #3954, #2446 ),
 .UNSPECIFIED., .F., .T. ) 
 B_SPLINE_CURVE_WITH_KNOTS ( ( 3, 2, 2, 2, 3 ),
 ( 0.6944444444444444198, 0.6975308641975308532, 0.7037037037037037202, 0.7098765432098765871, 0.7129629629629630205 ),
 .UNSPECIFIED. ) 
 CURVE ( )  GEOMETRIC_REPRESENTATION_ITEM ( )  RATIONAL_B_SPLINE_CURVE ( ( 0.9330127018922194093, 0.9330127018922194093, 1.000000000000000000, 0.8660254037844387076, 1.000000000000000000, 0.8660254037844387076, 1.000000000000000000, 0.9330127018922180770, 0.9330127018922192983 ) ) 
 REPRESENTATION_ITEM ( '' )  );
#3073 = CARTESIAN_POINT ( 'NONE',  ( -1.999999999999996225, -0.5358983848622411728, -4.993739260883038433 ) ) ;
#3074 = CARTESIAN_POINT ( 'NONE',  ( 0.000000000000000000, 2.037888611415556550, 9.565624999999949196 ) ) ;
#3075 = CARTESIAN_POINT ( 'NONE',  ( -0.4783042399633706809, 1.678904528720726264, -7.733427703407545373 ) ) ;
#3076 = CARTESIAN_POINT ( 'NONE',  ( -1.545336663013154643, -4.357666448243395021E-16, 1.012499999999974865 ) ) ;
#3077 = CARTESIAN_POINT ( 'NONE',  ( -0.8922005383792549482, -1.545336663013142209, -2.458333333333353021 ) ) ;
#3078 = VECTOR ( 'NONE', #4578, 1000.000000000000000 ) ;
#3079 = ADVANCED_FACE ( 'NONE', ( #3661 ), #1803, .T. ) ;
#3080 = ORIENTED_EDGE ( 'NONE', *, *, #217, .T. ) ;
#3081 = CARTESIAN_POINT ( 'NONE',  ( 0.000000000000000000, -5.761269458237980497E-15, 10.20000000000000284 ) ) ;
#3082 = CARTESIAN_POINT ( 'NONE',  ( 1.338300807568862494, -0.7726683315065742130, 2.704166666666635965 ) ) ;
#3083 = CARTESIAN_POINT ( 'NONE',  ( 1.176575538379241559, -2.037888611415550777, -6.126041666666679042 ) ) ;
#3084 = CARTESIAN_POINT ( 'NONE',  ( 0.000000000000000000, 2.868816710768336858E-15, -8.000000000000000000 ) ) ;
#3085 = ORIENTED_EDGE ( 'NONE', *, *, #1404, .T. ) ;
#3086 = ORIENTED_EDGE ( 'NONE', *, *, #145, .F. ) ;
#3087 = CARTESIAN_POINT ( 'NONE',  ( 0.8922005383792411815, -1.545336663013150424, 1.158333333333304571 ) ) ;
#3088 = ORIENTED_EDGE ( 'NONE', *, *, #217, .F. ) ;
#3089 = DIRECTION ( 'NONE',  ( -1.000000000000000000, 0.000000000000000000, 0.000000000000000000 ) ) ;
#3090 = CARTESIAN_POINT ( 'NONE',  ( -2.449293598294702470E-16, -1.999999999999993561, 5.037499999999952571 ) ) ;
#3091 = CARTESIAN_POINT ( 'NONE',  ( 0.8922005383792105393, -1.545336663013167744, 6.758333333333292003 ) ) ;
#3092 = CARTESIAN_POINT ( 'NONE',  ( -1.154700538379249020, 1.999999999999999334, -2.341666666666676999 ) ) ;
#3093 = CARTESIAN_POINT ( 'NONE',  ( -1.892491597964109718E-16, -1.545336663013149980, -4.412500000000013856 ) ) ;
#3094 = ORIENTED_EDGE ( 'NONE', *, *, #5493, .T. ) ;
#3095 = CARTESIAN_POINT ( 'NONE',  ( -1.545336663013153311, 4.561024215828087150E-15, -1.787500000000019629 ) ) ;
#3096 = CARTESIAN_POINT ( 'NONE',  ( 1.338300807568862494, -0.7726683315065742130, -4.383333333333348847 ) ) ;
#3097 = ADVANCED_FACE ( 'NONE', ( #5742 ), #5647, .T. ) ;
#3098 = DIRECTION ( 'NONE',  ( -0.000000000000000000, -0.000000000000000000, 1.000000000000000000 ) ) ;
#3099 = CARTESIAN_POINT ( 'NONE',  ( 0.000000000000000000, 2.868816710768336858E-15, -8.000000000000000000 ) ) ;
#3100 = VERTEX_POINT ( 'NONE', #4700 ) ;
#3101 = CARTESIAN_POINT ( 'NONE',  ( 0.000000000000000000, 2.037888611415556994, 3.221874999999969624 ) ) ;
#3102 = DIRECTION ( 'NONE',  ( -0.000000000000000000, -0.000000000000000000, 1.000000000000000000 ) ) ;
#3103 = CARTESIAN_POINT ( 'NONE',  ( -1.176575538379243113, -2.037888611415549889, 8.457291666666614915 ) ) ;
#3104 = EDGE_CURVE ( 'NONE', #1391, #2655, #5609, .T. ) ;
#3105 = CARTESIAN_POINT ( 'NONE',  ( -1.467063744042855555, 1.033846965285173392, -7.684245934828445534 ) ) ;
#3106 = CARTESIAN_POINT ( 'NONE',  ( 1.545336663013149536, 0.4140717108885845765, 0.6937607391169389182 ) ) ;
#3107 = CARTESIAN_POINT ( 'NONE',  ( 1.338300807568857387, -0.7726683315065827617, -2.283333333333353199 ) ) ;
#3108 = VERTEX_POINT ( 'NONE', #3692 ) ;
#3109 = AXIS2_PLACEMENT_3D ( 'NONE', #1367, #5207, #5654 ) ;
#3110 = CARTESIAN_POINT ( 'NONE',  ( -1.176575538379243335, -2.037888611415550333, -6.986458333333338544 ) ) ;
#3111 = CARTESIAN_POINT ( 'NONE',  ( 1.784401076758483473, 2.541027550711231709E-15, 5.562499999999960920 ) ) ;
#3112 = CARTESIAN_POINT ( 'NONE',  ( 1.764863307568864448, 1.018944305707778275, -3.851041666666684904 ) ) ;
#3113 = CARTESIAN_POINT ( 'NONE',  ( -0.8922005383792445121, -1.545336663013148426, -6.570833333333342630 ) ) ;
#3114 = ADVANCED_FACE ( 'NONE', ( #2781 ), #2375, .F. ) ;
#3115 = AXIS2_PLACEMENT_3D ( 'NONE', #3605, #5524, #4175 ) ;
#3116 = CARTESIAN_POINT ( 'NONE',  ( -1.754977605358688519, -0.8697665949025418231, 7.596353829348315045 ) ) ;
#3117 = ORIENTED_EDGE ( 'NONE', *, *, #1128, .T. ) ;
#3118 = CARTESIAN_POINT ( 'NONE',  ( -0.8922005383792422917, -1.545336663013149758, 0.3416666666666411944 ) ) ;
#3119 = ORIENTED_EDGE ( 'NONE', *, *, #4413, .T. ) ;
#3120 = AXIS2_PLACEMENT_3D ( 'NONE', #2752, #4671, #6188 ) ;
#3121 = CARTESIAN_POINT ( 'NONE',  ( 1.784401076758483473, 2.541027550711231709E-15, 4.774999999999963052 ) ) ;
#3122 = CARTESIAN_POINT ( 'NONE',  ( -1.534822566652130238, 0.2642501761233234103, 7.201570650266615026 ) ) ;
#3123 = CARTESIAN_POINT ( 'NONE',  ( 1.732050807568874751, 0.9999999999999995559, 5.883333333333303550 ) ) ;
#3124 = ADVANCED_FACE ( 'NONE', ( #376 ), #5679, .T. ) ;
#3125 = AXIS2_PLACEMENT_3D ( 'NONE', #3657, #6018, #4505 ) ;
#3126 = CARTESIAN_POINT ( 'NONE',  ( 0.000000000000000000, -7.560902090037740558E-15, 13.65685424949233884 ) ) ;
#3127 = CARTESIAN_POINT ( 'NONE',  ( 0.8922005383792426247, 1.545336663013155087, -3.420833333333349380 ) ) ;
#3128 = VERTEX_POINT ( 'NONE', #4224 ) ;
#3129 =( BOUNDED_CURVE ( )  B_SPLINE_CURVE ( 2, ( #2953, #1145, #190, #2097, #5816, #4461, #3484, #3014, #1625 ),
 .UNSPECIFIED., .F., .F. ) 
 B_SPLINE_CURVE_WITH_KNOTS ( ( 3, 2, 2, 2, 3 ),
 ( 0.5833333333333333703, 0.5864197530864198038, 0.5925925925925925597, 0.5987654320987654266, 0.6018518518518518601 ),
 .UNSPECIFIED. ) 
 CURVE ( )  GEOMETRIC_REPRESENTATION_ITEM ( )  RATIONAL_B_SPLINE_CURVE ( ( 0.9330127018922194093, 0.9330127018922194093, 1.000000000000000000, 0.8660254037844387076, 1.000000000000000000, 0.8660254037844387076, 1.000000000000000000, 0.9330127018922194093, 0.9330127018922194093 ) ) 
 REPRESENTATION_ITEM ( '' )  );
#3130 = CARTESIAN_POINT ( 'NONE',  ( -1.545336663013152867, -0.4140717108885713094, -1.756239260883055930 ) ) ;
#3131 = CARTESIAN_POINT ( 'NONE',  ( 1.338300807568862494, -0.7726683315065742130, -5.783333333333344761 ) ) ;
#3132 = CARTESIAN_POINT ( 'NONE',  ( 1.999999999999996669, 0.5358983848622463908, -1.843739260883046738 ) ) ;
#3133 = CARTESIAN_POINT ( 'NONE',  ( 0.000000000000000000, 1.999999999999999556, 3.287499999999957456 ) ) ;
#3134 = EDGE_CURVE ( 'NONE', #4944, #48, #191, .T. ) ;
#3135 = ORIENTED_EDGE ( 'NONE', *, *, #1946, .F. ) ;
#3136 = CARTESIAN_POINT ( 'NONE',  ( -2.353151076758485338, 3.012905657471458101E-15, 4.096874999999968736 ) ) ;
#3137 = CARTESIAN_POINT ( 'NONE',  ( -2.449293598294701977E-16, -1.999999999999993117, -6.250000000000000000 ) ) ;
#3138 = CARTESIAN_POINT ( 'NONE',  ( 1.764863307568863338, -1.018944305707774722, 7.232291666666619712 ) ) ;
#3139 = LINE ( 'NONE', #4611, #6057 ) ;
#3140 = CARTESIAN_POINT ( 'NONE',  ( -1.205355985621652248, -1.467744578959818469, -7.579540138055124388 ) ) ;
#3141 = CARTESIAN_POINT ( 'NONE',  ( 0.000000000000000000, 0.000000000000000000, 0.000000000000000000 ) ) ;
#3142 = CARTESIAN_POINT ( 'NONE',  ( 1.588290110435500058, 0.9273470428942636179, 7.473688129164649752 ) ) ;
#3143 = ADVANCED_FACE ( 'NONE', ( #3285 ), #5200, .T. ) ;
#3144 = ORIENTED_EDGE ( 'NONE', *, *, #4178, .F. ) ;
#3145 = VECTOR ( 'NONE', #1368, 1000.000000000000000 ) ;
#3146 = CARTESIAN_POINT ( 'NONE',  ( 0.8922005383792426247, 1.545336663013155309, -7.708333333333339255 ) ) ;
#3147 = CARTESIAN_POINT ( 'NONE',  ( -1.784401076758483473, 2.978079764120704978E-15, 5.212499999999962164 ) ) ;
#3148 = CARTESIAN_POINT ( 'NONE',  ( 0.000000000000000000, 2.037888611415556550, -3.734375000000019096 ) ) ;
#3149 = DIRECTION ( 'NONE',  ( -0.000000000000000000, -0.000000000000000000, 1.000000000000000000 ) ) ;
#3150 = ORIENTED_EDGE ( 'NONE', *, *, #5464, .T. ) ;
#3151 = CARTESIAN_POINT ( 'NONE',  ( -1.784401076758483473, 2.978079764120704978E-15, 0.2249999999999734712 ) ) ;
#3152 = VERTEX_POINT ( 'NONE', #5614 ) ;
#3153 = CARTESIAN_POINT ( 'NONE',  ( 0.8922005383792426247, 1.545336663013155087, 6.991666666666623620 ) ) ;
#3154 = CYLINDRICAL_SURFACE ( 'NONE', #4939, 1.999999999999985789 ) ;
#3155 = CARTESIAN_POINT ( 'NONE',  ( 1.051106834780832555, -1.156990456459118466, -7.921433366180827385 ) ) ;
#3156 = DIRECTION ( 'NONE',  ( 1.000000000000000000, 0.000000000000000000, 0.000000000000000000 ) ) ;
#3157 = CARTESIAN_POINT ( 'NONE',  ( 0.000000000000000000, 1.999999999999999112, -2.400000000000009681 ) ) ;
#3158 = CYLINDRICAL_SURFACE ( 'NONE', #3614, 1.545336663013152867 ) ;
#3159 = EDGE_CURVE ( 'NONE', #6080, #4751, #241, .T. ) ;
#3160 = CARTESIAN_POINT ( 'NONE',  ( 0.8922005383792411815, -1.545336663013150424, -3.654166666666682328 ) ) ;
#3161 = ORIENTED_EDGE ( 'NONE', *, *, #5762, .F. ) ;
#3162 = CARTESIAN_POINT ( 'NONE',  ( 1.999999999999996225, -0.5358983848622421720, 2.993739260883012676 ) ) ;
#3163 = CARTESIAN_POINT ( 'NONE',  ( 0.000000000000000000, 1.545336663013155754, -4.150000000000015454 ) ) ;
#3164 = CARTESIAN_POINT ( 'NONE',  ( -1.732050807568874307, 1.000000000000001332, -0.7958333333333664772 ) ) ;
#3165 = APPROVAL ( #3170, 'UNSPECIFIED' ) ;
#3166 =( BOUNDED_CURVE ( )  B_SPLINE_CURVE ( 2, ( #2020, #4998, #112, #4001, #1151, #5949, #2053, #1601, #4942 ),
 .UNSPECIFIED., .F., .F. ) 
 B_SPLINE_CURVE_WITH_KNOTS ( ( 3, 2, 2, 2, 3 ),
 ( 0.1944444444444444753, 0.1975308641975308532, 0.2037037037037036924, 0.2098765432098765316, 0.2129629629629629373 ),
 .UNSPECIFIED. ) 
 CURVE ( )  GEOMETRIC_REPRESENTATION_ITEM ( )  RATIONAL_B_SPLINE_CURVE ( ( 0.9330127018922194093, 0.9330127018922202975, 1.000000000000000000, 0.8660254037844387076, 1.000000000000000000, 0.8660254037844387076, 1.000000000000000000, 0.9330127018922196314, 0.9330127018922191873 ) ) 
 REPRESENTATION_ITEM ( '' )  );
#3167 = CARTESIAN_POINT ( 'NONE',  ( 1.764863307568864892, 1.018944305707778497, 4.505208333333300175 ) ) ;
#3168 = CARTESIAN_POINT ( 'NONE',  ( -1.764863307568863560, 1.018944305707779829, 8.982291666666617047 ) ) ;
#3169 = CARTESIAN_POINT ( 'NONE',  ( 4.541979835113863126E-15, 1.545336663013155754, 0.04999999999997367661 ) ) ;
#3170 = APPROVAL_STATUS ( 'not_yet_approved' ) ;
#3171 = CARTESIAN_POINT ( 'NONE',  ( -1.545336663013153311, 4.212410899968615943E-15, -2.575000000000019273 ) ) ;
#3172 = ORIENTED_EDGE ( 'NONE', *, *, #5801, .T. ) ;
#3173 = CARTESIAN_POINT ( 'NONE',  ( 1.545336663013153089, -0.4140717108885789699, -6.456260739116972402 ) ) ;
#3174 = CARTESIAN_POINT ( 'NONE',  ( 0.8922005383792411815, -1.545336663013150424, 7.545833333333291648 ) ) ;
#3175 = CARTESIAN_POINT ( 'NONE',  ( -1.176575538379242447, 2.037888611415556550, -1.576041666666690766 ) ) ;
#3176 = CARTESIAN_POINT ( 'NONE',  ( -1.545336663013151757, 3.457082048939760872E-15, 6.612499999999960743 ) ) ;
#3177 = ADVANCED_FACE ( 'NONE', ( #2718 ), #4262, .F. ) ;
#3178 = ORIENTED_EDGE ( 'NONE', *, *, #2950, .F. ) ;
#3179 = CARTESIAN_POINT ( 'NONE',  ( 0.8922005383792411815, -1.545336663013150424, 2.558333333333301152 ) ) ;
#3180 = ORIENTED_EDGE ( 'NONE', *, *, #4340, .T. ) ;
#3181 = CARTESIAN_POINT ( 'NONE',  ( -1.338300807568862716, 0.7726683315065794311, 5.066666666666629126 ) ) ;
#3182 = CARTESIAN_POINT ( 'NONE',  ( -1.545336663013153311, 0.4140717108885887954, -1.118760739116985370 ) ) ;
#3183 = CARTESIAN_POINT ( 'NONE',  ( 0.8922005383792646072, 1.545336663013142431, 4.891666666666629304 ) ) ;
#3184 = CARTESIAN_POINT ( 'NONE',  ( 1.545336663013153311, 0.4140717108885784148, -0.7937392608830594609 ) ) ;
#3185 = CARTESIAN_POINT ( 'NONE',  ( -1.545336663013153311, 4.212410899968615154E-15, -2.487500000000017586 ) ) ;
#3186 = FACE_OUTER_BOUND ( 'NONE', #1055, .T. ) ;
#3187 = CARTESIAN_POINT ( 'NONE',  ( -1.784401076758483473, 2.978079764120704978E-15, -3.187500000000016875 ) ) ;
#3188 = ORIENTED_EDGE ( 'NONE', *, *, #1495, .F. ) ;
#3189 = CARTESIAN_POINT ( 'NONE',  ( -1.545336663013151313, 1.725635913504384527E-14, 3.112499999999967404 ) ) ;
#3190 = CARTESIAN_POINT ( 'NONE',  ( -1.338300807568862938, -0.7726683315065733249, -3.216666666666684549 ) ) ;
#3191 = FACE_OUTER_BOUND ( 'NONE', #1832, .T. ) ;
#3192 = EDGE_CURVE ( 'NONE', #4652, #4967, #2596, .T. ) ;
#3193 = DIRECTION ( 'NONE',  ( 1.000000000000000000, 0.000000000000000000, 0.000000000000000000 ) ) ;
#3194 = CARTESIAN_POINT ( 'NONE',  ( -2.353151076758485338, 3.012905657471458101E-15, 5.496874999999963762 ) ) ;
#3195 = CARTESIAN_POINT ( 'NONE',  ( -1.989544419353749265E-14, 2.000000000000003553, 10.20000000000000284 ) ) ;
#3196 = CARTESIAN_POINT ( 'NONE',  ( -1.764863307568863782, -1.018944305707773390, 9.098958333333282411 ) ) ;
#3197 = CARTESIAN_POINT ( 'NONE',  ( 1.999999999999996669, -7.437084071668730132E-15, -3.275000000000007905 ) ) ;
#3198 = CARTESIAN_POINT ( 'NONE',  ( -1.338300807568854056, 0.7726683315065943081, 0.1666666666666413721 ) ) ;
#3199 = DIRECTION ( 'NONE',  ( -1.000000000000000000, 0.000000000000000000, 0.000000000000000000 ) ) ;
#3200 =( BOUNDED_CURVE ( )  B_SPLINE_CURVE ( 2, ( #638, #2546, #4398, #2003, #3456, #5373, #1050, #1114, #3045 ),
 .UNSPECIFIED., .F., .F. ) 
 B_SPLINE_CURVE_WITH_KNOTS ( ( 3, 2, 2, 2, 3 ),
 ( 0.5092592592592594114, 0.5123456790123457338, 0.5185185185185184897, 0.5246913580246913567, 0.5277777777777777901 ),
 .UNSPECIFIED. ) 
 CURVE ( )  GEOMETRIC_REPRESENTATION_ITEM ( )  RATIONAL_B_SPLINE_CURVE ( ( 0.9330127018922194093, 0.9330127018922217408, 1.000000000000000000, 0.8660254037844387076, 1.000000000000000000, 0.8660254037844387076, 1.000000000000000000, 0.9330127018922194093, 0.9330127018922194093 ) ) 
 REPRESENTATION_ITEM ( '' )  );
#3201 = VERTEX_POINT ( 'NONE', #5899 ) ;
#3202 = CARTESIAN_POINT ( 'NONE',  ( 2.353151076758485338, 2.436549870658972734E-15, -6.753125000000005151 ) ) ;
#3203 = CARTESIAN_POINT ( 'NONE',  ( -0.8922005383792416255, 1.545336663013155531, 4.395833333333298398 ) ) ;
#3204 = CARTESIAN_POINT ( 'NONE',  ( -1.764863307568863782, -1.018944305707773390, -1.401041666666690944 ) ) ;
#3205 = DIRECTION ( 'NONE',  ( -1.000000000000000000, 0.000000000000000000, 0.000000000000000000 ) ) ;
#3206 = ORIENTED_EDGE ( 'NONE', *, *, #1451, .F. ) ;
#3207 = DESIGN_CONTEXT ( 'detailed design', #4464, 'design' ) ;
#3208 = CARTESIAN_POINT ( 'NONE',  ( -1.892491597964109718E-16, -1.545336663013149980, 0.3999999999999732658 ) ) ;
#3209 = ORIENTED_EDGE ( 'NONE', *, *, #6082, .F. ) ;
#3210 = EDGE_CURVE ( 'NONE', #2119, #2675, #2473, .T. ) ;
#3211 = CARTESIAN_POINT ( 'NONE',  ( -1.338300807568862716, 0.7726683315065794311, 7.166666666666623442 ) ) ;
#3212 = VECTOR ( 'NONE', #3713, 1000.000000000000000 ) ;
#3213 = CARTESIAN_POINT ( 'NONE',  ( -0.4090586785750421894, -1.207205534784423273, 10.00609109402886965 ) ) ;
#3214 = VECTOR ( 'NONE', #152, 1000.000000000000000 ) ;
#3215 = CARTESIAN_POINT ( 'NONE',  ( -1.154700538379250352, -1.999999999999993117, 3.579166666666623531 ) ) ;
#3216 = CARTESIAN_POINT ( 'NONE',  ( -0.8922005383792568356, -1.545336663013140877, 1.129166666666639340 ) ) ;
#3217 = CARTESIAN_POINT ( 'NONE',  ( 1.732050807568874085, -0.9999999999999963363, -1.845833333333363857 ) ) ;
#3218 = VECTOR ( 'NONE', #1325, 1000.000000000000000 ) ;
#3219 = DIRECTION ( 'NONE',  ( 0.000000000000000000, 0.000000000000000000, -1.000000000000000000 ) ) ;
#3220 = AXIS2_PLACEMENT_3D ( 'NONE', #5713, #1363, #5745 ) ;
#3221 = EDGE_CURVE ( 'NONE', #268, #3265, #2939, .T. ) ;
#3222 = VERTEX_POINT ( 'NONE', #2969 ) ;
#3223 = CARTESIAN_POINT ( 'NONE',  ( 1.545336663013153533, 0.4140717108885799691, -4.906239260883048736 ) ) ;
#3224 = CARTESIAN_POINT ( 'NONE',  ( 1.784401076758483473, 2.541027550711231709E-15, -1.525000000000021894 ) ) ;
#3225 = CARTESIAN_POINT ( 'NONE',  ( -1.545336663013152867, 2.469344320671257540E-15, -7.475000000000006750 ) ) ;
#3226 = PRODUCT_DEFINITION_FORMATION_WITH_SPECIFIED_SOURCE ( 'ANY', '', #2246, .NOT_KNOWN. ) ;
#3227 = LINE ( 'NONE', #4672, #396 ) ;
#3228 = VECTOR ( 'NONE', #2326, 1000.000000000000000 ) ;
#3229 = CARTESIAN_POINT ( 'NONE',  ( -2.495693764988902447E-16, -2.037888611415550777, 7.771874999999959677 ) ) ;
#3230 = CARTESIAN_POINT ( 'NONE',  ( 1.545336663013149314, -0.4140717108885879072, 2.031239260883006104 ) ) ;
#3231 = CARTESIAN_POINT ( 'NONE',  ( -2.449293598294701977E-16, -1.999999999999993117, 2.149999999999979039 ) ) ;
#3232 = CARTESIAN_POINT ( 'NONE',  ( -1.833135765655038885, -0.3272363251254475913, -7.628262247576678590 ) ) ;
#3233 = ORIENTED_EDGE ( 'NONE', *, *, #3355, .T. ) ;
#3234 = CARTESIAN_POINT ( 'NONE',  ( 1.176575538379242003, -2.037888611415551221, -4.069791666666678687 ) ) ;
#3235 = ADVANCED_FACE ( 'NONE', ( #4795 ), #975, .T. ) ;
#3236 = CARTESIAN_POINT ( 'NONE',  ( 0.000000000000000000, 1.545336663013155754, 5.737499999999961631 ) ) ;
#3237 = CARTESIAN_POINT ( 'NONE',  ( -1.764863307568863560, 1.018944305707779829, -3.617708333333351955 ) ) ;
#3238 = CYLINDRICAL_SURFACE ( 'NONE', #5626, 1.545336663013152867 ) ;
#3239 =( BOUNDED_CURVE ( )  B_SPLINE_CURVE ( 2, ( #4446, #2998, #60, #116, #1992, #2444, #5326, #1039, #4916 ),
 .UNSPECIFIED., .F., .F. ) 
 B_SPLINE_CURVE_WITH_KNOTS ( ( 3, 2, 2, 2, 3 ),
 ( 0.1018518518518518184, 0.1049382716049382658, 0.1111111111111111049, 0.1172839506172839441, 0.1203703703703703914 ),
 .UNSPECIFIED. ) 
 CURVE ( )  GEOMETRIC_REPRESENTATION_ITEM ( )  RATIONAL_B_SPLINE_CURVE ( ( 0.9330127018922191873, 0.9330127018922187432, 1.000000000000000000, 0.8660254037844387076, 1.000000000000000000, 0.8660254037844387076, 1.000000000000000000, 0.9330127018922187432, 0.9330127018922194093 ) ) 
 REPRESENTATION_ITEM ( '' )  );
#3240 = CARTESIAN_POINT ( 'NONE',  ( 1.999999999999996225, -0.5358983848622421720, 1.593739260883015652 ) ) ;
#3241 = ORIENTED_EDGE ( 'NONE', *, *, #4524, .F. ) ;
#3242 = CARTESIAN_POINT ( 'NONE',  ( 0.000000000000000000, -7.560902090037740558E-15, 13.65685424949233884 ) ) ;
#3243 = VERTEX_POINT ( 'NONE', #2533 ) ;
#3244 = B_SPLINE_CURVE_WITH_KNOTS ( 'NONE', 3,
 ( #1965, #95, #5427, #4454, #4393, #2034, #5844, #1997 ),
 .UNSPECIFIED., .F., .F.,
 ( 4, 2, 2, 4 ),
 ( 2.544378114024267241E-07, 0.0003729905366538299543, 0.0007457266354962578800, 0.001491198833181113731 ),
 .UNSPECIFIED. ) ;
#3245 = CARTESIAN_POINT ( 'NONE',  ( -1.784401076758483473, 2.978079764120704978E-15, 3.724999999999966338 ) ) ;
#3246 = CARTESIAN_POINT ( 'NONE',  ( -1.545336663013154643, -4.357666448243395021E-16, 0.9249999999999740652 ) ) ;
#3247 = CARTESIAN_POINT ( 'NONE',  ( -0.8922005383792327438, 1.545336663013161083, -3.391666666666683483 ) ) ;
#3248 = CARTESIAN_POINT ( 'NONE',  ( -1.545336663013152423, -0.4140717108885658138, 1.043760739116938119 ) ) ;
#3249 = CYLINDRICAL_SURFACE ( 'NONE', #1103, 1.545336663013152867 ) ;
#3250 = CARTESIAN_POINT ( 'NONE',  ( 0.8922005383792364075, -1.545336663013153089, -0.2416666666666920926 ) ) ;
#3251 = ORIENTED_EDGE ( 'NONE', *, *, #2714, .F. ) ;
#3252 = ORIENTED_EDGE ( 'NONE', *, *, #2047, .T. ) ;
#3253 = DIRECTION ( 'NONE',  ( 0.000000000000000000, 0.000000000000000000, -1.000000000000000000 ) ) ;
#3254 = CARTESIAN_POINT ( 'NONE',  ( 1.338300807568863382, 0.7726683315065783209, -2.866666666666684904 ) ) ;
#3255 = DIRECTION ( 'NONE',  ( -0.000000000000000000, -0.000000000000000000, 1.000000000000000000 ) ) ;
#3256 = EDGE_CURVE ( 'NONE', #5231, #3341, #6149, .T. ) ;
#3257 = LINE ( 'NONE', #4703, #5328 ) ;
#3258 = CARTESIAN_POINT ( 'NONE',  ( -2.495693764988902447E-16, -2.037888611415550777, 6.371874999999962874 ) ) ;
#3259 = CARTESIAN_POINT ( 'NONE',  ( -1.545336663013151757, 8.221464032352539560E-15, 0.3124999999999752420 ) ) ;
#3260 = CARTESIAN_POINT ( 'NONE',  ( 1.999999999999985789, -7.805831449867209277E-15, 7.649999999999998579 ) ) ;
#3261 = CARTESIAN_POINT ( 'NONE',  ( 0.2335313925880555808, -1.621146458585122963, -7.853853541414861361 ) ) ;
#3262 = CARTESIAN_POINT ( 'NONE',  ( 1.999999999999995337, -0.5358983848622443924, -6.018760739116983949 ) ) ;
#3263 = CARTESIAN_POINT ( 'NONE',  ( 0.000000000000000000, 2.868816710768336858E-15, -8.000000000000000000 ) ) ;
#3264 =( BOUNDED_CURVE ( )  B_SPLINE_CURVE ( 2, ( #2712, #6181, #6151, #2306, #2808, #4636, #1833, #311, #3281 ),
 .UNSPECIFIED., .F., .T. ) 
 B_SPLINE_CURVE_WITH_KNOTS ( ( 3, 2, 2, 2, 3 ),
 ( 0.5277777777777777901, 0.5308641975308642236, 0.5370370370370370905, 0.5432098765432098464, 0.5462962962962962798 ),
 .UNSPECIFIED. ) 
 CURVE ( )  GEOMETRIC_REPRESENTATION_ITEM ( )  RATIONAL_B_SPLINE_CURVE ( ( 0.9330127018922194093, 0.9330127018922194093, 1.000000000000000000, 0.8660254037844387076, 1.000000000000000000, 0.8660254037844387076, 1.000000000000000000, 0.9330127018922194093, 0.9330127018922194093 ) ) 
 REPRESENTATION_ITEM ( '' )  );
#3265 = VERTEX_POINT ( 'NONE', #3445 ) ;
#3266 = CARTESIAN_POINT ( 'NONE',  ( 1.176575538379244001, 2.037888611415556106, -5.936458333333340498 ) ) ;
#3267 = CARTESIAN_POINT ( 'NONE',  ( 1.338300807568863382, 0.7726683315065783209, 9.120833333333287385 ) ) ;
#3268 = CARTESIAN_POINT ( 'NONE',  ( -1.176575538379242447, 2.037888611415556550, 1.223958333333302395 ) ) ;
#3269 = CARTESIAN_POINT ( 'NONE',  ( 1.999999999999996669, 2.091679895156829610E-15, 0.3124999999999644174 ) ) ;
#3270 = CYLINDRICAL_SURFACE ( 'NONE', #1197, 1.999999999999985789 ) ;
#3271 = EDGE_CURVE ( 'NONE', #1775, #3617, #3630, .T. ) ;
#3272 = CARTESIAN_POINT ( 'NONE',  ( 1.545336663013152867, 2.868816710768336858E-15, -8.000000000000000000 ) ) ;
#3273 = ORIENTED_EDGE ( 'NONE', *, *, #2950, .T. ) ;
#3274 = DIRECTION ( 'NONE',  ( -6.860497997771532351E-15, 1.000000000000000000, 0.000000000000000000 ) ) ;
#3275 = VERTEX_POINT ( 'NONE', #4825 ) ;
#3276 = CARTESIAN_POINT ( 'NONE',  ( -1.784401076758483473, 2.978079764120704978E-15, 8.624999999999953815 ) ) ;
#3277 =( BOUNDED_CURVE ( )  B_SPLINE_CURVE ( 2, ( #924, #952, #1300, #2786, #3827, #6224, #1781, #1366, #2855 ),
 .UNSPECIFIED., .F., .F. ) 
 B_SPLINE_CURVE_WITH_KNOTS ( ( 3, 2, 2, 2, 3 ),
 ( 0.1759259259259259300, 0.1790123456790123635, 0.1851851851851852304, 0.1913580246913579863, 0.1944444444444444198 ),
 .UNSPECIFIED. ) 
 CURVE ( )  GEOMETRIC_REPRESENTATION_ITEM ( )  RATIONAL_B_SPLINE_CURVE ( ( 0.9330127018922194093, 0.9330127018922194093, 1.000000000000000000, 0.8660254037844387076, 1.000000000000000000, 0.8660254037844387076, 1.000000000000000000, 0.9330127018922194093, 0.9330127018922194093 ) ) 
 REPRESENTATION_ITEM ( '' )  );
#3278 = CARTESIAN_POINT ( 'NONE',  ( 1.338300807568856499, -0.7726683315065840940, 0.5166666666666392960 ) ) ;
#3279 = CARTESIAN_POINT ( 'NONE',  ( 1.545336663013152423, 0.4140717108885790254, 4.806260739116927638 ) ) ;
#3280 = CARTESIAN_POINT ( 'NONE',  ( 1.154700538379250574, 1.999999999999998224, 1.741666666666646712 ) ) ;
#3281 = CARTESIAN_POINT ( 'NONE',  ( 1.999999999999996669, 2.091679895156829610E-15, 1.712499999999961275 ) ) ;
#3282 = CARTESIAN_POINT ( 'NONE',  ( -1.545336663013152645, 0.4140717108885852427, -5.318760739116974001 ) ) ;
#3283 = ORIENTED_EDGE ( 'NONE', *, *, #424, .T. ) ;
#3284 = VERTEX_POINT ( 'NONE', #5774 ) ;
#3285 = FACE_OUTER_BOUND ( 'NONE', #2517, .T. ) ;
#3286 = CARTESIAN_POINT ( 'NONE',  ( 1.338300807568863382, 0.7726683315065783209, -0.7666666666666906993 ) ) ;
#3287 = CARTESIAN_POINT ( 'NONE',  ( -1.999999999999985789, -7.560902090037740558E-15, 13.65685424949233884 ) ) ;
#3288 = CARTESIAN_POINT ( 'NONE',  ( -1.338300807568872264, -0.7726683315065572266, -0.3291666666666911434 ) ) ;
#3289 = CARTESIAN_POINT ( 'NONE',  ( 1.176575538379244001, 2.037888611415556106, 7.363541666666626462 ) ) ;
#3290 = ADVANCED_FACE ( 'NONE', ( #5388 ), #4324, .T. ) ;
#3291 = CARTESIAN_POINT ( 'NONE',  ( -1.545336663013153089, 3.137519842735245599E-15, -6.075000000000011724 ) ) ;
#3292 = CARTESIAN_POINT ( 'NONE',  ( 1.545336663013153311, 9.848326173030075016E-15, -3.537500000000014744 ) ) ;
#3293 = CARTESIAN_POINT ( 'NONE',  ( 0.000000000000000000, 1.999999999999999556, -7.212500000000017231 ) ) ;
#3294 = CARTESIAN_POINT ( 'NONE',  ( -1.999999999999996669, -6.565550782020048959E-15, -2.925000000000008260 ) ) ;
#3295 = ORIENTED_EDGE ( 'NONE', *, *, #4228, .T. ) ;
#3296 = CARTESIAN_POINT ( 'NONE',  ( -1.176575538379243335, -2.037888611415550333, -2.786458333333348136 ) ) ;
#3297 = EDGE_CURVE ( 'NONE', #5797, #1484, #3886, .T. ) ;
#3298 = CARTESIAN_POINT ( 'NONE',  ( 0.8922005383792426247, 1.545336663013155087, 9.879166666666616692 ) ) ;
#3299 = CARTESIAN_POINT ( 'NONE',  ( 1.176575538379241559, -2.037888611415550777, 2.273958333333299553 ) ) ;
#3300 = FACE_OUTER_BOUND ( 'NONE', #3433, .T. ) ;
#3301 = DIRECTION ( 'NONE',  ( -1.000000000000000000, 0.000000000000000000, 0.000000000000000000 ) ) ;
#3302 = CARTESIAN_POINT ( 'NONE',  ( -1.999999999999996225, -0.5358983848622411728, 1.306260739116945180 ) ) ;
#3303 = EDGE_LOOP ( 'NONE', ( #4478, #2025, #843, #5740, #1692, #6109 ) ) ;
#3304 = CARTESIAN_POINT ( 'NONE',  ( 0.8922005383792475097, 1.545336663013152201, -6.220833333333342097 ) ) ;
#3305 = CARTESIAN_POINT ( 'NONE',  ( 1.338300807568868711, 0.7726683315065687729, -2.779166666666684105 ) ) ;
#3306 = CARTESIAN_POINT ( 'NONE',  ( -0.8922005383792422917, -1.545336663013149758, -2.370833333333352666 ) ) ;
#3307 = CARTESIAN_POINT ( 'NONE',  ( 0.8922005383792426247, 1.545336663013155087, 7.691666666666622021 ) ) ;
#3308 = EDGE_CURVE ( 'NONE', #5409, #984, #4558, .T. ) ;
#3309 = CARTESIAN_POINT ( 'NONE',  ( 1.545336663013152423, 0.4140717108885806352, -1.406239260883056064 ) ) ;
#3310 = CARTESIAN_POINT ( 'NONE',  ( -1.732050807568874307, 1.000000000000001332, -5.695833333333354176 ) ) ;
#3311 = ORIENTED_EDGE ( 'NONE', *, *, #194, .F. ) ;
#3312 = CARTESIAN_POINT ( 'NONE',  ( 0.8922005383792382949, -1.545336663013151757, -3.741666666666683128 ) ) ;
#3313 = CARTESIAN_POINT ( 'NONE',  ( 1.999999999999996669, 2.091679895156829610E-15, -1.787500000000030287 ) ) ;
#3314 = VERTEX_POINT ( 'NONE', #3411 ) ;
#3315 = ORIENTED_EDGE ( 'NONE', *, *, #1110, .T. ) ;
#3316 =( BOUNDED_CURVE ( )  B_SPLINE_CURVE ( 2, ( #2066, #3924, #5877, #4865, #1559, #3453, #4483, #2481, #1968 ),
 .UNSPECIFIED., .F., .T. ) 
 B_SPLINE_CURVE_WITH_KNOTS ( ( 3, 2, 2, 2, 3 ),
 ( 0.5277777777777777901, 0.5308641975308642236, 0.5370370370370369795, 0.5432098765432098464, 0.5462962962962962798 ),
 .UNSPECIFIED. ) 
 CURVE ( )  GEOMETRIC_REPRESENTATION_ITEM ( )  RATIONAL_B_SPLINE_CURVE ( ( 0.9330127018922194093, 0.9330127018922194093, 1.000000000000000000, 0.8660254037844387076, 1.000000000000000000, 0.8660254037844387076, 1.000000000000000000, 0.9330127018922194093, 0.9330127018922194093 ) ) 
 REPRESENTATION_ITEM ( '' )  );
#3317 = AXIS2_PLACEMENT_3D ( 'NONE', #1580, #2589, #2534 ) ;
#3318 = ORIENTED_EDGE ( 'NONE', *, *, #2569, .F. ) ;
#3319 = CARTESIAN_POINT ( 'NONE',  ( 0.000000000000000000, -7.560902090037740558E-15, 13.65685424949233884 ) ) ;
#3320 = EDGE_CURVE ( 'NONE', #3152, #4022, #3239, .T. ) ;
#3321 = CARTESIAN_POINT ( 'NONE',  ( -0.8922005383792422917, -1.545336663013149758, -3.158333333333350978 ) ) ;
#3322 = CARTESIAN_POINT ( 'NONE',  ( 0.000000000000000000, -7.560902090037740558E-15, 13.65685424949233884 ) ) ;
#3323 = AXIS2_PLACEMENT_3D ( 'NONE', #3936, #616, #2515 ) ;
#3324 = CARTESIAN_POINT ( 'NONE',  ( -1.545336663013154643, 7.814748497183156485E-15, 2.412499999999971223 ) ) ;
#3325 = CARTESIAN_POINT ( 'NONE',  ( -1.176575538379243335, -2.037888611415550333, 4.913541666666631613 ) ) ;
#3326 = VECTOR ( 'NONE', #6085, 1000.000000000000000 ) ;
#3327 = CARTESIAN_POINT ( 'NONE',  ( -1.154700538379250130, -1.999999999999992673, -6.308333333333333570 ) ) ;
#3328 = CARTESIAN_POINT ( 'NONE',  ( -1.545336663013154643, 8.570077348212010767E-15, 3.724999999999967670 ) ) ;
#3329 = CARTESIAN_POINT ( 'NONE',  ( 0.8183049524536145647, -1.513338738357402402, -7.758547296448990771 ) ) ;
#3330 = CARTESIAN_POINT ( 'NONE',  ( -1.999999999999996669, 3.079417623425332942E-15, 4.162499999999954348 ) ) ;
#3331 = CARTESIAN_POINT ( 'NONE',  ( -1.545336663013153311, 4.561024215828087150E-15, -1.875000000000020428 ) ) ;
#3332 = VECTOR ( 'NONE', #5618, 1000.000000000000000 ) ;
#3333 = ORIENTED_EDGE ( 'NONE', *, *, #4422, .T. ) ;
#3334 = CARTESIAN_POINT ( 'NONE',  ( -2.495693764988902447E-16, -2.037888611415550777, -2.728125000000015454 ) ) ;
#3335 = LINE ( 'NONE', #5786, #3228 ) ;
#3336 = CARTESIAN_POINT ( 'NONE',  ( -1.764863307568863560, 1.018944305707779829, 2.682291666666631436 ) ) ;
#3337 = AXIS2_PLACEMENT_3D ( 'NONE', #4089, #2205, #2648 ) ;
#3338 = CARTESIAN_POINT ( 'NONE',  ( 0.000000000000000000, 1.999999999999999556, 1.187499999999961586 ) ) ;
#3339 = EDGE_CURVE ( 'NONE', #4905, #4560, #5203, .T. ) ;
#3340 = CARTESIAN_POINT ( 'NONE',  ( 1.732050807568874751, 0.9999999999999995559, -0.4166666666666817287 ) ) ;
#3341 = VERTEX_POINT ( 'NONE', #717 ) ;
#3342 = DIRECTION ( 'NONE',  ( 1.000000000000000000, 6.860497997771531562E-15, 3.875017410084698998E-30 ) ) ;
#3343 = CARTESIAN_POINT ( 'NONE',  ( -1.154700538379249464, 1.999999999999999556, 5.445833333333285786 ) ) ;
#3344 = CARTESIAN_POINT ( 'NONE',  ( 0.8922005383792426247, 1.545336663013155087, 0.07916666666664233520 ) ) ;
#3345 = CARTESIAN_POINT ( 'NONE',  ( 1.764863307568863338, -1.018944305707774722, -8.167708333333340676 ) ) ;
#3346 = CARTESIAN_POINT ( 'NONE',  ( 1.999999999999996669, 2.091679895156829610E-15, 0.3124999999999644174 ) ) ;
#3347 = CARTESIAN_POINT ( 'NONE',  ( 1.545336663013151313, 1.214336383577159459E-14, 4.162499999999967670 ) ) ;
#3348 = ORIENTED_EDGE ( 'NONE', *, *, #4431, .F. ) ;
#3349 = CARTESIAN_POINT ( 'NONE',  ( -1.999999999999996669, -0.5358983848622412838, 5.593760739116915737 ) ) ;
#3350 = EDGE_LOOP ( 'NONE', ( #4680, #867, #2501, #2706 ) ) ;
#3351 = ORIENTED_EDGE ( 'NONE', *, *, #1369, .T. ) ;
#3352 = ORIENTED_EDGE ( 'NONE', *, *, #4952, .F. ) ;
#3353 = CARTESIAN_POINT ( 'NONE',  ( 0.000000000000000000, -1.166111451202051915E-15, 8.329999999999998295 ) ) ;
#3354 = CARTESIAN_POINT ( 'NONE',  ( -1.338300807568868267, -0.7726683315065637769, 5.883333333333294668 ) ) ;
#3355 = EDGE_CURVE ( 'NONE', #5296, #4205, #5923, .T. ) ;
#3356 = CARTESIAN_POINT ( 'NONE',  ( 1.764863307568864892, 1.018944305707778497, 10.10520833333328561 ) ) ;
#3357 = CARTESIAN_POINT ( 'NONE',  ( 1.999999999999985789, -7.315972730208273417E-15, 13.65685424949233884 ) ) ;
#3358 = CARTESIAN_POINT ( 'NONE',  ( -2.449293598294701977E-16, -1.999999999999993117, -5.550000000000001599 ) ) ;
#3359 = CYLINDRICAL_SURFACE ( 'NONE', #4104, 1.545336663013152867 ) ;
#3360 = CARTESIAN_POINT ( 'NONE',  ( 1.999999999999985789, -7.315972730208273417E-15, 13.65685424949233884 ) ) ;
#3361 = CARTESIAN_POINT ( 'NONE',  ( 1.999999999999996669, 0.5358983848622463908, 4.456260739116936875 ) ) ;
#3362 = ORIENTED_EDGE ( 'NONE', *, *, #237, .T. ) ;
#3363 = CARTESIAN_POINT ( 'NONE',  ( -2.495693764988902447E-16, -2.037888611415550777, -6.228125000000007461 ) ) ;
#3364 = CARTESIAN_POINT ( 'NONE',  ( -1.154700538379250130, -1.999999999999992673, 4.891666666666639074 ) ) ;
#3365 = CARTESIAN_POINT ( 'NONE',  ( 1.176575538379243557, 2.037888611415555662, 0.4072916666666374086 ) ) ;
#3366 = CARTESIAN_POINT ( 'NONE',  ( 1.545336663013153089, -9.005843993036351354E-16, -4.237500000000014033 ) ) ;
#3367 = CARTESIAN_POINT ( 'NONE',  ( -1.732050807568874307, 1.000000000000001332, 1.304166666666629393 ) ) ;
#3368 = CARTESIAN_POINT ( 'NONE',  ( -1.338300807568867823, -0.7726683315065644431, 4.483333333333297865 ) ) ;
#3369 = EDGE_LOOP ( 'NONE', ( #5256, #2470, #5263, #3188 ) ) ;
#3370 = CARTESIAN_POINT ( 'NONE',  ( 1.732050807568873640, -0.9999999999999961142, -6.833333333333332149 ) ) ;
#3371 = DIRECTION ( 'NONE',  ( 0.000000000000000000, 0.000000000000000000, -1.000000000000000000 ) ) ;
#3372 =( BOUNDED_CURVE ( )  B_SPLINE_CURVE ( 2, ( #2174, #4715, #2113, #1187, #5925, #3091, #2142, #1699, #5986 ),
 .UNSPECIFIED., .F., .F. ) 
 B_SPLINE_CURVE_WITH_KNOTS ( ( 3, 2, 2, 2, 3 ),
 ( 0.7870370370370370905, 0.7901234567901234129, 0.7962962962962962798, 0.8024691358024691468, 0.8055555555555556912 ),
 .UNSPECIFIED. ) 
 CURVE ( )  GEOMETRIC_REPRESENTATION_ITEM ( )  RATIONAL_B_SPLINE_CURVE ( ( 0.9330127018922192983, 0.9330127018922205195, 1.000000000000000000, 0.8660254037844387076, 1.000000000000000000, 0.8660254037844387076, 1.000000000000000000, 0.9330127018922169668, 0.9330127018922194093 ) ) 
 REPRESENTATION_ITEM ( '' )  );
#3373 = CARTESIAN_POINT ( 'NONE',  ( -1.338300807568862938, -0.7726683315065733249, -2.429166666666685348 ) ) ;
#3374 = CARTESIAN_POINT ( 'NONE',  ( -1.176575538379243113, -2.037888611415549889, -8.342708333333341386 ) ) ;
#3375 = EDGE_CURVE ( 'NONE', #3534, #2861, #2083, .T. ) ;
#3376 = DIRECTION ( 'NONE',  ( 0.000000000000000000, 0.000000000000000000, 1.000000000000000000 ) ) ;
#3377 = CARTESIAN_POINT ( 'NONE',  ( -1.498092279817430317, -0.5423539177590670501, 7.239395187017976241 ) ) ;
#3378 = ORIENTED_EDGE ( 'NONE', *, *, #1546, .F. ) ;
#3379 = CARTESIAN_POINT ( 'NONE',  ( -1.999999999999996669, 3.079417623425332942E-15, 5.562499999999950262 ) ) ;
#3380 = ORIENTED_EDGE ( 'NONE', *, *, #3451, .T. ) ;
#3381 = ORIENTED_EDGE ( 'NONE', *, *, #4557, .T. ) ;
#3382 = EDGE_CURVE ( 'NONE', #4931, #4823, #6015, .T. ) ;
#3383 = CARTESIAN_POINT ( 'NONE',  ( -0.2506926357690141827, -1.524866749727267878, -7.929663336986836342 ) ) ;
#3384 = DIRECTION ( 'NONE',  ( 0.000000000000000000, 0.000000000000000000, -1.000000000000000000 ) ) ;
#3385 = CARTESIAN_POINT ( 'NONE',  ( -1.154700538379249464, 1.999999999999999556, 4.745833333333285609 ) ) ;
#3386 = CARTESIAN_POINT ( 'NONE',  ( -2.495693764988902447E-16, -2.037888611415550777, 9.171874999999953815 ) ) ;
#3387 = CARTESIAN_POINT ( 'NONE',  ( -1.732050807568874529, -0.9999999999999950040, -0.6791666666667005581 ) ) ;
#3388 = CARTESIAN_POINT ( 'NONE',  ( 0.9307824019551946826, -1.469437994163847572, -7.739493790221333214 ) ) ;
#3389 = ADVANCED_FACE ( 'NONE', ( #5418 ), #5505, .T. ) ;
#3390 = CARTESIAN_POINT ( 'NONE',  ( -1.732050807568874529, -0.9999999999999950040, -6.279166666666686325 ) ) ;
#3391 = CYLINDRICAL_SURFACE ( 'NONE', #1096, 1.999999999999985789 ) ;
#3392 = ORIENTED_EDGE ( 'NONE', *, *, #2695, .F. ) ;
#3393 = CARTESIAN_POINT ( 'NONE',  ( -1.764863307568864004, 1.018944305707780051, -1.561458333333351378 ) ) ;
#3394 = CARTESIAN_POINT ( 'NONE',  ( 2.095581549050335806E-16, 1.474999999999995870, -8.000000000000000000 ) ) ;
#3395 = CARTESIAN_POINT ( 'NONE',  ( -2.495693764988901954E-16, -2.037888611415550333, 1.515624999999968470 ) ) ;
#3396 = CARTESIAN_POINT ( 'NONE',  ( 1.338300807568868267, 0.7726683315065694391, -4.179166666666680463 ) ) ;
#3397 = DIRECTION ( 'NONE',  ( -0.000000000000000000, 0.000000000000000000, 1.000000000000000000 ) ) ;
#3398 = CARTESIAN_POINT ( 'NONE',  ( -1.250000000000004441, -0.6098713261165060739, 10.14409174481473386 ) ) ;
#3399 = ORIENTED_EDGE ( 'NONE', *, *, #5682, .F. ) ;
#3400 = CARTESIAN_POINT ( 'NONE',  ( -1.999999999999996225, -1.621051918746543165E-14, 4.074999999999976197 ) ) ;
#3401 = CARTESIAN_POINT ( 'NONE',  ( -0.8922005383792416255, 1.545336663013155531, -0.5041666666666900776 ) ) ;
#3402 = CARTESIAN_POINT ( 'NONE',  ( 0.8922005383792426247, 1.545336663013155087, 8.391666666666621310 ) ) ;
#3403 = DIRECTION ( 'NONE',  ( 1.000000000000000000, 0.000000000000000000, 0.000000000000000000 ) ) ;
#3404 = CARTESIAN_POINT ( 'NONE',  ( -2.000000000000001332, 0.5358983848622385082, -3.656260739116970804 ) ) ;
#3405 = VERTEX_POINT ( 'NONE', #4534 ) ;
#3406 = CARTESIAN_POINT ( 'NONE',  ( 1.338300807568858053, -0.7726683315065818736, -4.383333333333348847 ) ) ;
#3407 = ADVANCED_FACE ( 'NONE', ( #1219 ), #3154, .T. ) ;
#3408 =( BOUNDED_CURVE ( )  B_SPLINE_CURVE ( 2, ( #5870, #1553, #3000, #1487, #4918, #2536, #4448, #719, #2798 ),
 .UNSPECIFIED., .F., .F. ) 
 B_SPLINE_CURVE_WITH_KNOTS ( ( 3, 2, 2, 2, 3 ),
 ( 0.1944444444444444475, 0.1975308641975308532, 0.2037037037037036924, 0.2098765432098765316, 0.2129629629629629650 ),
 .UNSPECIFIED. ) 
 CURVE ( )  GEOMETRIC_REPRESENTATION_ITEM ( )  RATIONAL_B_SPLINE_CURVE ( ( 0.9330127018922194093, 0.9330127018922196314, 1.000000000000000000, 0.8660254037844387076, 1.000000000000000000, 0.8660254037844387076, 1.000000000000000000, 0.9330127018922190762, 0.9330127018922194093 ) ) 
 REPRESENTATION_ITEM ( '' )  );
#3409 = ORIENTED_EDGE ( 'NONE', *, *, #5264, .F. ) ;
#3410 = ORIENTED_EDGE ( 'NONE', *, *, #5422, .F. ) ;
#3411 = CARTESIAN_POINT ( 'NONE',  ( -1.545336663013151757, 3.457082048939760872E-15, 6.524999999999960387 ) ) ;
#3412 = LINE ( 'NONE', #4888, #503 ) ;
#3413 = CARTESIAN_POINT ( 'NONE',  ( 1.545336663013151313, 1.028409281785441324E-14, 6.174999999999959854 ) ) ;
#3414 = EDGE_CURVE ( 'NONE', #3128, #6244, #2870, .T. ) ;
#3415 = CARTESIAN_POINT ( 'NONE',  ( -1.338300807568862716, 0.7726683315065794311, -8.145833333333337478 ) ) ;
#3416 = DIRECTION ( 'NONE',  ( 1.000000000000000000, 0.000000000000000000, 0.000000000000000000 ) ) ;
#3417 = DIRECTION ( 'NONE',  ( 0.000000000000000000, 0.000000000000000000, 1.000000000000000000 ) ) ;
#3418 = FACE_OUTER_BOUND ( 'NONE', #1969, .T. ) ;
#3419 = AXIS2_PLACEMENT_3D ( 'NONE', #2090, #2946, #2541 ) ;
#3420 = LINE ( 'NONE', #38, #1189 ) ;
#3421 = CIRCLE ( 'NONE', #4922, 1.545336663013152867 ) ;
#3422 = ORIENTED_EDGE ( 'NONE', *, *, #4359, .F. ) ;
#3423 = AXIS2_PLACEMENT_3D ( 'NONE', #3322, #4296, #1295 ) ;
#3424 = CARTESIAN_POINT ( 'NONE',  ( 1.764863307568863782, -1.018944305707774944, -1.211458333333352622 ) ) ;
#3425 = DIRECTION ( 'NONE',  ( -1.000000000000000000, 0.000000000000000000, 0.000000000000000000 ) ) ;
#3426 = CARTESIAN_POINT ( 'NONE',  ( 2.353151076758484894, 2.436549870658972734E-15, 4.490624999999961453 ) ) ;
#3427 = ORIENTED_EDGE ( 'NONE', *, *, #6124, .T. ) ;
#3428 = CARTESIAN_POINT ( 'NONE',  ( 1.999999999999997113, -2.672702088255949867E-15, -4.587500000000023448 ) ) ;
#3429 = VECTOR ( 'NONE', #2086, 1000.000000000000000 ) ;
#3430 = CARTESIAN_POINT ( 'NONE',  ( -1.999999999999996669, -1.621051918746543165E-14, 6.262499999999950440 ) ) ;
#3431 = CARTESIAN_POINT ( 'NONE',  ( -1.545336663013154643, 1.975475456537005874E-15, -0.4750000000000239586 ) ) ;
#3432 = CARTESIAN_POINT ( 'NONE',  ( 1.545336663013153755, -0.4140717108885869635, 5.443739260882997755 ) ) ;
#3433 = EDGE_LOOP ( 'NONE', ( #4668, #2926, #505, #4258 ) ) ;
#3434 = DIRECTION ( 'NONE',  ( -0.000000000000000000, -0.000000000000000000, 1.000000000000000000 ) ) ;
#3435 = VECTOR ( 'NONE', #5685, 1000.000000000000000 ) ;
#3436 = CARTESIAN_POINT ( 'NONE',  ( 3.027986556742575549E-15, 1.545336663013155754, -2.662500000000018296 ) ) ;
#3437 = CARTESIAN_POINT ( 'NONE',  ( 1.784401076758483473, 2.541027550711231709E-15, 2.062499999999970690 ) ) ;
#3438 = CARTESIAN_POINT ( 'NONE',  ( -1.764863307568863782, -1.018944305707773390, -7.701041666666675667 ) ) ;
#3439 = DIRECTION ( 'NONE',  ( 0.000000000000000000, 0.000000000000000000, -1.000000000000000000 ) ) ;
#3440 = CARTESIAN_POINT ( 'NONE',  ( 0.000000000000000000, 2.868816710768336858E-15, -8.000000000000000000 ) ) ;
#3441 = ORIENTED_EDGE ( 'NONE', *, *, #3775, .F. ) ;
#3442 = CARTESIAN_POINT ( 'NONE',  ( 0.000000000000000000, -7.560902090037740558E-15, 13.65685424949233884 ) ) ;
#3443 = VERTEX_POINT ( 'NONE', #4006 ) ;
#3444 = ORIENTED_EDGE ( 'NONE', *, *, #2583, .T. ) ;
#3445 = CARTESIAN_POINT ( 'NONE',  ( 1.545336663013151313, 1.289869268680045045E-14, 2.762499999999971312 ) ) ;
#3446 = LINE ( 'NONE', #4950, #5632 ) ;
#3447 =( BOUNDED_CURVE ( )  B_SPLINE_CURVE ( 2, ( #196, #298, #2195, #329, #4080, #1724, #4112, #2638, #6004 ),
 .UNSPECIFIED., .F., .F. ) 
 B_SPLINE_CURVE_WITH_KNOTS ( ( 3, 2, 2, 2, 3 ),
 ( 0.6759259259259260411, 0.6790123456790123635, 0.6851851851851852304, 0.6913580246913579863, 0.6944444444444445308 ),
 .UNSPECIFIED. ) 
 CURVE ( )  GEOMETRIC_REPRESENTATION_ITEM ( )  RATIONAL_B_SPLINE_CURVE ( ( 0.9330127018922194093, 0.9330127018922217408, 1.000000000000000000, 0.8660254037844387076, 1.000000000000000000, 0.8660254037844387076, 1.000000000000000000, 0.9330127018922169668, 0.9330127018922194093 ) ) 
 REPRESENTATION_ITEM ( '' )  );
#3448 = CARTESIAN_POINT ( 'NONE',  ( -1.338300807568862716, 0.7726683315065794311, -7.445833333333339965 ) ) ;
#3449 = CARTESIAN_POINT ( 'NONE',  ( 0.000000000000000000, 2.868816710768336858E-15, -8.000000000000000000 ) ) ;
#3450 = CARTESIAN_POINT ( 'NONE',  ( -2.449293598294702470E-16, -1.999999999999993561, -6.862500000000017586 ) ) ;
#3451 = EDGE_CURVE ( 'NONE', #4823, #4205, #5442, .T. ) ;
#3452 = CARTESIAN_POINT ( 'NONE',  ( -1.545336663013155309, 0.4140717108885865749, 4.481239260883000952 ) ) ;
#3453 = CARTESIAN_POINT ( 'NONE',  ( -1.154700538379250130, -1.999999999999992673, 0.6916666666666501095 ) ) ;
#3454 = ORIENTED_EDGE ( 'NONE', *, *, #4431, .T. ) ;
#3455 = CARTESIAN_POINT ( 'NONE',  ( 2.353151076758485338, 2.436549870658972734E-15, -1.153125000000019496 ) ) ;
#3456 = CARTESIAN_POINT ( 'NONE',  ( 5.298976474299507112E-15, 1.545336663013155754, 1.537499999999971223 ) ) ;
#3457 = CARTESIAN_POINT ( 'NONE',  ( 1.764863307568864448, 1.018944305707778275, 3.148958333333296888 ) ) ;
#3458 = LINE ( 'NONE', #671, #2511 ) ;
#3459 = CARTESIAN_POINT ( 'NONE',  ( -1.039755929846707394, 1.221052912069738428, 7.246990242223735557 ) ) ;
#3460 = CARTESIAN_POINT ( 'NONE',  ( -1.999999999999994005, -0.5358983848622458357, -1.406239260883066722 ) ) ;
#3461 = ORIENTED_EDGE ( 'NONE', *, *, #6190, .F. ) ;
#3462 = CARTESIAN_POINT ( 'NONE',  ( 1.999999999999996225, 2.091679895156829610E-15, 3.724999999999974776 ) ) ;
#3463 = CARTESIAN_POINT ( 'NONE',  ( -1.338300807568862938, -0.7726683315065733249, 2.470833333333302129 ) ) ;
#3464 = CARTESIAN_POINT ( 'NONE',  ( -1.176575538379243113, -2.037888611415549889, -6.942708333333343695 ) ) ;
#3465 = DIRECTION ( 'NONE',  ( 0.000000000000000000, -1.000000000000000000, 0.000000000000000000 ) ) ;
#3466 = EDGE_CURVE ( 'NONE', #4751, #2471, #4078, .T. ) ;
#3467 = DIRECTION ( 'NONE',  ( -1.000000000000000000, 0.000000000000000000, 0.000000000000000000 ) ) ;
#3468 = VERTEX_POINT ( 'NONE', #3622 ) ;
#3469 = ORIENTED_EDGE ( 'NONE', *, *, #3556, .T. ) ;
#3470 = DIRECTION ( 'NONE',  ( -1.000000000000000000, 0.000000000000000000, 0.000000000000000000 ) ) ;
#3471 = CARTESIAN_POINT ( 'NONE',  ( -2.449293598294701977E-16, -1.999999999999993117, -0.6500000000000136779 ) ) ;
#3472 = CARTESIAN_POINT ( 'NONE',  ( 1.999999999999996669, 2.091679895156829610E-15, -3.187500000000027089 ) ) ;
#3473 = CARTESIAN_POINT ( 'NONE',  ( 0.000000000000000000, 2.037888611415556994, 9.521874999999953459 ) ) ;
#3474 = DIRECTION ( 'NONE',  ( 1.000000000000000000, 0.000000000000000000, 0.000000000000000000 ) ) ;
#3475 = CARTESIAN_POINT ( 'NONE',  ( 1.338300807568862494, -0.7726683315065742130, -7.883333333333339077 ) ) ;
#3476 =( BOUNDED_CURVE ( )  B_SPLINE_CURVE ( 2, ( #2974, #2944, #4862, #541, #2478, #64, #5841, #1996, #1523 ),
 .UNSPECIFIED., .F., .F. ) 
 B_SPLINE_CURVE_WITH_KNOTS ( ( 3, 2, 2, 2, 3 ),
 ( 0.8796296296296296502, 0.8827160493827160836, 0.8888888888888888395, 0.8950617283950617065, 0.8981481481481481399 ),
 .UNSPECIFIED. ) 
 CURVE ( )  GEOMETRIC_REPRESENTATION_ITEM ( )  RATIONAL_B_SPLINE_CURVE ( ( 0.9330127018922194093, 0.9330127018922194093, 1.000000000000000000, 0.8660254037844387076, 1.000000000000000000, 0.8660254037844387076, 1.000000000000000000, 0.9330127018922194093, 0.9330127018922194093 ) ) 
 REPRESENTATION_ITEM ( '' )  );
#3477 = CARTESIAN_POINT ( 'NONE',  ( 1.545336663013149092, 0.4140717108885786368, 4.193760739116931369 ) ) ;
#3478 = CARTESIAN_POINT ( 'NONE',  ( 0.8922005383792113165, -1.545336663013167744, 5.445833333333294668 ) ) ;
#3479 = EDGE_CURVE ( 'NONE', #2145, #3265, #2361, .T. ) ;
#3480 = ORIENTED_EDGE ( 'NONE', *, *, #492, .T. ) ;
#3481 = CARTESIAN_POINT ( 'NONE',  ( 1.176575538379244001, 2.037888611415556106, -1.036458333333352799 ) ) ;
#3482 = CYLINDRICAL_SURFACE ( 'NONE', #5437, 1.545336663013152867 ) ;
#3483 = CARTESIAN_POINT ( 'NONE',  ( -1.764863307568863560, 1.018944305707779829, 3.382291666666630725 ) ) ;
#3484 = CARTESIAN_POINT ( 'NONE',  ( -1.732050807568874307, 1.000000000000001332, 2.704166666666624863 ) ) ;
#3485 = CARTESIAN_POINT ( 'NONE',  ( -1.250000000000005329, 0.7216878364870280560, 10.20000000000000284 ) ) ;
#3486 = CARTESIAN_POINT ( 'NONE',  ( -2.449293598294701977E-16, -1.999999999999993117, 4.249999999999973355 ) ) ;
#3487 = CARTESIAN_POINT ( 'NONE',  ( -0.1683411832660950402, -1.552940675577958451, -7.915320770795814198 ) ) ;
#3488 = EDGE_CURVE ( 'NONE', #4639, #2048, #1282, .T. ) ;
#3489 = ORIENTED_EDGE ( 'NONE', *, *, #1218, .T. ) ;
#3490 = CARTESIAN_POINT ( 'NONE',  ( -2.000000000000001332, 0.5358983848622385082, 5.443739260883007525 ) ) ;
#3491 = CARTESIAN_POINT ( 'NONE',  ( -1.892491597964109718E-16, -1.545336663013149980, 3.987499999999965183 ) ) ;
#3492 = CARTESIAN_POINT ( 'NONE',  ( -1.764863307568863560, 1.018944305707779829, -5.017708333333349202 ) ) ;
#3493 = DIRECTION ( 'NONE',  ( -0.000000000000000000, -0.000000000000000000, 1.000000000000000000 ) ) ;
#3494 = CYLINDRICAL_SURFACE ( 'NONE', #4824, 1.545336663013152867 ) ;
#3495 = CARTESIAN_POINT ( 'NONE',  ( -1.154700538379250130, -1.999999999999992673, -0.008333333333349082772 ) ) ;
#3496 = ORIENTED_EDGE ( 'NONE', *, *, #680, .F. ) ;
#3497 = ORIENTED_EDGE ( 'NONE', *, *, #492, .F. ) ;
#3498 = CARTESIAN_POINT ( 'NONE',  ( 0.000000000000000000, -1.474999999999979883, -8.000000000000000000 ) ) ;
#3499 = CARTESIAN_POINT ( 'NONE',  ( 1.999999999999996669, -0.5358983848622422830, 5.181239260882986919 ) ) ;
#3500 = CARTESIAN_POINT ( 'NONE',  ( 1.545336663013152645, 1.568759921367622405E-15, -7.037500000000007638 ) ) ;
#3501 = DIRECTION ( 'NONE',  ( 1.000000000000000000, 0.000000000000000000, 0.000000000000000000 ) ) ;
#3502 = EDGE_CURVE ( 'NONE', #5634, #2048, #3557, .T. ) ;
#3503 = CARTESIAN_POINT ( 'NONE',  ( 1.338300807568862494, -0.7726683315065742130, -4.295833333333347603 ) ) ;
#3504 = CARTESIAN_POINT ( 'NONE',  ( 2.953052119601143314E-14, 1.545336663013155754, 5.649999999999960387 ) ) ;
#3505 = DIRECTION ( 'NONE',  ( 1.000000000000000000, 0.000000000000000000, 0.000000000000000000 ) ) ;
#3506 = CARTESIAN_POINT ( 'NONE',  ( 1.545336663013151313, 1.214336383577159459E-14, 4.162499999999967670 ) ) ;
#3507 = CARTESIAN_POINT ( 'NONE',  ( -1.999999999999996225, -1.621051918746543165E-14, 6.874999999999968914 ) ) ;
#3508 = EDGE_CURVE ( 'NONE', #162, #5001, #4522, .T. ) ;
#3509 = ORIENTED_EDGE ( 'NONE', *, *, #1284, .F. ) ;
#3510 = CARTESIAN_POINT ( 'NONE',  ( 1.176575538379244001, 2.037888611415556106, -2.436458333333349380 ) ) ;
#3511 =( BOUNDED_CURVE ( )  B_SPLINE_CURVE ( 2, ( #4471, #139, #2079, #1603, #4972, #2584, #232, #4499, #168 ),
 .UNSPECIFIED., .F., .T. ) 
 B_SPLINE_CURVE_WITH_KNOTS ( ( 3, 2, 2, 2, 3 ),
 ( 0.6574074074074074403, 0.6604938271604938738, 0.6666666666666666297, 0.6728395061728394966, 0.6759259259259259300 ),
 .UNSPECIFIED. ) 
 CURVE ( )  GEOMETRIC_REPRESENTATION_ITEM ( )  RATIONAL_B_SPLINE_CURVE ( ( 0.9330127018922194093, 0.9330127018922194093, 1.000000000000000000, 0.8660254037844387076, 1.000000000000000000, 0.8660254037844387076, 1.000000000000000000, 0.9330127018922194093, 0.9330127018922194093 ) ) 
 REPRESENTATION_ITEM ( '' )  );
#3512 = CARTESIAN_POINT ( 'NONE',  ( 0.000000000000000000, 2.868816710768336858E-15, -8.000000000000000000 ) ) ;
#3513 = CARTESIAN_POINT ( 'NONE',  ( -2.495693764988901954E-16, -2.037888611415550333, 3.615624999999962785 ) ) ;
#3514 = CARTESIAN_POINT ( 'NONE',  ( 1.545336663013153533, 0.4140717108885799691, -4.993739260883049980 ) ) ;
#3515 = LINE ( 'NONE', #2071, #4925 ) ;
#3516 = CARTESIAN_POINT ( 'NONE',  ( -1.545336663013154643, 0.4140717108885939579, 3.693739260883002640 ) ) ;
#3517 = AXIS2_PLACEMENT_3D ( 'NONE', #5552, #6062, #3193 ) ;
#3518 = AXIS2_PLACEMENT_3D ( 'NONE', #4796, #4768, #5649 ) ;
#3519 = ORIENTED_EDGE ( 'NONE', *, *, #4413, .F. ) ;
#3520 = CARTESIAN_POINT ( 'NONE',  ( 1.338300807568862494, -0.7726683315065742130, 4.104166666666632324 ) ) ;
#3521 = CARTESIAN_POINT ( 'NONE',  ( 1.764863307568864448, 1.018944305707778275, -4.551041666666683305 ) ) ;
#3522 = VECTOR ( 'NONE', #3889, 1000.000000000000000 ) ;
#3523 = CARTESIAN_POINT ( 'NONE',  ( -1.545336663013147982, 0.4140717108885989539, 1.593739260883006548 ) ) ;
#3524 = EDGE_CURVE ( 'NONE', #2048, #4823, #2831, .T. ) ;
#3525 = CARTESIAN_POINT ( 'NONE',  ( 1.999999999999996225, 2.091679895156829610E-15, -1.175000000000012701 ) ) ;
#3526 = CIRCLE ( 'NONE', #5847, 1.474999999999987876 ) ;
#3527 = ORIENTED_EDGE ( 'NONE', *, *, #1806, .T. ) ;
#3528 = ORIENTED_EDGE ( 'NONE', *, *, #3815, .T. ) ;
#3529 = CARTESIAN_POINT ( 'NONE',  ( -2.059984127722458425E-15, -1.443375672974075652, 10.20000000000000284 ) ) ;
#3530 = CARTESIAN_POINT ( 'NONE',  ( 1.999999999999996225, 2.091679895156829610E-15, 0.2249999999999840739 ) ) ;
#3531 = CARTESIAN_POINT ( 'NONE',  ( -1.338300807568865380, -0.7726683315065689950, -5.229166666666678509 ) ) ;
#3532 = CARTESIAN_POINT ( 'NONE',  ( -0.8922005383792546152, -1.545336663013142431, -3.158333333333350090 ) ) ;
#3533 = CARTESIAN_POINT ( 'NONE',  ( -0.8922005383792422917, -1.545336663013149758, -3.770833333333348580 ) ) ;
#3534 = VERTEX_POINT ( 'NONE', #1250 ) ;
#3535 = CARTESIAN_POINT ( 'NONE',  ( -0.8922005383792555033, -1.545336663013142209, -1.670833333333353821 ) ) ;
#3536 = CARTESIAN_POINT ( 'NONE',  ( 1.545336663013153533, 2.033577675846918137E-15, -5.025000000000011902 ) ) ;
#3537 = CYLINDRICAL_SURFACE ( 'NONE', #5836, 1.999999999999985789 ) ;
#3538 = EDGE_CURVE ( 'NONE', #1893, #3314, #5165, .T. ) ;
#3539 = ORIENTED_EDGE ( 'NONE', *, *, #993, .T. ) ;
#3540 = B_SPLINE_CURVE_WITH_KNOTS ( 'NONE', 3,
 ( #368, #3155, #5068, #748, #2681, #4090, #4596, #4125, #3685, #5576, #1286, #271, #2207, #6051 ),
 .UNSPECIFIED., .F., .F.,
 ( 4, 2, 2, 2, 2, 2, 4 ),
 ( 5.040698710779879211E-15, 0.0005123994669346593114, 0.001024798933864277950, 0.001537198400793896589, 0.002049597867723515227, 0.003074396801582752504, 0.004099195735441990215 ),
 .UNSPECIFIED. ) ;
#3541 = CARTESIAN_POINT ( 'NONE',  ( -1.176575538379242447, 2.037888611415556994, 1.180208333333309101 ) ) ;
#3542 = CARTESIAN_POINT ( 'NONE',  ( -2.449293598294702470E-16, -1.999999999999993561, 7.137499999999948663 ) ) ;
#3543 = CC_DESIGN_PERSON_AND_ORGANIZATION_ASSIGNMENT ( #5022, #5147, ( #2246 ) ) ;
#3544 = CARTESIAN_POINT ( 'NONE',  ( 2.353151076758484894, 2.436549870658972734E-15, 3.790624999999962608 ) ) ;
#3545 = DIRECTION ( 'NONE',  ( -0.000000000000000000, -0.000000000000000000, 1.000000000000000000 ) ) ;
#3546 = CARTESIAN_POINT ( 'NONE',  ( 1.999999999999998224, 0.5358983848622441704, -5.256239260883057263 ) ) ;
#3547 = FACE_OUTER_BOUND ( 'NONE', #1661, .T. ) ;
#3548 = ORIENTED_EDGE ( 'NONE', *, *, #340, .T. ) ;
#3549 = FACE_OUTER_BOUND ( 'NONE', #2848, .T. ) ;
#3550 = CARTESIAN_POINT ( 'NONE',  ( -0.8922005383792416255, 1.545336663013155531, 0.8958333333333076132 ) ) ;
#3551 = CARTESIAN_POINT ( 'NONE',  ( -2.353151076758484894, 3.012905657471457707E-15, -6.359375000000012434 ) ) ;
#3552 = DIRECTION ( 'NONE',  ( -0.000000000000000000, -0.000000000000000000, 1.000000000000000000 ) ) ;
#3553 = DIRECTION ( 'NONE',  ( -0.000000000000000000, -0.000000000000000000, 1.000000000000000000 ) ) ;
#3554 = VERTEX_POINT ( 'NONE', #3246 ) ;
#3555 = ORIENTED_EDGE ( 'NONE', *, *, #5061, .T. ) ;
#3556 = EDGE_CURVE ( 'NONE', #3650, #1484, #5855, .T. ) ;
#3557 = LINE ( 'NONE', #142, #2535 ) ;
#3558 = CARTESIAN_POINT ( 'NONE',  ( -0.8922005383792549482, -1.545336663013142209, -2.370833333333352222 ) ) ;
#3559 = CARTESIAN_POINT ( 'NONE',  ( 1.154700538379250796, 1.999999999999999334, -2.370833333333361992 ) ) ;
#3560 = DIRECTION ( 'NONE',  ( -1.000000000000000000, 0.000000000000000000, 0.000000000000000000 ) ) ;
#3561 = EDGE_CURVE ( 'NONE', #2216, #4639, #5573, .T. ) ;
#3562 = CARTESIAN_POINT ( 'NONE',  ( -0.8922005383792416255, 1.545336663013155531, -5.404166666666678331 ) ) ;
#3563 = EDGE_LOOP ( 'NONE', ( #5386, #1597 ) ) ;
#3564 =( BOUNDED_CURVE ( )  B_SPLINE_CURVE ( 2, ( #5970, #701, #4580, #2666, #1235, #2760, #4612, #325, #2128 ),
 .UNSPECIFIED., .F., .F. ) 
 B_SPLINE_CURVE_WITH_KNOTS ( ( 3, 2, 2, 2, 3 ),
 ( 0.2685185185185185452, 0.2716049382716049232, 0.2777777777777777901, 0.2839506172839506015, 0.2870370370370370905 ),
 .UNSPECIFIED. ) 
 CURVE ( )  GEOMETRIC_REPRESENTATION_ITEM ( )  RATIONAL_B_SPLINE_CURVE ( ( 0.9330127018922194093, 0.9330127018922199644, 1.000000000000000000, 0.8660254037844387076, 1.000000000000000000, 0.8660254037844387076, 1.000000000000000000, 0.9330127018922180770, 0.9330127018922192983 ) ) 
 REPRESENTATION_ITEM ( '' )  );
#3565 = CARTESIAN_POINT ( 'NONE',  ( 6.055973113485151098E-15, 1.545336663013155754, 2.849999999999967226 ) ) ;
#3566 = CARTESIAN_POINT ( 'NONE',  ( 1.338300807568863382, 0.7726683315065783209, -4.966666666666680108 ) ) ;
#3567 = CARTESIAN_POINT ( 'NONE',  ( -1.545336663013152867, 2.062628785501874071E-15, -6.775000000000008349 ) ) ;
#3568 = LINE ( 'NONE', #4100, #5835 ) ;
#3569 = ORIENTED_EDGE ( 'NONE', *, *, #850, .F. ) ;
#3570 = CARTESIAN_POINT ( 'NONE',  ( 1.764863307568864892, 1.018944305707778497, 1.705208333333306792 ) ) ;
#3571 = EDGE_CURVE ( 'NONE', #28, #3979, #5640, .T. ) ;
#3572 = LINE ( 'NONE', #1168, #2222 ) ;
#3573 = CARTESIAN_POINT ( 'NONE',  ( 1.764863307568864448, 1.018944305707778275, 8.048958333333287030 ) ) ;
#3574 = CARTESIAN_POINT ( 'NONE',  ( -1.450454332535087820, -1.205001176045792599, -7.593134555980211253 ) ) ;
#3575 = CARTESIAN_POINT ( 'NONE',  ( -1.338300807568873374, -0.7726683315065553392, 3.870833333333298931 ) ) ;
#3576 = CARTESIAN_POINT ( 'NONE',  ( -1.338300807568866047, -0.7726683315065676627, -2.516666666666686147 ) ) ;
#3577 = ORIENTED_EDGE ( 'NONE', *, *, #1178, .F. ) ;
#3578 = CARTESIAN_POINT ( 'NONE',  ( -1.764863307568864004, 1.018944305707780051, -7.161458333333338366 ) ) ;
#3579 = CARTESIAN_POINT ( 'NONE',  ( 1.338300807568862494, -0.7726683315065742130, 6.904166666666624153 ) ) ;
#3580 = CARTESIAN_POINT ( 'NONE',  ( 1.176575538379243557, 2.037888611415555662, -0.9927083333333583948 ) ) ;
#3581 = CARTESIAN_POINT ( 'NONE',  ( 5.298976474299507112E-15, 1.545336663013155754, 1.449999999999970424 ) ) ;
#3582 = CARTESIAN_POINT ( 'NONE',  ( -2.449293598294701977E-16, -1.999999999999993117, 0.04999999999998476496 ) ) ;
#3583 = VERTEX_POINT ( 'NONE', #1354 ) ;
#3584 = CARTESIAN_POINT ( 'NONE',  ( -1.338300807568862938, -0.7726683315065733249, 1.683333333333304038 ) ) ;
#3585 = ORIENTED_EDGE ( 'NONE', *, *, #2714, .T. ) ;
#3586 = CARTESIAN_POINT ( 'NONE',  ( -1.338300807568862716, 0.7726683315065794311, 3.666666666666632324 ) ) ;
#3587 = CARTESIAN_POINT ( 'NONE',  ( 0.09766419351501164081, -1.386989224557997558, 10.14361355158392719 ) ) ;
#3588 = CYLINDRICAL_SURFACE ( 'NONE', #3317, 1.999999999999985789 ) ;
#3589 = CARTESIAN_POINT ( 'NONE',  ( -1.545336663013151313, 1.725635913504384527E-14, 3.112499999999967404 ) ) ;
#3590 = EDGE_CURVE ( 'NONE', #2935, #3776, #5810, .T. ) ;
#3591 = DIRECTION ( 'NONE',  ( 1.000000000000000000, 0.000000000000000000, 0.000000000000000000 ) ) ;
#3592 = CARTESIAN_POINT ( 'NONE',  ( 1.338300807568863382, 0.7726683315065783209, -5.579166666666677266 ) ) ;
#3593 = EDGE_LOOP ( 'NONE', ( #5194, #1310, #3719, #3058 ) ) ;
#3594 = CARTESIAN_POINT ( 'NONE',  ( -1.250000000000004663, 0.7216878364870283891, 8.660000000000001918 ) ) ;
#3595 = CARTESIAN_POINT ( 'NONE',  ( -0.8922005383792422917, -1.545336663013149758, -3.858333333333348936 ) ) ;
#3596 = CARTESIAN_POINT ( 'NONE',  ( 1.545336663013152867, 2.868816710768336858E-15, -8.000000000000000000 ) ) ;
#3597 = EDGE_CURVE ( 'NONE', #3620, #970, #3780, .T. ) ;
#3598 = CARTESIAN_POINT ( 'NONE',  ( 1.545336663013153089, 2.788906526875773602E-15, -6.425000000000008704 ) ) ;
#3599 =( BOUNDED_CURVE ( )  B_SPLINE_CURVE ( 2, ( #395, #4781, #1347, #988, #3772, #2796, #2922, #5760, #522 ),
 .UNSPECIFIED., .F., .F. ) 
 B_SPLINE_CURVE_WITH_KNOTS ( ( 3, 2, 2, 2, 3 ),
 ( 0.7685185185185186008, 0.7716049382716049232, 0.7777777777777777901, 0.7839506172839506570, 0.7870370370370370905 ),
 .UNSPECIFIED. ) 
 CURVE ( )  GEOMETRIC_REPRESENTATION_ITEM ( )  RATIONAL_B_SPLINE_CURVE ( ( 0.9330127018922194093, 0.9330127018922217408, 1.000000000000000000, 0.8660254037844387076, 1.000000000000000000, 0.8660254037844387076, 1.000000000000000000, 0.9330127018922180770, 0.9330127018922192983 ) ) 
 REPRESENTATION_ITEM ( '' )  );
#3600 = ORIENTED_EDGE ( 'NONE', *, *, #4812, .T. ) ;
#3601 = CARTESIAN_POINT ( 'NONE',  ( -1.764863307568864226, -1.018944305707773612, 3.455208333333303017 ) ) ;
#3602 = CARTESIAN_POINT ( 'NONE',  ( 1.732050807568874085, -0.9999999999999963363, 7.254166666666612251 ) ) ;
#3603 = CARTESIAN_POINT ( 'NONE',  ( 2.353151076758484894, 2.436549870658972734E-15, 10.09062499999994778 ) ) ;
#3604 = CARTESIAN_POINT ( 'NONE',  ( -1.545336663013155309, 0.4140717108885865749, 4.393739260882999709 ) ) ;
#3605 = CARTESIAN_POINT ( 'NONE',  ( 0.000000000000000000, 2.868816710768336858E-15, -8.000000000000000000 ) ) ;
#3606 =( NAMED_UNIT ( * ) PLANE_ANGLE_UNIT ( ) SI_UNIT ( $, .RADIAN. ) );
#3607 = CARTESIAN_POINT ( 'NONE',  ( 0.000000000000000000, 1.999999999999999556, -3.712500000000025668 ) ) ;
#3608 = EDGE_LOOP ( 'NONE', ( #4353, #2556, #1126, #2558 ) ) ;
#3609 = VECTOR ( 'NONE', #3552, 1000.000000000000000 ) ;
#3610 = CARTESIAN_POINT ( 'NONE',  ( 1.338300807568863382, 0.7726683315065783209, -7.766666666666673713 ) ) ;
#3611 = CARTESIAN_POINT ( 'NONE',  ( 0.8922005383792426247, 1.545336663013155087, 4.279166666666633034 ) ) ;
#3612 = CARTESIAN_POINT ( 'NONE',  ( -1.764863307568863782, -1.018944305707773390, -0.7010416666666935415 ) ) ;
#3613 = CARTESIAN_POINT ( 'NONE',  ( 1.999999999999996669, 2.091679895156829610E-15, -1.087500000000032330 ) ) ;
#3614 = AXIS2_PLACEMENT_3D ( 'NONE', #779, #5071, #5135 ) ;
#3615 = VECTOR ( 'NONE', #2650, 1000.000000000000000 ) ;
#3616 = DIRECTION ( 'NONE',  ( 1.000000000000000000, 0.000000000000000000, -0.000000000000000000 ) ) ;
#3617 = VERTEX_POINT ( 'NONE', #5192 ) ;
#3618 = CARTESIAN_POINT ( 'NONE',  ( 1.338300807568862494, -0.7726683315065742130, 2.616666666666635166 ) ) ;
#3619 = AXIS2_PLACEMENT_3D ( 'NONE', #4820, #1452, #4410 ) ;
#3620 = VERTEX_POINT ( 'NONE', #2710 ) ;
#3621 = CARTESIAN_POINT ( 'NONE',  ( 0.8922005383792411815, -1.545336663013150424, 6.758333333333291115 ) ) ;
#3622 = CARTESIAN_POINT ( 'NONE',  ( -2.304335819984089318E-13, 1.722636114155686737, -7.752363885844308022 ) ) ;
#3623 = CARTESIAN_POINT ( 'NONE',  ( 1.154700538379248798, -1.999999999999993561, -1.291666666666678731 ) ) ;
#3624 = CARTESIAN_POINT ( 'NONE',  ( -1.999999999999996669, -1.132993276543282844E-14, -4.937500000000022204 ) ) ;
#3625 = VECTOR ( 'NONE', #3102, 1000.000000000000000 ) ;
#3626 = FACE_OUTER_BOUND ( 'NONE', #4906, .T. ) ;
#3627 = CARTESIAN_POINT ( 'NONE',  ( 1.545336663013150869, -0.4140717108885910158, -0.1562607391169884841 ) ) ;
#3628 = CARTESIAN_POINT ( 'NONE',  ( 0.8922005383792426247, 1.545336663013155087, -4.820833333333345294 ) ) ;
#3629 = VERTEX_POINT ( 'NONE', #870 ) ;
#3630 = CIRCLE ( 'NONE', #4438, 1.999999999999985789 ) ;
#3631 = CARTESIAN_POINT ( 'NONE',  ( -1.545336663013147982, 0.4140717108885996756, 2.993739260883002906 ) ) ;
#3632 = CARTESIAN_POINT ( 'NONE',  ( -1.338300807568862938, -0.7726683315065733249, -6.016666666666677266 ) ) ;
#3633 = CARTESIAN_POINT ( 'NONE',  ( 3.027986556742575549E-15, 1.545336663013155754, -2.750000000000019096 ) ) ;
#3634 = CARTESIAN_POINT ( 'NONE',  ( -1.592765541559593352E-17, -1.443375672974076540, 8.660000000000001918 ) ) ;
#3635 = ORIENTED_EDGE ( 'NONE', *, *, #1991, .T. ) ;
#3636 = CARTESIAN_POINT ( 'NONE',  ( -2.353151076758485338, 3.012905657471458101E-15, 1.996874999999972644 ) ) ;
#3637 = EDGE_CURVE ( 'NONE', #4698, #1256, #308, .T. ) ;
#3638 = DIRECTION ( 'NONE',  ( -0.000000000000000000, -0.000000000000000000, 1.000000000000000000 ) ) ;
#3639 = CARTESIAN_POINT ( 'NONE',  ( -1.764863307568863782, -1.018944305707773390, 6.998958333333287207 ) ) ;
#3640 = CARTESIAN_POINT ( 'NONE',  ( 1.999999999999985789, -7.315972730208273417E-15, 13.65685424949233884 ) ) ;
#3641 = CARTESIAN_POINT ( 'NONE',  ( 1.338300807568869599, 0.7726683315065674407, -0.06666666666669228414 ) ) ;
#3642 = CARTESIAN_POINT ( 'NONE',  ( 1.545336663013154199, -0.4140717108885787479, -2.256260739116984215 ) ) ;
#3643 =( BOUNDED_CURVE ( )  B_SPLINE_CURVE ( 2, ( #3189, #3066, #5991, #4011, #4039, #4540, #1706, #4068, #2687 ),
 .UNSPECIFIED., .F., .F. ) 
 B_SPLINE_CURVE_WITH_KNOTS ( ( 3, 2, 2, 2, 3 ),
 ( 0.6018518518518518601, 0.6049382716049382935, 0.6111111111111111605, 0.6172839506172839164, 0.6203703703703703498 ),
 .UNSPECIFIED. ) 
 CURVE ( )  GEOMETRIC_REPRESENTATION_ITEM ( )  RATIONAL_B_SPLINE_CURVE ( ( 0.9330127018922194093, 0.9330127018922194093, 1.000000000000000000, 0.8660254037844387076, 1.000000000000000000, 0.8660254037844387076, 1.000000000000000000, 0.9330127018922194093, 0.9330127018922194093 ) ) 
 REPRESENTATION_ITEM ( '' )  );
#3644 = ORIENTED_EDGE ( 'NONE', *, *, #5055, .F. ) ;
#3645 = CARTESIAN_POINT ( 'NONE',  ( -1.764863307568864004, 1.018944305707780051, -7.861458333333336768 ) ) ;
#3646 = CARTESIAN_POINT ( 'NONE',  ( 1.338300807568863382, 0.7726683315065783209, 7.020833333333292181 ) ) ;
#3647 = CARTESIAN_POINT ( 'NONE',  ( -1.176575538379242447, 2.037888611415556550, -3.676041666666685082 ) ) ;
#3648 = CYLINDRICAL_SURFACE ( 'NONE', #2004, 1.545336663013152867 ) ;
#3649 = FACE_OUTER_BOUND ( 'NONE', #2628, .T. ) ;
#3650 = VERTEX_POINT ( 'NONE', #2962 ) ;
#3651 = CARTESIAN_POINT ( 'NONE',  ( 0.000000000000000000, 1.545336663013155754, 1.449999999999970424 ) ) ;
#3652 = CARTESIAN_POINT ( 'NONE',  ( 1.732050807568874973, 0.9999999999999997780, 5.270833333333285964 ) ) ;
#3653 = CARTESIAN_POINT ( 'NONE',  ( 1.338300807568863382, 0.7726683315065783209, 4.133333333333298221 ) ) ;
#3654 = ADVANCED_FACE ( 'NONE', ( #4880 ), #2496, .T. ) ;
#3655 = CARTESIAN_POINT ( 'NONE',  ( -0.7364247641451171500, -1.018200637156986499, 10.00689518559269686 ) ) ;
#3656 = CARTESIAN_POINT ( 'NONE',  ( 1.545336663013152201, 0.4140717108885817455, -3.593739260883051401 ) ) ;
#3657 = CARTESIAN_POINT ( 'NONE',  ( 0.000000000000000000, 2.868816710768336858E-15, -8.000000000000000000 ) ) ;
#3658 = CARTESIAN_POINT ( 'NONE',  ( -1.999999999999996225, 3.079417623425332547E-15, 4.774999999999972822 ) ) ;
#3659 = CARTESIAN_POINT ( 'NONE',  ( 0.000000000000000000, 1.545336663013155754, -1.962500000000019895 ) ) ;
#3660 = VERTEX_POINT ( 'NONE', #3346 ) ;
#3661 = FACE_OUTER_BOUND ( 'NONE', #2763, .T. ) ;
#3662 = CARTESIAN_POINT ( 'NONE',  ( 0.8922005383792411815, -1.545336663013150424, -5.841666666666677443 ) ) ;
#3663 = FACE_OUTER_BOUND ( 'NONE', #4765, .T. ) ;
#3664 = CARTESIAN_POINT ( 'NONE',  ( 1.545336663013152867, 3.166570952390200744E-15, -7.825000000000005507 ) ) ;
#3665 =( BOUNDED_CURVE ( )  B_SPLINE_CURVE ( 2, ( #2184, #6027, #216, #2151, #3664 ),
 .UNSPECIFIED., .F., .T. ) 
 B_SPLINE_CURVE_WITH_KNOTS ( ( 3, 2, 3 ),
 ( 0.02219906812884551994, 0.02469135802469135665, 0.02777777777777777971 ),
 .UNSPECIFIED. ) 
 CURVE ( )  GEOMETRIC_REPRESENTATION_ITEM ( )  RATIONAL_B_SPLINE_CURVE ( ( 0.9354949502796710004, 0.9459076277434128599, 1.000000000000000000, 0.9330127018922192983, 0.9330127018922194093 ) ) 
 REPRESENTATION_ITEM ( '' )  );
#3666 = CARTESIAN_POINT ( 'NONE',  ( -1.176575538379243335, -2.037888611415550333, 1.413541666666640939 ) ) ;
#3667 = CARTESIAN_POINT ( 'NONE',  ( -1.545336663013154643, 0.4140717108885939579, 3.781239260883002995 ) ) ;
#3668 = CARTESIAN_POINT ( 'NONE',  ( 1.176575538379241559, -2.037888611415550777, 7.173958333333289694 ) ) ;
#3669 = DIRECTION ( 'NONE',  ( 0.000000000000000000, 5.648303390429391465E-16, -1.000000000000000000 ) ) ;
#3670 = PERSON_AND_ORGANIZATION ( #4281, #3728 ) ;
#3671 = CARTESIAN_POINT ( 'NONE',  ( -1.999999999999997113, -6.565550782020048959E-15, -1.437500000000030642 ) ) ;
#3672 = ORIENTED_EDGE ( 'NONE', *, *, #2732, .T. ) ;
#3673 = CARTESIAN_POINT ( 'NONE',  ( 1.545336663013151313, -3.950950913074011749E-15, -0.8250000000000234923 ) ) ;
#3674 = CARTESIAN_POINT ( 'NONE',  ( 0.000000000000000000, 1.545336663013155754, 7.837499999999957723 ) ) ;
#3675 = CARTESIAN_POINT ( 'NONE',  ( -1.764863307568863782, -1.018944305707773390, -4.201041666666684549 ) ) ;
#3676 = CYLINDRICAL_SURFACE ( 'NONE', #5515, 1.999999999999985789 ) ;
#3677 =( BOUNDED_CURVE ( )  B_SPLINE_CURVE ( 2, ( #5998, #1679, #4990, #2224, #3542, #287, #3602, #1232, #220 ),
 .UNSPECIFIED., .F., .F. ) 
 B_SPLINE_CURVE_WITH_KNOTS ( ( 3, 2, 2, 2, 3 ),
 ( 0.8240740740740740700, 0.8271604938271605034, 0.8333333333333333703, 0.8395061728395061262, 0.8425925925925925597 ),
 .UNSPECIFIED. ) 
 CURVE ( )  GEOMETRIC_REPRESENTATION_ITEM ( )  RATIONAL_B_SPLINE_CURVE ( ( 0.9330127018922194093, 0.9330127018922194093, 1.000000000000000000, 0.8660254037844387076, 1.000000000000000000, 0.8660254037844387076, 1.000000000000000000, 0.9330127018922194093, 0.9330127018922194093 ) ) 
 REPRESENTATION_ITEM ( '' )  );
#3678 = EDGE_CURVE ( 'NONE', #617, #4058, #4930, .T. ) ;
#3679 = CARTESIAN_POINT ( 'NONE',  ( -1.732050807568873863, 1.000000000000001110, -0.1833333333333488913 ) ) ;
#3680 = ORIENTED_EDGE ( 'NONE', *, *, #3221, .T. ) ;
#3681 = CARTESIAN_POINT ( 'NONE',  ( 0.8922005383792411815, -1.545336663013150424, 0.4583333333333071691 ) ) ;
#3682 = ORIENTED_EDGE ( 'NONE', *, *, #1526, .F. ) ;
#3683 = CARTESIAN_POINT ( 'NONE',  ( 0.000000000000000000, 1.545336663013155754, 7.049999999999957190 ) ) ;
#3684 = CARTESIAN_POINT ( 'NONE',  ( 1.999999999999985789, -7.315972730208273417E-15, 13.65685424949233884 ) ) ;
#3685 = CARTESIAN_POINT ( 'NONE',  ( 1.590692069892628568, 0.3934090971484442423, -7.845420581567997154 ) ) ;
#3686 = EDGE_CURVE ( 'NONE', #3243, #4915, #3034, .T. ) ;
#3687 = CARTESIAN_POINT ( 'NONE',  ( 1.338300807568850948, -0.7726683315065938640, 1.304166666666639163 ) ) ;
#3688 = CARTESIAN_POINT ( 'NONE',  ( 0.000000000000000000, 2.868816710768336858E-15, -8.000000000000000000 ) ) ;
#3689 = CARTESIAN_POINT ( 'NONE',  ( -1.999999999999996225, -1.621051918746543165E-14, 5.474999999999972111 ) ) ;
#3690 = CARTESIAN_POINT ( 'NONE',  ( -1.338300807568862716, 0.7726683315065794311, -1.845833333333352977 ) ) ;
#3691 = ORIENTED_EDGE ( 'NONE', *, *, #1536, .F. ) ;
#3692 = CARTESIAN_POINT ( 'NONE',  ( 1.545336663013151313, 1.028409281785441324E-14, 6.262499999999962874 ) ) ;
#3693 = CARTESIAN_POINT ( 'NONE',  ( 0.000000000000000000, 1.545336663013155754, -0.6500000000000237810 ) ) ;
#3694 = CARTESIAN_POINT ( 'NONE',  ( 1.999999999999996225, 2.091679895156829610E-15, -1.875000000000010880 ) ) ;
#3695 = FACE_OUTER_BOUND ( 'NONE', #2559, .T. ) ;
#3696 = EDGE_CURVE ( 'NONE', #4185, #1017, #1026, .T. ) ;
#3697 = CARTESIAN_POINT ( 'NONE',  ( -1.176575538379243335, -2.037888611415550333, 8.413541666666624508 ) ) ;
#3698 = CARTESIAN_POINT ( 'NONE',  ( 1.545336663013153089, -9.005843993036351354E-16, -4.237500000000014033 ) ) ;
#3699 = CARTESIAN_POINT ( 'NONE',  ( 1.545336663013154199, -0.4140717108885861308, 4.043739260883000064 ) ) ;
#3700 = FACE_OUTER_BOUND ( 'NONE', #5455, .T. ) ;
#3701 = CARTESIAN_POINT ( 'NONE',  ( -1.126167113564562339, 1.372917071571324588, -7.703310072590546120 ) ) ;
#3702 = DIRECTION ( 'NONE',  ( 0.000000000000000000, 0.000000000000000000, 1.000000000000000000 ) ) ;
#3703 = FACE_OUTER_BOUND ( 'NONE', #4531, .T. ) ;
#3704 =( BOUNDED_CURVE ( )  B_SPLINE_CURVE ( 2, ( #3400, #2492, #4405, #5859, #76, #4877, #3942, #1541, #3462 ),
 .UNSPECIFIED., .F., .T. ) 
 B_SPLINE_CURVE_WITH_KNOTS ( ( 3, 2, 2, 2, 3 ),
 ( 0.3611111111111110494, 0.3641975308641974829, 0.3703703703703703498, 0.3765432098765432167, 0.3796296296296296502 ),
 .UNSPECIFIED. ) 
 CURVE ( )  GEOMETRIC_REPRESENTATION_ITEM ( )  RATIONAL_B_SPLINE_CURVE ( ( 0.9330127018922192983, 0.9330127018922180770, 1.000000000000000000, 0.8660254037844387076, 1.000000000000000000, 0.8660254037844387076, 1.000000000000000000, 0.9330127018922194093, 0.9330127018922194093 ) ) 
 REPRESENTATION_ITEM ( '' )  );
#3705 = ORIENTED_EDGE ( 'NONE', *, *, #5777, .F. ) ;
#3706 = CARTESIAN_POINT ( 'NONE',  ( 1.764863307568863782, -1.018944305707774944, -6.111458333333340320 ) ) ;
#3707 = CARTESIAN_POINT ( 'NONE',  ( 1.784401076758483473, 2.541027550711231709E-15, 6.262499999999961098 ) ) ;
#3708 = CARTESIAN_POINT ( 'NONE',  ( -1.176575538379243113, -2.037888611415549889, -1.342708333333358039 ) ) ;
#3709 = FACE_OUTER_BOUND ( 'NONE', #5800, .T. ) ;
#3710 = DIRECTION ( 'NONE',  ( 0.000000000000000000, 0.000000000000000000, -1.000000000000000000 ) ) ;
#3711 = EDGE_LOOP ( 'NONE', ( #546, #2938, #5951, #141 ) ) ;
#3712 = CARTESIAN_POINT ( 'NONE',  ( -1.338300807568862716, 0.7726683315065794311, 2.266666666666635521 ) ) ;
#3713 = DIRECTION ( 'NONE',  ( 0.000000000000000000, 0.000000000000000000, -1.000000000000000000 ) ) ;
#3714 = CARTESIAN_POINT ( 'NONE',  ( -1.338300807568862938, -0.7726683315065733249, 5.883333333333294668 ) ) ;
#3715 = EDGE_CURVE ( 'NONE', #2571, #3629, #1538, .T. ) ;
#3716 =( BOUNDED_CURVE ( )  B_SPLINE_CURVE ( 2, ( #902, #1761, #3679, #5601, #1278, #2987, #3340, #2866, #495 ),
 .UNSPECIFIED., .F., .T. ) 
 B_SPLINE_CURVE_WITH_KNOTS ( ( 3, 2, 2, 2, 3 ),
 ( 0.5833333333333332593, 0.5864197530864196928, 0.5925925925925925597, 0.5987654320987654266, 0.6018518518518518601 ),
 .UNSPECIFIED. ) 
 CURVE ( )  GEOMETRIC_REPRESENTATION_ITEM ( )  RATIONAL_B_SPLINE_CURVE ( ( 0.9330127018922192983, 0.9330127018922180770, 1.000000000000000000, 0.8660254037844387076, 1.000000000000000000, 0.8660254037844387076, 1.000000000000000000, 0.9330127018922194093, 0.9330127018922194093 ) ) 
 REPRESENTATION_ITEM ( '' )  );
#3717 = CARTESIAN_POINT ( 'NONE',  ( -0.1964808569473882049, -1.329937397324893800, 10.08656172435010312 ) ) ;
#3718 = AXIS2_PLACEMENT_3D ( 'NONE', #5656, #5178, #2789 ) ;
#3719 = ORIENTED_EDGE ( 'NONE', *, *, #1178, .T. ) ;
#3720 = CARTESIAN_POINT ( 'NONE',  ( 1.999999999999996669, 0.5358983848622463908, 1.656260739116943936 ) ) ;
#3721 = CARTESIAN_POINT ( 'NONE',  ( -1.545336663013151757, 8.221464032352539560E-15, 0.3124999999999752420 ) ) ;
#3722 = AXIS2_PLACEMENT_3D ( 'NONE', #2605, #1754, #3199 ) ;
#3723 = DIRECTION ( 'NONE',  ( 1.000000000000000000, 0.000000000000000000, 0.000000000000000000 ) ) ;
#3724 = ORIENTED_EDGE ( 'NONE', *, *, #3815, .F. ) ;
#3725 = CARTESIAN_POINT ( 'NONE',  ( 0.8922005383792646072, 1.545336663013142431, 4.979166666666631436 ) ) ;
#3726 = CARTESIAN_POINT ( 'NONE',  ( 1.338300807568862494, -0.7726683315065742130, -0.8833333333333566184 ) ) ;
#3727 = CARTESIAN_POINT ( 'NONE',  ( 1.250000000000004663, -0.7216878364870416007, 8.660000000000001918 ) ) ;
#3728 = ORGANIZATION ( 'UNSPECIFIED', 'UNSPECIFIED', '' ) ;
#3729 = CARTESIAN_POINT ( 'NONE',  ( -1.135686265472748724E-14, -1.545336663013149980, 2.499999999999969358 ) ) ;
#3730 = AXIS2_PLACEMENT_3D ( 'NONE', #880, #783, #3821 ) ;
#3731 = CARTESIAN_POINT ( 'NONE',  ( -1.176575538379243335, -2.037888611415550333, 7.713541666666625218 ) ) ;
#3732 = CARTESIAN_POINT ( 'NONE',  ( 0.000000000000000000, -5.761269458237980497E-15, 10.20000000000000284 ) ) ;
#3733 = CARTESIAN_POINT ( 'NONE',  ( -0.8922005383792432909, -1.545336663013148870, -3.770833333333348136 ) ) ;
#3734 = CARTESIAN_POINT ( 'NONE',  ( 1.338300807568864270, 0.7726683315065765445, 0.6333333333333069914 ) ) ;
#3735 = EDGE_CURVE ( 'NONE', #839, #947, #5369, .T. ) ;
#3736 = CARTESIAN_POINT ( 'NONE',  ( 1.732050807568874085, -0.9999999999999963363, -6.045833333333354709 ) ) ;
#3737 = APPROVAL_ROLE ( '' ) ;
#3738 = ORIENTED_EDGE ( 'NONE', *, *, #5964, .T. ) ;
#3739 = CARTESIAN_POINT ( 'NONE',  ( -1.764863307568864226, -1.018944305707773612, -6.344791666666672825 ) ) ;
#3740 = CARTESIAN_POINT ( 'NONE',  ( 0.8922005383792426247, 1.545336663013155087, 9.179166666666619179 ) ) ;
#3741 = CARTESIAN_POINT ( 'NONE',  ( -2.495693764988901954E-16, -2.037888611415550333, 0.1156249999999716532 ) ) ;
#3742 = CARTESIAN_POINT ( 'NONE',  ( 1.999999999999996669, 2.091679895156829610E-15, 6.612499999999948308 ) ) ;
#3743 = FACE_OUTER_BOUND ( 'NONE', #1057, .T. ) ;
#3744 = CARTESIAN_POINT ( 'NONE',  ( -1.154700538379250130, -1.999999999999992673, 1.391666666666647512 ) ) ;
#3745 = ORIENTED_EDGE ( 'NONE', *, *, #4374, .F. ) ;
#3746 = CARTESIAN_POINT ( 'NONE',  ( -2.449293598294701977E-16, -1.999999999999993117, -6.949999999999998401 ) ) ;
#3747 = EDGE_LOOP ( 'NONE', ( #3283, #2598, #2356, #4884 ) ) ;
#3748 = CARTESIAN_POINT ( 'NONE',  ( 0.8922005383792426247, 1.545336663013155087, 9.791666666666616337 ) ) ;
#3749 = CARTESIAN_POINT ( 'NONE',  ( 1.338300807568869155, 0.7726683315065681068, -1.379166666666687302 ) ) ;
#3750 = CARTESIAN_POINT ( 'NONE',  ( -1.545336663013151535, 1.446745260816807561E-14, 5.124999999999962697 ) ) ;
#3751 = ORIENTED_EDGE ( 'NONE', *, *, #5372, .T. ) ;
#3752 = CARTESIAN_POINT ( 'NONE',  ( -1.338300807568872708, -0.7726683315065565605, 1.070833333333305548 ) ) ;
#3753 = ADVANCED_FACE ( 'NONE', ( #5736 ), #5867, .T. ) ;
#3754 = CARTESIAN_POINT ( 'NONE',  ( -1.338300807568872264, -0.7726683315065572266, -0.4166666666666918872 ) ) ;
#3755 = VERTEX_POINT ( 'NONE', #2401 ) ;
#3756 = VERTEX_POINT ( 'NONE', #3945 ) ;
#3757 = CARTESIAN_POINT ( 'NONE',  ( -0.8922005383792279698, 1.545336663013163525, 5.095833333333295911 ) ) ;
#3758 = CARTESIAN_POINT ( 'NONE',  ( -1.338300807568862938, -0.7726683315065733249, -0.4166666666666918872 ) ) ;
#3759 = ADVANCED_FACE ( 'NONE', ( #5382 ), #2993, .T. ) ;
#3760 = CARTESIAN_POINT ( 'NONE',  ( 1.176575538379244001, 2.037888611415556106, 5.263541666666632146 ) ) ;
#3761 = CARTESIAN_POINT ( 'NONE',  ( -1.999999999999996225, -1.621051918746543165E-14, 2.674999999999979394 ) ) ;
#3762 = CARTESIAN_POINT ( 'NONE',  ( -1.338300807568867157, -0.7726683315065656643, 1.770833333333304838 ) ) ;
#3763 = DIRECTION ( 'NONE',  ( 1.000000000000000000, 0.000000000000000000, 0.000000000000000000 ) ) ;
#3764 = CYLINDRICAL_SURFACE ( 'NONE', #3718, 1.999999999999985789 ) ;
#3765 = CARTESIAN_POINT ( 'NONE',  ( 0.000000000000000000, 1.999999999999999556, -4.412500000000024514 ) ) ;
#3766 = EDGE_CURVE ( 'NONE', #4639, #2048, #2347, .T. ) ;
#3767 = ORIENTED_EDGE ( 'NONE', *, *, #2150, .F. ) ;
#3768 = CARTESIAN_POINT ( 'NONE',  ( -2.353151076758485338, 3.012905657471458101E-15, -2.903125000000014833 ) ) ;
#3769 = CARTESIAN_POINT ( 'NONE',  ( 1.784401076758483473, 2.541027550711231709E-15, 8.362499999999954525 ) ) ;
#3770 = CARTESIAN_POINT ( 'NONE',  ( -1.764863307568863560, 1.018944305707779829, 1.982291666666633922 ) ) ;
#3771 =( BOUNDED_CURVE ( )  B_SPLINE_CURVE ( 2, ( #1831, #3279, #2805, #3183, #2243, #5542, #6084, #1220, #3750 ),
 .UNSPECIFIED., .F., .F. ) 
 B_SPLINE_CURVE_WITH_KNOTS ( ( 3, 2, 2, 2, 3 ),
 ( 0.6944444444444445308, 0.6975308641975308532, 0.7037037037037037202, 0.7098765432098765871, 0.7129629629629630205 ),
 .UNSPECIFIED. ) 
 CURVE ( )  GEOMETRIC_REPRESENTATION_ITEM ( )  RATIONAL_B_SPLINE_CURVE ( ( 0.9330127018922194093, 0.9330127018922217408, 1.000000000000000000, 0.8660254037844387076, 1.000000000000000000, 0.8660254037844387076, 1.000000000000000000, 0.9330127018922180770, 0.9330127018922192983 ) ) 
 REPRESENTATION_ITEM ( '' )  );
#3772 = CARTESIAN_POINT ( 'NONE',  ( 4.088929691768174940E-14, 1.545336663013155754, 6.437499999999960920 ) ) ;
#3773 = CARTESIAN_POINT ( 'NONE',  ( 0.8922005383792442901, 1.545336663013154199, -6.920833333333341386 ) ) ;
#3774 = CARTESIAN_POINT ( 'NONE',  ( 1.732050807568873640, -0.9999999999999961142, 1.566666666666647334 ) ) ;
#3775 = EDGE_CURVE ( 'NONE', #5797, #2373, #205, .T. ) ;
#3776 = VERTEX_POINT ( 'NONE', #531 ) ;
#3777 = EDGE_CURVE ( 'NONE', #6182, #3222, #892, .T. ) ;
#3778 = CARTESIAN_POINT ( 'NONE',  ( 0.000000000000000000, 1.999999999999999556, 5.387499999999951328 ) ) ;
#3779 = CARTESIAN_POINT ( 'NONE',  ( -1.338300807568862716, 0.7726683315065794311, 7.866666666666620955 ) ) ;
#3780 = LINE ( 'NONE', #5097, #1720 ) ;
#3781 = CARTESIAN_POINT ( 'NONE',  ( -2.000000000000000000, 0.5358983848622407287, -5.668760739116983416 ) ) ;
#3782 = ORIENTED_EDGE ( 'NONE', *, *, #1164, .T. ) ;
#3783 = CARTESIAN_POINT ( 'NONE',  ( 1.545336663013152867, 3.166570952390200744E-15, -7.737500000000006040 ) ) ;
#3784 = CARTESIAN_POINT ( 'NONE',  ( -2.449293598294702470E-16, -1.999999999999993561, -1.962500000000029665 ) ) ;
#3785 = ORIENTED_EDGE ( 'NONE', *, *, #3355, .F. ) ;
#3786 = ORIENTED_EDGE ( 'NONE', *, *, #5450, .T. ) ;
#3787 = ORIENTED_EDGE ( 'NONE', *, *, #5480, .F. ) ;
#3788 = DIRECTION ( 'NONE',  ( -0.4999999999999998890, 0.8660254037844387076, 0.000000000000000000 ) ) ;
#3789 = CARTESIAN_POINT ( 'NONE',  ( 0.8922005383792411815, -1.545336663013150424, -0.2416666666666920926 ) ) ;
#3790 = LINE ( 'NONE', #920, #1510 ) ;
#3791 = CARTESIAN_POINT ( 'NONE',  ( 1.545336663013159528, 0.4140717108885667019, 2.093760739116935277 ) ) ;
#3792 = CARTESIAN_POINT ( 'NONE',  ( -1.764863307568864226, -1.018944305707773612, 8.355208333333290938 ) ) ;
#3793 = DIRECTION ( 'NONE',  ( -0.000000000000000000, -0.000000000000000000, 1.000000000000000000 ) ) ;
#3794 = CARTESIAN_POINT ( 'NONE',  ( 1.250000000000004885, 0.7216878364870286111, 10.20000000000000284 ) ) ;
#3795 = CARTESIAN_POINT ( 'NONE',  ( 1.892559259204714683, -0.4641546203536805471, -7.540707289138347313 ) ) ;
#3796 = EDGE_CURVE ( 'NONE', #5659, #4575, #4117, .T. ) ;
#3797 = CARTESIAN_POINT ( 'NONE',  ( -1.154700538379249464, 1.999999999999999556, -7.154166666666684549 ) ) ;
#3798 = CARTESIAN_POINT ( 'NONE',  ( 1.338300807568868933, 0.7726683315065684399, -2.166666666666686503 ) ) ;
#3799 = VERTEX_POINT ( 'NONE', #1783 ) ;
#3800 = CARTESIAN_POINT ( 'NONE',  ( -1.764863307568864004, 1.018944305707780051, -5.061458333333343163 ) ) ;
#3801 = CARTESIAN_POINT ( 'NONE',  ( 0.8922005383792426247, 1.545336663013155087, 10.57916666666661776 ) ) ;
#3802 = CARTESIAN_POINT ( 'NONE',  ( 1.176575538379241559, -2.037888611415550777, -0.5260416666666937191 ) ) ;
#3803 = MANIFOLD_SOLID_BREP ( 'Boss-Extrude1', #3834 ) ;
#3804 = DIRECTION ( 'NONE',  ( -0.000000000000000000, -0.000000000000000000, 1.000000000000000000 ) ) ;
#3805 = CARTESIAN_POINT ( 'NONE',  ( 1.999999999999990896, -0.5358983848622511648, -4.006260739116971337 ) ) ;
#3806 = FACE_OUTER_BOUND ( 'NONE', #2531, .T. ) ;
#3807 = ORIENTED_EDGE ( 'NONE', *, *, #3414, .T. ) ;
#3808 = DIRECTION ( 'NONE',  ( -1.000000000000000000, 0.000000000000000000, 0.000000000000000000 ) ) ;
#3809 = CARTESIAN_POINT ( 'NONE',  ( 1.338300807568863826, 0.7726683315065773217, -0.6791666666666898999 ) ) ;
#3810 =( BOUNDED_CURVE ( )  B_SPLINE_CURVE ( 2, ( #2834, #2391, #6233, #3773, #5285, #4372, #491, #5789, #1974 ),
 .UNSPECIFIED., .F., .F. ) 
 B_SPLINE_CURVE_WITH_KNOTS ( ( 3, 2, 2, 2, 3 ),
 ( 0.06481481481481481122, 0.06790123456790123080, 0.07407407407407406996, 0.08024691358024690913, 0.08333333333333334259 ),
 .UNSPECIFIED. ) 
 CURVE ( )  GEOMETRIC_REPRESENTATION_ITEM ( )  RATIONAL_B_SPLINE_CURVE ( ( 0.9330127018922194093, 0.9330127018922194093, 1.000000000000000000, 0.8660254037844387076, 1.000000000000000000, 0.8660254037844387076, 1.000000000000000000, 0.9330127018922190762, 0.9330127018922194093 ) ) 
 REPRESENTATION_ITEM ( '' )  );
#3811 = CARTESIAN_POINT ( 'NONE',  ( -1.338300807568862938, -0.7726683315065733249, -0.3291666666666911434 ) ) ;
#3812 = CARTESIAN_POINT ( 'NONE',  ( -2.353151076758484894, 3.012905657471457707E-15, -8.459375000000006750 ) ) ;
#3813 = CARTESIAN_POINT ( 'NONE',  ( 1.338300807568868933, 0.7726683315065684399, -2.079166666666685703 ) ) ;
#3814 = CARTESIAN_POINT ( 'NONE',  ( -1.732050807568873863, 1.000000000000001110, -3.683333333333339787 ) ) ;
#3815 = EDGE_CURVE ( 'NONE', #1835, #328, #5572, .T. ) ;
#3816 = CARTESIAN_POINT ( 'NONE',  ( -1.338300807568874040, -0.7726683315065538959, 6.670833333333292536 ) ) ;
#3817 = ORIENTED_EDGE ( 'NONE', *, *, #5480, .T. ) ;
#3818 = ORIENTED_EDGE ( 'NONE', *, *, #780, .T. ) ;
#3819 = CIRCLE ( 'NONE', #6234, 1.545336663013152867 ) ;
#3820 = ORIENTED_EDGE ( 'NONE', *, *, #138, .T. ) ;
#3821 = DIRECTION ( 'NONE',  ( -1.000000000000000000, 0.000000000000000000, 0.000000000000000000 ) ) ;
#3822 = CARTESIAN_POINT ( 'NONE',  ( 0.8922005383792426247, 1.545336663013155087, -0.7083333333333566850 ) ) ;
#3823 = CARTESIAN_POINT ( 'NONE',  ( 0.000000000000000000, 8.057567985369143580E-15, -8.000000000000000000 ) ) ;
#3824 = VECTOR ( 'NONE', #5808, 1000.000000000000000 ) ;
#3825 = CARTESIAN_POINT ( 'NONE',  ( 1.764863307568863782, -1.018944305707774944, 5.788541666666630725 ) ) ;
#3826 = AXIS2_PLACEMENT_3D ( 'NONE', #4792, #5295, #2965 ) ;
#3827 = CARTESIAN_POINT ( 'NONE',  ( 0.000000000000000000, 1.999999999999999112, 7.399999999999965716 ) ) ;
#3828 = AXIS2_PLACEMENT_3D ( 'NONE', #3141, #3702, #703 ) ;
#3829 = CARTESIAN_POINT ( 'NONE',  ( 1.154700538379248798, -1.999999999999993561, -5.491666666666667140 ) ) ;
#3830 = CARTESIAN_POINT ( 'NONE',  ( 1.154700538379248798, -1.999999999999994005, -4.004166666666691299 ) ) ;
#3831 = CARTESIAN_POINT ( 'NONE',  ( 1.999999999999996669, 2.091679895156829610E-15, 4.512499999999953992 ) ) ;
#3832 = CARTESIAN_POINT ( 'NONE',  ( 0.000000000000000000, 8.017839704152269752E-15, -7.929663336986834565 ) ) ;
#3833 = VECTOR ( 'NONE', #4907, 1000.000000000000000 ) ;
#3834 = CLOSED_SHELL ( 'NONE', ( #3753, #4774, #171, #2498, #2393, #5112, #6025, #4236, #6074, #4618, #4573, #18, #3124, #4489, #1271, #2924, #443, #1772, #4709, #4005, #5645, #2532, #1202, #613, #3654, #3953, #1869, #4852, #4109, #3235, #4629, #3835, #1596, #5070, #1056, #901, #942, #5000, #56, #1983, #210, #2908, #1773, #4821, #4021, #519, #4218, #3759, #1632, #119, #2064, #374, #5983, #5284, #3882, #6226, #1066, #6115, #1798, #3143, #5637, #2196, #5347, #4798, #3389, #5829, #3097, #2811, #621, #4274, #1341, #4890, #5696, #5211, #6107, #1884, #3959, #2844, #5875, #1602, #3290, #3407, #1304, #859, #5580, #1035, #881, #5329, #2117, #459, #1578, #5357, #3063, #275, #1685, #6006, #4716, #3114, #5600, #1562, #3177, #2336, #2697, #200, #1263, #612, #5535, #1828, #5096, #4061, #3837, #3079, #1324, #1520, #4136, #2379, #5616, #3844 ) ) ;
#3835 = ADVANCED_FACE ( 'NONE', ( #4142 ), #3974, .T. ) ;
#3836 = EDGE_LOOP ( 'NONE', ( #475, #2042, #5831, #4345 ) ) ;
#3837 = ADVANCED_FACE ( 'NONE', ( #732, #1573 ), #2665, .T. ) ;
#3838 = CARTESIAN_POINT ( 'NONE',  ( 1.176575538379242003, -2.037888611415551221, -5.469791666666674601 ) ) ;
#3839 = CARTESIAN_POINT ( 'NONE',  ( -1.338300807568862716, 0.7726683315065794311, 8.654166666666620600 ) ) ;
#3840 = CARTESIAN_POINT ( 'NONE',  ( -2.353151076758484894, 3.012905657471457707E-15, 2.740624999999965006 ) ) ;
#3841 = AXIS2_PLACEMENT_3D ( 'NONE', #809, #4158, #4663 ) ;
#3842 = CARTESIAN_POINT ( 'NONE',  ( 1.665775219596982259E-14, 1.545336663013155754, 2.149999999999969713 ) ) ;
#3843 = CARTESIAN_POINT ( 'NONE',  ( 1.545336663013154421, 1.760497245090331648E-14, 4.774999999999963940 ) ) ;
#3844 = ADVANCED_FACE ( 'NONE', ( #3700 ), #790, .F. ) ;
#3845 = EDGE_LOOP ( 'NONE', ( #3241, #5065, #1656, #3691 ) ) ;
#3846 = CARTESIAN_POINT ( 'NONE',  ( -1.545336663013152867, 3.058065870564747460E-15, -8.000000000000000000 ) ) ;
#3847 = CARTESIAN_POINT ( 'NONE',  ( 1.999999999999996669, 0.5358983848622463908, -5.343739260883036302 ) ) ;
#3848 = CARTESIAN_POINT ( 'NONE',  ( -1.784401076758483473, 2.978079764120704978E-15, 0.3124999999999742428 ) ) ;
#3849 = CARTESIAN_POINT ( 'NONE',  ( -1.764863307568863560, 1.018944305707779829, -8.517708333333340320 ) ) ;
#3850 = CARTESIAN_POINT ( 'NONE',  ( 1.545336663013149536, -0.4140717108885863529, -0.8562607391169877458 ) ) ;
#3851 = CARTESIAN_POINT ( 'NONE',  ( 1.999999999999996225, 2.091679895156829610E-15, 7.224999999999965894 ) ) ;
#3852 = ORIENTED_EDGE ( 'NONE', *, *, #1836, .F. ) ;
#3853 = PLANE ( 'NONE',  #3826 ) ;
#3854 =( BOUNDED_CURVE ( )  B_SPLINE_CURVE ( 2, ( #6161, #5244, #3762, #2883, #5686, #2381, #4301, #3230, #87 ),
 .UNSPECIFIED., .F., .F. ) 
 B_SPLINE_CURVE_WITH_KNOTS ( ( 3, 2, 2, 2, 3 ),
 ( 0.5277777777777777901, 0.5308641975308642236, 0.5370370370370370905, 0.5432098765432098464, 0.5462962962962962798 ),
 .UNSPECIFIED. ) 
 CURVE ( )  GEOMETRIC_REPRESENTATION_ITEM ( )  RATIONAL_B_SPLINE_CURVE ( ( 0.9330127018922194093, 0.9330127018922194093, 1.000000000000000000, 0.8660254037844387076, 1.000000000000000000, 0.8660254037844387076, 1.000000000000000000, 0.9330127018922194093, 0.9330127018922194093 ) ) 
 REPRESENTATION_ITEM ( '' )  );
#3855 = VERTEX_POINT ( 'NONE', #5522 ) ;
#3856 = ORIENTED_EDGE ( 'NONE', *, *, #296, .F. ) ;
#3857 = EDGE_CURVE ( 'NONE', #1927, #771, #3139, .T. ) ;
#3858 = CARTESIAN_POINT ( 'NONE',  ( 0.000000000000000000, 2.868816710768336858E-15, -8.000000000000000000 ) ) ;
#3859 = CARTESIAN_POINT ( 'NONE',  ( -1.545336663013152423, -0.4140717108885658138, 0.9562607391169372084 ) ) ;
#3860 = CARTESIAN_POINT ( 'NONE',  ( -1.999999999999997113, -6.565550782020048959E-15, -3.537500000000025402 ) ) ;
#3861 = CARTESIAN_POINT ( 'NONE',  ( -1.764863307568864004, 1.018944305707780051, 8.938541666666623087 ) ) ;
#3862 = CARTESIAN_POINT ( 'NONE',  ( -1.999999999999994005, -0.5358983848622458357, -0.7062392608830687646 ) ) ;
#3863 = CARTESIAN_POINT ( 'NONE',  ( -1.732050807568874085, -0.9999999999999947820, -3.566666666666673535 ) ) ;
#3864 = LINE ( 'NONE', #2320, #690 ) ;
#3865 = CARTESIAN_POINT ( 'NONE',  ( -1.545336663013151535, 1.446745260816807561E-14, 5.212499999999963940 ) ) ;
#3866 = EDGE_LOOP ( 'NONE', ( #4794, #893, #1319, #876 ) ) ;
#3867 = CARTESIAN_POINT ( 'NONE',  ( 1.176575538379242003, -2.037888611415551221, 0.8302083333333095672 ) ) ;
#3868 = CARTESIAN_POINT ( 'NONE',  ( -1.338300807568862938, -0.7726683315065733249, 8.070833333333288451 ) ) ;
#3869 = CARTESIAN_POINT ( 'NONE',  ( 2.353151076758484894, 2.436549870658972734E-15, 0.2906249999999714895 ) ) ;
#3870 = CARTESIAN_POINT ( 'NONE',  ( 1.545336663013151313, -3.950950913074011749E-15, -0.7375000000000229150 ) ) ;
#3871 = EDGE_CURVE ( 'NONE', #6228, #3443, #5145, .T. ) ;
#3872 = CARTESIAN_POINT ( 'NONE',  ( 1.732050807568873640, -0.9999999999999961142, -4.033333333333339432 ) ) ;
#3873 = CARTESIAN_POINT ( 'NONE',  ( 1.338300807568849837, -0.7726683315065959734, 5.416666666666628771 ) ) ;
#3874 = VERTEX_POINT ( 'NONE', #762 ) ;
#3875 = LINE ( 'NONE', #3846, #5333 ) ;
#3876 = CARTESIAN_POINT ( 'NONE',  ( 0.000000000000000000, 2.868816710768336858E-15, -8.000000000000000000 ) ) ;
#3877 = CARTESIAN_POINT ( 'NONE',  ( 0.8922005383792426247, 1.545336663013155087, -0.6208333333333561077 ) ) ;
#3878 = CARTESIAN_POINT ( 'NONE',  ( -1.338300807568862938, -0.7726683315065733249, 10.08333333333328241 ) ) ;
#3879 = DIRECTION ( 'NONE',  ( -1.000000000000000000, 0.000000000000000000, 0.000000000000000000 ) ) ;
#3880 = CARTESIAN_POINT ( 'NONE',  ( 0.1968220231265923603, -1.674785827901034807, 7.332766369316476407 ) ) ;
#3881 = EDGE_LOOP ( 'NONE', ( #712, #1729, #5646, #3088 ) ) ;
#3882 = ADVANCED_FACE ( 'NONE', ( #2191 ), #823, .T. ) ;
#3883 = CARTESIAN_POINT ( 'NONE',  ( 1.154700538379248798, -1.999999999999993561, 3.608333333333309412 ) ) ;
#3884 = ORIENTED_EDGE ( 'NONE', *, *, #4692, .F. ) ;
#3885 = ORIENTED_EDGE ( 'NONE', *, *, #2775, .T. ) ;
#3886 = LINE ( 'NONE', #1067, #5241 ) ;
#3887 = DIRECTION ( 'NONE',  ( -1.000000000000000000, 0.000000000000000000, 0.000000000000000000 ) ) ;
#3888 =( BOUNDED_CURVE ( )  B_SPLINE_CURVE ( 2, ( #730, #4577, #320, #2126, #5048, #5462, #5017, #2154, #5555 ),
 .UNSPECIFIED., .F., .F. ) 
 B_SPLINE_CURVE_WITH_KNOTS ( ( 3, 2, 2, 2, 3 ),
 ( 0.9166666666666666297, 0.9197530864197530631, 0.9259259259259259300, 0.9320987654320987970, 0.9351851851851852304 ),
 .UNSPECIFIED. ) 
 CURVE ( )  GEOMETRIC_REPRESENTATION_ITEM ( )  RATIONAL_B_SPLINE_CURVE ( ( 0.9330127018922192983, 0.9330127018922180770, 1.000000000000000000, 0.8660254037844387076, 1.000000000000000000, 0.8660254037844387076, 1.000000000000000000, 0.9330127018922180770, 0.9330127018922192983 ) ) 
 REPRESENTATION_ITEM ( '' )  );
#3889 = DIRECTION ( 'NONE',  ( 0.000000000000000000, 0.000000000000000000, -1.000000000000000000 ) ) ;
#3890 = CARTESIAN_POINT ( 'NONE',  ( -1.764863307568864004, 1.018944305707780051, 10.33854166666662167 ) ) ;
#3891 = CARTESIAN_POINT ( 'NONE',  ( 0.000000000000000000, 1.999999999999999112, -3.100000000000008082 ) ) ;
#3892 = EDGE_CURVE ( 'NONE', #3201, #1576, #5589, .T. ) ;
#3893 = ORIENTED_EDGE ( 'NONE', *, *, #2006, .F. ) ;
#3894 = CARTESIAN_POINT ( 'NONE',  ( 0.000000000000000000, 2.037888611415556994, -0.9781250000000197842 ) ) ;
#3895 = LINE ( 'NONE', #1019, #4230 ) ;
#3896 = CARTESIAN_POINT ( 'NONE',  ( 2.353151076758484894, 2.436549870658972734E-15, 6.590624999999956657 ) ) ;
#3897 = CARTESIAN_POINT ( 'NONE',  ( -1.545336663013153089, 6.768908549604742074E-15, -4.587500000000013678 ) ) ;
#3898 = DIRECTION ( 'NONE',  ( -0.000000000000000000, -0.000000000000000000, 1.000000000000000000 ) ) ;
#3899 = CARTESIAN_POINT ( 'NONE',  ( 0.000000000000000000, -7.560902090037740558E-15, 13.65685424949233884 ) ) ;
#3900 = CARTESIAN_POINT ( 'NONE',  ( -1.545336663013152867, 3.058065870564747460E-15, -8.000000000000000000 ) ) ;
#3901 = ORIENTED_EDGE ( 'NONE', *, *, #4682, .F. ) ;
#3902 = CARTESIAN_POINT ( 'NONE',  ( 1.999999999999996669, 2.091679895156829610E-15, 1.712499999999961275 ) ) ;
#3903 = DIRECTION ( 'NONE',  ( 1.000000000000000000, 0.000000000000000000, 0.000000000000000000 ) ) ;
#3904 = CARTESIAN_POINT ( 'NONE',  ( 1.338300807568862494, -0.7726683315065742130, 2.004166666666636676 ) ) ;
#3905 = CARTESIAN_POINT ( 'NONE',  ( 1.176575538379243557, 2.037888611415555662, -7.292708333333343340 ) ) ;
#3906 = DIRECTION ( 'NONE',  ( -0.000000000000000000, -5.648303390429391465E-16, 1.000000000000000000 ) ) ;
#3907 = CARTESIAN_POINT ( 'NONE',  ( -1.545336663013153089, 6.768908549604742074E-15, -4.675000000000014921 ) ) ;
#3908 = ORIENTED_EDGE ( 'NONE', *, *, #85, .T. ) ;
#3909 = CARTESIAN_POINT ( 'NONE',  ( 1.545336663013151313, -0.4140717108885826891, -4.356260739116978975 ) ) ;
#3910 = ORIENTED_EDGE ( 'NONE', *, *, #4952, .T. ) ;
#3911 =( BOUNDED_CURVE ( )  B_SPLINE_CURVE ( 2, ( #3721, #371, #4762, #5196, #5643, #2245, #2777, #2277, #5707 ),
 .UNSPECIFIED., .F., .T. ) 
 B_SPLINE_CURVE_WITH_KNOTS ( ( 3, 2, 2, 2, 3 ),
 ( 0.4537037037037037202, 0.4567901234567900981, 0.4629629629629629650, 0.4691358024691357764, 0.4722222222222222654 ),
 .UNSPECIFIED. ) 
 CURVE ( )  GEOMETRIC_REPRESENTATION_ITEM ( )  RATIONAL_B_SPLINE_CURVE ( ( 0.9330127018922194093, 0.9330127018922199644, 1.000000000000000000, 0.8660254037844387076, 1.000000000000000000, 0.8660254037844387076, 1.000000000000000000, 0.9330127018922180770, 0.9330127018922192983 ) ) 
 REPRESENTATION_ITEM ( '' )  );
#3912 = ORIENTED_EDGE ( 'NONE', *, *, #4834, .F. ) ;
#3913 = EDGE_CURVE ( 'NONE', #3443, #6166, #851, .T. ) ;
#3914 = CARTESIAN_POINT ( 'NONE',  ( -1.999999999999991562, -0.5358983848622502766, 2.093760739116925063 ) ) ;
#3915 = CARTESIAN_POINT ( 'NONE',  ( 0.000000000000000000, -7.560902090037740558E-15, 7.999999999999998224 ) ) ;
#3916 = CARTESIAN_POINT ( 'NONE',  ( -1.999999999999996225, -1.132993276543282844E-14, -4.325000000000004619 ) ) ;
#3917 = VECTOR ( 'NONE', #2704, 1000.000000000000000 ) ;
#3918 = CARTESIAN_POINT ( 'NONE',  ( -1.338300807568862938, -0.7726683315065733249, -8.029166666666672114 ) ) ;
#3919 = CARTESIAN_POINT ( 'NONE',  ( 1.154700538379250574, 1.999999999999998224, -3.158333333333341209 ) ) ;
#3920 = VECTOR ( 'NONE', #1871, 1000.000000000000000 ) ;
#3921 = CARTESIAN_POINT ( 'NONE',  ( -0.8922005383792416255, 1.545336663013155531, -7.591666666666673002 ) ) ;
#3922 =( BOUNDED_CURVE ( )  B_SPLINE_CURVE ( 2, ( #1490, #3862, #3387, #1964, #34, #2911, #603, #4921, #1012 ),
 .UNSPECIFIED., .F., .F. ) 
 B_SPLINE_CURVE_WITH_KNOTS ( ( 3, 2, 2, 2, 3 ),
 ( 0.4166666666666666852, 0.4197530864197530631, 0.4259259259259259300, 0.4320987654320987414, 0.4351851851851851749 ),
 .UNSPECIFIED. ) 
 CURVE ( )  GEOMETRIC_REPRESENTATION_ITEM ( )  RATIONAL_B_SPLINE_CURVE ( ( 0.9330127018922194093, 0.9330127018922199644, 1.000000000000000000, 0.8660254037844387076, 1.000000000000000000, 0.8660254037844387076, 1.000000000000000000, 0.9330127018922194093, 0.9330127018922194093 ) ) 
 REPRESENTATION_ITEM ( '' )  );
#3923 = LINE ( 'NONE', #634, #3214 ) ;
#3924 = CARTESIAN_POINT ( 'NONE',  ( 1.999999999999996225, -0.5358983848622421720, 0.8937392608830173613 ) ) ;
#3925 = AXIS2_PLACEMENT_3D ( 'NONE', #1332, #419, #2378 ) ;
#3926 = VERTEX_POINT ( 'NONE', #6162 ) ;
#3927 = VECTOR ( 'NONE', #2619, 1000.000000000000114 ) ;
#3928 = CARTESIAN_POINT ( 'NONE',  ( -2.353151076758485338, 3.012905657471458101E-15, -0.1031250000000215883 ) ) ;
#3929 = EDGE_CURVE ( 'NONE', #4905, #4575, #1400, .T. ) ;
#3930 = CARTESIAN_POINT ( 'NONE',  ( -1.154700538379249464, 1.999999999999999556, 6.145833333333282411 ) ) ;
#3931 = CARTESIAN_POINT ( 'NONE',  ( 0.000000000000000000, 2.037888611415556550, 6.765624999999955591 ) ) ;
#3932 = ORIENTED_EDGE ( 'NONE', *, *, #588, .F. ) ;
#3933 = CARTESIAN_POINT ( 'NONE',  ( 1.732050807568874973, 0.9999999999999997780, 7.370833333333280279 ) ) ;
#3934 = AXIS2_PLACEMENT_3D ( 'NONE', #2651, #4035, #240 ) ;
#3935 = CARTESIAN_POINT ( 'NONE',  ( 0.000000000000000000, 1.999999999999999556, -5.112500000000022915 ) ) ;
#3936 = CARTESIAN_POINT ( 'NONE',  ( 0.000000000000000000, 2.868816710768336858E-15, -8.000000000000000000 ) ) ;
#3937 = DIRECTION ( 'NONE',  ( 0.000000000000000000, 0.000000000000000000, -1.000000000000000000 ) ) ;
#3938 = ORIENTED_EDGE ( 'NONE', *, *, #3308, .F. ) ;
#3939 = ORIENTED_EDGE ( 'NONE', *, *, #138, .F. ) ;
#3940 = CARTESIAN_POINT ( 'NONE',  ( -1.441880138908581355, 0.5932636670121849143, 7.180210993085569982 ) ) ;
#3941 = AXIS2_PLACEMENT_3D ( 'NONE', #5511, #5104, #2594 ) ;
#3942 = CARTESIAN_POINT ( 'NONE',  ( 1.732050807568874751, 0.9999999999999995559, 3.783333333333307458 ) ) ;
#3943 = CARTESIAN_POINT ( 'NONE',  ( 0.8922005383792426247, 1.545336663013155087, 2.179166666666636498 ) ) ;
#3944 = CARTESIAN_POINT ( 'NONE',  ( -1.764863307568863782, -1.018944305707773390, -7.001041666666677266 ) ) ;
#3945 = CARTESIAN_POINT ( 'NONE',  ( 1.999999999999996225, 2.091679895156829610E-15, 3.724999999999974776 ) ) ;
#3946 = CARTESIAN_POINT ( 'NONE',  ( 1.781499552938099251, -0.1094849652767723308, 7.431499552938110931 ) ) ;
#3947 = CARTESIAN_POINT ( 'NONE',  ( -1.999999999999996225, -0.5358983848622411728, 3.406260739116940162 ) ) ;
#3948 = ORIENTED_EDGE ( 'NONE', *, *, #663, .F. ) ;
#3949 = EDGE_LOOP ( 'NONE', ( #2180, #3782, #83, #195 ) ) ;
#3950 = CARTESIAN_POINT ( 'NONE',  ( -0.8922005383792387390, 1.545336663013157308, -4.704166666666679042 ) ) ;
#3951 = CARTESIAN_POINT ( 'NONE',  ( -1.154700538379250130, -1.999999999999992673, -0.7083333333333473592 ) ) ;
#3952 = CYLINDRICAL_SURFACE ( 'NONE', #1301, 1.999999999999985789 ) ;
#3953 = ADVANCED_FACE ( 'NONE', ( #2757 ), #6194, .T. ) ;
#3954 = CARTESIAN_POINT ( 'NONE',  ( -2.000000000000001776, 0.5358983848622386192, 4.831239260882990827 ) ) ;
#3955 = CARTESIAN_POINT ( 'NONE',  ( 0.8922005383792411815, -1.545336663013150424, -7.854166666666672292 ) ) ;
#3956 = CYLINDRICAL_SURFACE ( 'NONE', #2028, 1.545336663013152867 ) ;
#3957 = CARTESIAN_POINT ( 'NONE',  ( -1.545336663013153311, 4.561024215828087150E-15, -1.787500000000019629 ) ) ;
#3958 = CARTESIAN_POINT ( 'NONE',  ( 1.999999999999985789, -7.315972730208273417E-15, 13.65685424949233884 ) ) ;
#3959 = ADVANCED_FACE ( 'NONE', ( #4802 ), #1846, .T. ) ;
#3960 = DIRECTION ( 'NONE',  ( 0.000000000000000000, 0.000000000000000000, -1.000000000000000000 ) ) ;
#3961 = ORIENTED_EDGE ( 'NONE', *, *, #976, .F. ) ;
#3962 = CARTESIAN_POINT ( 'NONE',  ( 1.176575538379242003, -2.037888611415551221, -0.5697916666666871244 ) ) ;
#3963 =( BOUNDED_CURVE ( )  B_SPLINE_CURVE ( 2, ( #4797, #2060, #3983, #1104, #1582, #5421, #5362, #4889, #4829 ),
 .UNSPECIFIED., .F., .T. ) 
 B_SPLINE_CURVE_WITH_KNOTS ( ( 3, 2, 2, 2, 3 ),
 ( 0.04629629629629630067, 0.04938271604938271331, 0.05555555555555555247, 0.06172839506172839164, 0.06481481481481481122 ),
 .UNSPECIFIED. ) 
 CURVE ( )  GEOMETRIC_REPRESENTATION_ITEM ( )  RATIONAL_B_SPLINE_CURVE ( ( 0.9330127018922194093, 0.9330127018922195203, 1.000000000000000000, 0.8660254037844387076, 1.000000000000000000, 0.8660254037844387076, 1.000000000000000000, 0.9330127018922194093, 0.9330127018922194093 ) ) 
 REPRESENTATION_ITEM ( '' )  );
#3964 = FACE_OUTER_BOUND ( 'NONE', #1498, .T. ) ;
#3965 = CARTESIAN_POINT ( 'NONE',  ( 1.176575538379243557, 2.037888611415555662, 5.307291666666625218 ) ) ;
#3966 = CARTESIAN_POINT ( 'NONE',  ( 1.545336663013152645, 1.568759921367622405E-15, -7.125000000000007105 ) ) ;
#3967 = LINE ( 'NONE', #131, #894 ) ;
#3968 = CARTESIAN_POINT ( 'NONE',  ( 1.338300807568861162, -0.7726683315065763225, -5.695833333333344406 ) ) ;
#3969 = CARTESIAN_POINT ( 'NONE',  ( -1.942223146741631782E-16, -1.585945554337691243, -7.889054445662288195 ) ) ;
#3970 = ORIENTED_EDGE ( 'NONE', *, *, #2092, .F. ) ;
#3971 = DIRECTION ( 'NONE',  ( -1.000000000000000000, 0.000000000000000000, 0.000000000000000000 ) ) ;
#3972 = CARTESIAN_POINT ( 'NONE',  ( -1.338300807568862716, 0.7726683315065794311, 3.754166666666633123 ) ) ;
#3973 = CARTESIAN_POINT ( 'NONE',  ( -1.764863307568863560, 1.018944305707779829, -7.117708333333343518 ) ) ;
#3974 = CYLINDRICAL_SURFACE ( 'NONE', #2940, 1.545336663013152867 ) ;
#3975 = CARTESIAN_POINT ( 'NONE',  ( 1.108369919093581180, -1.326045482456157831, 7.374812213843498832 ) ) ;
#3976 = EDGE_CURVE ( 'NONE', #3341, #4539, #5879, .T. ) ;
#3977 = CARTESIAN_POINT ( 'NONE',  ( 1.999999999999996225, -0.5358983848622421720, 0.1937392608830199869 ) ) ;
#3978 = ORIENTED_EDGE ( 'NONE', *, *, #1142, .F. ) ;
#3979 = VERTEX_POINT ( 'NONE', #2352 ) ;
#3980 = CARTESIAN_POINT ( 'NONE',  ( -2.449293598294702470E-16, -1.999999999999993561, 2.237499999999960298 ) ) ;
#3981 = CARTESIAN_POINT ( 'NONE',  ( -1.154700538379250352, -1.999999999999993117, 4.979166666666620777 ) ) ;
#3982 = CARTESIAN_POINT ( 'NONE',  ( 1.999999999999996225, -0.5358983848622421720, -1.906260739116975245 ) ) ;
#3983 = CARTESIAN_POINT ( 'NONE',  ( -1.338300807568863604, -0.7726683315065724367, -7.416666666666674068 ) ) ;
#3984 = CARTESIAN_POINT ( 'NONE',  ( 1.338300807568863382, 0.7726683315065783209, -6.979166666666674068 ) ) ;
#3985 = DIRECTION ( 'NONE',  ( 0.000000000000000000, 0.000000000000000000, -1.000000000000000000 ) ) ;
#3986 = CARTESIAN_POINT ( 'NONE',  ( 0.8922005383792426247, 1.545336663013155087, -7.008333333333341741 ) ) ;
#3987 = DIRECTION ( 'NONE',  ( 0.000000000000000000, -1.000000000000000000, -4.565061778886327141E-16 ) ) ;
#3988 = CARTESIAN_POINT ( 'NONE',  ( 1.545336663013151313, 1.135898387508778358E-14, 5.562499999999964473 ) ) ;
#3989 = ORIENTED_EDGE ( 'NONE', *, *, #3256, .F. ) ;
#3990 = CARTESIAN_POINT ( 'NONE',  ( 0.000000000000000000, 2.037888611415556994, -0.2781250000000213829 ) ) ;
#3991 = EDGE_CURVE ( 'NONE', #3776, #3554, #1508, .T. ) ;
#3992 = CARTESIAN_POINT ( 'NONE',  ( 1.545336663013154421, -1.135898387508778358E-14, 3.462499999999967049 ) ) ;
#3993 = CARTESIAN_POINT ( 'NONE',  ( -1.176575538379243113, -2.037888611415549889, 5.657291666666624863 ) ) ;
#3994 = CARTESIAN_POINT ( 'NONE',  ( -1.545336663013153311, 4.212410899968615154E-15, -2.575000000000018829 ) ) ;
#3995 = CARTESIAN_POINT ( 'NONE',  ( 1.999999999999997113, -2.672702088255949867E-15, -5.287500000000021849 ) ) ;
#3996 = CARTESIAN_POINT ( 'NONE',  ( 1.154700538379250796, 1.999999999999999334, -1.670833333333364035 ) ) ;
#3997 = ORIENTED_EDGE ( 'NONE', *, *, #596, .T. ) ;
#3998 = CARTESIAN_POINT ( 'NONE',  ( 0.8922005383792546152, 1.545336663013147982, 6.991666666666623620 ) ) ;
#3999 = CARTESIAN_POINT ( 'NONE',  ( -1.784401076758483473, 2.978079764120704978E-15, 1.012499999999973532 ) ) ;
#4000 = CARTESIAN_POINT ( 'NONE',  ( -1.764863307568863782, -1.018944305707773390, -4.901041666666682062 ) ) ;
#4001 = CARTESIAN_POINT ( 'NONE',  ( -1.154700538379250352, -1.999999999999993117, -4.820833333333357729 ) ) ;
#4002 = CARTESIAN_POINT ( 'NONE',  ( -1.669168118091276520, -1.072218655705173829, 7.621669717235032948 ) ) ;
#4003 = ORIENTED_EDGE ( 'NONE', *, *, #1218, .F. ) ;
#4004 = ORIENTED_EDGE ( 'NONE', *, *, #5513, .T. ) ;
#4005 = ADVANCED_FACE ( 'NONE', ( #2823 ), #4741, .T. ) ;
#4006 = CARTESIAN_POINT ( 'NONE',  ( 1.999999999999996669, -7.437084071668730132E-15, -3.275000000000007905 ) ) ;
#4007 = CARTESIAN_POINT ( 'NONE',  ( 1.154700538379248798, -1.999999999999993561, -0.5916666666666806629 ) ) ;
#4008 = CARTESIAN_POINT ( 'NONE',  ( -1.545336663013147982, 0.4140717108885996756, 3.081239260883003261 ) ) ;
#4009 = CARTESIAN_POINT ( 'NONE',  ( 0.8922005383792411815, -1.545336663013150424, -5.054166666666678687 ) ) ;
#4010 = ORIENTED_EDGE ( 'NONE', *, *, #4866, .F. ) ;
#4011 = CARTESIAN_POINT ( 'NONE',  ( -0.8922005383792690481, -1.545336663013134215, 3.229166666666633656 ) ) ;
#4012 = FACE_OUTER_BOUND ( 'NONE', #1909, .T. ) ;
#4013 = CARTESIAN_POINT ( 'NONE',  ( 0.000000000000000000, -7.560902090037740558E-15, 13.65685424949233884 ) ) ;
#4014 = CARTESIAN_POINT ( 'NONE',  ( 1.338300807568864936, 0.7726683315065751012, -6.366666666666676910 ) ) ;
#4015 = ORIENTED_EDGE ( 'NONE', *, *, #30, .F. ) ;
#4016 = CARTESIAN_POINT ( 'NONE',  ( 0.000000000000000000, 2.037888611415556994, 1.121874999999975309 ) ) ;
#4017 = CARTESIAN_POINT ( 'NONE',  ( 1.999999999999996669, 2.091679895156829610E-15, 5.912499999999950795 ) ) ;
#4018 = CARTESIAN_POINT ( 'NONE',  ( -2.495693764988901954E-16, -2.037888611415550333, 4.315624999999961631 ) ) ;
#4019 = CARTESIAN_POINT ( 'NONE',  ( -1.154700538379249464, 1.999999999999999556, -5.054166666666688457 ) ) ;
#4020 = VECTOR ( 'NONE', #890, 1000.000000000000000 ) ;
#4021 = ADVANCED_FACE ( 'NONE', ( #5208 ), #3359, .T. ) ;
#4022 = VERTEX_POINT ( 'NONE', #5245 ) ;
#4023 = CARTESIAN_POINT ( 'NONE',  ( 1.338300807568862494, -0.7726683315065742130, 0.6041666666666399843 ) ) ;
#4024 = CARTESIAN_POINT ( 'NONE',  ( 1.176575538379241559, -2.037888611415550777, -7.526041666666675845 ) ) ;
#4025 = AXIS2_PLACEMENT_3D ( 'NONE', #2268, #4658, #832 ) ;
#4026 = DIRECTION ( 'NONE',  ( 1.502314598737153608E-16, 1.000000000000000000, 0.000000000000000000 ) ) ;
#4027 = EDGE_CURVE ( 'NONE', #1825, #28, #4769, .T. ) ;
#4028 = CYLINDRICAL_SURFACE ( 'NONE', #1915, 1.545336663013152867 ) ;
#4029 = AXIS2_PLACEMENT_3D ( 'NONE', #445, #4294, #1898 ) ;
#4030 = VERTEX_POINT ( 'NONE', #3536 ) ;
#4031 = ORIENTED_EDGE ( 'NONE', *, *, #5523, .T. ) ;
#4032 = CARTESIAN_POINT ( 'NONE',  ( 1.545336663013154199, -0.4140717108885854092, 2.731239260883004949 ) ) ;
#4033 = CARTESIAN_POINT ( 'NONE',  ( 1.250000000000004885, -0.4921603826408986193, 10.09504004684136369 ) ) ;
#4034 = CARTESIAN_POINT ( 'NONE',  ( 0.8922005383792389610, -1.545336663013151313, -5.054166666666677799 ) ) ;
#4035 = DIRECTION ( 'NONE',  ( -0.000000000000000000, -0.000000000000000000, 1.000000000000000000 ) ) ;
#4036 = EDGE_CURVE ( 'NONE', #4205, #771, #582, .T. ) ;
#4037 = CARTESIAN_POINT ( 'NONE',  ( -1.784401076758483473, 2.978079764120704978E-15, -6.687500000000007105 ) ) ;
#4038 = ORIENTED_EDGE ( 'NONE', *, *, #850, .T. ) ;
#4039 = CARTESIAN_POINT ( 'NONE',  ( -2.271563837639780824E-14, -1.545336663013149980, 3.287499999999967670 ) ) ;
#4040 = CARTESIAN_POINT ( 'NONE',  ( 0.8922005383792426247, 1.545336663013155087, -6.308333333333342452 ) ) ;
#4041 = LINE ( 'NONE', #3596, #1607 ) ;
#4042 = DIRECTION ( 'NONE',  ( -0.000000000000000000, -0.000000000000000000, 1.000000000000000000 ) ) ;
#4043 =( BOUNDED_CURVE ( )  B_SPLINE_CURVE ( 2, ( #749, #5038, #3531, #1131, #1221, #4034, #1823, #5957, #4565 ),
 .UNSPECIFIED., .F., .F. ) 
 B_SPLINE_CURVE_WITH_KNOTS ( ( 3, 2, 2, 2, 3 ),
 ( 0.1574074074074074125, 0.1604938271604938183, 0.1666666666666666574, 0.1728395061728394966, 0.1759259259259259300 ),
 .UNSPECIFIED. ) 
 CURVE ( )  GEOMETRIC_REPRESENTATION_ITEM ( )  RATIONAL_B_SPLINE_CURVE ( ( 0.9330127018922194093, 0.9330127018922196314, 1.000000000000000000, 0.8660254037844387076, 1.000000000000000000, 0.8660254037844387076, 1.000000000000000000, 0.9330127018922190762, 0.9330127018922194093 ) ) 
 REPRESENTATION_ITEM ( '' )  );
#4044 = ORIENTED_EDGE ( 'NONE', *, *, #2985, .F. ) ;
#4045 = CARTESIAN_POINT ( 'NONE',  ( 1.176575538379242003, -2.037888611415551221, 4.330208333333300352 ) ) ;
#4046 = CARTESIAN_POINT ( 'NONE',  ( 1.732050807568873640, -0.9999999999999961142, 6.466666666666635699 ) ) ;
#4047 = CARTESIAN_POINT ( 'NONE',  ( 0.000000000000000000, 2.037888611415556550, 10.26562499999994849 ) ) ;
#4048 = CARTESIAN_POINT ( 'NONE',  ( -0.4779107666770517904, -1.883131105542138251, -7.547165712685581340 ) ) ;
#4049 = CARTESIAN_POINT ( 'NONE',  ( -1.564142465101758139, 3.050366513770375825E-15, 7.214142465101773816 ) ) ;
#4050 = CARTESIAN_POINT ( 'NONE',  ( -1.703273394003940622, 0.9979622238541440149, 7.620473265402486263 ) ) ;
#4051 = ORIENTED_EDGE ( 'NONE', *, *, #3538, .F. ) ;
#4052 = CARTESIAN_POINT ( 'NONE',  ( 1.338300807568861384, -0.7726683315065759894, -6.483333333333342274 ) ) ;
#4053 = CARTESIAN_POINT ( 'NONE',  ( -1.784401076758483473, 2.978079764120704978E-15, 4.512499999999964650 ) ) ;
#4054 = CARTESIAN_POINT ( 'NONE',  ( -2.495693764988901954E-16, -2.037888611415550333, -2.684375000000021050 ) ) ;
#4055 = EDGE_CURVE ( 'NONE', #4205, #771, #3244, .T. ) ;
#4056 = CARTESIAN_POINT ( 'NONE',  ( 1.545336663013154421, -1.060365502405892772E-14, 1.974999999999969891 ) ) ;
#4057 = CARTESIAN_POINT ( 'NONE',  ( 1.732050807568873640, -0.9999999999999961142, 0.1666666666666507257 ) ) ;
#4058 = VERTEX_POINT ( 'NONE', #3957 ) ;
#4059 = CARTESIAN_POINT ( 'NONE',  ( -1.338300807568862716, 0.7726683315065794311, 2.966666666666633034 ) ) ;
#4060 = ORIENTED_EDGE ( 'NONE', *, *, #3777, .T. ) ;
#4061 = ADVANCED_FACE ( 'NONE', ( #36 ), #981, .T. ) ;
#4062 = CARTESIAN_POINT ( 'NONE',  ( -1.732050807568874307, 1.000000000000001332, 6.904166666666615271 ) ) ;
#4063 = CARTESIAN_POINT ( 'NONE',  ( 1.999999999999996669, 2.091679895156829610E-15, 5.212499999999952394 ) ) ;
#4064 = CARTESIAN_POINT ( 'NONE',  ( 1.250000000000004885, 0.7216878364870283891, 8.660000000000001918 ) ) ;
#4065 = FACE_OUTER_BOUND ( 'NONE', #2989, .T. ) ;
#4066 = CARTESIAN_POINT ( 'NONE',  ( 0.8922005383792411815, -1.545336663013150424, -5.754166666666676200 ) ) ;
#4067 = ORIENTED_EDGE ( 'NONE', *, *, #2264, .T. ) ;
#4068 = CARTESIAN_POINT ( 'NONE',  ( 1.545336663013149092, -0.4140717108885887399, 3.431239260883002906 ) ) ;
#4069 = CARTESIAN_POINT ( 'NONE',  ( 0.8922005383792426247, 1.545336663013155087, -4.208333333333349024 ) ) ;
#4070 = CARTESIAN_POINT ( 'NONE',  ( 1.545336663013152867, 3.166570952390200744E-15, -7.737500000000006040 ) ) ;
#4071 = ORIENTED_EDGE ( 'NONE', *, *, #4977, .T. ) ;
#4072 = CARTESIAN_POINT ( 'NONE',  ( -2.353151076758485338, 3.012905657471458101E-15, 1.296874999999975131 ) ) ;
#4073 = CARTESIAN_POINT ( 'NONE',  ( 1.732050807568873640, -0.9999999999999961142, -6.133333333333333748 ) ) ;
#4074 = CARTESIAN_POINT ( 'NONE',  ( -1.176575538379243113, -2.037888611415549889, 9.857291666666613494 ) ) ;
#4075 = CARTESIAN_POINT ( 'NONE',  ( -1.999999999999996225, -0.5358983848622411728, 2.006260739116943803 ) ) ;
#4076 = CARTESIAN_POINT ( 'NONE',  ( 1.545336663013153311, 8.773435115796706249E-15, -1.525000000000020783 ) ) ;
#4077 = CARTESIAN_POINT ( 'NONE',  ( -1.732050807568874307, 1.000000000000001332, -1.495833333333363990 ) ) ;
#4078 =( BOUNDED_CURVE ( )  B_SPLINE_CURVE ( 2, ( #685, #1638, #2560, #747, #5955, #655, #4062, #5984, #4564 ),
 .UNSPECIFIED., .F., .F. ) 
 B_SPLINE_CURVE_WITH_KNOTS ( ( 3, 2, 2, 2, 3 ),
 ( 0.8055555555555555802, 0.8086419753086420137, 0.8148148148148147696, 0.8209876543209876365, 0.8240740740740740700 ),
 .UNSPECIFIED. ) 
 CURVE ( )  GEOMETRIC_REPRESENTATION_ITEM ( )  RATIONAL_B_SPLINE_CURVE ( ( 0.9330127018922194093, 0.9330127018922194093, 1.000000000000000000, 0.8660254037844387076, 1.000000000000000000, 0.8660254037844387076, 1.000000000000000000, 0.9330127018922194093, 0.9330127018922194093 ) ) 
 REPRESENTATION_ITEM ( '' )  );
#4079 = VERTEX_POINT ( 'NONE', #2913 ) ;
#4080 = CARTESIAN_POINT ( 'NONE',  ( -2.347263501558345064E-14, -1.545336663013149980, 4.687499999999964473 ) ) ;
#4081 = CARTESIAN_POINT ( 'NONE',  ( -0.8922005383792416255, 1.545336663013155531, 7.195833333333292892 ) ) ;
#4082 = CARTESIAN_POINT ( 'NONE',  ( -1.764863307568863560, 1.018944305707779829, -0.8177083333333594606 ) ) ;
#4083 = CARTESIAN_POINT ( 'NONE',  ( -1.999999999999991340, -0.5358983848622501656, 6.906260739116931724 ) ) ;
#4084 = CARTESIAN_POINT ( 'NONE',  ( -1.732050807568873863, 1.000000000000001110, -0.8833333333333462933 ) ) ;
#4085 = ORIENTED_EDGE ( 'NONE', *, *, #6206, .T. ) ;
#4086 = CARTESIAN_POINT ( 'NONE',  ( -0.8922005383792416255, 1.545336663013155531, 3.608333333333298754 ) ) ;
#4087 = ORIENTED_EDGE ( 'NONE', *, *, #4912, .T. ) ;
#4088 = CARTESIAN_POINT ( 'NONE',  ( 1.338300807568862494, -0.7726683315065742130, 6.116666666666626284 ) ) ;
#4089 = CARTESIAN_POINT ( 'NONE',  ( 0.000000000000000000, -7.560902090037740558E-15, 13.65685424949233884 ) ) ;
#4090 = CARTESIAN_POINT ( 'NONE',  ( 1.581322051295221076, -0.2896272026934287869, -7.876675089469447499 ) ) ;
#4091 = CARTESIAN_POINT ( 'NONE',  ( 6.055973113485151098E-15, 1.545336663013155754, 2.937499999999968026 ) ) ;
#4092 = CARTESIAN_POINT ( 'NONE',  ( -1.999999999999996669, -6.565550782020048959E-15, -2.225000000000009415 ) ) ;
#4093 = EDGE_CURVE ( 'NONE', #1621, #3152, #6013, .T. ) ;
#4094 = CARTESIAN_POINT ( 'NONE',  ( -2.449293598294701977E-16, -1.999999999999993117, 5.649999999999970157 ) ) ;
#4095 = CARTESIAN_POINT ( 'NONE',  ( -1.338300807568862716, 0.7726683315065794311, -6.745833333333341564 ) ) ;
#4096 = VERTEX_POINT ( 'NONE', #2089 ) ;
#4097 = CARTESIAN_POINT ( 'NONE',  ( 1.154700538379248798, -1.999999999999993561, 2.908333333333310566 ) ) ;
#4098 = CARTESIAN_POINT ( 'NONE',  ( -1.892491597964109718E-16, -1.545336663013149980, -3.800000000000016254 ) ) ;
#4099 = CARTESIAN_POINT ( 'NONE',  ( 0.8922005383792489530, 1.545336663013151313, -3.420833333333349380 ) ) ;
#4100 = CARTESIAN_POINT ( 'NONE',  ( -1.592765541559593352E-17, -1.443375672974076540, 8.660000000000001918 ) ) ;
#4101 = ORIENTED_EDGE ( 'NONE', *, *, #3488, .F. ) ;
#4102 = CARTESIAN_POINT ( 'NONE',  ( 1.764863307568863782, -1.018944305707774944, 4.388541666666634811 ) ) ;
#4103 = CARTESIAN_POINT ( 'NONE',  ( -1.999999999999996225, -1.132993276543282844E-14, -5.025000000000002132 ) ) ;
#4104 = AXIS2_PLACEMENT_3D ( 'NONE', #887, #422, #4269 ) ;
#4105 = CARTESIAN_POINT ( 'NONE',  ( -1.176575538379242447, 2.037888611415556550, 8.923958333333283477 ) ) ;
#4106 = CARTESIAN_POINT ( 'NONE',  ( 1.999999999999997113, -2.672702088255949867E-15, -5.287500000000021849 ) ) ;
#4107 = CYLINDRICAL_SURFACE ( 'NONE', #3115, 1.545336663013152867 ) ;
#4108 = CARTESIAN_POINT ( 'NONE',  ( -1.154700538379249464, 1.999999999999999556, -3.654166666666692098 ) ) ;
#4109 = ADVANCED_FACE ( 'NONE', ( #5874 ), #542, .T. ) ;
#4110 = EDGE_LOOP ( 'NONE', ( #3856, #3724, #1355, #3144 ) ) ;
#4111 = AXIS2_PLACEMENT_3D ( 'NONE', #4335, #1401, #483 ) ;
#4112 = CARTESIAN_POINT ( 'NONE',  ( 1.338300807568855388, -0.7726683315065862034, 4.804166666666629837 ) ) ;
#4113 = CARTESIAN_POINT ( 'NONE',  ( -0.8922005383792422917, -1.545336663013149758, 6.029166666666627705 ) ) ;
#4114 = CARTESIAN_POINT ( 'NONE',  ( 1.764863307568863338, -1.018944305707774722, -2.567708333333354798 ) ) ;
#4115 = DIRECTION ( 'NONE',  ( 1.000000000000000000, 0.000000000000000000, 0.000000000000000000 ) ) ;
#4116 = VECTOR ( 'NONE', #97, 1000.000000000000000 ) ;
#4117 =( BOUNDED_CURVE ( )  B_SPLINE_CURVE ( 2, ( #222, #4649, #5082, #323, #3231, #6097, #1303, #4075, #5413 ),
 .UNSPECIFIED., .F., .F. ) 
 B_SPLINE_CURVE_WITH_KNOTS ( ( 3, 2, 2, 2, 3 ),
 ( 0.4537037037037037202, 0.4567901234567901536, 0.4629629629629629095, 0.4691358024691357764, 0.4722222222222222099 ),
 .UNSPECIFIED. ) 
 CURVE ( )  GEOMETRIC_REPRESENTATION_ITEM ( )  RATIONAL_B_SPLINE_CURVE ( ( 0.9330127018922194093, 0.9330127018922194093, 1.000000000000000000, 0.8660254037844387076, 1.000000000000000000, 0.8660254037844387076, 1.000000000000000000, 0.9330127018922194093, 0.9330127018922194093 ) ) 
 REPRESENTATION_ITEM ( '' )  );
#4118 = AXIS2_PLACEMENT_3D ( 'NONE', #5695, #1377, #3301 ) ;
#4119 = CARTESIAN_POINT ( 'NONE',  ( 1.545336663013157308, 1.060365502405892772E-14, 6.962499999999961275 ) ) ;
#4120 = EDGE_LOOP ( 'NONE', ( #2905, #5784, #4288, #1930 ) ) ;
#4121 = CARTESIAN_POINT ( 'NONE',  ( -1.892491597964109718E-16, -1.545336663013149980, 1.099999999999972555 ) ) ;
#4122 = ORIENTED_EDGE ( 'NONE', *, *, #125, .F. ) ;
#4123 = CARTESIAN_POINT ( 'NONE',  ( -0.8922005383792416255, 1.545336663013155531, 5.008333333333295556 ) ) ;
#4124 = CARTESIAN_POINT ( 'NONE',  ( -1.494551715086801513, 0.3929129330828052824, 7.195336663013173428 ) ) ;
#4125 = CARTESIAN_POINT ( 'NONE',  ( 1.615649948907328604, 0.2236135791958709929, -7.853073735155381208 ) ) ;
#4126 = CARTESIAN_POINT ( 'NONE',  ( -1.545336663013152867, 2.062628785501874071E-15, -6.687500000000007994 ) ) ;
#4127 = CARTESIAN_POINT ( 'NONE',  ( -1.338300807568865380, -0.7726683315065689950, -5.316666666666679752 ) ) ;
#4128 = AXIS2_PLACEMENT_3D ( 'NONE', #3732, #1811, #2286 ) ;
#4129 = DIRECTION ( 'NONE',  ( 0.000000000000000000, 0.000000000000000000, -1.000000000000000000 ) ) ;
#4130 = CARTESIAN_POINT ( 'NONE',  ( 1.545336663013153311, 9.848326173030075016E-15, -3.625000000000015543 ) ) ;
#4131 = CARTESIAN_POINT ( 'NONE',  ( 1.338300807568863382, 0.7726683315065783209, -0.6791666666666898999 ) ) ;
#4132 = ORIENTED_EDGE ( 'NONE', *, *, #5964, .F. ) ;
#4133 = AXIS2_PLACEMENT_3D ( 'NONE', #2409, #537, #31 ) ;
#4134 = CARTESIAN_POINT ( 'NONE',  ( -1.338300807568853168, 0.7726683315065957514, 2.966666666666633034 ) ) ;
#4135 = CARTESIAN_POINT ( 'NONE',  ( 1.338300807568862494, -0.7726683315065742130, -5.083333333333346360 ) ) ;
#4136 = ADVANCED_FACE ( 'NONE', ( #4012 ), #421, .T. ) ;
#4137 = CARTESIAN_POINT ( 'NONE',  ( -1.545336663013153533, 3.486133158594716806E-15, -5.375000000000012434 ) ) ;
#4138 = CYLINDRICAL_SURFACE ( 'NONE', #1605, 1.545336663013152867 ) ;
#4139 = CARTESIAN_POINT ( 'NONE',  ( 1.176575538379242003, -2.037888611415551221, 3.630208333333303283 ) ) ;
#4140 = CARTESIAN_POINT ( 'NONE',  ( -1.732050807568874085, -0.9999999999999947820, -4.966666666666670338 ) ) ;
#4141 = CARTESIAN_POINT ( 'NONE',  ( 1.764863307568863338, -1.018944305707774722, 7.932291666666619001 ) ) ;
#4142 = FACE_OUTER_BOUND ( 'NONE', #1549, .T. ) ;
#4143 = EDGE_CURVE ( 'NONE', #2364, #947, #5049, .T. ) ;
#4144 = CARTESIAN_POINT ( 'NONE',  ( -1.545336663013151757, 8.221464032352539560E-15, 0.2249999999999745537 ) ) ;
#4145 = PERSON_AND_ORGANIZATION_ROLE ( 'creator' ) ;
#4146 = CARTESIAN_POINT ( 'NONE',  ( -1.999999999999999112, 0.5358983848622429491, -3.568760739116989988 ) ) ;
#4147 = VERTEX_POINT ( 'NONE', #761 ) ;
#4148 = CARTESIAN_POINT ( 'NONE',  ( 1.999999999999996225, 2.091679895156829610E-15, 0.2249999999999840739 ) ) ;
#4149 = CARTESIAN_POINT ( 'NONE',  ( -0.8922005383792422917, -1.545336663013149758, 7.429166666666623620 ) ) ;
#4150 = CARTESIAN_POINT ( 'NONE',  ( -1.764863307568863560, 1.018944305707779829, -2.217708333333355153 ) ) ;
#4151 = PLANE ( 'NONE',  #1093 ) ;
#4152 = DIRECTION ( 'NONE',  ( 0.000000000000000000, 0.000000000000000000, -1.000000000000000000 ) ) ;
#4153 = ORIENTED_EDGE ( 'NONE', *, *, #1998, .T. ) ;
#4154 = CARTESIAN_POINT ( 'NONE',  ( 0.8922005383792426247, 1.545336663013155087, 2.791666666666635432 ) ) ;
#4155 = ORIENTED_EDGE ( 'NONE', *, *, #4178, .T. ) ;
#4156 = CARTESIAN_POINT ( 'NONE',  ( -1.892491597964109718E-16, -1.545336663013149980, 4.599999999999963229 ) ) ;
#4157 =( BOUNDED_CURVE ( )  B_SPLINE_CURVE ( 2, ( #5633, #3240, #3774, #6139, #1824, #3744, #5186, #3302, #770 ),
 .UNSPECIFIED., .F., .T. ) 
 B_SPLINE_CURVE_WITH_KNOTS ( ( 3, 2, 2, 2, 3 ),
 ( 0.4907407407407406996, 0.4938271604938271331, 0.5000000000000000000, 0.5061728395061728669, 0.5092592592592593004 ),
 .UNSPECIFIED. ) 
 CURVE ( )  GEOMETRIC_REPRESENTATION_ITEM ( )  RATIONAL_B_SPLINE_CURVE ( ( 0.9330127018922194093, 0.9330127018922194093, 1.000000000000000000, 0.8660254037844387076, 1.000000000000000000, 0.8660254037844387076, 1.000000000000000000, 0.9330127018922194093, 0.9330127018922194093 ) ) 
 REPRESENTATION_ITEM ( '' )  );
#4158 = DIRECTION ( 'NONE',  ( 0.000000000000000000, 0.000000000000000000, 1.000000000000000000 ) ) ;
#4159 = CARTESIAN_POINT ( 'NONE',  ( -1.154700538379250130, -1.999999999999992673, -1.408333333333345871 ) ) ;
#4160 = EDGE_CURVE ( 'NONE', #2587, #974, #6223, .T. ) ;
#4161 = CYLINDRICAL_SURFACE ( 'NONE', #286, 1.999999999999985789 ) ;
#4162 = CARTESIAN_POINT ( 'NONE',  ( -1.999999999999985789, -7.560902090037740558E-15, 13.65685424949233884 ) ) ;
#4163 = DIRECTION ( 'NONE',  ( -0.000000000000000000, -0.000000000000000000, 1.000000000000000000 ) ) ;
#4164 = CARTESIAN_POINT ( 'NONE',  ( 1.338300807568862494, -0.7726683315065742130, -0.7958333333333558191 ) ) ;
#4165 = ORIENTED_EDGE ( 'NONE', *, *, #1637, .F. ) ;
#4166 = DIRECTION ( 'NONE',  ( -1.000000000000000000, 0.000000000000000000, 0.000000000000000000 ) ) ;
#4167 = CARTESIAN_POINT ( 'NONE',  ( -0.8922005383792422917, -1.545336663013149758, -4.558333333333347781 ) ) ;
#4168 = EDGE_CURVE ( 'NONE', #4261, #1775, #5751, .T. ) ;
#4169 = LINE ( 'NONE', #5485, #4623 ) ;
#4170 = CARTESIAN_POINT ( 'NONE',  ( -0.8922005383792560584, -1.545336663013141321, -0.2708333333333572956 ) ) ;
#4171 = CARTESIAN_POINT ( 'NONE',  ( 1.176575538379242003, -2.037888611415551221, 7.830208333333293247 ) ) ;
#4172 = CARTESIAN_POINT ( 'NONE',  ( -1.154700538379250130, -1.999999999999992673, -4.908333333333335879 ) ) ;
#4173 = CARTESIAN_POINT ( 'NONE',  ( 1.764863307568864448, 1.018944305707778275, 9.448958333333282056 ) ) ;
#4174 = CARTESIAN_POINT ( 'NONE',  ( 1.732050807568874085, -0.9999999999999963363, -5.345833333333355419 ) ) ;
#4175 = DIRECTION ( 'NONE',  ( 1.000000000000000000, 0.000000000000000000, 0.000000000000000000 ) ) ;
#4176 = APPROVAL_DATE_TIME ( #6035, #2972 ) ;
#4177 = CARTESIAN_POINT ( 'NONE',  ( -1.116573512904415422, 1.591532611133677833, 7.590497632603464773 ) ) ;
#4178 = EDGE_CURVE ( 'NONE', #4079, #3284, #1916, .T. ) ;
#4179 = ORIENTED_EDGE ( 'NONE', *, *, #3929, .F. ) ;
#4180 = CARTESIAN_POINT ( 'NONE',  ( -2.495693764988902447E-16, -2.037888611415550777, -5.528125000000009059 ) ) ;
#4181 = CARTESIAN_POINT ( 'NONE',  ( 1.338300807568862494, -0.7726683315065742130, 7.604166666666621666 ) ) ;
#4182 = CARTESIAN_POINT ( 'NONE',  ( 1.764863307568864448, 1.018944305707778275, -1.751041666666689700 ) ) ;
#4183 = CARTESIAN_POINT ( 'NONE',  ( 1.443375672974069657, -5.761269458237980497E-15, 10.20000000000000284 ) ) ;
#4184 = DIRECTION ( 'NONE',  ( -0.000000000000000000, -0.000000000000000000, 1.000000000000000000 ) ) ;
#4185 = VERTEX_POINT ( 'NONE', #5274 ) ;
#4186 = CARTESIAN_POINT ( 'NONE',  ( 0.8922005383792426247, 1.545336663013155087, 2.091666666666635699 ) ) ;
#4187 = ORIENTED_EDGE ( 'NONE', *, *, #1262, .T. ) ;
#4188 = CARTESIAN_POINT ( 'NONE',  ( -0.8922005383792422917, -1.545336663013149758, 7.341666666666623264 ) ) ;
#4189 = CARTESIAN_POINT ( 'NONE',  ( 1.154700538379248798, -1.999999999999994005, -2.604166666666694496 ) ) ;
#4190 = CARTESIAN_POINT ( 'NONE',  ( 0.8922005383792442901, 1.545336663013154199, -7.008333333333340853 ) ) ;
#4191 = CARTESIAN_POINT ( 'NONE',  ( 1.545336663013153533, 2.033577675846918137E-15, -5.025000000000011902 ) ) ;
#4192 = CARTESIAN_POINT ( 'NONE',  ( -1.999999999999985789, -7.560902090037740558E-15, 13.65685424949233884 ) ) ;
#4193 = EDGE_CURVE ( 'NONE', #2733, #6182, #2563, .T. ) ;
#4194 = ORIENTED_EDGE ( 'NONE', *, *, #5149, .F. ) ;
#4195 = CARTESIAN_POINT ( 'NONE',  ( -1.999999999999991562, -0.5358983848622502766, 6.293760739116914138 ) ) ;
#4196 = CARTESIAN_POINT ( 'NONE',  ( -0.8922005383792416255, 1.545336663013155531, -1.291666666666688945 ) ) ;
#4197 = DIRECTION ( 'NONE',  ( 0.000000000000000000, -1.000000000000000000, 0.000000000000000000 ) ) ;
#4198 = CARTESIAN_POINT ( 'NONE',  ( -0.8922005383792575017, -1.545336663013140654, 2.441666666666635344 ) ) ;
#4199 = CARTESIAN_POINT ( 'NONE',  ( 1.764863307568863782, -1.018944305707774944, 6.488541666666628238 ) ) ;
#4200 = CARTESIAN_POINT ( 'NONE',  ( -1.545336663013151313, -1.173664830060221151E-14, 4.512499999999967315 ) ) ;
#4201 = CYLINDRICAL_SURFACE ( 'NONE', #3109, 1.545336663013152867 ) ;
#4202 = CARTESIAN_POINT ( 'NONE',  ( 1.590075555678418334E-14, 1.545336663013155754, 0.7499999999999729106 ) ) ;
#4203 = PERSON_AND_ORGANIZATION_ROLE ( 'design_supplier' ) ;
#4204 = DIRECTION ( 'NONE',  ( 1.000000000000000000, 0.000000000000000000, 0.000000000000000000 ) ) ;
#4205 = VERTEX_POINT ( 'NONE', #3794 ) ;
#4206 = CARTESIAN_POINT ( 'NONE',  ( -1.176575538379242447, 2.037888611415556994, -4.419791666666678331 ) ) ;
#4207 = CARTESIAN_POINT ( 'NONE',  ( 0.8922005383792411815, -1.545336663013150424, 10.34583333333328525 ) ) ;
#4208 = CARTESIAN_POINT ( 'NONE',  ( -1.176575538379243113, -2.037888611415549889, 0.05729166666663954022 ) ) ;
#4209 = CARTESIAN_POINT ( 'NONE',  ( -1.999999999999985789, -7.560902090037740558E-15, 13.65685424949233884 ) ) ;
#4210 = EDGE_CURVE ( 'NONE', #2996, #2967, #3854, .T. ) ;
#4211 = CARTESIAN_POINT ( 'NONE',  ( 1.545336663013152867, 2.868816710768336858E-15, -8.000000000000000000 ) ) ;
#4212 = ORIENTED_EDGE ( 'NONE', *, *, #978, .F. ) ;
#4213 = LINE ( 'NONE', #5188, #6247 ) ;
#4214 = ORIENTED_EDGE ( 'NONE', *, *, #797, .F. ) ;
#4215 = CARTESIAN_POINT ( 'NONE',  ( 1.784401076758483473, 2.541027550711231709E-15, 5.474999999999960565 ) ) ;
#4216 = CARTESIAN_POINT ( 'NONE',  ( -1.250000000000004663, -0.7216878364870406015, 10.20000000000000284 ) ) ;
#4217 = CARTESIAN_POINT ( 'NONE',  ( -1.545336663013153089, 0.4140717108885845210, -6.806260739116972935 ) ) ;
#4218 = ADVANCED_FACE ( 'NONE', ( #5144 ), #6026, .T. ) ;
#4219 = CARTESIAN_POINT ( 'NONE',  ( 0.8922005383792389610, -1.545336663013151313, -5.141666666666679930 ) ) ;
#4220 = DIRECTION ( 'NONE',  ( 0.000000000000000000, 0.000000000000000000, -1.000000000000000000 ) ) ;
#4221 = CARTESIAN_POINT ( 'NONE',  ( 0.000000000000000000, 2.868816710768336858E-15, -8.000000000000000000 ) ) ;
#4222 = ORIENTED_EDGE ( 'NONE', *, *, #418, .F. ) ;
#4223 = ORIENTED_EDGE ( 'NONE', *, *, #5309, .T. ) ;
#4224 = CARTESIAN_POINT ( 'NONE',  ( -1.494551715086801513, 0.3929129330828052824, 7.195336663013173428 ) ) ;
#4225 = VECTOR ( 'NONE', #5699, 1000.000000000000000 ) ;
#4226 = CARTESIAN_POINT ( 'NONE',  ( 1.338300807568862494, -0.7726683315065742130, -1.583333333333355020 ) ) ;
#4227 = CARTESIAN_POINT ( 'NONE',  ( 1.545336663013151313, 1.365402153782930631E-14, 1.274999999999973266 ) ) ;
#4228 = EDGE_CURVE ( 'NONE', #5482, #5922, #1904, .T. ) ;
#4229 = CARTESIAN_POINT ( 'NONE',  ( -1.545336663013152867, 3.058065870564747460E-15, -8.000000000000000000 ) ) ;
#4230 = VECTOR ( 'NONE', #4840, 1000.000000000000000 ) ;
#4231 = CARTESIAN_POINT ( 'NONE',  ( 1.176575538379242003, -2.037888611415551221, 5.030208333333299642 ) ) ;
#4232 = LINE ( 'NONE', #3357, #3435 ) ;
#4233 = CARTESIAN_POINT ( 'NONE',  ( 1.545336663013154421, -0.4140717108885780262, -3.568760739116980663 ) ) ;
#4234 = DIRECTION ( 'NONE',  ( 1.000000000000000000, 0.000000000000000000, 0.000000000000000000 ) ) ;
#4235 = DIRECTION ( 'NONE',  ( 8.659560562354931626E-17, 0.7071067811865469066, 0.7071067811865482389 ) ) ;
#4236 = ADVANCED_FACE ( 'NONE', ( #2287 ), #4201, .T. ) ;
#4237 = DIRECTION ( 'NONE',  ( 0.000000000000000000, -1.000000000000000000, -1.122553756405663144E-15 ) ) ;
#4238 = ORIENTED_EDGE ( 'NONE', *, *, #3678, .F. ) ;
#4239 = CARTESIAN_POINT ( 'NONE',  ( 0.000000000000000000, 2.037888611415556994, -3.078125000000015099 ) ) ;
#4240 = CARTESIAN_POINT ( 'NONE',  ( 1.732050807568873640, -0.9999999999999961142, 5.066666666666638896 ) ) ;
#4241 = CARTESIAN_POINT ( 'NONE',  ( -1.176575538379242447, 2.037888611415556550, 1.923958333333300130 ) ) ;
#4242 = CARTESIAN_POINT ( 'NONE',  ( -1.999999999999997113, -6.565550782020048959E-15, 0.6624999999999641176 ) ) ;
#4243 = CARTESIAN_POINT ( 'NONE',  ( -1.999999999999996225, -1.132993276543282844E-14, -4.325000000000004619 ) ) ;
#4244 = CARTESIAN_POINT ( 'NONE',  ( 0.5063199965970313077, -1.900037697243154078, -7.512761897111294829 ) ) ;
#4245 = VECTOR ( 'NONE', #5558, 1000.000000000000000 ) ;
#4246 = ORIENTED_EDGE ( 'NONE', *, *, #1071, .F. ) ;
#4247 = CARTESIAN_POINT ( 'NONE',  ( -1.154700538379250130, -1.999999999999992673, -7.008333333333331971 ) ) ;
#4248 = CARTESIAN_POINT ( 'NONE',  ( 1.545336663013153089, 9.499712857170600653E-15, -2.837500000000016787 ) ) ;
#4249 = EDGE_CURVE ( 'NONE', #5815, #2324, #6054, .T. ) ;
#4250 =( BOUNDED_CURVE ( )  B_SPLINE_CURVE ( 2, ( #6136, #1690, #4621, #3113, #2673, #1727, #802, #5567, #1315 ),
 .UNSPECIFIED., .F., .F. ) 
 B_SPLINE_CURVE_WITH_KNOTS ( ( 3, 2, 2, 2, 3 ),
 ( 0.08333333333333334259, 0.08641975308641974829, 0.09259259259259258745, 0.09876543209876542662, 0.1018518518518518601 ),
 .UNSPECIFIED. ) 
 CURVE ( )  GEOMETRIC_REPRESENTATION_ITEM ( )  RATIONAL_B_SPLINE_CURVE ( ( 0.9330127018922194093, 0.9330127018922196314, 1.000000000000000000, 0.8660254037844387076, 1.000000000000000000, 0.8660254037844387076, 1.000000000000000000, 0.9330127018922190762, 0.9330127018922194093 ) ) 
 REPRESENTATION_ITEM ( '' )  );
#4251 = CARTESIAN_POINT ( 'NONE',  ( 0.8922005383792411815, -1.545336663013150424, 8.158333333333287030 ) ) ;
#4252 = DIRECTION ( 'NONE',  ( 0.000000000000000000, 0.000000000000000000, -1.000000000000000000 ) ) ;
#4253 = CARTESIAN_POINT ( 'NONE',  ( -1.545336663013147982, -0.4140717108885774711, 5.943760739116928704 ) ) ;
#4254 = ORIENTED_EDGE ( 'NONE', *, *, #2616, .F. ) ;
#4255 = AXIS2_PLACEMENT_3D ( 'NONE', #6211, #1479, #1032 ) ;
#4256 = CARTESIAN_POINT ( 'NONE',  ( -7.950377778392091668E-15, -1.545336663013149980, -3.800000000000016254 ) ) ;
#4257 = CARTESIAN_POINT ( 'NONE',  ( 1.545336663013157308, 1.060365502405892772E-14, 6.962499999999961275 ) ) ;
#4258 = ORIENTED_EDGE ( 'NONE', *, *, #2636, .F. ) ;
#4259 = ORIENTED_EDGE ( 'NONE', *, *, #1935, .T. ) ;
#4260 = EDGE_CURVE ( 'NONE', #2238, #185, #456, .T. ) ;
#4261 = VERTEX_POINT ( 'NONE', #5005 ) ;
#4262 = PLANE ( 'NONE',  #1008 ) ;
#4263 = CARTESIAN_POINT ( 'NONE',  ( -1.892491597964109718E-16, -1.545336663013149980, -3.100000000000017852 ) ) ;
#4264 = CARTESIAN_POINT ( 'NONE',  ( 1.999999999999996225, 2.091679895156829610E-15, 2.324999999999978861 ) ) ;
#4265 = CARTESIAN_POINT ( 'NONE',  ( -9.842869376356200844E-15, -1.545336663013149980, -0.2125000000000234479 ) ) ;
#4266 = CARTESIAN_POINT ( 'NONE',  ( 0.000000000000000000, 2.037888611415556994, 6.021874999999963229 ) ) ;
#4267 = CARTESIAN_POINT ( 'NONE',  ( -1.732050807568874085, -0.9999999999999947820, -6.366666666666666252 ) ) ;
#4268 = CARTESIAN_POINT ( 'NONE',  ( 0.8922005383792122046, -1.545336663013166856, 3.958333333333298398 ) ) ;
#4269 = DIRECTION ( 'NONE',  ( 1.000000000000000000, 0.000000000000000000, 0.000000000000000000 ) ) ;
#4270 = LINE ( 'NONE', #1814, #6133 ) ;
#4271 = CARTESIAN_POINT ( 'NONE',  ( -1.732050807568873863, 1.000000000000001110, 4.716666666666639252 ) ) ;
#4272 = ORIENTED_EDGE ( 'NONE', *, *, #5523, .F. ) ;
#4273 = CARTESIAN_POINT ( 'NONE',  ( 1.176575538379244001, 2.037888611415556106, -5.236458333333342985 ) ) ;
#4274 = ADVANCED_FACE ( 'NONE', ( #4976 ), #3588, .T. ) ;
#4275 = CARTESIAN_POINT ( 'NONE',  ( 0.000000000000000000, 1.545336663013155754, 9.937499999999952038 ) ) ;
#4276 = CARTESIAN_POINT ( 'NONE',  ( 2.353151076758484894, 2.436549870658972734E-15, 2.390624999999965361 ) ) ;
#4277 = CARTESIAN_POINT ( 'NONE',  ( 3.028751783519707554E-14, 1.545336663013155754, 7.137499999999958433 ) ) ;
#4278 = CARTESIAN_POINT ( 'NONE',  ( 0.000000000000000000, 2.868816710768336858E-15, -8.000000000000000000 ) ) ;
#4279 = CARTESIAN_POINT ( 'NONE',  ( 0.8922005383792113165, -1.545336663013167744, 5.358333333333295201 ) ) ;
#4280 = CC_DESIGN_DATE_AND_TIME_ASSIGNMENT ( #5591, #1306, ( #5232 ) ) ;
#4281 = PERSON ( 'UNSPECIFIED', 'UNSPECIFIED', 'UNSPECIFIED', ('UNSPECIFIED'), ('UNSPECIFIED'), ('UNSPECIFIED') ) ;
#4282 = ORIENTED_EDGE ( 'NONE', *, *, #5309, .F. ) ;
#4283 = CARTESIAN_POINT ( 'NONE',  ( 0.8922005383792411815, -1.545336663013150424, -0.1541666666666913210 ) ) ;
#4284 = CARTESIAN_POINT ( 'NONE',  ( -1.784401076758483473, 2.978079764120704978E-15, 10.02499999999994884 ) ) ;
#4285 = CARTESIAN_POINT ( 'NONE',  ( -1.152335806484992897, -0.7780742849031214714, 10.14361355158392364 ) ) ;
#4286 = CARTESIAN_POINT ( 'NONE',  ( -1.154700538379249020, 1.999999999999999334, -3.741666666666673358 ) ) ;
#4287 = ORIENTED_EDGE ( 'NONE', *, *, #5338, .F. ) ;
#4288 = ORIENTED_EDGE ( 'NONE', *, *, #5777, .T. ) ;
#4289 = CARTESIAN_POINT ( 'NONE',  ( 1.732050807568874085, -0.9999999999999963363, 0.9541666666666297481 ) ) ;
#4290 =( BOUNDED_CURVE ( )  B_SPLINE_CURVE ( 2, ( #2120, #1617, #5961, #1645, #3565, #2217, #4134, #3631, #5549 ),
 .UNSPECIFIED., .F., .F. ) 
 B_SPLINE_CURVE_WITH_KNOTS ( ( 3, 2, 2, 2, 3 ),
 ( 0.5833333333333334814, 0.5864197530864198038, 0.5925925925925925597, 0.5987654320987654266, 0.6018518518518518601 ),
 .UNSPECIFIED. ) 
 CURVE ( )  GEOMETRIC_REPRESENTATION_ITEM ( )  RATIONAL_B_SPLINE_CURVE ( ( 0.9330127018922194093, 0.9330127018922217408, 1.000000000000000000, 0.8660254037844387076, 1.000000000000000000, 0.8660254037844387076, 1.000000000000000000, 0.9330127018922194093, 0.9330127018922194093 ) ) 
 REPRESENTATION_ITEM ( '' )  );
#4291 = ORIENTED_EDGE ( 'NONE', *, *, #5762, .T. ) ;
#4292 = ORIENTED_EDGE ( 'NONE', *, *, #3991, .F. ) ;
#4293 = ORIENTED_EDGE ( 'NONE', *, *, #3508, .T. ) ;
#4294 = DIRECTION ( 'NONE',  ( -0.000000000000000000, -5.648303390429391465E-16, 1.000000000000000000 ) ) ;
#4295 = CARTESIAN_POINT ( 'NONE',  ( -1.338300807568862938, -0.7726683315065733249, -1.116666666666689345 ) ) ;
#4296 = DIRECTION ( 'NONE',  ( 0.000000000000000000, 0.000000000000000000, -1.000000000000000000 ) ) ;
#4297 = EDGE_CURVE ( 'NONE', #3243, #3629, #5729, .T. ) ;
#4298 = LINE ( 'NONE', #4229, #1611 ) ;
#4299 = CARTESIAN_POINT ( 'NONE',  ( 0.000000000000000000, 2.037888611415556994, 8.121874999999958433 ) ) ;
#4300 = CARTESIAN_POINT ( 'NONE',  ( 0.8922005383792395161, -1.545336663013150869, -5.841666666666677443 ) ) ;
#4301 = CARTESIAN_POINT ( 'NONE',  ( 1.338300807568856277, -0.7726683315065847601, 2.004166666666636676 ) ) ;
#4302 = CARTESIAN_POINT ( 'NONE',  ( -2.449293598294702470E-16, -1.999999999999993561, -4.062500000000024869 ) ) ;
#4303 = CARTESIAN_POINT ( 'NONE',  ( 1.999999999999996669, -0.5358983848622422830, 4.481239260882989406 ) ) ;
#4304 = CARTESIAN_POINT ( 'NONE',  ( 1.545336663013152423, 0.4140717108885810238, -2.193739260883055486 ) ) ;
#4305 = ORIENTED_EDGE ( 'NONE', *, *, #397, .T. ) ;
#4306 = CARTESIAN_POINT ( 'NONE',  ( 1.764863307568864892, 1.018944305707778497, -5.994791666666674068 ) ) ;
#4307 = CARTESIAN_POINT ( 'NONE',  ( 0.000000000000000000, 2.868816710768336858E-15, -8.000000000000000000 ) ) ;
#4308 = CARTESIAN_POINT ( 'NONE',  ( 1.176575538379241559, -2.037888611415550777, 2.973958333333299286 ) ) ;
#4309 = CARTESIAN_POINT ( 'NONE',  ( 0.8922005383792546152, 1.545336663013147982, 7.079166666666623975 ) ) ;
#4310 = CARTESIAN_POINT ( 'NONE',  ( 1.999999999999996669, -2.672702088255949867E-15, -4.675000000000003375 ) ) ;
#4311 = EDGE_CURVE ( 'NONE', #5197, #3201, #5052, .T. ) ;
#4312 = CARTESIAN_POINT ( 'NONE',  ( 1.545336663013156864, -0.4140717108885756392, 4.743739260882998465 ) ) ;
#4313 = VERTEX_POINT ( 'NONE', #5900 ) ;
#4314 = CARTESIAN_POINT ( 'NONE',  ( 1.338300807568855832, -0.7726683315065854263, 3.316666666666632679 ) ) ;
#4315 = DIRECTION ( 'NONE',  ( -0.000000000000000000, -5.648303390429391465E-16, 1.000000000000000000 ) ) ;
#4316 =( BOUNDED_CURVE ( )  B_SPLINE_CURVE ( 2, ( #3860, #5391, #4449, #1010, #2909, #2942, #120, #5776, #3472 ),
 .UNSPECIFIED., .F., .T. ) 
 B_SPLINE_CURVE_WITH_KNOTS ( ( 3, 2, 2, 2, 3 ),
 ( 0.2685185185185185452, 0.2716049382716049232, 0.2777777777777777901, 0.2839506172839506015, 0.2870370370370370350 ),
 .UNSPECIFIED. ) 
 CURVE ( )  GEOMETRIC_REPRESENTATION_ITEM ( )  RATIONAL_B_SPLINE_CURVE ( ( 0.9330127018922194093, 0.9330127018922199644, 1.000000000000000000, 0.8660254037844387076, 1.000000000000000000, 0.8660254037844387076, 1.000000000000000000, 0.9330127018922194093, 0.9330127018922194093 ) ) 
 REPRESENTATION_ITEM ( '' )  );
#4317 = CARTESIAN_POINT ( 'NONE',  ( -1.338300807568862716, 0.7726683315065794311, 0.2541666666666421159 ) ) ;
#4318 = CARTESIAN_POINT ( 'NONE',  ( -0.8922005383792422917, -1.545336663013149758, 9.441666666666618468 ) ) ;
#4319 = CYLINDRICAL_SURFACE ( 'NONE', #388, 1.545336663013152867 ) ;
#4320 = ORIENTED_EDGE ( 'NONE', *, *, #4422, .F. ) ;
#4321 = CARTESIAN_POINT ( 'NONE',  ( 0.000000000000000000, 2.868816710768336858E-15, -8.000000000000000000 ) ) ;
#4322 = EDGE_LOOP ( 'NONE', ( #2231, #3315, #4383, #1279 ) ) ;
#4323 = ORIENTED_EDGE ( 'NONE', *, *, #3414, .F. ) ;
#4324 = CYLINDRICAL_SURFACE ( 'NONE', #5747, 1.999999999999985789 ) ;
#4325 = DIRECTION ( 'NONE',  ( 0.000000000000000000, -1.000000000000000000, -4.565061778886326155E-16 ) ) ;
#4326 = VECTOR ( 'NONE', #4042, 1000.000000000000000 ) ;
#4327 =( BOUNDED_CURVE ( )  B_SPLINE_CURVE ( 2, ( #5243, #6126, #5143, #821, #5653, #1335, #5750, #1430, #3259 ),
 .UNSPECIFIED., .F., .F. ) 
 B_SPLINE_CURVE_WITH_KNOTS ( ( 3, 2, 2, 2, 3 ),
 ( 0.4351851851851852304, 0.4382716049382716084, 0.4444444444444444198, 0.4506172839506172867, 0.4537037037037037202 ),
 .UNSPECIFIED. ) 
 CURVE ( )  GEOMETRIC_REPRESENTATION_ITEM ( )  RATIONAL_B_SPLINE_CURVE ( ( 0.9330127018922192983, 0.9330127018922205195, 1.000000000000000000, 0.8660254037844387076, 1.000000000000000000, 0.8660254037844387076, 1.000000000000000000, 0.9330127018922187432, 0.9330127018922194093 ) ) 
 REPRESENTATION_ITEM ( '' )  );
#4328 = AXIS2_PLACEMENT_3D ( 'NONE', #3353, #2410, #4325 ) ;
#4329 = CARTESIAN_POINT ( 'NONE',  ( 1.154700538379250796, 1.999999999999999334, 4.629166666666620245 ) ) ;
#4330 = CARTESIAN_POINT ( 'NONE',  ( -1.784401076758483473, 2.978079764120704978E-15, -8.087500000000003908 ) ) ;
#4331 = AXIS2_PLACEMENT_3D ( 'NONE', #4783, #5730, #6235 ) ;
#4332 = EDGE_CURVE ( 'NONE', #2048, #4931, #146, .T. ) ;
#4333 = FACE_OUTER_BOUND ( 'NONE', #2677, .T. ) ;
#4334 = CARTESIAN_POINT ( 'NONE',  ( 1.967252920480189182, -0.2372664744662953962, -7.507747079519802469 ) ) ;
#4335 = CARTESIAN_POINT ( 'NONE',  ( 1.341942081208246177E-29, -5.578198353757150534E-15, 6.473556149732618614 ) ) ;
#4336 = CARTESIAN_POINT ( 'NONE',  ( -1.154700538379249020, 1.999999999999999334, 4.658333333333306570 ) ) ;
#4337 = AXIS2_PLACEMENT_3D ( 'NONE', #1540, #5791, #3971 ) ;
#4338 = VERTEX_POINT ( 'NONE', #5419 ) ;
#4339 = CARTESIAN_POINT ( 'NONE',  ( 1.764863307568864892, 1.018944305707778497, 1.005208333333309279 ) ) ;
#4340 = EDGE_CURVE ( 'NONE', #970, #2304, #2493, .T. ) ;
#4341 = CARTESIAN_POINT ( 'NONE',  ( -1.892491597964109718E-16, -1.545336663013149980, 10.28749999999995168 ) ) ;
#4342 = CARTESIAN_POINT ( 'NONE',  ( -1.764863307568863782, -1.018944305707773390, 0.6989583333333031501 ) ) ;
#4343 = CARTESIAN_POINT ( 'NONE',  ( 1.999999999999996669, -2.672702088255949867E-15, -3.975000000000005418 ) ) ;
#4344 = CARTESIAN_POINT ( 'NONE',  ( 1.732050807568874085, -0.9999999999999963363, -1.145833333333365456 ) ) ;
#4345 = ORIENTED_EDGE ( 'NONE', *, *, #3221, .F. ) ;
#4346 = EDGE_CURVE ( 'NONE', #235, #974, #5477, .T. ) ;
#4347 = CARTESIAN_POINT ( 'NONE',  ( -1.999999999999996225, 0.5358983848622473900, 1.243739260883017117 ) ) ;
#4348 = CARTESIAN_POINT ( 'NONE',  ( -1.338300807568860273, 0.7726683315065835389, -2.545833333333351156 ) ) ;
#4349 = CARTESIAN_POINT ( 'NONE',  ( 1.784401076758483473, 2.541027550711231709E-15, -1.437500000000021316 ) ) ;
#4350 = CARTESIAN_POINT ( 'NONE',  ( 0.8922005383792411815, -1.545336663013150424, 8.858333333333286319 ) ) ;
#4351 = CARTESIAN_POINT ( 'NONE',  ( 0.000000000000000000, -2.222344185212348510E-15, 10.20000000000000107 ) ) ;
#4352 = CARTESIAN_POINT ( 'NONE',  ( -0.1312666874707921760, -1.679015632832463689, 7.319894949043695753 ) ) ;
#4353 = ORIENTED_EDGE ( 'NONE', *, *, #6043, .T. ) ;
#4354 = CYLINDRICAL_SURFACE ( 'NONE', #4733, 1.999999999999985789 ) ;
#4355 = ORIENTED_EDGE ( 'NONE', *, *, #4913, .F. ) ;
#4356 =( BOUNDED_CURVE ( )  B_SPLINE_CURVE ( 2, ( #370, #2711, #4127, #409, #2305, #4219, #5608, #6148, #4191 ),
 .UNSPECIFIED., .F., .T. ) 
 B_SPLINE_CURVE_WITH_KNOTS ( ( 3, 2, 2, 2, 3 ),
 ( 0.1574074074074074125, 0.1604938271604938183, 0.1666666666666666574, 0.1728395061728394966, 0.1759259259259259300 ),
 .UNSPECIFIED. ) 
 CURVE ( )  GEOMETRIC_REPRESENTATION_ITEM ( )  RATIONAL_B_SPLINE_CURVE ( ( 0.9330127018922194093, 0.9330127018922196314, 1.000000000000000000, 0.8660254037844387076, 1.000000000000000000, 0.8660254037844387076, 1.000000000000000000, 0.9330127018922190762, 0.9330127018922194093 ) ) 
 REPRESENTATION_ITEM ( '' )  );
#4357 = ORIENTED_EDGE ( 'NONE', *, *, #1425, .T. ) ;
#4358 = DIRECTION ( 'NONE',  ( 0.000000000000000000, 0.000000000000000000, -1.000000000000000000 ) ) ;
#4359 = EDGE_CURVE ( 'NONE', #1483, #617, #5299, .T. ) ;
#4360 = FACE_OUTER_BOUND ( 'NONE', #3593, .T. ) ;
#4361 = CARTESIAN_POINT ( 'NONE',  ( 1.732050807568874973, 0.9999999999999997780, 4.570833333333286674 ) ) ;
#4362 = CARTESIAN_POINT ( 'NONE',  ( -2.353151076758485338, 3.012905657471458101E-15, 8.996874999999956657 ) ) ;
#4363 = CARTESIAN_POINT ( 'NONE',  ( -0.8922005383792422917, -1.545336663013149758, -8.058333333333338899 ) ) ;
#4364 =( BOUNDED_CURVE ( )  B_SPLINE_CURVE ( 2, ( #1502, #3460, #2460, #553, #2956, #4873, #4344, #4375, #1442 ),
 .UNSPECIFIED., .F., .T. ) 
 B_SPLINE_CURVE_WITH_KNOTS ( ( 3, 2, 2, 2, 3 ),
 ( 0.3796296296296296502, 0.3827160493827160281, 0.3888888888888888951, 0.3950617283950617065, 0.3981481481481481399 ),
 .UNSPECIFIED. ) 
 CURVE ( )  GEOMETRIC_REPRESENTATION_ITEM ( )  RATIONAL_B_SPLINE_CURVE ( ( 0.9330127018922194093, 0.9330127018922199644, 1.000000000000000000, 0.8660254037844387076, 1.000000000000000000, 0.8660254037844387076, 1.000000000000000000, 0.9330127018922194093, 0.9330127018922194093 ) ) 
 REPRESENTATION_ITEM ( '' )  );
#4365 = CYLINDRICAL_SURFACE ( 'NONE', #5520, 1.999999999999985789 ) ;
#4366 = LINE ( 'NONE', #1588, #4521 ) ;
#4367 = VERTEX_POINT ( 'NONE', #1186 ) ;
#4368 = CARTESIAN_POINT ( 'NONE',  ( -1.764863307568864226, -1.018944305707773612, 0.6552083333333097448 ) ) ;
#4369 = CARTESIAN_POINT ( 'NONE',  ( -1.999999999999996669, 3.079417623425332547E-15, 6.962499999999947953 ) ) ;
#4370 = CARTESIAN_POINT ( 'NONE',  ( -1.176575538379242447, 2.037888611415556550, 6.123958333333289872 ) ) ;
#4371 = CARTESIAN_POINT ( 'NONE',  ( -2.606989239153185275E-14, 3.800000000000000266, 8.330000000000000071 ) ) ;
#4372 = CARTESIAN_POINT ( 'NONE',  ( -0.8922005383792400712, 1.545336663013156642, -6.804166666666674246 ) ) ;
#4373 = CARTESIAN_POINT ( 'NONE',  ( -1.545336663013151313, 1.725635913504384527E-14, 3.024999999999967049 ) ) ;
#4374 = EDGE_CURVE ( 'NONE', #2875, #2386, #5779, .T. ) ;
#4375 = CARTESIAN_POINT ( 'NONE',  ( 1.999999999999996669, -0.5358983848622422830, -1.118760739116996472 ) ) ;
#4376 = ORIENTED_EDGE ( 'NONE', *, *, #4359, .T. ) ;
#4377 = CARTESIAN_POINT ( 'NONE',  ( 1.999999999999996225, 2.091679895156829610E-15, 5.124999999999971578 ) ) ;
#4378 = CARTESIAN_POINT ( 'NONE',  ( -1.999999999999996225, -1.621051918746543165E-14, 2.674999999999979394 ) ) ;
#4379 = CARTESIAN_POINT ( 'NONE',  ( 0.8922005383792411815, -1.545336663013150424, 0.5458333333333079684 ) ) ;
#4380 = CARTESIAN_POINT ( 'NONE',  ( -1.338300807568862716, 0.7726683315065794311, 8.566666666666620245 ) ) ;
#4381 = DIRECTION ( 'NONE',  ( 0.000000000000000000, -1.000000000000000000, -8.673617379884010820E-16 ) ) ;
#4382 = DIRECTION ( 'NONE',  ( -0.000000000000000000, -0.000000000000000000, 1.000000000000000000 ) ) ;
#4383 = ORIENTED_EDGE ( 'NONE', *, *, #2732, .F. ) ;
#4384 = CARTESIAN_POINT ( 'NONE',  ( 1.999999999999985789, -7.315972730208273417E-15, 13.65685424949233884 ) ) ;
#4385 = EDGE_LOOP ( 'NONE', ( #574, #413, #645, #2038 ) ) ;
#4386 = ORIENTED_EDGE ( 'NONE', *, *, #5364, .T. ) ;
#4387 = CARTESIAN_POINT ( 'NONE',  ( -0.1261820371880403580, -1.545336663013149980, -7.920749960092317465 ) ) ;
#4388 = CARTESIAN_POINT ( 'NONE',  ( -1.545336663013152867, 2.469344320671257540E-15, -7.387500000000006395 ) ) ;
#4389 = CARTESIAN_POINT ( 'NONE',  ( -1.999999999999996225, 0.5358983848622473900, -4.356260739116969205 ) ) ;
#4390 = EDGE_CURVE ( 'NONE', #1569, #1097, #3771, .T. ) ;
#4391 = CARTESIAN_POINT ( 'NONE',  ( -2.495693764988902447E-16, -2.037888611415550777, 9.871874999999953104 ) ) ;
#4392 = DIRECTION ( 'NONE',  ( 0.000000000000000000, 0.000000000000000000, -1.000000000000000000 ) ) ;
#4393 = CARTESIAN_POINT ( 'NONE',  ( 0.7364247641451160398, 1.018200637156973842, 10.00689518559269509 ) ) ;
#4394 = DIRECTION ( 'NONE',  ( 0.000000000000000000, 0.000000000000000000, -1.000000000000000000 ) ) ;
#4395 = CARTESIAN_POINT ( 'NONE',  ( 1.545336663013153755, -0.4140717108885869635, 5.531239260882998998 ) ) ;
#4396 = ORIENTED_EDGE ( 'NONE', *, *, #3479, .F. ) ;
#4397 = CARTESIAN_POINT ( 'NONE',  ( -1.764863307568864226, -1.018944305707773612, -0.04479166666668948915 ) ) ;
#4398 = CARTESIAN_POINT ( 'NONE',  ( 1.338300807568869821, 0.7726683315065667745, 1.420833333333305193 ) ) ;
#4399 = CARTESIAN_POINT ( 'NONE',  ( -1.176575538379243113, -2.037888611415549889, 6.357291666666624153 ) ) ;
#4400 = CARTESIAN_POINT ( 'NONE',  ( 1.999999999999997113, 0.5358983848622465018, -0.3562392608830693974 ) ) ;
#4401 = CARTESIAN_POINT ( 'NONE',  ( 1.338300807568850281, -0.7726683315065951962, 4.104166666666632324 ) ) ;
#4402 = CARTESIAN_POINT ( 'NONE',  ( -1.545336663013153311, 4.561024215828087150E-15, -1.875000000000020206 ) ) ;
#4403 = ORIENTED_EDGE ( 'NONE', *, *, #156, .T. ) ;
#4404 = CARTESIAN_POINT ( 'NONE',  ( 1.338300807568882478, 0.7726683315065451252, 6.933333333333290938 ) ) ;
#4405 = CARTESIAN_POINT ( 'NONE',  ( -1.732050807568873863, 1.000000000000001110, 4.016666666666640850 ) ) ;
#4406 = CARTESIAN_POINT ( 'NONE',  ( -1.338300807568862716, 0.7726683315065794311, 1.654166666666638807 ) ) ;
#4407 = CARTESIAN_POINT ( 'NONE',  ( -1.176575538379242447, 2.037888611415556550, -5.776041666666680285 ) ) ;
#4408 = CARTESIAN_POINT ( 'NONE',  ( -0.8922005383792319666, 1.545336663013161083, -1.904166666666686769 ) ) ;
#4409 = FACE_OUTER_BOUND ( 'NONE', #84, .T. ) ;
#4410 = DIRECTION ( 'NONE',  ( -1.000000000000000000, 0.000000000000000000, 0.000000000000000000 ) ) ;
#4411 = ORIENTED_EDGE ( 'NONE', *, *, #484, .T. ) ;
#4412 = ORIENTED_EDGE ( 'NONE', *, *, #3297, .F. ) ;
#4413 = EDGE_CURVE ( 'NONE', #2203, #1390, #6187, .T. ) ;
#4414 = CARTESIAN_POINT ( 'NONE',  ( -1.732050807568874529, -0.9999999999999950040, 2.120833333333292714 ) ) ;
#4415 =( BOUNDED_CURVE ( )  B_SPLINE_CURVE ( 2, ( #3506, #3477, #5337, #4455, #1015, #1999, #605, #3452, #1075 ),
 .UNSPECIFIED., .F., .F. ) 
 B_SPLINE_CURVE_WITH_KNOTS ( ( 3, 2, 2, 2, 3 ),
 ( 0.6574074074074075513, 0.6604938271604938738, 0.6666666666666666297, 0.6728395061728394966, 0.6759259259259260411 ),
 .UNSPECIFIED. ) 
 CURVE ( )  GEOMETRIC_REPRESENTATION_ITEM ( )  RATIONAL_B_SPLINE_CURVE ( ( 0.9330127018922194093, 0.9330127018922217408, 1.000000000000000000, 0.8660254037844387076, 1.000000000000000000, 0.8660254037844387076, 1.000000000000000000, 0.9330127018922169668, 0.9330127018922194093 ) ) 
 REPRESENTATION_ITEM ( '' )  );
#4416 = CARTESIAN_POINT ( 'NONE',  ( -1.545336663013153311, 4.967739750997471014E-15, -1.175000000000022249 ) ) ;
#4417 = CARTESIAN_POINT ( 'NONE',  ( -1.999999999999985789, -7.560902090037740558E-15, 13.65685424949233884 ) ) ;
#4418 = CARTESIAN_POINT ( 'NONE',  ( -1.892491597964109718E-16, -1.545336663013149980, -7.212500000000007461 ) ) ;
#4419 = DIRECTION ( 'NONE',  ( -0.000000000000000000, -5.648303390429391465E-16, 1.000000000000000000 ) ) ;
#4420 = CIRCLE ( 'NONE', #5631, 1.545336663013152867 ) ;
#4421 = CARTESIAN_POINT ( 'NONE',  ( 0.000000000000000000, 1.545336663013155754, -8.350000000000004974 ) ) ;
#4422 = EDGE_CURVE ( 'NONE', #1048, #3468, #3540, .T. ) ;
#4423 = DIRECTION ( 'NONE',  ( -0.000000000000000000, -0.000000000000000000, 1.000000000000000000 ) ) ;
#4424 = VECTOR ( 'NONE', #2065, 1000.000000000000000 ) ;
#4425 = CARTESIAN_POINT ( 'NONE',  ( 1.999999999999996669, 0.5358983848622463908, 6.556260739116932079 ) ) ;
#4426 = ORIENTED_EDGE ( 'NONE', *, *, #3210, .T. ) ;
#4427 = APPROVAL_PERSON_ORGANIZATION ( #2635, #260, #6070 ) ;
#4428 = CARTESIAN_POINT ( 'NONE',  ( -1.176575538379243335, -2.037888611415550333, -2.086458333333350623 ) ) ;
#4429 = CARTESIAN_POINT ( 'NONE',  ( -1.552639347747164944, -1.260678807558544667, 7.650000000000001243 ) ) ;
#4430 = CARTESIAN_POINT ( 'NONE',  ( -1.764863307568863782, -1.018944305707773390, 4.898958333333293780 ) ) ;
#4431 = EDGE_CURVE ( 'NONE', #235, #4096, #6150, .T. ) ;
#4432 = CARTESIAN_POINT ( 'NONE',  ( 4.653657836759949632E-16, 3.800000000000004263, 10.20000000000000284 ) ) ;
#4433 = CARTESIAN_POINT ( 'NONE',  ( -1.999999999999996669, -1.132993276543282844E-14, -4.937500000000022204 ) ) ;
#4434 = CARTESIAN_POINT ( 'NONE',  ( -0.7669639501023663986, 1.341578063809933941, 7.195336663013177869 ) ) ;
#4435 = CARTESIAN_POINT ( 'NONE',  ( -1.545336663013153311, 4.967739750997471014E-15, -1.175000000000022249 ) ) ;
#4436 = ORIENTED_EDGE ( 'NONE', *, *, #993, .F. ) ;
#4437 = CARTESIAN_POINT ( 'NONE',  ( 1.545336663013157308, 1.060365502405892772E-14, 6.874999999999958256 ) ) ;
#4438 = AXIS2_PLACEMENT_3D ( 'NONE', #1931, #4358, #476 ) ;
#4439 = CARTESIAN_POINT ( 'NONE',  ( -0.8922005383792416255, 1.545336663013155531, 3.695833333333299109 ) ) ;
#4440 = CARTESIAN_POINT ( 'NONE',  ( -1.176575538379242447, 2.037888611415556550, -5.076041666666680996 ) ) ;
#4441 = CARTESIAN_POINT ( 'NONE',  ( -1.732050807568874529, -0.9999999999999950040, -5.579166666666688812 ) ) ;
#4442 = CARTESIAN_POINT ( 'NONE',  ( -2.059984127722458425E-15, -1.443375672974075652, 10.20000000000000284 ) ) ;
#4443 = CARTESIAN_POINT ( 'NONE',  ( -1.732050807568874085, -0.9999999999999947820, 3.433333333333310033 ) ) ;
#4444 = ORIENTED_EDGE ( 'NONE', *, *, #4674, .T. ) ;
#4445 = EDGE_LOOP ( 'NONE', ( #1636, #1077, #6250, #2374 ) ) ;
#4446 = CARTESIAN_POINT ( 'NONE',  ( 1.999999999999997113, -7.553288510288552290E-15, -6.687500000000018652 ) ) ;
#4447 = CARTESIAN_POINT ( 'NONE',  ( 1.250000000000004885, -0.1270747435589107965, 10.00662432702593740 ) ) ;
#4448 = CARTESIAN_POINT ( 'NONE',  ( 1.338300807568858053, -0.7726683315065818736, -4.295833333333347603 ) ) ;
#4449 = CARTESIAN_POINT ( 'NONE',  ( -1.732050807568874529, -0.9999999999999950040, -3.479166666666692720 ) ) ;
#4450 = EDGE_CURVE ( 'NONE', #5031, #5482, #4452, .T. ) ;
#4451 = CARTESIAN_POINT ( 'NONE',  ( 1.338300807568862494, -0.7726683315065742130, -7.095833333333340320 ) ) ;
#4452 =( BOUNDED_CURVE ( )  B_SPLINE_CURVE ( 2, ( #4633, #810, #2745, #4190, #838, #2303, #6114, #4217, #5672 ),
 .UNSPECIFIED., .F., .F. ) 
 B_SPLINE_CURVE_WITH_KNOTS ( ( 3, 2, 2, 2, 3 ),
 ( 0.06481481481481481122, 0.06790123456790123080, 0.07407407407407406996, 0.08024691358024690913, 0.08333333333333334259 ),
 .UNSPECIFIED. ) 
 CURVE ( )  GEOMETRIC_REPRESENTATION_ITEM ( )  RATIONAL_B_SPLINE_CURVE ( ( 0.9330127018922194093, 0.9330127018922194093, 1.000000000000000000, 0.8660254037844387076, 1.000000000000000000, 0.8660254037844387076, 1.000000000000000000, 0.9330127018922190762, 0.9330127018922194093 ) ) 
 REPRESENTATION_ITEM ( '' )  );
#4453 = CARTESIAN_POINT ( 'NONE',  ( 0.000000000000000000, -7.560902090037740558E-15, 13.65685424949233884 ) ) ;
#4454 = CARTESIAN_POINT ( 'NONE',  ( 0.8455873006056767727, 0.9551756173460460575, 10.02716943592157151 ) ) ;
#4455 = CARTESIAN_POINT ( 'NONE',  ( 0.8922005383792531719, 1.545336663013148870, 4.279166666666632146 ) ) ;
#4456 = CARTESIAN_POINT ( 'NONE',  ( 1.999999999999985789, -7.315972730208273417E-15, 13.65685424949233884 ) ) ;
#4457 = ORIENTED_EDGE ( 'NONE', *, *, #6145, .F. ) ;
#4458 = CARTESIAN_POINT ( 'NONE',  ( 1.764863307568864892, 1.018944305707778497, -0.3947916666666882457 ) ) ;
#4459 = CARTESIAN_POINT ( 'NONE',  ( -1.732050807568874085, -0.9999999999999947820, 7.633333333333298221 ) ) ;
#4460 = CARTESIAN_POINT ( 'NONE',  ( -2.353151076758484894, 3.012905657471457707E-15, 5.540624999999957723 ) ) ;
#4461 = CARTESIAN_POINT ( 'NONE',  ( -1.154700538379249464, 1.999999999999999556, 2.645833333333292625 ) ) ;
#4462 = CARTESIAN_POINT ( 'NONE',  ( 1.545336663013151535, -4.938688641342515672E-16, -0.03750000000002297329 ) ) ;
#4463 = CARTESIAN_POINT ( 'NONE',  ( -1.280055180046970831, 1.044060145811302132, 7.295271429907249860 ) ) ;
#4464 = APPLICATION_CONTEXT ( 'configuration controlled 3d designs of mechanical parts and assemblies' ) ;
#4465 = EDGE_CURVE ( 'NONE', #5399, #4472, #1985, .T. ) ;
#4466 = ORIENTED_EDGE ( 'NONE', *, *, #2255, .T. ) ;
#4467 = CARTESIAN_POINT ( 'NONE',  ( 1.545336663013153089, -9.005843993036351354E-16, -4.325000000000015277 ) ) ;
#4468 = CARTESIAN_POINT ( 'NONE',  ( 0.000000000000000000, 1.545336663013155754, 0.8374999999999737099 ) ) ;
#4469 = CARTESIAN_POINT ( 'NONE',  ( 1.176575538379243557, 2.037888611415555662, -6.592708333333344051 ) ) ;
#4470 = DIRECTION ( 'NONE',  ( 0.000000000000000000, 0.000000000000000000, -1.000000000000000000 ) ) ;
#4471 = CARTESIAN_POINT ( 'NONE',  ( 1.999999999999996669, 2.091679895156829610E-15, 3.812499999999955591 ) ) ;
#4472 = VERTEX_POINT ( 'NONE', #3851 ) ;
#4473 = ORIENTED_EDGE ( 'NONE', *, *, #4193, .T. ) ;
#4474 = CARTESIAN_POINT ( 'NONE',  ( 1.250000000000004885, -0.7216878364870404905, 10.20000000000000284 ) ) ;
#4475 = CARTESIAN_POINT ( 'NONE',  ( -1.999999999999985789, -7.560902090037740558E-15, 13.65685424949233884 ) ) ;
#4476 = CARTESIAN_POINT ( 'NONE',  ( -1.999999999999996225, 0.5358983848622473900, -2.256260739116974001 ) ) ;
#4477 = CARTESIAN_POINT ( 'NONE',  ( -0.8922005383792422917, -1.545336663013149758, -4.470833333333347426 ) ) ;
#4478 = ORIENTED_EDGE ( 'NONE', *, *, #954, .T. ) ;
#4479 = DIRECTION ( 'NONE',  ( 1.000000000000000000, 0.000000000000000000, 0.000000000000000000 ) ) ;
#4480 = DIRECTION ( 'NONE',  ( -0.000000000000000000, -5.648303390429391465E-16, 1.000000000000000000 ) ) ;
#4481 = EDGE_CURVE ( 'NONE', #947, #3108, #5977, .T. ) ;
#4482 = CARTESIAN_POINT ( 'NONE',  ( 1.250000000000004885, 0.7216878364870283891, 8.660000000000001918 ) ) ;
#4483 = CARTESIAN_POINT ( 'NONE',  ( -1.732050807568874085, -0.9999999999999947820, 0.6333333333333164283 ) ) ;
#4484 =( BOUNDED_CURVE ( )  B_SPLINE_CURVE ( 2, ( #2396, #4347, #2801, #1857, #20, #402, #5257, #2365, #2868 ),
 .UNSPECIFIED., .F., .T. ) 
 B_SPLINE_CURVE_WITH_KNOTS ( ( 3, 2, 2, 2, 3 ),
 ( 0.5092592592592593004, 0.5123456790123457338, 0.5185185185185186008, 0.5246913580246913567, 0.5277777777777777901 ),
 .UNSPECIFIED. ) 
 CURVE ( )  GEOMETRIC_REPRESENTATION_ITEM ( )  RATIONAL_B_SPLINE_CURVE ( ( 0.9330127018922194093, 0.9330127018922194093, 1.000000000000000000, 0.8660254037844387076, 1.000000000000000000, 0.8660254037844387076, 1.000000000000000000, 0.9330127018922194093, 0.9330127018922194093 ) ) 
 REPRESENTATION_ITEM ( '' )  );
#4485 = ORIENTED_EDGE ( 'NONE', *, *, #3210, .F. ) ;
#4486 = CARTESIAN_POINT ( 'NONE',  ( -2.495693764988902447E-16, -2.037888611415550777, 2.871874999999971756 ) ) ;
#4487 = CARTESIAN_POINT ( 'NONE',  ( 1.545336663013159750, 0.4140717108885659803, 3.493760739116930747 ) ) ;
#4488 = CARTESIAN_POINT ( 'NONE',  ( 1.176575538379243557, 2.037888611415555662, 4.607291666666626817 ) ) ;
#4489 = ADVANCED_FACE ( 'NONE', ( #1511 ), #4319, .T. ) ;
#4490 = CARTESIAN_POINT ( 'NONE',  ( 7.382630299002858284E-15, 1.545336663013155754, -4.850000000000013856 ) ) ;
#4491 = CARTESIAN_POINT ( 'NONE',  ( 1.999999999999996669, 2.091679895156829610E-15, -3.187500000000026645 ) ) ;
#4492 = CARTESIAN_POINT ( 'NONE',  ( -1.822548094716049505, 7.332500076910888139E-14, 7.472548094716060518 ) ) ;
#4493 = ORIENTED_EDGE ( 'NONE', *, *, #4160, .T. ) ;
#4494 = CARTESIAN_POINT ( 'NONE',  ( -1.154700538379249020, 1.999999999999999334, 5.358333333333304083 ) ) ;
#4495 = CARTESIAN_POINT ( 'NONE',  ( 0.8922005383792411815, -1.545336663013150424, 2.645833333333301951 ) ) ;
#4496 = CARTESIAN_POINT ( 'NONE',  ( -1.176575538379243113, -2.037888611415549889, -5.542708333333346893 ) ) ;
#4497 = CARTESIAN_POINT ( 'NONE',  ( -1.545336663013152867, 3.058065870564747460E-15, -8.000000000000000000 ) ) ;
#4498 = EDGE_CURVE ( 'NONE', #4885, #1835, #166, .T. ) ;
#4499 = CARTESIAN_POINT ( 'NONE',  ( -1.999999999999996669, 0.5358983848622475010, 4.131239260882990649 ) ) ;
#4500 = EDGE_LOOP ( 'NONE', ( #5897, #1004, #2279, #6205 ) ) ;
#4501 = EDGE_LOOP ( 'NONE', ( #99, #1200, #1878, #1112 ) ) ;
#4502 = CARTESIAN_POINT ( 'NONE',  ( 1.999999999999996669, 2.091679895156829610E-15, 2.412499999999958789 ) ) ;
#4503 = CARTESIAN_POINT ( 'NONE',  ( -1.545336663013153311, 4.212410899968615943E-15, -2.487500000000017586 ) ) ;
#4504 = LINE ( 'NONE', #4064, #3927 ) ;
#4505 = DIRECTION ( 'NONE',  ( 1.000000000000000000, 0.000000000000000000, 0.000000000000000000 ) ) ;
#4506 = CARTESIAN_POINT ( 'NONE',  ( -1.784401076758483473, 2.978079764120704978E-15, -5.987500000000010481 ) ) ;
#4507 = EDGE_LOOP ( 'NONE', ( #2124, #844, #1437, #1034 ) ) ;
#4508 = CARTESIAN_POINT ( 'NONE',  ( -1.545336663013151313, 1.653008139366994771E-14, 1.624999999999970690 ) ) ;
#4509 = CARTESIAN_POINT ( 'NONE',  ( -1.784401076758483473, 2.978079764120704978E-15, -6.075000000000011724 ) ) ;
#4510 = CARTESIAN_POINT ( 'NONE',  ( -0.8922005383792324107, 1.545336663013161083, -2.691666666666685970 ) ) ;
#4511 = DIRECTION ( 'NONE',  ( -0.000000000000000000, -0.000000000000000000, 1.000000000000000000 ) ) ;
#4512 = EDGE_CURVE ( 'NONE', #6166, #3979, #1436, .T. ) ;
#4513 = VERTEX_POINT ( 'NONE', #3347 ) ;
#4514 = CARTESIAN_POINT ( 'NONE',  ( 2.353151076758485338, 2.436549870658972734E-15, 4.446874999999966604 ) ) ;
#4515 = CARTESIAN_POINT ( 'NONE',  ( -1.999999999999996225, 3.079417623425332942E-15, 6.174999999999967848 ) ) ;
#4516 = VECTOR ( 'NONE', #2934, 1000.000000000000000 ) ;
#4517 = CARTESIAN_POINT ( 'NONE',  ( 0.000000000000000000, 2.037888611415556550, 7.465624999999954881 ) ) ;
#4518 = DIRECTION ( 'NONE',  ( -0.000000000000000000, -5.648303390429391465E-16, 1.000000000000000000 ) ) ;
#4519 = CARTESIAN_POINT ( 'NONE',  ( -2.000000000000000000, 0.5358983848622407287, -4.968760739116986791 ) ) ;
#4520 = CARTESIAN_POINT ( 'NONE',  ( 1.999999999999996669, 2.091679895156829610E-15, 4.512499999999953992 ) ) ;
#4521 = VECTOR ( 'NONE', #3960, 1000.000000000000000 ) ;
#4522 =( BOUNDED_CURVE ( )  B_SPLINE_CURVE ( 2, ( #270, #338, #5671, #2274, #1860, #4189, #406, #2337, #5575 ),
 .UNSPECIFIED., .F., .F. ) 
 B_SPLINE_CURVE_WITH_KNOTS ( ( 3, 2, 2, 2, 3 ),
 ( 0.3055555555555555802, 0.3086419753086419582, 0.3148148148148148251, 0.3209876543209876365, 0.3240740740740740700 ),
 .UNSPECIFIED. ) 
 CURVE ( )  GEOMETRIC_REPRESENTATION_ITEM ( )  RATIONAL_B_SPLINE_CURVE ( ( 0.9330127018922194093, 0.9330127018922199644, 1.000000000000000000, 0.8660254037844387076, 1.000000000000000000, 0.8660254037844387076, 1.000000000000000000, 0.9330127018922194093, 0.9330127018922194093 ) ) 
 REPRESENTATION_ITEM ( '' )  );
#4523 = CIRCLE ( 'NONE', #2518, 1.443375672974069657 ) ;
#4524 = EDGE_CURVE ( 'NONE', #3314, #4764, #25, .T. ) ;
#4525 = ORIENTED_EDGE ( 'NONE', *, *, #2487, .T. ) ;
#4526 = CARTESIAN_POINT ( 'NONE',  ( -2.353151076758485338, 3.012905657471458101E-15, -7.103125000000004796 ) ) ;
#4527 = CARTESIAN_POINT ( 'NONE',  ( 0.000000000000000000, 1.545336663013155754, 7.137499999999958433 ) ) ;
#4528 = CARTESIAN_POINT ( 'NONE',  ( -1.176575538379242447, 2.037888611415556550, -4.376041666666683483 ) ) ;
#4529 = CARTESIAN_POINT ( 'NONE',  ( -0.8922005383792189770, 1.545336663013168632, 1.508333333333304216 ) ) ;
#4530 = VECTOR ( 'NONE', #2879, 1000.000000000000000 ) ;
#4531 = EDGE_LOOP ( 'NONE', ( #3381, #4659, #4763, #2669, #2779 ) ) ;
#4532 = CARTESIAN_POINT ( 'NONE',  ( 0.000000000000000000, 1.545336663013155754, 2.849999999999967226 ) ) ;
#4533 = ORIENTED_EDGE ( 'NONE', *, *, #4481, .F. ) ;
#4534 = CARTESIAN_POINT ( 'NONE',  ( -1.545336663013154643, 1.975475456537005874E-15, -0.4750000000000239586 ) ) ;
#4535 = CARTESIAN_POINT ( 'NONE',  ( 1.999999999999996225, 2.091679895156829610E-15, 5.824999999999969091 ) ) ;
#4536 = CARTESIAN_POINT ( 'NONE',  ( 1.999999999999996669, 2.091679895156829610E-15, -2.487500000000028688 ) ) ;
#4537 = CARTESIAN_POINT ( 'NONE',  ( 0.000000000000000000, -5.761269458237980497E-15, 10.20000000000000284 ) ) ;
#4538 = CARTESIAN_POINT ( 'NONE',  ( 1.338300807568862494, -0.7726683315065742130, -3.595833333333349202 ) ) ;
#4539 = VERTEX_POINT ( 'NONE', #4759 ) ;
#4540 = CARTESIAN_POINT ( 'NONE',  ( 0.8922005383792235289, -1.545336663013160194, 3.345833333333301240 ) ) ;
#4541 = CARTESIAN_POINT ( 'NONE',  ( -1.338300807568862938, -0.7726683315065733249, -6.716666666666675667 ) ) ;
#4542 = CARTESIAN_POINT ( 'NONE',  ( -1.545336663013153311, 4.212410899968615943E-15, -2.575000000000019273 ) ) ;
#4543 = CARTESIAN_POINT ( 'NONE',  ( -1.545336663013153089, 3.137519842735245599E-15, -6.075000000000011724 ) ) ;
#4544 = VERTEX_POINT ( 'NONE', #3907 ) ;
#4545 = CARTESIAN_POINT ( 'NONE',  ( -1.764863307568864226, -1.018944305707773612, 2.755208333333304171 ) ) ;
#4546 = CARTESIAN_POINT ( 'NONE',  ( -1.338300807568858497, 0.7726683315065864255, 3.754166666666633123 ) ) ;
#4547 = CARTESIAN_POINT ( 'NONE',  ( -1.176575538379242447, 2.037888611415556550, 8.223958333333284187 ) ) ;
#4548 = CARTESIAN_POINT ( 'NONE',  ( 0.000000000000000000, -3.800000000000006928, 7.999999999999996447 ) ) ;
#4549 = CARTESIAN_POINT ( 'NONE',  ( -1.111559407480897654, -1.545759906741599243, -7.574829620490067583 ) ) ;
#4550 = COORDINATED_UNIVERSAL_TIME_OFFSET ( 6, 0, .BEHIND. ) ;
#4551 = CARTESIAN_POINT ( 'NONE',  ( -1.999999999999997113, -6.565550782020048959E-15, -3.537500000000025402 ) ) ;
#4552 = ORIENTED_EDGE ( 'NONE', *, *, #3003, .F. ) ;
#4553 = DIRECTION ( 'NONE',  ( 1.000000000000000000, 0.000000000000000000, 0.000000000000000000 ) ) ;
#4554 = CARTESIAN_POINT ( 'NONE',  ( 1.338300807568863382, 0.7726683315065783209, 7.720833333333289694 ) ) ;
#4555 = CARTESIAN_POINT ( 'NONE',  ( -1.764863307568863782, -1.018944305707773390, -2.801041666666687746 ) ) ;
#4556 = CARTESIAN_POINT ( 'NONE',  ( 1.999999999999996225, -0.5358983848622421720, 7.193739260883002196 ) ) ;
#4557 = EDGE_CURVE ( 'NONE', #6244, #4261, #1269, .T. ) ;
#4558 =( BOUNDED_CURVE ( )  B_SPLINE_CURVE ( 2, ( #3383, #4387, #6251, #507, #5802, #565, #1486 ),
 .UNSPECIFIED., .F., .F. ) 
 B_SPLINE_CURVE_WITH_KNOTS ( ( 3, 2, 2, 3 ),
 ( 0.01753203474545387414, 0.01851851851851851749, 0.02469135802469135665, 0.02777777777777777971 ),
 .UNSPECIFIED. ) 
 CURVE ( )  GEOMETRIC_REPRESENTATION_ITEM ( )  RATIONAL_B_SPLINE_CURVE ( ( 0.9640221895668137364, 0.9785894700425347148, 1.000000000000000000, 0.8660254037844387076, 1.000000000000000000, 0.9330127018922192983, 0.9330127018922194093 ) ) 
 REPRESENTATION_ITEM ( '' )  );
#4559 = CARTESIAN_POINT ( 'NONE',  ( 1.545336663013153089, 2.440293211016302001E-15, -5.725000000000011191 ) ) ;
#4560 = VERTEX_POINT ( 'NONE', #590 ) ;
#4561 = CARTESIAN_POINT ( 'NONE',  ( 1.338300807568863382, 0.7726683315065783209, 3.433333333333298487 ) ) ;
#4562 = VERTEX_POINT ( 'NONE', #4056 ) ;
#4563 = CARTESIAN_POINT ( 'NONE',  ( -0.8922005383792422917, -1.545336663013149758, 5.241666666666629837 ) ) ;
#4564 = CARTESIAN_POINT ( 'NONE',  ( -1.999999999999996669, 3.079417623425332942E-15, 6.962499999999947953 ) ) ;
#4565 = CARTESIAN_POINT ( 'NONE',  ( 1.545336663013153533, 2.033577675846918137E-15, -4.937500000000012434 ) ) ;
#4566 = CARTESIAN_POINT ( 'NONE',  ( -1.999999999999997113, -6.565550782020048959E-15, -3.537500000000025402 ) ) ;
#4567 = CARTESIAN_POINT ( 'NONE',  ( 1.545336663013153089, 2.440293211016302001E-15, -5.725000000000011191 ) ) ;
#4568 = CARTESIAN_POINT ( 'NONE',  ( 1.784401076758483473, 2.541027550711231709E-15, -3.537500000000015188 ) ) ;
#4569 = ORIENTED_EDGE ( 'NONE', *, *, #4093, .F. ) ;
#4570 = CYLINDRICAL_SURFACE ( 'NONE', #1921, 1.545336663013152867 ) ;
#4571 = CARTESIAN_POINT ( 'NONE',  ( 1.338300807568863382, 0.7726683315065783209, -6.366666666666676910 ) ) ;
#4572 = CARTESIAN_POINT ( 'NONE',  ( -1.545336663013153311, 3.747593145489319422E-15, -3.187500000000016875 ) ) ;
#4573 = ADVANCED_FACE ( 'NONE', ( #5919 ), #4881, .T. ) ;
#4574 = CARTESIAN_POINT ( 'NONE',  ( -1.545336663013153089, 0.4140717108885849096, -6.106260739116974534 ) ) ;
#4575 = VERTEX_POINT ( 'NONE', #623 ) ;
#4576 = CARTESIAN_POINT ( 'NONE',  ( -1.764863307568864004, 1.018944305707780051, 4.038541666666635166 ) ) ;
#4577 = CARTESIAN_POINT ( 'NONE',  ( -2.000000000000001332, 0.5358983848622385082, -6.456260739116964409 ) ) ;
#4578 = DIRECTION ( 'NONE',  ( -0.000000000000000000, -0.000000000000000000, 1.000000000000000000 ) ) ;
#4579 = DIRECTION ( 'NONE',  ( 0.000000000000000000, -5.648303390429391465E-16, 1.000000000000000000 ) ) ;
#4580 = CARTESIAN_POINT ( 'NONE',  ( -1.338300807568865824, -0.7726683315065681068, -3.129166666666683749 ) ) ;
#4581 = PERSON_AND_ORGANIZATION ( #4281, #3728 ) ;
#4582 = CARTESIAN_POINT ( 'NONE',  ( -1.400077883616024144, 1.368271378540703465, 7.603971398655216873 ) ) ;
#4583 = ORIENTED_EDGE ( 'NONE', *, *, #408, .F. ) ;
#4584 = CARTESIAN_POINT ( 'NONE',  ( -1.764863307568864004, 1.018944305707780051, -6.461458333333339965 ) ) ;
#4585 = CARTESIAN_POINT ( 'NONE',  ( -0.8922005383792416255, 1.545336663013155531, 5.795833333333296089 ) ) ;
#4586 = CARTESIAN_POINT ( 'NONE',  ( -2.495693764988901954E-16, -2.037888611415550333, -3.384375000000019451 ) ) ;
#4587 = CARTESIAN_POINT ( 'NONE',  ( -1.545336663013152867, -0.4140717108885709208, -1.056239260883057085 ) ) ;
#4588 = CARTESIAN_POINT ( 'NONE',  ( -1.999999999999996669, -6.565550782020048959E-15, -0.1250000000000149603 ) ) ;
#4589 = ORIENTED_EDGE ( 'NONE', *, *, #255, .F. ) ;
#4590 = CARTESIAN_POINT ( 'NONE',  ( 0.8922005383792411815, -1.545336663013150424, 1.858333333333303861 ) ) ;
#4591 = CARTESIAN_POINT ( 'NONE',  ( 1.999999999999996669, 2.091679895156829610E-15, 5.212499999999952394 ) ) ;
#4592 = EDGE_CURVE ( 'NONE', #2606, #2937, #579, .T. ) ;
#4593 = CARTESIAN_POINT ( 'NONE',  ( 0.000000000000000000, 1.545336663013155754, 6.349999999999959677 ) ) ;
#4594 =( BOUNDED_CURVE ( )  B_SPLINE_CURVE ( 2, ( #2818, #1428, #848, #4198, #3729, #1779, #1297, #6123, #2283 ),
 .UNSPECIFIED., .F., .T. ) 
 B_SPLINE_CURVE_WITH_KNOTS ( ( 3, 2, 2, 2, 3 ),
 ( 0.5648148148148148806, 0.5679012345679012030, 0.5740740740740740700, 0.5802469135802469369, 0.5833333333333334814 ),
 .UNSPECIFIED. ) 
 CURVE ( )  GEOMETRIC_REPRESENTATION_ITEM ( )  RATIONAL_B_SPLINE_CURVE ( ( 0.9330127018922192983, 0.9330127018922205195, 1.000000000000000000, 0.8660254037844387076, 1.000000000000000000, 0.8660254037844387076, 1.000000000000000000, 0.9330127018922169668, 0.9330127018922194093 ) ) 
 REPRESENTATION_ITEM ( '' )  );
#4595 = CARTESIAN_POINT ( 'NONE',  ( 0.4044126993943270576, -1.209887892115058650, 10.02716943592157683 ) ) ;
#4596 = CARTESIAN_POINT ( 'NONE',  ( 1.610798066643786886, -0.1212885339295890208, -7.868856065492903618 ) ) ;
#4597 = CARTESIAN_POINT ( 'NONE',  ( -1.154700538379249464, 1.999999999999999556, -2.254166666666696184 ) ) ;
#4598 = CARTESIAN_POINT ( 'NONE',  ( 0.8922005383792357414, -1.545336663013153533, 1.245833333333305371 ) ) ;
#4599 = CARTESIAN_POINT ( 'NONE',  ( 1.732050807568874751, 0.9999999999999995559, -2.516666666666675933 ) ) ;
#4600 = CARTESIAN_POINT ( 'NONE',  ( -1.999999999999985789, -7.560902090037740558E-15, 13.65685424949233884 ) ) ;
#4601 = EDGE_CURVE ( 'NONE', #2861, #1048, #3819, .T. ) ;
#4602 = CARTESIAN_POINT ( 'NONE',  ( 0.8922005383792426247, 1.545336663013155087, -4.120833333333347781 ) ) ;
#4603 = ORIENTED_EDGE ( 'NONE', *, *, #255, .T. ) ;
#4604 = LINE ( 'NONE', #3594, #5132 ) ;
#4605 = CARTESIAN_POINT ( 'NONE',  ( 0.000000000000000000, 1.545336663013155754, -3.450000000000017497 ) ) ;
#4606 = CARTESIAN_POINT ( 'NONE',  ( -1.154700538379249020, 1.999999999999999334, -1.641666666666678598 ) ) ;
#4607 = FACE_OUTER_BOUND ( 'NONE', #4501, .T. ) ;
#4608 = CARTESIAN_POINT ( 'NONE',  ( -1.764863307568864004, 1.018944305707780051, 2.638541666666637919 ) ) ;
#4609 = CARTESIAN_POINT ( 'NONE',  ( 1.154700538379248798, -1.999999999999993561, -6.191666666666666430 ) ) ;
#4610 = CARTESIAN_POINT ( 'NONE',  ( 1.764863307568863338, -1.018944305707774722, 8.632291666666617402 ) ) ;
#4611 = CARTESIAN_POINT ( 'NONE',  ( -2.105177523590381515E-16, 1.443375672974062995, 8.660000000000001918 ) ) ;
#4612 = CARTESIAN_POINT ( 'NONE',  ( 1.338300807568857609, -0.7726683315065825397, -2.895833333333350801 ) ) ;
#4613 = DATE_TIME_ROLE ( 'creation_date' ) ;
#4614 = CARTESIAN_POINT ( 'NONE',  ( 1.786033573777206396, 3.660439816524453040E-14, 7.436033573777219630 ) ) ;
#4615 = ORIENTED_EDGE ( 'NONE', *, *, #3466, .T. ) ;
#4616 = VECTOR ( 'NONE', #4518, 1000.000000000000000 ) ;
#4617 = CARTESIAN_POINT ( 'NONE',  ( -2.353151076758485338, 3.012905657471458101E-15, -6.403125000000005507 ) ) ;
#4618 = ADVANCED_FACE ( 'NONE', ( #4409 ), #3494, .T. ) ;
#4619 = CARTESIAN_POINT ( 'NONE',  ( -1.338300807568862716, 0.7726683315065794311, 5.854166666666626995 ) ) ;
#4620 = CARTESIAN_POINT ( 'NONE',  ( -1.176575538379242447, 2.037888611415556550, -2.976041666666688013 ) ) ;
#4621 = CARTESIAN_POINT ( 'NONE',  ( -1.338300807568863826, -0.7726683315065721036, -6.629166666666674423 ) ) ;
#4622 = AXIS2_PLACEMENT_3D ( 'NONE', #4221, #842, #1771 ) ;
#4623 = VECTOR ( 'NONE', #3068, 1000.000000000000000 ) ;
#4624 = DIRECTION ( 'NONE',  ( -0.000000000000000000, -0.000000000000000000, 1.000000000000000000 ) ) ;
#4625 = VERTEX_POINT ( 'NONE', #5472 ) ;
#4626 = CARTESIAN_POINT ( 'NONE',  ( -1.338300807568862716, 0.7726683315065794311, 1.566666666666638008 ) ) ;
#4627 = AXIS2_PLACEMENT_3D ( 'NONE', #4321, #971, #4883 ) ;
#4628 = ORIENTED_EDGE ( 'NONE', *, *, #478, .F. ) ;
#4629 = ADVANCED_FACE ( 'NONE', ( #1091 ), #2497, .T. ) ;
#4630 = APPROVAL_PERSON_ORGANIZATION ( #1721, #2972, #353 ) ;
#4631 = CARTESIAN_POINT ( 'NONE',  ( 0.000000000000000000, 1.545336663013155754, 4.249999999999963585 ) ) ;
#4632 = CARTESIAN_POINT ( 'NONE',  ( -0.8922005383792455113, -1.545336663013147538, 0.3416666666666411944 ) ) ;
#4633 = CARTESIAN_POINT ( 'NONE',  ( 1.545336663013152645, 1.568759921367622405E-15, -7.125000000000007105 ) ) ;
#4634 = CARTESIAN_POINT ( 'NONE',  ( 1.545336663013154421, -0.4140717108885846875, 1.331239260883008590 ) ) ;
#4635 = AXIS2_PLACEMENT_3D ( 'NONE', #6089, #1328, #1360 ) ;
#4636 = CARTESIAN_POINT ( 'NONE',  ( 1.154700538379248798, -1.999999999999994005, 1.595833333333295245 ) ) ;
#4637 = DIRECTION ( 'NONE',  ( -0.000000000000000000, -0.000000000000000000, 1.000000000000000000 ) ) ;
#4638 = CARTESIAN_POINT ( 'NONE',  ( -1.338300807568862938, -0.7726683315065733249, -1.029166666666688545 ) ) ;
#4639 = VERTEX_POINT ( 'NONE', #4442 ) ;
#4640 = VECTOR ( 'NONE', #5036, 1000.000000000000000 ) ;
#4641 = CARTESIAN_POINT ( 'NONE',  ( 1.545336663013152423, 0.4140717108885790254, 4.893760739116928882 ) ) ;
#4642 = CARTESIAN_POINT ( 'NONE',  ( 1.338300807568863382, 0.7726683315065783209, -4.266666666666681706 ) ) ;
#4643 = CARTESIAN_POINT ( 'NONE',  ( 1.545336663013153089, 9.499712857170600653E-15, -2.925000000000018030 ) ) ;
#4644 = EDGE_CURVE ( 'NONE', #5634, #5296, #2963, .T. ) ;
#4645 = LINE ( 'NONE', #3634, #4326 ) ;
#4646 = CARTESIAN_POINT ( 'NONE',  ( 1.764863307568864892, 1.018944305707778497, 8.005208333333291293 ) ) ;
#4647 = CARTESIAN_POINT ( 'NONE',  ( -1.545336663013152867, -3.776644255144275849E-16, -3.887500000000013944 ) ) ;
#4648 = CARTESIAN_POINT ( 'NONE',  ( 1.764863307568864448, 1.018944305707778275, 10.14895833333328135 ) ) ;
#4649 = CARTESIAN_POINT ( 'NONE',  ( 1.999999999999996225, -0.5358983848622421720, 2.293739260883014275 ) ) ;
#4650 = CARTESIAN_POINT ( 'NONE',  ( -1.598949757829669194, 0.8339901013207069447, -7.675593330461810915 ) ) ;
#4651 = CARTESIAN_POINT ( 'NONE',  ( -0.2178557532341958425, 1.907094600496280767, 7.554394235041326233 ) ) ;
#4652 = VERTEX_POINT ( 'NONE', #80 ) ;
#4653 = CARTESIAN_POINT ( 'NONE',  ( 1.545336663013152867, 3.166570952390200744E-15, -7.825000000000005507 ) ) ;
#4654 = CARTESIAN_POINT ( 'NONE',  ( 1.338300807568863382, 0.7726683315065783209, 5.620833333333295379 ) ) ;
#4655 = CARTESIAN_POINT ( 'NONE',  ( 1.764863307568863338, -1.018944305707774722, -3.267708333333353199 ) ) ;
#4656 = LINE ( 'NONE', #231, #2812 ) ;
#4657 = EDGE_CURVE ( 'NONE', #5953, #4974, #3166, .T. ) ;
#4658 = DIRECTION ( 'NONE',  ( -0.000000000000000000, -0.000000000000000000, 1.000000000000000000 ) ) ;
#4659 = ORIENTED_EDGE ( 'NONE', *, *, #4168, .T. ) ;
#4660 = CARTESIAN_POINT ( 'NONE',  ( 0.000000000000000000, 1.545336663013155754, 0.7499999999999729106 ) ) ;
#4661 = ORIENTED_EDGE ( 'NONE', *, *, #2187, .F. ) ;
#4662 = CARTESIAN_POINT ( 'NONE',  ( -0.8922005383792416255, 1.545336663013155531, 5.708333333333293957 ) ) ;
#4663 = DIRECTION ( 'NONE',  ( 1.000000000000000000, 0.000000000000000000, 0.000000000000000000 ) ) ;
#4664 = CARTESIAN_POINT ( 'NONE',  ( 1.999999999999996225, -0.5358983848622421720, -1.206260739116977065 ) ) ;
#4665 = CARTESIAN_POINT ( 'NONE',  ( -1.999999999999996225, 0.5358983848622473900, 1.943739260883015296 ) ) ;
#4666 = CARTESIAN_POINT ( 'NONE',  ( -1.545336663013155309, -0.4140717108885709763, 6.643760739116924441 ) ) ;
#4667 = CARTESIAN_POINT ( 'NONE',  ( 0.8922005383792478428, 1.545336663013151979, -5.520833333333343695 ) ) ;
#4668 = ORIENTED_EDGE ( 'NONE', *, *, #5134, .F. ) ;
#4669 = CARTESIAN_POINT ( 'NONE',  ( -2.449293598294702470E-16, -1.999999999999993561, 6.437499999999949374 ) ) ;
#4670 = CARTESIAN_POINT ( 'NONE',  ( -1.892491597964109718E-16, -1.545336663013149980, -1.700000000000021050 ) ) ;
#4671 = DIRECTION ( 'NONE',  ( 0.000000000000000000, 0.000000000000000000, -1.000000000000000000 ) ) ;
#4672 = CARTESIAN_POINT ( 'NONE',  ( 1.545336663013152867, 2.868816710768336858E-15, -8.000000000000000000 ) ) ;
#4673 = CARTESIAN_POINT ( 'NONE',  ( -1.764863307568864004, 1.018944305707780051, 6.838541666666627883 ) ) ;
#4674 = EDGE_CURVE ( 'NONE', #674, #2238, #5893, .T. ) ;
#4675 = DIRECTION ( 'NONE',  ( 0.000000000000000000, 0.000000000000000000, -1.000000000000000000 ) ) ;
#4676 = DIRECTION ( 'NONE',  ( -0.000000000000000000, -0.000000000000000000, 1.000000000000000000 ) ) ;
#4677 = CARTESIAN_POINT ( 'NONE',  ( -2.449293598294701977E-16, -1.999999999999993117, -3.450000000000006839 ) ) ;
#4678 = CARTESIAN_POINT ( 'NONE',  ( -1.835952920664691845, 0.03125652265280926684, -7.642667445109746716 ) ) ;
#4679 = CYLINDRICAL_SURFACE ( 'NONE', #2817, 1.545336663013152867 ) ;
#4680 = ORIENTED_EDGE ( 'NONE', *, *, #3857, .T. ) ;
#4681 = CARTESIAN_POINT ( 'NONE',  ( 0.000000000000000000, 2.037888611415556994, -5.878125000000008704 ) ) ;
#4682 = EDGE_CURVE ( 'NONE', #5709, #5741, #5446, .T. ) ;
#4683 = CARTESIAN_POINT ( 'NONE',  ( -0.8922005383792422917, -1.545336663013149758, 9.529166666666617047 ) ) ;
#4684 = CARTESIAN_POINT ( 'NONE',  ( 1.764863307568864448, 1.018944305707778275, -0.3510416666666938967 ) ) ;
#4685 = CARTESIAN_POINT ( 'NONE',  ( -1.732050807568874085, -0.9999999999999947820, 6.933333333333299819 ) ) ;
#4686 = FACE_BOUND ( 'NONE', #2686, .T. ) ;
#4687 = ORIENTED_EDGE ( 'NONE', *, *, #5914, .F. ) ;
#4688 = CARTESIAN_POINT ( 'NONE',  ( -1.999999999999996225, -0.5358983848622411728, -7.093739260883033637 ) ) ;
#4689 = EDGE_LOOP ( 'NONE', ( #4412, #5739, #506, #4010 ) ) ;
#4690 =( BOUNDED_CURVE ( )  B_SPLINE_CURVE ( 2, ( #657, #398, #5185, #1640, #4091, #687, #1668, #4008, #3589 ),
 .UNSPECIFIED., .F., .F. ) 
 B_SPLINE_CURVE_WITH_KNOTS ( ( 3, 2, 2, 2, 3 ),
 ( 0.5833333333333334814, 0.5864197530864198038, 0.5925925925925925597, 0.5987654320987654266, 0.6018518518518518601 ),
 .UNSPECIFIED. ) 
 CURVE ( )  GEOMETRIC_REPRESENTATION_ITEM ( )  RATIONAL_B_SPLINE_CURVE ( ( 0.9330127018922194093, 0.9330127018922217408, 1.000000000000000000, 0.8660254037844387076, 1.000000000000000000, 0.8660254037844387076, 1.000000000000000000, 0.9330127018922194093, 0.9330127018922194093 ) ) 
 REPRESENTATION_ITEM ( '' )  );
#4691 = CARTESIAN_POINT ( 'NONE',  ( -1.338300807568862716, 0.7726683315065794311, 6.466666666666625929 ) ) ;
#4692 = EDGE_CURVE ( 'NONE', #4022, #2431, #769, .T. ) ;
#4693 = CARTESIAN_POINT ( 'NONE',  ( -0.8922005383792274147, 1.545336663013163969, 6.408333333333291471 ) ) ;
#4694 = CARTESIAN_POINT ( 'NONE',  ( -2.449293598294701977E-16, -1.999999999999993117, -1.350000000000012079 ) ) ;
#4695 = ORIENTED_EDGE ( 'NONE', *, *, #3339, .T. ) ;
#4696 = CARTESIAN_POINT ( 'NONE',  ( -1.362785257228442077E-14, -1.545336663013149980, 6.787499999999958789 ) ) ;
#4697 = CARTESIAN_POINT ( 'NONE',  ( -1.999999999999996669, -6.565550782020048959E-15, -0.8250000000000129452 ) ) ;
#4698 = VERTEX_POINT ( 'NONE', #6042 ) ;
#4699 = ORIENTED_EDGE ( 'NONE', *, *, #3502, .T. ) ;
#4700 = CARTESIAN_POINT ( 'NONE',  ( -1.592765541559593352E-17, -1.443375672974076540, 8.660000000000001918 ) ) ;
#4701 = CARTESIAN_POINT ( 'NONE',  ( -0.8922005383792422917, -1.545336663013149758, -0.3583333333333580950 ) ) ;
#4702 = CARTESIAN_POINT ( 'NONE',  ( -1.059986601554184483E-14, -1.545336663013149980, 1.099999999999972555 ) ) ;
#4703 = CARTESIAN_POINT ( 'NONE',  ( -1.545336663013152867, 3.058065870564747460E-15, -8.000000000000000000 ) ) ;
#4704 = CARTESIAN_POINT ( 'NONE',  ( 2.353151076758485338, 2.436549870658972734E-15, 5.146874999999965894 ) ) ;
#4705 = CARTESIAN_POINT ( 'NONE',  ( -1.999999999999985789, -7.560902090037740558E-15, 13.65685424949233884 ) ) ;
#4706 = CARTESIAN_POINT ( 'NONE',  ( -1.338300807568873374, -0.7726683315065553392, 3.783333333333298132 ) ) ;
#4707 = CARTESIAN_POINT ( 'NONE',  ( -1.338300807568859385, 0.7726683315065850932, 0.8666666666666388297 ) ) ;
#4708 = CARTESIAN_POINT ( 'NONE',  ( -1.999999999999996669, -1.621051918746543165E-14, 4.862499999999954525 ) ) ;
#4709 = ADVANCED_FACE ( 'NONE', ( #5630 ), #3648, .T. ) ;
#4710 = ORIENTED_EDGE ( 'NONE', *, *, #101, .T. ) ;
#4711 = CARTESIAN_POINT ( 'NONE',  ( -1.764863307568864004, 1.018944305707780051, -3.661458333333346360 ) ) ;
#4712 = CARTESIAN_POINT ( 'NONE',  ( 1.999999999999996225, 2.091679895156829610E-15, 5.124999999999971578 ) ) ;
#4713 = CARTESIAN_POINT ( 'NONE',  ( -1.176575538379242447, 2.037888611415556550, 0.5239583333333051041 ) ) ;
#4714 = CARTESIAN_POINT ( 'NONE',  ( 1.999999999999997113, 0.5358983848622465018, 0.3437607391169290594 ) ) ;
#4715 = CARTESIAN_POINT ( 'NONE',  ( -1.545336663013155309, -0.4140717108885709763, 6.556260739116923197 ) ) ;
#4716 = ADVANCED_FACE ( 'NONE', ( #2235 ), #4151, .F. ) ;
#4717 = CARTESIAN_POINT ( 'NONE',  ( 0.1284965879971914360, -1.948760014029412568, -7.526239985970565094 ) ) ;
#4718 = ORIENTED_EDGE ( 'NONE', *, *, #156, .F. ) ;
#4719 = FACE_OUTER_BOUND ( 'NONE', #4110, .T. ) ;
#4720 = CARTESIAN_POINT ( 'NONE',  ( -1.154700538379249020, 1.999999999999999334, -5.141666666666670160 ) ) ;
#4721 = CARTESIAN_POINT ( 'NONE',  ( 1.338300807568862494, -0.7726683315065742130, 10.31666666666661492 ) ) ;
#4722 = VECTOR ( 'NONE', #5114, 1000.000000000000000 ) ;
#4723 = CARTESIAN_POINT ( 'NONE',  ( -1.999999999999985789, -7.560902090037740558E-15, 13.65685424949233884 ) ) ;
#4724 = CARTESIAN_POINT ( 'NONE',  ( 1.732050807568874973, 0.9999999999999997780, -5.929166666666686680 ) ) ;
#4725 = CARTESIAN_POINT ( 'NONE',  ( -1.545336663013152867, 2.469344320671257540E-15, -7.387500000000006395 ) ) ;
#4726 = CARTESIAN_POINT ( 'NONE',  ( 1.545336663013159528, -0.4140717108885775266, 6.931239260882994024 ) ) ;
#4727 = AXIS2_PLACEMENT_3D ( 'NONE', #1521, #600, #3501 ) ;
#4728 =( BOUNDED_CURVE ( )  B_SPLINE_CURVE ( 2, ( #2692, #2631, #4073, #4609, #3137, #3327, #4267, #2755, #1873 ),
 .UNSPECIFIED., .F., .F. ) 
 B_SPLINE_CURVE_WITH_KNOTS ( ( 3, 2, 2, 2, 3 ),
 ( 0.8981481481481481399, 0.9012345679012345734, 0.9074074074074074403, 0.9135802469135803072, 0.9166666666666666297 ),
 .UNSPECIFIED. ) 
 CURVE ( )  GEOMETRIC_REPRESENTATION_ITEM ( )  RATIONAL_B_SPLINE_CURVE ( ( 0.9330127018922194093, 0.9330127018922194093, 1.000000000000000000, 0.8660254037844387076, 1.000000000000000000, 0.8660254037844387076, 1.000000000000000000, 0.9330127018922205195, 0.9330127018922192983 ) ) 
 REPRESENTATION_ITEM ( '' )  );
#4729 = ORIENTED_EDGE ( 'NONE', *, *, #3375, .T. ) ;
#4730 = ORIENTED_EDGE ( 'NONE', *, *, #6065, .F. ) ;
#4731 = ORIENTED_EDGE ( 'NONE', *, *, #5894, .F. ) ;
#4732 = CARTESIAN_POINT ( 'NONE',  ( -1.732050807568874529, -0.9999999999999950040, 6.320833333333282233 ) ) ;
#4733 = AXIS2_PLACEMENT_3D ( 'NONE', #3442, #27, #3467 ) ;
#4734 = CARTESIAN_POINT ( 'NONE',  ( -1.784401076758483473, 2.978079764120704978E-15, -2.575000000000019273 ) ) ;
#4735 = FACE_OUTER_BOUND ( 'NONE', #1635, .T. ) ;
#4736 = DIRECTION ( 'NONE',  ( -1.000000000000000000, 0.000000000000000000, 0.000000000000000000 ) ) ;
#4737 = AXIS2_PLACEMENT_3D ( 'NONE', #3858, #1551, #5868 ) ;
#4738 = CARTESIAN_POINT ( 'NONE',  ( 2.353151076758485338, 2.436549870658972734E-15, 6.546874999999961808 ) ) ;
#4739 = CARTESIAN_POINT ( 'NONE',  ( -1.338300807568865158, -0.7726683315065693280, -6.016666666666677266 ) ) ;
#4740 = CARTESIAN_POINT ( 'NONE',  ( 1.999999999999996225, -0.5358983848622421720, -5.406260739116966363 ) ) ;
#4741 = CYLINDRICAL_SURFACE ( 'NONE', #5611, 1.545336663013152867 ) ;
#4742 = CARTESIAN_POINT ( 'NONE',  ( -2.449293598294702470E-16, -1.999999999999993561, 4.337499999999955058 ) ) ;
#4743 = CARTESIAN_POINT ( 'NONE',  ( -1.999999999999996225, 0.5358983848622473900, 4.743739260883008235 ) ) ;
#4744 = ORIENTED_EDGE ( 'NONE', *, *, #4481, .T. ) ;
#4745 = CARTESIAN_POINT ( 'NONE',  ( 2.353151076758485338, 2.436549870658972734E-15, -5.353125000000008349 ) ) ;
#4746 = CARTESIAN_POINT ( 'NONE',  ( -1.784401076758483473, 2.978079764120704978E-15, 9.412499999999953459 ) ) ;
#4747 = CARTESIAN_POINT ( 'NONE',  ( -1.176575538379243113, -2.037888611415549889, -0.6427083333333596382 ) ) ;
#4748 = DIRECTION ( 'NONE',  ( -0.000000000000000000, -0.000000000000000000, 1.000000000000000000 ) ) ;
#4749 = CARTESIAN_POINT ( 'NONE',  ( -1.154700538379250130, -1.999999999999992673, -4.208333333333339255 ) ) ;
#4750 = CARTESIAN_POINT ( 'NONE',  ( -2.381359039295019544E-16, -1.944527222831113900, -7.530472777168867538 ) ) ;
#4751 = VERTEX_POINT ( 'NONE', #3742 ) ;
#4752 = CARTESIAN_POINT ( 'NONE',  ( -0.8922005383792690481, -1.545336663013134215, 3.141666666666632857 ) ) ;
#4753 = CYLINDRICAL_SURFACE ( 'NONE', #5624, 1.545336663013152867 ) ;
#4754 =( BOUNDED_CURVE ( )  B_SPLINE_CURVE ( 2, ( #4248, #5765, #3305, #4814, #3436, #5351, #4348, #50, #21 ),
 .UNSPECIFIED., .F., .T. ) 
 B_SPLINE_CURVE_WITH_KNOTS ( ( 3, 2, 2, 2, 3 ),
 ( 0.2870370370370370905, 0.2901234567901234684, 0.2962962962962962798, 0.3024691358024691468, 0.3055555555555555802 ),
 .UNSPECIFIED. ) 
 CURVE ( )  GEOMETRIC_REPRESENTATION_ITEM ( )  RATIONAL_B_SPLINE_CURVE ( ( 0.9330127018922192983, 0.9330127018922205195, 1.000000000000000000, 0.8660254037844387076, 1.000000000000000000, 0.8660254037844387076, 1.000000000000000000, 0.9330127018922187432, 0.9330127018922194093 ) ) 
 REPRESENTATION_ITEM ( '' )  );
#4755 = CARTESIAN_POINT ( 'NONE',  ( 1.784401076758483473, 2.541027550711231709E-15, -2.137500000000019718 ) ) ;
#4756 = CARTESIAN_POINT ( 'NONE',  ( -0.8922005383792416255, 1.545336663013155531, 7.808333333333290049 ) ) ;
#4757 = EDGE_CURVE ( 'NONE', #5922, #2644, #4250, .T. ) ;
#4758 = CARTESIAN_POINT ( 'NONE',  ( 1.545336663013153533, -0.4140717108885803022, 0.5437392608830090568 ) ) ;
#4759 = CARTESIAN_POINT ( 'NONE',  ( -1.942223146741631782E-16, -1.585945554337691243, -7.889054445662288195 ) ) ;
#4760 = AXIS2_PLACEMENT_3D ( 'NONE', #2018, #4910, #3465 ) ;
#4761 = CARTESIAN_POINT ( 'NONE',  ( 0.8922005383792395161, -1.545336663013150869, -5.754166666666676200 ) ) ;
#4762 = CARTESIAN_POINT ( 'NONE',  ( -1.338300807568866935, -0.7726683315065664415, 0.3708333333333080906 ) ) ;
#4763 = ORIENTED_EDGE ( 'NONE', *, *, #3271, .T. ) ;
#4764 = VERTEX_POINT ( 'NONE', #3176 ) ;
#4765 = EDGE_LOOP ( 'NONE', ( #3399, #5046, #1352, #5073 ) ) ;
#4766 = DIRECTION ( 'NONE',  ( 0.5000000000000002220, -0.8660254037844385966, 0.000000000000000000 ) ) ;
#4767 = CARTESIAN_POINT ( 'NONE',  ( 0.8922005383792426247, 1.545336663013155087, -2.108333333333353377 ) ) ;
#4768 = DIRECTION ( 'NONE',  ( -0.000000000000000000, -0.000000000000000000, 1.000000000000000000 ) ) ;
#4769 =( BOUNDED_CURVE ( )  B_SPLINE_CURVE ( 2, ( #2857, #4773, #453, #2382, #4302, #3830, #1432, #1109, #1586 ),
 .UNSPECIFIED., .F., .F. ) 
 B_SPLINE_CURVE_WITH_KNOTS ( ( 3, 2, 2, 2, 3 ),
 ( 0.2314814814814815103, 0.2345679012345678882, 0.2407407407407407274, 0.2469135802469135665, 0.2499999999999999722 ),
 .UNSPECIFIED. ) 
 CURVE ( )  GEOMETRIC_REPRESENTATION_ITEM ( )  RATIONAL_B_SPLINE_CURVE ( ( 0.9330127018922194093, 0.9330127018922202975, 1.000000000000000000, 0.8660254037844387076, 1.000000000000000000, 0.8660254037844387076, 1.000000000000000000, 0.9330127018922198534, 0.9330127018922191873 ) ) 
 REPRESENTATION_ITEM ( '' )  );
#4770 = CARTESIAN_POINT ( 'NONE',  ( -1.338300807568858941, 0.7726683315065857593, 2.354166666666636321 ) ) ;
#4771 = CARTESIAN_POINT ( 'NONE',  ( -1.176575538379243335, -2.037888611415550333, 6.313541666666629304 ) ) ;
#4772 = CARTESIAN_POINT ( 'NONE',  ( -1.545336663013154643, 8.570077348212010767E-15, 3.724999999999967670 ) ) ;
#4773 = CARTESIAN_POINT ( 'NONE',  ( -1.999999999999992673, -0.5358983848622480561, -4.206239260883058328 ) ) ;
#4774 = ADVANCED_FACE ( 'NONE', ( #1760 ), #5218, .T. ) ;
#4775 = DIRECTION ( 'NONE',  ( 0.000000000000000000, 0.000000000000000000, -1.000000000000000000 ) ) ;
#4776 = CARTESIAN_POINT ( 'NONE',  ( -1.732050807568873863, 1.000000000000001110, -7.183333333333331794 ) ) ;
#4777 = ORIENTED_EDGE ( 'NONE', *, *, #5016, .F. ) ;
#4778 = CARTESIAN_POINT ( 'NONE',  ( 0.000000000000000000, 2.037888611415556994, -3.778125000000013056 ) ) ;
#4779 = CARTESIAN_POINT ( 'NONE',  ( -1.732050807568874085, -0.9999999999999947820, 4.833333333333306392 ) ) ;
#4780 = CARTESIAN_POINT ( 'NONE',  ( -2.353151076758484894, 3.012905657471457707E-15, 2.040624999999967937 ) ) ;
#4781 = CARTESIAN_POINT ( 'NONE',  ( 1.545336663013146872, 0.4140717108885767495, 6.293760739116926572 ) ) ;
#4782 = FACE_OUTER_BOUND ( 'NONE', #659, .T. ) ;
#4783 = CARTESIAN_POINT ( 'NONE',  ( 0.000000000000000000, 2.868816710768336858E-15, -8.000000000000000000 ) ) ;
#4784 = ORIENTED_EDGE ( 'NONE', *, *, #4036, .F. ) ;
#4785 = CARTESIAN_POINT ( 'NONE',  ( -1.545336663013151313, 1.725635913504384527E-14, 3.024999999999967049 ) ) ;
#4786 = DIRECTION ( 'NONE',  ( -1.000000000000000000, 0.000000000000000000, 0.000000000000000000 ) ) ;
#4787 = CARTESIAN_POINT ( 'NONE',  ( 1.338300807568862494, -0.7726683315065742130, -0.09583333333335747328 ) ) ;
#4788 = CARTESIAN_POINT ( 'NONE',  ( 0.000000000000000000, 1.545336663013155754, 7.749999999999956479 ) ) ;
#4789 = CARTESIAN_POINT ( 'NONE',  ( -1.545336663013151313, -1.098131944957335565E-14, 5.912499999999964118 ) ) ;
#4790 = CARTESIAN_POINT ( 'NONE',  ( -1.366257656144822974, -0.8455822398740262535, 7.253033489624367114 ) ) ;
#4791 = ORIENTED_EDGE ( 'NONE', *, *, #1071, .T. ) ;
#4792 = CARTESIAN_POINT ( 'NONE',  ( 1.250000000000004885, 0.7216878364870283891, 8.660000000000001918 ) ) ;
#4793 = ORIENTED_EDGE ( 'NONE', *, *, #5894, .T. ) ;
#4794 = ORIENTED_EDGE ( 'NONE', *, *, #6163, .F. ) ;
#4795 = FACE_OUTER_BOUND ( 'NONE', #2407, .T. ) ;
#4796 = CARTESIAN_POINT ( 'NONE',  ( 0.000000000000000000, 2.868816710768336858E-15, -8.000000000000000000 ) ) ;
#4797 = CARTESIAN_POINT ( 'NONE',  ( -1.545336663013152867, 2.469344320671257540E-15, -7.475000000000006750 ) ) ;
#4798 = ADVANCED_FACE ( 'NONE', ( #301 ), #3676, .T. ) ;
#4799 = CARTESIAN_POINT ( 'NONE',  ( 1.176575538379244001, 2.037888611415556106, 10.86354166666661847 ) ) ;
#4800 = CARTESIAN_POINT ( 'NONE',  ( -2.381359039295019544E-16, -1.944527222831113900, -7.530472777168867538 ) ) ;
#4801 = CARTESIAN_POINT ( 'NONE',  ( -1.154700538379250130, -1.999999999999992673, -5.608333333333335169 ) ) ;
#4802 = FACE_OUTER_BOUND ( 'NONE', #736, .T. ) ;
#4803 =( BOUNDED_CURVE ( )  B_SPLINE_CURVE ( 2, ( #5952, #3977, #4057, #3026, #3582, #3495, #5062, #1662, #4588 ),
 .UNSPECIFIED., .F., .T. ) 
 B_SPLINE_CURVE_WITH_KNOTS ( ( 3, 2, 2, 2, 3 ),
 ( 0.5648148148148148806, 0.5679012345679013141, 0.5740740740740740700, 0.5802469135802469369, 0.5833333333333332593 ),
 .UNSPECIFIED. ) 
 CURVE ( )  GEOMETRIC_REPRESENTATION_ITEM ( )  RATIONAL_B_SPLINE_CURVE ( ( 0.9330127018922194093, 0.9330127018922194093, 1.000000000000000000, 0.8660254037844387076, 1.000000000000000000, 0.8660254037844387076, 1.000000000000000000, 0.9330127018922205195, 0.9330127018922192983 ) ) 
 REPRESENTATION_ITEM ( '' )  );
#4804 = CARTESIAN_POINT ( 'NONE',  ( 1.154700538379248798, -1.999999999999994005, -6.104166666666685614 ) ) ;
#4805 = CARTESIAN_POINT ( 'NONE',  ( -1.545336663013154643, 7.814748497183156485E-15, 2.324999999999970424 ) ) ;
#4806 = ORIENTED_EDGE ( 'NONE', *, *, #1932, .F. ) ;
#4807 = CARTESIAN_POINT ( 'NONE',  ( 1.176575538379242003, -2.037888611415551221, -3.369791666666680729 ) ) ;
#4808 = CARTESIAN_POINT ( 'NONE',  ( 1.784401076758483473, 2.541027550711231709E-15, 10.46249999999994884 ) ) ;
#4809 = CARTESIAN_POINT ( 'NONE',  ( 0.000000000000000000, 2.037888611415556550, -0.2343750000000279776 ) ) ;
#4810 = FACE_OUTER_BOUND ( 'NONE', #517, .T. ) ;
#4811 = ORIENTED_EDGE ( 'NONE', *, *, #5997, .T. ) ;
#4812 = EDGE_CURVE ( 'NONE', #2203, #5820, #4656, .T. ) ;
#4813 = CARTESIAN_POINT ( 'NONE',  ( 1.545336663013153089, -9.005843993036351354E-16, -4.325000000000015277 ) ) ;
#4814 = CARTESIAN_POINT ( 'NONE',  ( 0.8922005383792492861, 1.545336663013150869, -2.720833333333350978 ) ) ;
#4815 = CARTESIAN_POINT ( 'NONE',  ( -1.892491597964109718E-16, -1.545336663013149980, -1.612500000000020250 ) ) ;
#4816 = CARTESIAN_POINT ( 'NONE',  ( -1.784401076758483473, 2.978079764120704978E-15, 7.924999999999955413 ) ) ;
#4817 = CARTESIAN_POINT ( 'NONE',  ( 0.000000000000000000, -1.166111451202051915E-15, 8.329999999999998295 ) ) ;
#4818 = CARTESIAN_POINT ( 'NONE',  ( -0.6559575142275535509, -1.514249953850130392, 7.296612041294733508 ) ) ;
#4819 = VERTEX_POINT ( 'NONE', #2641 ) ;
#4820 = CARTESIAN_POINT ( 'NONE',  ( 0.000000000000000000, -7.560902090037740558E-15, 13.65685424949233884 ) ) ;
#4821 = ADVANCED_FACE ( 'NONE', ( #3709 ), #3238, .T. ) ;
#4822 = ORIENTED_EDGE ( 'NONE', *, *, #798, .F. ) ;
#4823 = VERTEX_POINT ( 'NONE', #4183 ) ;
#4824 = AXIS2_PLACEMENT_3D ( 'NONE', #2555, #5498, #2610 ) ;
#4825 = CARTESIAN_POINT ( 'NONE',  ( -1.999999999999996225, -1.621051918746543165E-14, 5.474999999999972111 ) ) ;
#4826 = CARTESIAN_POINT ( 'NONE',  ( 1.338300807568861384, -0.7726683315065756563, -7.095833333333340320 ) ) ;
#4827 = AXIS2_PLACEMENT_3D ( 'NONE', #1165, #318, #4736 ) ;
#4828 = AXIS2_PLACEMENT_3D ( 'NONE', #1457, #3384, #4859 ) ;
#4829 = CARTESIAN_POINT ( 'NONE',  ( 1.545336663013152645, 1.568759921367622405E-15, -7.125000000000007105 ) ) ;
#4830 = CARTESIAN_POINT ( 'NONE',  ( 1.176575538379244001, 2.037888611415556106, 10.16354166666662096 ) ) ;
#4831 = CARTESIAN_POINT ( 'NONE',  ( -1.999999999999996669, -6.565550782020048959E-15, -2.925000000000008260 ) ) ;
#4832 = LOCAL_TIME ( 16, 7, 15.00000000000000000, #734 ) ;
#4833 = CARTESIAN_POINT ( 'NONE',  ( -1.732050807568874529, -0.9999999999999950040, -6.979166666666684726 ) ) ;
#4834 = EDGE_CURVE ( 'NONE', #4472, #1119, #4892, .T. ) ;
#4835 = CARTESIAN_POINT ( 'NONE',  ( -1.732050807568874529, -0.9999999999999950040, 0.02083333333329866893 ) ) ;
#4836 = CARTESIAN_POINT ( 'NONE',  ( 0.000000000000000000, -7.560902090037740558E-15, 13.65685424949233884 ) ) ;
#4837 = VECTOR ( 'NONE', #4675, 1000.000000000000000 ) ;
#4838 = ORIENTED_EDGE ( 'NONE', *, *, #194, .T. ) ;
#4839 = CARTESIAN_POINT ( 'NONE',  ( -2.353151076758485338, 3.012905657471458101E-15, -1.503125000000018474 ) ) ;
#4840 = DIRECTION ( 'NONE',  ( -0.000000000000000000, -0.000000000000000000, 1.000000000000000000 ) ) ;
#4841 = CARTESIAN_POINT ( 'NONE',  ( -2.495693764988901954E-16, -2.037888611415550333, 6.415624999999955946 ) ) ;
#4842 = CARTESIAN_POINT ( 'NONE',  ( -0.8922005383792330768, 1.545336663013160416, -4.004166666666680641 ) ) ;
#4843 = CARTESIAN_POINT ( 'NONE',  ( 1.154700538379250796, 1.999999999999999334, 1.129166666666629570 ) ) ;
#4844 = CARTESIAN_POINT ( 'NONE',  ( -1.287085593309877521E-14, -1.545336663013149980, 5.299999999999960743 ) ) ;
#4845 = VERTEX_POINT ( 'NONE', #3613 ) ;
#4846 = CARTESIAN_POINT ( 'NONE',  ( 1.514375891759853777E-14, 1.545336663013155754, -0.5625000000000230926 ) ) ;
#4847 = CARTESIAN_POINT ( 'NONE',  ( 0.000000000000000000, 1.545336663013155754, -1.262500000000021494 ) ) ;
#4848 = CARTESIAN_POINT ( 'NONE',  ( 0.000000000000000000, 2.037888611415556550, -8.634375000000007461 ) ) ;
#4849 = CARTESIAN_POINT ( 'NONE',  ( -1.338300807568860051, 0.7726683315065838720, -1.845833333333352977 ) ) ;
#4850 = CARTESIAN_POINT ( 'NONE',  ( -0.3525371322061087165, -1.637788220622614865, 7.311031249108413732 ) ) ;
#4851 = ORIENTED_EDGE ( 'NONE', *, *, #2751, .T. ) ;
#4852 = ADVANCED_FACE ( 'NONE', ( #264 ), #5534, .T. ) ;
#4853 = CARTESIAN_POINT ( 'NONE',  ( 1.154700538379248798, -1.999999999999994005, 5.795833333333283655 ) ) ;
#4854 = ORIENTED_EDGE ( 'NONE', *, *, #3134, .F. ) ;
#4855 = ORIENTED_EDGE ( 'NONE', *, *, #6206, .F. ) ;
#4856 = PRODUCT_DEFINITION ( 'UNKNOWN', '', #3226, #3207 ) ;
#4857 = CARTESIAN_POINT ( 'NONE',  ( -1.999999999999996669, -1.621051918746543165E-14, 2.062499999999961364 ) ) ;
#4858 =( BOUNDED_CURVE ( )  B_SPLINE_CURVE ( 2, ( #2502, #5420, #144, #3035, #2562, #1009, #509, #2059, #5300 ),
 .UNSPECIFIED., .F., .F. ) 
 B_SPLINE_CURVE_WITH_KNOTS ( ( 3, 2, 2, 2, 3 ),
 ( 0.3981481481481481399, 0.4012345679012345734, 0.4074074074074074403, 0.4135802469135801962, 0.4166666666666666297 ),
 .UNSPECIFIED. ) 
 CURVE ( )  GEOMETRIC_REPRESENTATION_ITEM ( )  RATIONAL_B_SPLINE_CURVE ( ( 0.9330127018922194093, 0.9330127018922194093, 1.000000000000000000, 0.8660254037844387076, 1.000000000000000000, 0.8660254037844387076, 1.000000000000000000, 0.9330127018922194093, 0.9330127018922194093 ) ) 
 REPRESENTATION_ITEM ( '' )  );
#4859 = DIRECTION ( 'NONE',  ( -1.000000000000000000, 0.000000000000000000, 0.000000000000000000 ) ) ;
#4860 = CARTESIAN_POINT ( 'NONE',  ( 1.250000000000005107, 0.2506952791092846300, 10.02623447770312737 ) ) ;
#4861 = CARTESIAN_POINT ( 'NONE',  ( 2.353151076758485338, 2.436549870658972734E-15, 10.04687499999995204 ) ) ;
#4862 = CARTESIAN_POINT ( 'NONE',  ( -1.732050807568873863, 1.000000000000001110, -5.783333333333334991 ) ) ;
#4863 = DIRECTION ( 'NONE',  ( 1.000000000000000000, 0.000000000000000000, 0.000000000000000000 ) ) ;
#4864 = LINE ( 'NONE', #1525, #181 ) ;
#4865 = CARTESIAN_POINT ( 'NONE',  ( 1.154700538379248798, -1.999999999999993561, 0.8083333333333160287 ) ) ;
#4866 = EDGE_CURVE ( 'NONE', #1484, #4338, #816, .T. ) ;
#4867 = ORIENTED_EDGE ( 'NONE', *, *, #4557, .F. ) ;
#4868 = CARTESIAN_POINT ( 'NONE',  ( 1.176575538379244001, 2.037888611415556106, -0.3364583333333544535 ) ) ;
#4869 = CARTESIAN_POINT ( 'NONE',  ( 0.000000000000000000, 2.037888611415556550, 6.065624999999958078 ) ) ;
#4870 = DIRECTION ( 'NONE',  ( 1.000000000000000000, 0.000000000000000000, 0.000000000000000000 ) ) ;
#4871 = CARTESIAN_POINT ( 'NONE',  ( -0.8922005383792295241, 1.545336663013162415, 2.208333333333301951 ) ) ;
#4872 = CARTESIAN_POINT ( 'NONE',  ( 1.741474883515547131E-14, 1.545336663013155754, 3.549999999999966516 ) ) ;
#4873 = CARTESIAN_POINT ( 'NONE',  ( 1.154700538379248798, -1.999999999999994005, -1.204166666666698138 ) ) ;
#4874 = EDGE_CURVE ( 'NONE', #4313, #2216, #1853, .T. ) ;
#4875 = ORIENTED_EDGE ( 'NONE', *, *, #2759, .F. ) ;
#4876 = CARTESIAN_POINT ( 'NONE',  ( -3.691315149501429142E-15, -1.545336663013149980, -6.600000000000009415 ) ) ;
#4877 = CARTESIAN_POINT ( 'NONE',  ( 1.154700538379250574, 1.999999999999998224, 3.841666666666641472 ) ) ;
#4878 = CARTESIAN_POINT ( 'NONE',  ( 1.338300807568863382, 0.7726683315065783209, 1.420833333333305193 ) ) ;
#4879 = CARTESIAN_POINT ( 'NONE',  ( 1.764863307568864448, 1.018944305707778275, -5.951041666666680108 ) ) ;
#4880 = FACE_OUTER_BOUND ( 'NONE', #1006, .T. ) ;
#4881 = CYLINDRICAL_SURFACE ( 'NONE', #81, 1.545336663013152867 ) ;
#4882 = EDGE_LOOP ( 'NONE', ( #6153, #3555, #233, #1897 ) ) ;
#4883 = DIRECTION ( 'NONE',  ( 1.000000000000000000, 0.000000000000000000, 0.000000000000000000 ) ) ;
#4884 = ORIENTED_EDGE ( 'NONE', *, *, #1333, .F. ) ;
#4885 = VERTEX_POINT ( 'NONE', #2390 ) ;
#4886 = EDGE_CURVE ( 'NONE', #1818, #3874, #1222, .T. ) ;
#4887 = CARTESIAN_POINT ( 'NONE',  ( -1.545336663013152645, 0.4140717108885885733, -4.618760739116976488 ) ) ;
#4888 = CARTESIAN_POINT ( 'NONE',  ( 0.000000000000000000, -1.474999999999979883, -8.000000000000000000 ) ) ;
#4889 = CARTESIAN_POINT ( 'NONE',  ( 1.545336663013152201, -0.4140717108885789144, -7.156260739116972580 ) ) ;
#4890 = ADVANCED_FACE ( 'NONE', ( #3300 ), #2360, .T. ) ;
#4891 = CARTESIAN_POINT ( 'NONE',  ( 1.764863307568863782, -1.018944305707774944, 9.288541666666622731 ) ) ;
#4892 =( BOUNDED_CURVE ( )  B_SPLINE_CURVE ( 2, ( #6009, #4556, #6106, #2164, #1791, #5090, #4685, #4083, #361 ),
 .UNSPECIFIED., .F., .F. ) 
 B_SPLINE_CURVE_WITH_KNOTS ( ( 3, 2, 2, 2, 3 ),
 ( 0.1944444444444444198, 0.1975308641975308532, 0.2037037037037037202, 0.2098765432098765871, 0.2129629629629629095 ),
 .UNSPECIFIED. ) 
 CURVE ( )  GEOMETRIC_REPRESENTATION_ITEM ( )  RATIONAL_B_SPLINE_CURVE ( ( 0.9330127018922194093, 0.9330127018922194093, 1.000000000000000000, 0.8660254037844387076, 1.000000000000000000, 0.8660254037844387076, 1.000000000000000000, 0.9330127018922205195, 0.9330127018922192983 ) ) 
 REPRESENTATION_ITEM ( '' )  );
#4893 = CARTESIAN_POINT ( 'NONE',  ( 1.732050807568874085, -0.9999999999999963363, -6.745833333333352222 ) ) ;
#4894 = CARTESIAN_POINT ( 'NONE',  ( -0.2506926357690141827, -1.524866749727267878, -7.929663336986836342 ) ) ;
#4895 = CARTESIAN_POINT ( 'NONE',  ( 0.000000000000000000, 1.999999999999999112, 6.699999999999968203 ) ) ;
#4896 = ORIENTED_EDGE ( 'NONE', *, *, #4297, .T. ) ;
#4897 = CARTESIAN_POINT ( 'NONE',  ( -1.176575538379242447, 2.037888611415556994, -0.2197916666666884233 ) ) ;
#4898 = CARTESIAN_POINT ( 'NONE',  ( -1.652689042765378424, -1.137458608817980776, 7.641351752181013701 ) ) ;
#4899 = CARTESIAN_POINT ( 'NONE',  ( 1.176575538379241559, -2.037888611415550777, 4.373958333333295201 ) ) ;
#4900 = ORIENTED_EDGE ( 'NONE', *, *, #3479, .T. ) ;
#4901 = CARTESIAN_POINT ( 'NONE',  ( 1.999999999999996669, 2.091679895156829610E-15, 1.012499999999962430 ) ) ;
#4902 =( LENGTH_UNIT ( ) NAMED_UNIT ( * ) SI_UNIT ( .MILLI., .METRE. ) );
#4903 = CARTESIAN_POINT ( 'NONE',  ( -1.999999999999991340, -0.5358983848622501656, 4.106260739116939895 ) ) ;
#4904 = CARTESIAN_POINT ( 'NONE',  ( -0.2506926357690141827, -1.524866749727267878, -7.929663336986836342 ) ) ;
#4905 = VERTEX_POINT ( 'NONE', #6170 ) ;
#4906 = EDGE_LOOP ( 'NONE', ( #2700, #5370, #714, #3912 ) ) ;
#4907 = DIRECTION ( 'NONE',  ( -0.000000000000000000, -0.000000000000000000, 1.000000000000000000 ) ) ;
#4908 = CARTESIAN_POINT ( 'NONE',  ( -0.8922005383792422917, -1.545336663013149758, 3.229166666666634100 ) ) ;
#4909 = CARTESIAN_POINT ( 'NONE',  ( 1.764863307568864448, 1.018944305707778275, -5.251041666666681706 ) ) ;
#4910 = DIRECTION ( 'NONE',  ( -0.000000000000000000, -5.648303390429391465E-16, 1.000000000000000000 ) ) ;
#4911 = DIRECTION ( 'NONE',  ( -0.000000000000000000, -0.000000000000000000, 1.000000000000000000 ) ) ;
#4912 = EDGE_CURVE ( 'NONE', #2675, #2587, #5490, .T. ) ;
#4913 = EDGE_CURVE ( 'NONE', #3108, #4764, #3599, .T. ) ;
#4914 = EDGE_LOOP ( 'NONE', ( #561, #5123, #3787, #1762 ) ) ;
#4915 = VERTEX_POINT ( 'NONE', #4371 ) ;
#4916 = CARTESIAN_POINT ( 'NONE',  ( -1.999999999999997113, -6.565550782020048959E-15, -6.337500000000019007 ) ) ;
#4917 = CARTESIAN_POINT ( 'NONE',  ( 1.250000000000004663, -0.6098828644147188394, 10.14409751396384074 ) ) ;
#4918 = CARTESIAN_POINT ( 'NONE',  ( -7.571879458799268886E-15, -1.545336663013149980, -4.412500000000013856 ) ) ;
#4919 = CYLINDRICAL_SURFACE ( 'NONE', #4727, 1.545336663013152867 ) ;
#4920 = CARTESIAN_POINT ( 'NONE',  ( -1.764863307568864226, -1.018944305707773612, 9.755208333333285964 ) ) ;
#4921 = CARTESIAN_POINT ( 'NONE',  ( 1.999999999999996669, -0.5358983848622422830, -0.4187607391169976268 ) ) ;
#4922 = AXIS2_PLACEMENT_3D ( 'NONE', #3832, #856, #4237 ) ;
#4923 = CARTESIAN_POINT ( 'NONE',  ( 0.8922005383792411815, -1.545336663013150424, -7.241666666666674246 ) ) ;
#4924 = CARTESIAN_POINT ( 'NONE',  ( -2.449293598294702470E-16, -1.999999999999993561, 0.1374999999999646227 ) ) ;
#4925 = VECTOR ( 'NONE', #580, 1000.000000000000000 ) ;
#4926 = EDGE_CURVE ( 'NONE', #3660, #3620, #2115, .T. ) ;
#4927 = CARTESIAN_POINT ( 'NONE',  ( 1.999999999999997113, -7.553288510288552290E-15, -7.387500000000017053 ) ) ;
#4928 = EDGE_CURVE ( 'NONE', #4544, #4967, #2426, .T. ) ;
#4929 = AXIS2_PLACEMENT_3D ( 'NONE', #5508, #4129, #5479 ) ;
#4930 =( BOUNDED_CURVE ( )  B_SPLINE_CURVE ( 2, ( #5292, #1418, #3813, #1448, #968, #4408, #4849, #2436, #5261 ),
 .UNSPECIFIED., .F., .F. ) 
 B_SPLINE_CURVE_WITH_KNOTS ( ( 3, 2, 2, 2, 3 ),
 ( 0.3240740740740741255, 0.3271604938271605034, 0.3333333333333333148, 0.3395061728395061817, 0.3425925925925926152 ),
 .UNSPECIFIED. ) 
 CURVE ( )  GEOMETRIC_REPRESENTATION_ITEM ( )  RATIONAL_B_SPLINE_CURVE ( ( 0.9330127018922192983, 0.9330127018922205195, 1.000000000000000000, 0.8660254037844387076, 1.000000000000000000, 0.8660254037844387076, 1.000000000000000000, 0.9330127018922187432, 0.9330127018922194093 ) ) 
 REPRESENTATION_ITEM ( '' )  );
#4931 = VERTEX_POINT ( 'NONE', #1973 ) ;
#4932 = CARTESIAN_POINT ( 'NONE',  ( -2.353151076758485338, 3.012905657471458101E-15, -2.203125000000016875 ) ) ;
#4933 = CARTESIAN_POINT ( 'NONE',  ( 1.176575538379243557, 2.037888611415555662, 3.907291666666630192 ) ) ;
#4934 = CARTESIAN_POINT ( 'NONE',  ( -1.545336663013153089, 3.137519842735245599E-15, -6.075000000000011724 ) ) ;
#4935 = AXIS2_PLACEMENT_3D ( 'NONE', #4453, #4392, #94 ) ;
#4936 = CYLINDRICAL_SURFACE ( 'NONE', #3323, 1.545336663013152867 ) ;
#4937 = EDGE_LOOP ( 'NONE', ( #3311, #4153, #3527, #1827 ) ) ;
#4938 = CARTESIAN_POINT ( 'NONE',  ( -1.154700538379249464, 1.999999999999999556, 1.945833333333293114 ) ) ;
#4939 = AXIS2_PLACEMENT_3D ( 'NONE', #5067, #1129, #3089 ) ;
#4940 = CARTESIAN_POINT ( 'NONE',  ( -1.784401076758483473, 2.978079764120704978E-15, 1.712499999999971045 ) ) ;
#4941 = CARTESIAN_POINT ( 'NONE',  ( -2.495693764988901954E-16, -2.037888611415550333, -4.784375000000015810 ) ) ;
#4942 = CARTESIAN_POINT ( 'NONE',  ( 1.999999999999997113, -2.672702088255949867E-15, -4.587500000000023448 ) ) ;
#4943 = DIRECTION ( 'NONE',  ( 0.000000000000000000, 0.000000000000000000, 1.000000000000000000 ) ) ;
#4944 = VERTEX_POINT ( 'NONE', #1376 ) ;
#4945 = ORIENTED_EDGE ( 'NONE', *, *, #4866, .T. ) ;
#4946 = EDGE_CURVE ( 'NONE', #5399, #2806, #742, .T. ) ;
#4947 = EDGE_CURVE ( 'NONE', #48, #4915, #5345, .T. ) ;
#4948 = CARTESIAN_POINT ( 'NONE',  ( 0.1975317408473105107, -1.329330669222386074, 10.09567075922984358 ) ) ;
#4949 = CARTESIAN_POINT ( 'NONE',  ( -1.999999999999996669, -6.565550782020048959E-15, 0.5749999999999836353 ) ) ;
#4950 = CARTESIAN_POINT ( 'NONE',  ( -1.545336663013152867, 3.058065870564747460E-15, -8.000000000000000000 ) ) ;
#4951 = CARTESIAN_POINT ( 'NONE',  ( 0.8922005383792380728, -1.545336663013151979, -3.041666666666685170 ) ) ;
#4952 = EDGE_CURVE ( 'NONE', #4030, #4544, #545, .T. ) ;
#4953 = CARTESIAN_POINT ( 'NONE',  ( -0.8922005383792422917, -1.545336663013149758, -6.570833333333340853 ) ) ;
#4954 = CARTESIAN_POINT ( 'NONE',  ( 0.000000000000000000, -1.545336663013144873, -7.929663336986834565 ) ) ;
#4955 =( BOUNDED_CURVE ( )  B_SPLINE_CURVE ( 2, ( #5926, #1612, #3062, #6117, #3784, #1800, #3217, #2340, #3313 ),
 .UNSPECIFIED., .F., .T. ) 
 B_SPLINE_CURVE_WITH_KNOTS ( ( 3, 2, 2, 2, 3 ),
 ( 0.3425925925925926152, 0.3456790123456789932, 0.3518518518518518601, 0.3580246913580246715, 0.3611111111111111049 ),
 .UNSPECIFIED. ) 
 CURVE ( )  GEOMETRIC_REPRESENTATION_ITEM ( )  RATIONAL_B_SPLINE_CURVE ( ( 0.9330127018922194093, 0.9330127018922199644, 1.000000000000000000, 0.8660254037844387076, 1.000000000000000000, 0.8660254037844387076, 1.000000000000000000, 0.9330127018922194093, 0.9330127018922194093 ) ) 
 REPRESENTATION_ITEM ( '' )  );
#4956 = DIRECTION ( 'NONE',  ( 0.000000000000000000, -1.000000000000000000, -4.565061778886327141E-16 ) ) ;
#4957 = CARTESIAN_POINT ( 'NONE',  ( 1.999999999999985789, -7.315972730208273417E-15, 13.65685424949233884 ) ) ;
#4958 = LINE ( 'NONE', #2000, #501 ) ;
#4959 = EDGE_LOOP ( 'NONE', ( #865, #6088, #1065, #1794 ) ) ;
#4960 = CARTESIAN_POINT ( 'NONE',  ( 1.764863307568864892, 1.018944305707778497, 2.405208333333306303 ) ) ;
#4961 = EDGE_CURVE ( 'NONE', #1390, #3756, #159, .T. ) ;
#4962 = DIRECTION ( 'NONE',  ( -0.000000000000000000, -0.000000000000000000, 1.000000000000000000 ) ) ;
#4963 = CARTESIAN_POINT ( 'NONE',  ( 1.764863307568863338, -1.018944305707774722, 5.832291666666624685 ) ) ;
#4964 = DIRECTION ( 'NONE',  ( 0.000000000000000000, 0.000000000000000000, -1.000000000000000000 ) ) ;
#4965 = CARTESIAN_POINT ( 'NONE',  ( -1.732050807568874529, -0.9999999999999950040, 2.820833333333292003 ) ) ;
#4966 =( BOUNDED_CURVE ( )  B_SPLINE_CURVE ( 2, ( #5303, #5335, #1556, #1073, #3504, #5365, #5425, #3038, #1460 ),
 .UNSPECIFIED., .F., .F. ) 
 B_SPLINE_CURVE_WITH_KNOTS ( ( 3, 2, 2, 2, 3 ),
 ( 0.7314814814814816213, 0.7345679012345679437, 0.7407407407407406996, 0.7469135802469135665, 0.7500000000000001110 ),
 .UNSPECIFIED. ) 
 CURVE ( )  GEOMETRIC_REPRESENTATION_ITEM ( )  RATIONAL_B_SPLINE_CURVE ( ( 0.9330127018922194093, 0.9330127018922217408, 1.000000000000000000, 0.8660254037844387076, 1.000000000000000000, 0.8660254037844387076, 1.000000000000000000, 0.9330127018922169668, 0.9330127018922194093 ) ) 
 REPRESENTATION_ITEM ( '' )  );
#4967 = VERTEX_POINT ( 'NONE', #3897 ) ;
#4968 = CARTESIAN_POINT ( 'NONE',  ( -2.000000000000001776, 0.5358983848622386192, 2.031239260882996778 ) ) ;
#4969 = CARTESIAN_POINT ( 'NONE',  ( -0.8922005383792416255, 1.545336663013155531, 2.295833333333302306 ) ) ;
#4970 = CARTESIAN_POINT ( 'NONE',  ( 0.000000000000000000, 2.037888611415556550, -4.434375000000017053 ) ) ;
#4971 = CARTESIAN_POINT ( 'NONE',  ( 1.717582730441618022, -0.4329260804726707268, 7.417932916662687504 ) ) ;
#4972 = CARTESIAN_POINT ( 'NONE',  ( 0.000000000000000000, 1.999999999999999556, 3.987499999999955413 ) ) ;
#4973 = ORIENTED_EDGE ( 'NONE', *, *, #5914, .T. ) ;
#4974 = VERTEX_POINT ( 'NONE', #3428 ) ;
#4975 = CARTESIAN_POINT ( 'NONE',  ( -1.564142465101758139, 3.050366513770375825E-15, 7.214142465101773816 ) ) ;
#4976 = FACE_OUTER_BOUND ( 'NONE', #833, .T. ) ;
#4977 = EDGE_CURVE ( 'NONE', #4560, #4367, #3129, .T. ) ;
#4978 = CYLINDRICAL_SURFACE ( 'NONE', #4929, 1.999999999999985789 ) ;
#4979 = CARTESIAN_POINT ( 'NONE',  ( 1.784401076758483473, 2.541027550711231709E-15, -6.337500000000009237 ) ) ;
#4980 = ORIENTED_EDGE ( 'NONE', *, *, #2616, .T. ) ;
#4981 = FACE_OUTER_BOUND ( 'NONE', #472, .T. ) ;
#4982 = CARTESIAN_POINT ( 'NONE',  ( 0.8922005383792426247, 1.545336663013155087, -5.608333333333345827 ) ) ;
#4983 = CARTESIAN_POINT ( 'NONE',  ( -1.154700538379249464, 1.999999999999999556, -0.8541666666666994923 ) ) ;
#4984 = EDGE_CURVE ( 'NONE', #2988, #3650, #3458, .T. ) ;
#4985 = CARTESIAN_POINT ( 'NONE',  ( 0.8922005383792475097, 1.545336663013152201, -6.308333333333342452 ) ) ;
#4986 = ORIENTED_EDGE ( 'NONE', *, *, #4601, .T. ) ;
#4987 = ORIENTED_EDGE ( 'NONE', *, *, #6245, .T. ) ;
#4988 =( BOUNDED_CURVE ( )  B_SPLINE_CURVE ( 2, ( #906, #1381, #3809, #1888, #4846, #2838, #2334, #2464, #2433 ),
 .UNSPECIFIED., .F., .T. ) 
 B_SPLINE_CURVE_WITH_KNOTS ( ( 3, 2, 2, 2, 3 ),
 ( 0.3981481481481481399, 0.4012345679012345734, 0.4074074074074073848, 0.4135802469135802517, 0.4166666666666666852 ),
 .UNSPECIFIED. ) 
 CURVE ( )  GEOMETRIC_REPRESENTATION_ITEM ( )  RATIONAL_B_SPLINE_CURVE ( ( 0.9330127018922194093, 0.9330127018922194093, 1.000000000000000000, 0.8660254037844387076, 1.000000000000000000, 0.8660254037844387076, 1.000000000000000000, 0.9330127018922187432, 0.9330127018922194093 ) ) 
 REPRESENTATION_ITEM ( '' )  );
#4989 = CARTESIAN_POINT ( 'NONE',  ( 0.000000000000000000, 2.037888611415556994, 2.521874999999972111 ) ) ;
#4990 = CARTESIAN_POINT ( 'NONE',  ( -1.732050807568874529, -0.9999999999999950040, 7.020833333333279747 ) ) ;
#4991 = CARTESIAN_POINT ( 'NONE',  ( 1.176575538379243557, 2.037888611415555662, 7.407291666666620422 ) ) ;
#4992 = CARTESIAN_POINT ( 'NONE',  ( 1.338300807568865380, 0.7726683315065744351, -4.966666666666680108 ) ) ;
#4993 = CARTESIAN_POINT ( 'NONE',  ( -1.545336663013152645, -0.4140717108885716424, -2.543739260883054243 ) ) ;
#4994 = VERTEX_POINT ( 'NONE', #4934 ) ;
#4995 = CARTESIAN_POINT ( 'NONE',  ( 1.176575538379244001, 2.037888611415556106, -7.336458333333336412 ) ) ;
#4996 = CARTESIAN_POINT ( 'NONE',  ( 1.338300807568863382, 0.7726683315065783209, 2.820833333333301773 ) ) ;
#4997 = CARTESIAN_POINT ( 'NONE',  ( -2.495693764988901954E-16, -2.037888611415550333, -6.184375000000012612 ) ) ;
#4998 = CARTESIAN_POINT ( 'NONE',  ( -1.999999999999992673, -0.5358983848622480561, -4.906239260883058506 ) ) ;
#4999 =( BOUNDED_CURVE ( )  B_SPLINE_CURVE ( 2, ( #2363, #5819, #3368, #2392, #2925, #1054, #17, #4312, #3843 ),
 .UNSPECIFIED., .F., .T. ) 
 B_SPLINE_CURVE_WITH_KNOTS ( ( 3, 2, 2, 2, 3 ),
 ( 0.6759259259259260411, 0.6790123456790123635, 0.6851851851851852304, 0.6913580246913579863, 0.6944444444444445308 ),
 .UNSPECIFIED. ) 
 CURVE ( )  GEOMETRIC_REPRESENTATION_ITEM ( )  RATIONAL_B_SPLINE_CURVE ( ( 0.9330127018922194093, 0.9330127018922217408, 1.000000000000000000, 0.8660254037844387076, 1.000000000000000000, 0.8660254037844387076, 1.000000000000000000, 0.9330127018922169668, 0.9330127018922194093 ) ) 
 REPRESENTATION_ITEM ( '' )  );
#5000 = ADVANCED_FACE ( 'NONE', ( #2603 ), #1021, .T. ) ;
#5001 = VERTEX_POINT ( 'NONE', #1116 ) ;
#5002 = CARTESIAN_POINT ( 'NONE',  ( 0.8922005383792426247, 1.545336663013155087, 1.391666666666638186 ) ) ;
#5003 = EDGE_LOOP ( 'NONE', ( #813, #3295, #4730, #3178 ) ) ;
#5004 = DIRECTION ( 'NONE',  ( 1.000000000000000000, 0.000000000000000000, 0.000000000000000000 ) ) ;
#5005 = CARTESIAN_POINT ( 'NONE',  ( 1.786033573777206396, 3.660439816524453040E-14, 7.436033573777219630 ) ) ;
#5006 = CARTESIAN_POINT ( 'NONE',  ( 0.000000000000000000, 1.999999999999999556, -2.312500000000028866 ) ) ;
#5007 = CARTESIAN_POINT ( 'NONE',  ( 1.999999999999985789, -7.315972730208273417E-15, 13.65685424949233884 ) ) ;
#5008 = CARTESIAN_POINT ( 'NONE',  ( -1.338300807568862938, -0.7726683315065733249, -3.829166666666682151 ) ) ;
#5009 = ORIENTED_EDGE ( 'NONE', *, *, #2775, .F. ) ;
#5010 = CARTESIAN_POINT ( 'NONE',  ( 1.545336663013153311, 8.773435115796706249E-15, -1.437500000000019762 ) ) ;
#5011 = CARTESIAN_POINT ( 'NONE',  ( -1.338300807568862716, 0.7726683315065794311, -4.733333333333347603 ) ) ;
#5012 = CARTESIAN_POINT ( 'NONE',  ( 0.000000000000000000, -5.761269458237980497E-15, 10.20000000000000284 ) ) ;
#5013 = CARTESIAN_POINT ( 'NONE',  ( -1.732050807568874085, -0.9999999999999947820, -2.866666666666675134 ) ) ;
#5014 = VERTEX_POINT ( 'NONE', #3994 ) ;
#5015 = CARTESIAN_POINT ( 'NONE',  ( -2.495693764988902447E-16, -2.037888611415550777, 4.271874999999966782 ) ) ;
#5016 = EDGE_CURVE ( 'NONE', #674, #1539, #1471, .T. ) ;
#5017 = CARTESIAN_POINT ( 'NONE',  ( 1.732050807568874751, 0.9999999999999995559, -6.716666666666665897 ) ) ;
#5018 = VECTOR ( 'NONE', #4964, 1000.000000000000000 ) ;
#5019 = CARTESIAN_POINT ( 'NONE',  ( -1.764863307568863560, 1.018944305707779829, 8.282291666666617758 ) ) ;
#5020 = CARTESIAN_POINT ( 'NONE',  ( -1.154700538379250352, -1.999999999999993117, -5.520833333333354354 ) ) ;
#5021 = CARTESIAN_POINT ( 'NONE',  ( -1.745865281779170219, 0.5034783116622072452, -7.661946048140820587 ) ) ;
#5022 = PERSON_AND_ORGANIZATION ( #4281, #3728 ) ;
#5023 = LINE ( 'NONE', #1655, #4722 ) ;
#5024 = VECTOR ( 'NONE', #3219, 1000.000000000000000 ) ;
#5025 = ORIENTED_EDGE ( 'NONE', *, *, #3686, .F. ) ;
#5026 = CARTESIAN_POINT ( 'NONE',  ( -1.764863307568864226, -1.018944305707773612, -7.044791666666671226 ) ) ;
#5027 = CARTESIAN_POINT ( 'NONE',  ( 0.8922005383792426247, 1.545336663013155087, 6.379166666666626462 ) ) ;
#5028 = CARTESIAN_POINT ( 'NONE',  ( 1.764863307568864448, 1.018944305707778275, -1.051041666666692187 ) ) ;
#5029 = DIRECTION ( 'NONE',  ( -0.000000000000000000, -5.648303390429391465E-16, 1.000000000000000000 ) ) ;
#5030 = CARTESIAN_POINT ( 'NONE',  ( -1.338300807568860940, 0.7726683315065822066, -5.433333333333346005 ) ) ;
#5031 = VERTEX_POINT ( 'NONE', #3966 ) ;
#5032 = CARTESIAN_POINT ( 'NONE',  ( 1.338300807568863382, 0.7726683315065783209, 2.733333333333300974 ) ) ;
#5033 = VERTEX_POINT ( 'NONE', #4901 ) ;
#5034 = CARTESIAN_POINT ( 'NONE',  ( -1.784401076758483473, 2.978079764120704978E-15, 5.124999999999961808 ) ) ;
#5035 = EDGE_CURVE ( 'NONE', #3468, #2661, #6005, .T. ) ;
#5036 = DIRECTION ( 'NONE',  ( -0.000000000000000000, -0.000000000000000000, 1.000000000000000000 ) ) ;
#5037 = CARTESIAN_POINT ( 'NONE',  ( 1.732050807568874085, -0.9999999999999963363, 5.154166666666619712 ) ) ;
#5038 = CARTESIAN_POINT ( 'NONE',  ( -1.545336663013153533, -0.4140717108885744180, -5.256239260883048381 ) ) ;
#5039 = FACE_OUTER_BOUND ( 'NONE', #5563, .T. ) ;
#5040 = CARTESIAN_POINT ( 'NONE',  ( -1.784401076758483473, 2.978079764120704978E-15, -5.287500000000011191 ) ) ;
#5041 = ORIENTED_EDGE ( 'NONE', *, *, #3571, .F. ) ;
#5042 = CARTESIAN_POINT ( 'NONE',  ( 1.545336663013153089, 9.499712857170602231E-15, -2.925000000000017586 ) ) ;
#5043 = CARTESIAN_POINT ( 'NONE',  ( -1.784401076758483473, 2.978079764120704978E-15, -6.775000000000009237 ) ) ;
#5044 = CARTESIAN_POINT ( 'NONE',  ( -0.8922005383792327438, 1.545336663013161083, -3.304166666666682683 ) ) ;
#5045 = LINE ( 'NONE', #2091, #5120 ) ;
#5046 = ORIENTED_EDGE ( 'NONE', *, *, #3508, .F. ) ;
#5047 = CARTESIAN_POINT ( 'NONE',  ( -1.176575538379243335, -2.037888611415550333, 4.213541666666634100 ) ) ;
#5048 = CARTESIAN_POINT ( 'NONE',  ( 0.000000000000000000, 1.999999999999999112, -6.599999999999998757 ) ) ;
#5049 = LINE ( 'NONE', #731, #3078 ) ;
#5050 = DIRECTION ( 'NONE',  ( 1.000000000000000000, 0.000000000000000000, 0.000000000000000000 ) ) ;
#5051 = CARTESIAN_POINT ( 'NONE',  ( -0.2420474109392150852, -1.936553967147333966, -7.538446032852643697 ) ) ;
#5052 =( BOUNDED_CURVE ( )  B_SPLINE_CURVE ( 2, ( #173, #628, #5924, #3981, #3090, #5869, #5037, #3499, #4063 ),
 .UNSPECIFIED., .F., .F. ) 
 B_SPLINE_CURVE_WITH_KNOTS ( ( 3, 2, 2, 2, 3 ),
 ( 0.7129629629629630205, 0.7160493827160493430, 0.7222222222222222099, 0.7283950617283950768, 0.7314814814814815103 ),
 .UNSPECIFIED. ) 
 CURVE ( )  GEOMETRIC_REPRESENTATION_ITEM ( )  RATIONAL_B_SPLINE_CURVE ( ( 0.9330127018922192983, 0.9330127018922205195, 1.000000000000000000, 0.8660254037844387076, 1.000000000000000000, 0.8660254037844387076, 1.000000000000000000, 0.9330127018922194093, 0.9330127018922194093 ) ) 
 REPRESENTATION_ITEM ( '' )  );
#5053 = DATE_AND_TIME ( #5560, #794 ) ;
#5054 = CARTESIAN_POINT ( 'NONE',  ( 0.6073995484185670257, 1.777189322857688714, 7.524316665577129193 ) ) ;
#5055 = EDGE_CURVE ( 'NONE', #133, #3755, #3564, .T. ) ;
#5056 = ORIENTED_EDGE ( 'NONE', *, *, #3777, .F. ) ;
#5057 = CARTESIAN_POINT ( 'NONE',  ( -1.176575538379242447, 2.037888611415556994, -6.519791666666673535 ) ) ;
#5058 = CARTESIAN_POINT ( 'NONE',  ( 0.8922005383792411815, -1.545336663013150424, 4.745833333333298043 ) ) ;
#5059 = CARTESIAN_POINT ( 'NONE',  ( -1.764863307568863560, 1.018944305707779829, -2.917708333333353554 ) ) ;
#5060 = DIRECTION ( 'NONE',  ( 1.000000000000000000, 0.000000000000000000, 0.000000000000000000 ) ) ;
#5061 = EDGE_CURVE ( 'NONE', #1919, #2988, #5334, .T. ) ;
#5062 = CARTESIAN_POINT ( 'NONE',  ( -1.732050807568874085, -0.9999999999999947820, -0.06666666666668293051 ) ) ;
#5063 = ORIENTED_EDGE ( 'NONE', *, *, #5338, .T. ) ;
#5064 = CARTESIAN_POINT ( 'NONE',  ( -1.338300807568862938, -0.7726683315065733249, 0.9833333333333048598 ) ) ;
#5065 = ORIENTED_EDGE ( 'NONE', *, *, #5988, .T. ) ;
#5066 = CARTESIAN_POINT ( 'NONE',  ( -0.8922005383792416255, 1.545336663013155531, 7.108333333333290760 ) ) ;
#5067 = CARTESIAN_POINT ( 'NONE',  ( 0.000000000000000000, -7.560902090037740558E-15, 13.65685424949233884 ) ) ;
#5068 = CARTESIAN_POINT ( 'NONE',  ( 1.176349993621389478, -1.041119734929969232, -7.913638237299124967 ) ) ;
#5069 = DIRECTION ( 'NONE',  ( 0.000000000000000000, 0.000000000000000000, -1.000000000000000000 ) ) ;
#5070 = ADVANCED_FACE ( 'NONE', ( #291 ), #4107, .T. ) ;
#5071 = DIRECTION ( 'NONE',  ( -0.000000000000000000, -0.000000000000000000, 1.000000000000000000 ) ) ;
#5072 = CARTESIAN_POINT ( 'NONE',  ( -1.892491597964109718E-16, -1.545336663013149980, -6.512500000000009059 ) ) ;
#5073 = ORIENTED_EDGE ( 'NONE', *, *, #922, .F. ) ;
#5074 = CARTESIAN_POINT ( 'NONE',  ( 1.545336663013154199, -0.4140717108885790809, -1.468760739116985015 ) ) ;
#5075 = CARTESIAN_POINT ( 'NONE',  ( 0.8922005383792426247, 1.545336663013155087, -3.508333333333349735 ) ) ;
#5076 = CARTESIAN_POINT ( 'NONE',  ( 1.999999999999996225, 2.091679895156829610E-15, 3.024999999999976819 ) ) ;
#5077 = CARTESIAN_POINT ( 'NONE',  ( -1.154700538379249464, 1.999999999999999556, 3.345833333333289694 ) ) ;
#5078 = EDGE_CURVE ( 'NONE', #204, #2935, #1396, .T. ) ;
#5079 = CARTESIAN_POINT ( 'NONE',  ( -1.764863307568864004, 1.018944305707780051, 1.238541666666641339 ) ) ;
#5080 = CARTESIAN_POINT ( 'NONE',  ( 1.999999999999996225, -0.5358983848622421720, 6.493739260883004683 ) ) ;
#5081 = CARTESIAN_POINT ( 'NONE',  ( -2.495693764988901954E-16, -2.037888611415550333, 9.915624999999948841 ) ) ;
#5082 = CARTESIAN_POINT ( 'NONE',  ( 1.732050807568873640, -0.9999999999999961142, 2.266666666666644847 ) ) ;
#5083 = CARTESIAN_POINT ( 'NONE',  ( 0.8922005383792508404, 1.545336663013150202, -0.008333333333358436401 ) ) ;
#5084 = CARTESIAN_POINT ( 'NONE',  ( -1.483820255970933477, 1.283479521483261943, 7.608266689329409971 ) ) ;
#5085 = VERTEX_POINT ( 'NONE', #2227 ) ;
#5086 = CARTESIAN_POINT ( 'NONE',  ( 3.784983195928219436E-16, 1.545336663013155754, -7.650000000000006573 ) ) ;
#5087 = CARTESIAN_POINT ( 'NONE',  ( 0.8922005383792426247, 1.545336663013155087, 5.679166666666627172 ) ) ;
#5088 = CARTESIAN_POINT ( 'NONE',  ( -2.495693764988901954E-16, -2.037888611415550333, -4.084375000000017408 ) ) ;
#5089 =( BOUNDED_CURVE ( )  B_SPLINE_CURVE ( 2, ( #2428, #2923, #2330, #4843, #3338, #1411, #3367, #523, #2893 ),
 .UNSPECIFIED., .F., .F. ) 
 B_SPLINE_CURVE_WITH_KNOTS ( ( 3, 2, 2, 2, 3 ),
 ( 0.5092592592592593004, 0.5123456790123457338, 0.5185185185185184897, 0.5246913580246913567, 0.5277777777777777901 ),
 .UNSPECIFIED. ) 
 CURVE ( )  GEOMETRIC_REPRESENTATION_ITEM ( )  RATIONAL_B_SPLINE_CURVE ( ( 0.9330127018922194093, 0.9330127018922194093, 1.000000000000000000, 0.8660254037844387076, 1.000000000000000000, 0.8660254037844387076, 1.000000000000000000, 0.9330127018922194093, 0.9330127018922194093 ) ) 
 REPRESENTATION_ITEM ( '' )  );
#5090 = CARTESIAN_POINT ( 'NONE',  ( -1.154700538379250130, -1.999999999999992673, 6.991666666666635166 ) ) ;
#5091 = CARTESIAN_POINT ( 'NONE',  ( -1.999999999999996669, -1.132993276543282844E-14, -4.237500000000022915 ) ) ;
#5092 = VERTEX_POINT ( 'NONE', #1784 ) ;
#5093 = CARTESIAN_POINT ( 'NONE',  ( 1.338300807568863382, 0.7726683315065783209, 0.6333333333333069914 ) ) ;
#5094 = ORIENTED_EDGE ( 'NONE', *, *, #3871, .T. ) ;
#5095 = CARTESIAN_POINT ( 'NONE',  ( -1.338300807568862938, -0.7726683315065733249, 5.183333333333295379 ) ) ;
#5096 = ADVANCED_FACE ( 'NONE', ( #6069 ), #2354, .T. ) ;
#5097 = CARTESIAN_POINT ( 'NONE',  ( -1.999999999999985789, -7.560902090037740558E-15, 13.65685424949233884 ) ) ;
#5098 = CARTESIAN_POINT ( 'NONE',  ( 0.8922005383792489530, 1.545336663013151313, -3.508333333333349735 ) ) ;
#5099 = CARTESIAN_POINT ( 'NONE',  ( 0.000000000000000000, 1.999999999999999112, 1.799999999999979394 ) ) ;
#5100 = FACE_OUTER_BOUND ( 'NONE', #218, .T. ) ;
#5101 = CARTESIAN_POINT ( 'NONE',  ( 1.513993278371287775E-15, 1.545336663013155754, -5.462500000000011013 ) ) ;
#5102 = CARTESIAN_POINT ( 'NONE',  ( -0.8922005383792416255, 1.545336663013155531, -1.904166666666686769 ) ) ;
#5103 = ORIENTED_EDGE ( 'NONE', *, *, #4346, .T. ) ;
#5104 = DIRECTION ( 'NONE',  ( -0.000000000000000000, -5.648303390429391465E-16, 1.000000000000000000 ) ) ;
#5105 = CARTESIAN_POINT ( 'NONE',  ( -1.338300807568862716, 0.7726683315065794311, -6.833333333333341919 ) ) ;
#5106 = CARTESIAN_POINT ( 'NONE',  ( 0.000000000000000000, -7.560902090037740558E-15, 13.65685424949233884 ) ) ;
#5107 = CARTESIAN_POINT ( 'NONE',  ( 1.154700538379248798, -1.999999999999993561, -2.691666666666675312 ) ) ;
#5108 = CARTESIAN_POINT ( 'NONE',  ( 1.176575538379244001, 2.037888611415556106, 6.663541666666628061 ) ) ;
#5109 = CARTESIAN_POINT ( 'NONE',  ( 1.999999999999996225, 2.091679895156829610E-15, 6.524999999999967493 ) ) ;
#5110 = CARTESIAN_POINT ( 'NONE',  ( 1.764863307568864448, 1.018944305707778275, 7.348958333333286852 ) ) ;
#5111 = CARTESIAN_POINT ( 'NONE',  ( 1.999999999999996225, -0.5358983848622421720, -3.306260739116971159 ) ) ;
#5112 = ADVANCED_FACE ( 'NONE', ( #5113 ), #1462, .T. ) ;
#5113 = FACE_OUTER_BOUND ( 'NONE', #1443, .T. ) ;
#5114 = DIRECTION ( 'NONE',  ( -0.8660254037844387076, -0.4999999999999999445, 0.000000000000000000 ) ) ;
#5115 = ORIENTED_EDGE ( 'NONE', *, *, #5450, .F. ) ;
#5116 = CARTESIAN_POINT ( 'NONE',  ( -1.176575538379242447, 2.037888611415556994, -7.219791666666671048 ) ) ;
#5117 = CARTESIAN_POINT ( 'NONE',  ( -1.892491597964109718E-16, -1.545336663013149980, 4.687499999999964473 ) ) ;
#5118 = CARTESIAN_POINT ( 'NONE',  ( 1.764863307568863338, -1.018944305707774722, -1.167708333333358217 ) ) ;
#5119 = CARTESIAN_POINT ( 'NONE',  ( -1.250000000000004663, -0.7216878364870418228, 8.660000000000001918 ) ) ;
#5120 = VECTOR ( 'NONE', #2690, 1000.000000000000000 ) ;
#5121 = AXIS2_PLACEMENT_3D ( 'NONE', #5106, #5202, #1805 ) ;
#5122 = CARTESIAN_POINT ( 'NONE',  ( -1.999999999999996669, -1.132993276543282844E-14, -5.637500000000018829 ) ) ;
#5123 = ORIENTED_EDGE ( 'NONE', *, *, #1362, .T. ) ;
#5124 = CARTESIAN_POINT ( 'NONE',  ( -0.8922005383792416255, 1.545336663013155531, 0.1083333333333075105 ) ) ;
#5125 = VECTOR ( 'NONE', #5828, 1000.000000000000000 ) ;
#5126 = ORIENTED_EDGE ( 'NONE', *, *, #1164, .F. ) ;
#5127 =( BOUNDED_CURVE ( )  B_SPLINE_CURVE ( 2, ( #5834, #3982, #5901, #1069, #1040, #2941, #5361, #2907, #1993 ),
 .UNSPECIFIED., .F., .F. ) 
 B_SPLINE_CURVE_WITH_KNOTS ( ( 3, 2, 2, 2, 3 ),
 ( 0.6759259259259259300, 0.6790123456790123635, 0.6851851851851851194, 0.6913580246913579863, 0.6944444444444444198 ),
 .UNSPECIFIED. ) 
 CURVE ( )  GEOMETRIC_REPRESENTATION_ITEM ( )  RATIONAL_B_SPLINE_CURVE ( ( 0.9330127018922194093, 0.9330127018922194093, 1.000000000000000000, 0.8660254037844387076, 1.000000000000000000, 0.8660254037844387076, 1.000000000000000000, 0.9330127018922194093, 0.9330127018922194093 ) ) 
 REPRESENTATION_ITEM ( '' )  );
#5128 = CARTESIAN_POINT ( 'NONE',  ( 1.338300807568862494, -0.7726683315065742130, 4.716666666666629482 ) ) ;
#5129 = CARTESIAN_POINT ( 'NONE',  ( -1.545336663013151757, 8.221464032352539560E-15, 0.2249999999999745537 ) ) ;
#5130 = CARTESIAN_POINT ( 'NONE',  ( 1.338300807568868711, 0.7726683315065691060, -3.566666666666683305 ) ) ;
#5131 = CARTESIAN_POINT ( 'NONE',  ( 1.545336663013151535, 1.010978615992467763E-14, 0.6624999999999751088 ) ) ;
#5132 = VECTOR ( 'NONE', #5930, 1000.000000000000000 ) ;
#5133 = CARTESIAN_POINT ( 'NONE',  ( 1.154700538379248798, -1.999999999999994005, 0.8958333333332959558 ) ) ;
#5134 = EDGE_CURVE ( 'NONE', #4751, #414, #2885, .T. ) ;
#5135 = DIRECTION ( 'NONE',  ( 1.000000000000000000, 0.000000000000000000, 0.000000000000000000 ) ) ;
#5136 = ORIENTED_EDGE ( 'NONE', *, *, #695, .F. ) ;
#5137 = CARTESIAN_POINT ( 'NONE',  ( 1.338300807568865380, 0.7726683315065744351, -4.879166666666678864 ) ) ;
#5138 = CARTESIAN_POINT ( 'NONE',  ( 1.338300807568863382, 0.7726683315065783209, -2.166666666666686503 ) ) ;
#5139 = CARTESIAN_POINT ( 'NONE',  ( -1.338300807568872708, -0.7726683315065565605, 0.9833333333333048598 ) ) ;
#5140 = CARTESIAN_POINT ( 'NONE',  ( 0.8922005383792364075, -1.545336663013153089, -0.1541666666666913210 ) ) ;
#5141 = EDGE_CURVE ( 'NONE', #1621, #1350, #4270, .T. ) ;
#5142 = CARTESIAN_POINT ( 'NONE',  ( -2.495693764988902447E-16, -2.037888611415550777, 8.471874999999958078 ) ) ;
#5143 = CARTESIAN_POINT ( 'NONE',  ( 1.338300807568869599, 0.7726683315065674407, 0.02083333333330848747 ) ) ;
#5144 = FACE_OUTER_BOUND ( 'NONE', #2332, .T. ) ;
#5145 = LINE ( 'NONE', #5620, #13 ) ;
#5146 = CARTESIAN_POINT ( 'NONE',  ( -1.219899228165704397, 1.297227238697463925, -7.698389507874732196 ) ) ;
#5147 = PERSON_AND_ORGANIZATION_ROLE ( 'design_owner' ) ;
#5148 = CARTESIAN_POINT ( 'NONE',  ( 0.000000000000000000, -7.560902090037740558E-15, 13.65685424949233884 ) ) ;
#5149 = EDGE_CURVE ( 'NONE', #4022, #4885, #5706, .T. ) ;
#5150 = ORIENTED_EDGE ( 'NONE', *, *, #2220, .F. ) ;
#5151 = CARTESIAN_POINT ( 'NONE',  ( -2.495693764988902447E-16, -2.037888611415550777, -4.828125000000010658 ) ) ;
#5152 = CARTESIAN_POINT ( 'NONE',  ( 1.784401076758483473, 2.541027550711231709E-15, 9.062499999999955591 ) ) ;
#5153 = CARTESIAN_POINT ( 'NONE',  ( -2.495693764988901954E-16, -2.037888611415550333, -1.284375000000024247 ) ) ;
#5154 = DIRECTION ( 'NONE',  ( 0.8660254037844385966, -0.4999999999999999445, 0.000000000000000000 ) ) ;
#5155 = FACE_OUTER_BOUND ( 'NONE', #4937, .T. ) ;
#5156 = ORIENTED_EDGE ( 'NONE', *, *, #3597, .T. ) ;
#5157 = CARTESIAN_POINT ( 'NONE',  ( -1.999999999999985789, -7.560902090037740558E-15, 13.65685424949233884 ) ) ;
#5158 = ORIENTED_EDGE ( 'NONE', *, *, #695, .T. ) ;
#5159 = CARTESIAN_POINT ( 'NONE',  ( -1.892491597964109718E-16, -1.545336663013149980, 3.899999999999964384 ) ) ;
#5160 = CARTESIAN_POINT ( 'NONE',  ( -1.545336663013151757, 3.457082048939760872E-15, 6.524999999999960387 ) ) ;
#5161 = CARTESIAN_POINT ( 'NONE',  ( -1.338300807568860495, 0.7726683315065832058, -3.333333333333350357 ) ) ;
#5162 = ORIENTED_EDGE ( 'NONE', *, *, #2642, .F. ) ;
#5163 = CARTESIAN_POINT ( 'NONE',  ( -1.545336663013154643, -4.357666448243395021E-16, 1.012499999999974865 ) ) ;
#5164 = DIRECTION ( 'NONE',  ( -0.000000000000000000, -0.000000000000000000, 1.000000000000000000 ) ) ;
#5165 =( BOUNDED_CURVE ( )  B_SPLINE_CURVE ( 2, ( #5702, #2842, #6083, #2773, #438, #4693, #2369, #2242, #5160 ),
 .UNSPECIFIED., .F., .F. ) 
 B_SPLINE_CURVE_WITH_KNOTS ( ( 3, 2, 2, 2, 3 ),
 ( 0.7685185185185186008, 0.7716049382716049232, 0.7777777777777777901, 0.7839506172839506570, 0.7870370370370370905 ),
 .UNSPECIFIED. ) 
 CURVE ( )  GEOMETRIC_REPRESENTATION_ITEM ( )  RATIONAL_B_SPLINE_CURVE ( ( 0.9330127018922194093, 0.9330127018922217408, 1.000000000000000000, 0.8660254037844387076, 1.000000000000000000, 0.8660254037844387076, 1.000000000000000000, 0.9330127018922180770, 0.9330127018922192983 ) ) 
 REPRESENTATION_ITEM ( '' )  );
#5166 = DIRECTION ( 'NONE',  ( 1.000000000000000000, 0.000000000000000000, 0.000000000000000000 ) ) ;
#5167 = ORIENTED_EDGE ( 'NONE', *, *, #596, .F. ) ;
#5168 = EDGE_LOOP ( 'NONE', ( #6048, #946 ) ) ;
#5169 = CARTESIAN_POINT ( 'NONE',  ( -1.338300807568847173, 0.7726683315066061875, 5.154166666666629482 ) ) ;
#5170 = CARTESIAN_POINT ( 'NONE',  ( 0.8922005383792411815, -1.545336663013150424, -0.9416666666666895225 ) ) ;
#5171 = CARTESIAN_POINT ( 'NONE',  ( -2.195864173721216267E-14, -1.545336663013149980, 1.799999999999970068 ) ) ;
#5172 = DIRECTION ( 'NONE',  ( -0.000000000000000000, -0.000000000000000000, 1.000000000000000000 ) ) ;
#5173 = CARTESIAN_POINT ( 'NONE',  ( 1.176575538379244001, 2.037888611415556106, 8.063541666666624863 ) ) ;
#5174 = CARTESIAN_POINT ( 'NONE',  ( -2.000000000000001332, 0.5358983848622385082, 2.643739260883015252 ) ) ;
#5175 = CARTESIAN_POINT ( 'NONE',  ( -1.732050807568873863, 1.000000000000001110, 6.116666666666635166 ) ) ;
#5176 = CARTESIAN_POINT ( 'NONE',  ( 0.000000000000000000, -7.560902090037740558E-15, 13.65685424949233884 ) ) ;
#5177 = EDGE_CURVE ( 'NONE', #48, #4944, #2206, .T. ) ;
#5178 = DIRECTION ( 'NONE',  ( 0.000000000000000000, 0.000000000000000000, -1.000000000000000000 ) ) ;
#5179 = CARTESIAN_POINT ( 'NONE',  ( 1.732050807568874751, 0.9999999999999995559, 4.483333333333305859 ) ) ;
#5180 = ORIENTED_EDGE ( 'NONE', *, *, #3637, .F. ) ;
#5181 = CARTESIAN_POINT ( 'NONE',  ( -1.176575538379242447, 2.037888611415556994, -5.819791666666674246 ) ) ;
#5182 = CARTESIAN_POINT ( 'NONE',  ( -1.338300807568862938, -0.7726683315065733249, 9.470833333333283477 ) ) ;
#5183 = CARTESIAN_POINT ( 'NONE',  ( -1.764863307568863560, 1.018944305707779829, 1.282291666666636409 ) ) ;
#5184 = CARTESIAN_POINT ( 'NONE',  ( 0.000000000000000000, 1.999999999999999556, 0.4874999999999642397 ) ) ;
#5185 = CARTESIAN_POINT ( 'NONE',  ( 1.338300807568870487, 0.7726683315065661084, 2.820833333333301773 ) ) ;
#5186 = CARTESIAN_POINT ( 'NONE',  ( -1.732050807568874085, -0.9999999999999947820, 1.333333333333313719 ) ) ;
#5187 = EDGE_LOOP ( 'NONE', ( #4855, #3635, #4031, #1086 ) ) ;
#5188 = CARTESIAN_POINT ( 'NONE',  ( -1.250000000000004663, 0.7216878364870283891, 8.660000000000001918 ) ) ;
#5189 = VERTEX_POINT ( 'NONE', #423 ) ;
#5190 =( BOUNDED_CURVE ( )  B_SPLINE_CURVE ( 2, ( #2527, #82, #113, #3883, #2021, #1482, #4443, #3947, #2903 ),
 .UNSPECIFIED., .F., .T. ) 
 B_SPLINE_CURVE_WITH_KNOTS ( ( 3, 2, 2, 2, 3 ),
 ( 0.3796296296296296502, 0.3827160493827160836, 0.3888888888888888395, 0.3950617283950617065, 0.3981481481481481399 ),
 .UNSPECIFIED. ) 
 CURVE ( )  GEOMETRIC_REPRESENTATION_ITEM ( )  RATIONAL_B_SPLINE_CURVE ( ( 0.9330127018922194093, 0.9330127018922194093, 1.000000000000000000, 0.8660254037844387076, 1.000000000000000000, 0.8660254037844387076, 1.000000000000000000, 0.9330127018922194093, 0.9330127018922194093 ) ) 
 REPRESENTATION_ITEM ( '' )  );
#5191 = CARTESIAN_POINT ( 'NONE',  ( 1.338300807568862494, -0.7726683315065742130, 7.516666666666621310 ) ) ;
#5192 = CARTESIAN_POINT ( 'NONE',  ( -1.552639347747164944, -1.260678807558544667, 7.650000000000001243 ) ) ;
#5193 = CARTESIAN_POINT ( 'NONE',  ( 1.999999999999996669, -0.5358983848622422830, 3.781239260882991449 ) ) ;
#5194 = ORIENTED_EDGE ( 'NONE', *, *, #644, .F. ) ;
#5195 = CARTESIAN_POINT ( 'NONE',  ( 1.999999999999997113, -2.672702088255949867E-15, -5.287500000000021849 ) ) ;
#5196 = CARTESIAN_POINT ( 'NONE',  ( -0.8922005383792455113, -1.545336663013147538, 0.4291666666666419383 ) ) ;
#5197 = VERTEX_POINT ( 'NONE', #4708 ) ;
#5198 = ORIENTED_EDGE ( 'NONE', *, *, #2439, .T. ) ;
#5199 = ORIENTED_EDGE ( 'NONE', *, *, #5743, .F. ) ;
#5200 = CYLINDRICAL_SURFACE ( 'NONE', #3730, 1.999999999999985789 ) ;
#5201 = CARTESIAN_POINT ( 'NONE',  ( 1.784401076758483473, 2.541027550711231709E-15, -0.1250000000000243972 ) ) ;
#5202 = DIRECTION ( 'NONE',  ( 0.000000000000000000, 0.000000000000000000, -1.000000000000000000 ) ) ;
#5203 =( BOUNDED_CURVE ( )  B_SPLINE_CURVE ( 2, ( #4857, #3914, #4414, #5833, #3980, #1579, #1517, #86, #4502 ),
 .UNSPECIFIED., .F., .F. ) 
 B_SPLINE_CURVE_WITH_KNOTS ( ( 3, 2, 2, 2, 3 ),
 ( 0.5648148148148148806, 0.5679012345679012030, 0.5740740740740740700, 0.5802469135802469369, 0.5833333333333333703 ),
 .UNSPECIFIED. ) 
 CURVE ( )  GEOMETRIC_REPRESENTATION_ITEM ( )  RATIONAL_B_SPLINE_CURVE ( ( 0.9330127018922192983, 0.9330127018922205195, 1.000000000000000000, 0.8660254037844387076, 1.000000000000000000, 0.8660254037844387076, 1.000000000000000000, 0.9330127018922194093, 0.9330127018922194093 ) ) 
 REPRESENTATION_ITEM ( '' )  );
#5204 = CARTESIAN_POINT ( 'NONE',  ( 1.545336663013154421, -1.060365502405892772E-14, 2.062499999999970690 ) ) ;
#5205 = CARTESIAN_POINT ( 'NONE',  ( -1.764863307568864004, 1.018944305707780051, 6.138541666666628593 ) ) ;
#5206 = CARTESIAN_POINT ( 'NONE',  ( -1.545336663013153089, -0.4140717108885747511, -6.043739260883046249 ) ) ;
#5207 = DIRECTION ( 'NONE',  ( -0.000000000000000000, -0.000000000000000000, 1.000000000000000000 ) ) ;
#5208 = FACE_OUTER_BOUND ( 'NONE', #3845, .T. ) ;
#5209 = CARTESIAN_POINT ( 'NONE',  ( -1.732050807568874307, 1.000000000000001332, -7.095833333333350978 ) ) ;
#5210 = CARTESIAN_POINT ( 'NONE',  ( -0.8922005383792319666, 1.545336663013161083, -1.991666666666687568 ) ) ;
#5211 = ADVANCED_FACE ( 'NONE', ( #982 ), #3764, .T. ) ;
#5212 = ORIENTED_EDGE ( 'NONE', *, *, #4249, .F. ) ;
#5213 = CARTESIAN_POINT ( 'NONE',  ( -1.176575538379243335, -2.037888611415550333, -6.286458333333339255 ) ) ;
#5214 = FACE_OUTER_BOUND ( 'NONE', #2623, .T. ) ;
#5215 = CARTESIAN_POINT ( 'NONE',  ( -2.495693764988901954E-16, -2.037888611415550333, 2.215624999999967759 ) ) ;
#5216 = CARTESIAN_POINT ( 'NONE',  ( -1.154700538379249464, 1.999999999999999556, 0.5458333333332980875 ) ) ;
#5217 = CARTESIAN_POINT ( 'NONE',  ( 1.545336663013159528, 0.4140717108885667019, 2.006260739116934477 ) ) ;
#5218 = CONICAL_SURFACE ( 'NONE', #5325, 1.474999999999987876, 0.7853981633974480570 ) ;
#5219 = FACE_OUTER_BOUND ( 'NONE', #1466, .T. ) ;
#5220 = VERTEX_POINT ( 'NONE', #2417 ) ;
#5221 = CARTESIAN_POINT ( 'NONE',  ( 1.545336663013153089, 0.4140717108885807463, -6.306239260883045539 ) ) ;
#5222 = CARTESIAN_POINT ( 'NONE',  ( 1.999999999999997113, -7.437084071668730132E-15, -3.887500000000025935 ) ) ;
#5223 = CARTESIAN_POINT ( 'NONE',  ( 1.338300807568862494, -0.7726683315065742130, -1.495833333333354220 ) ) ;
#5224 = CARTESIAN_POINT ( 'NONE',  ( -1.338300807568862938, -0.7726683315065733249, 9.383333333333283122 ) ) ;
#5225 = CARTESIAN_POINT ( 'NONE',  ( -2.059984127722458425E-15, -1.443375672974075652, 10.20000000000000284 ) ) ;
#5226 = CIRCLE ( 'NONE', #2317, 1.999999999999985789 ) ;
#5227 = CARTESIAN_POINT ( 'NONE',  ( 1.999999999999996669, -2.672702088255949867E-15, -3.975000000000005418 ) ) ;
#5228 = ORIENTED_EDGE ( 'NONE', *, *, #408, .T. ) ;
#5229 = CARTESIAN_POINT ( 'NONE',  ( 0.8922005383792426247, 1.545336663013155309, -7.620833333333338899 ) ) ;
#5230 = CARTESIAN_POINT ( 'NONE',  ( -0.09766419351501207102, 1.386989224557983569, 10.14361355158392364 ) ) ;
#5231 = VERTEX_POINT ( 'NONE', #387 ) ;
#5232 = SECURITY_CLASSIFICATION ( '', '', #1753 ) ;
#5233 = ORIENTED_EDGE ( 'NONE', *, *, #663, .T. ) ;
#5234 = EDGE_CURVE ( 'NONE', #2442, #3468, #3864, .T. ) ;
#5235 = EDGE_LOOP ( 'NONE', ( #5929, #5973, #5212, #3970 ) ) ;
#5236 = CARTESIAN_POINT ( 'NONE',  ( 1.817174547434111056E-14, 1.545336663013155754, 5.037499999999964118 ) ) ;
#5237 = VECTOR ( 'NONE', #3434, 1000.000000000000000 ) ;
#5238 = CARTESIAN_POINT ( 'NONE',  ( -1.784401076758483473, 2.978079764120704978E-15, -1.875000000000020650 ) ) ;
#5239 = CYLINDRICAL_SURFACE ( 'NONE', #3120, 1.999999999999985789 ) ;
#5240 = CARTESIAN_POINT ( 'NONE',  ( -1.545336663013151313, -1.098131944957335565E-14, 5.824999999999962874 ) ) ;
#5241 = VECTOR ( 'NONE', #5269, 1000.000000000000000 ) ;
#5242 = CARTESIAN_POINT ( 'NONE',  ( -1.764863307568864226, -1.018944305707773612, 4.855208333333299819 ) ) ;
#5243 = CARTESIAN_POINT ( 'NONE',  ( 1.545336663013151535, -4.938688641342515672E-16, -0.03750000000002297329 ) ) ;
#5244 = CARTESIAN_POINT ( 'NONE',  ( -1.545336663013155531, -0.4140717108885659248, 1.743760739116935632 ) ) ;
#5245 = CARTESIAN_POINT ( 'NONE',  ( -1.999999999999997113, -6.565550782020048959E-15, -6.337500000000019007 ) ) ;
#5246 =( BOUNDED_CURVE ( )  B_SPLINE_CURVE ( 2, ( #5240, #921, #3354, #5271, #950, #5301, #2971, #1488, #3413 ),
 .UNSPECIFIED., .F., .T. ) 
 B_SPLINE_CURVE_WITH_KNOTS ( ( 3, 2, 2, 2, 3 ),
 ( 0.7500000000000001110, 0.7530864197530864335, 0.7592592592592593004, 0.7654320987654320563, 0.7685185185185186008 ),
 .UNSPECIFIED. ) 
 CURVE ( )  GEOMETRIC_REPRESENTATION_ITEM ( )  RATIONAL_B_SPLINE_CURVE ( ( 0.9330127018922194093, 0.9330127018922217408, 1.000000000000000000, 0.8660254037844387076, 1.000000000000000000, 0.8660254037844387076, 1.000000000000000000, 0.9330127018922169668, 0.9330127018922194093 ) ) 
 REPRESENTATION_ITEM ( '' )  );
#5247 = CARTESIAN_POINT ( 'NONE',  ( -1.154700538379250352, -1.999999999999993117, 4.279166666666621488 ) ) ;
#5248 = EDGE_LOOP ( 'NONE', ( #2827, #4004, #3938, #5233, #4986 ) ) ;
#5249 = CARTESIAN_POINT ( 'NONE',  ( 1.176575538379242003, -2.037888611415551221, -2.669791666666681884 ) ) ;
#5250 = CARTESIAN_POINT ( 'NONE',  ( -2.449293598294701977E-16, -1.999999999999993117, 4.949999999999971756 ) ) ;
#5251 = CARTESIAN_POINT ( 'NONE',  ( -1.764863307568863782, -1.018944305707773390, 2.798958333333299020 ) ) ;
#5252 = CARTESIAN_POINT ( 'NONE',  ( -1.338300807568860495, 0.7726683315065828728, -3.945833333333347959 ) ) ;
#5253 = EDGE_CURVE ( 'NONE', #5092, #1621, #2723, .T. ) ;
#5254 = CYLINDRICAL_SURFACE ( 'NONE', #6032, 1.545336663013152867 ) ;
#5255 = CARTESIAN_POINT ( 'NONE',  ( -2.105177523590381515E-16, 1.443375672974062995, 8.660000000000001918 ) ) ;
#5256 = ORIENTED_EDGE ( 'NONE', *, *, #3466, .F. ) ;
#5257 = CARTESIAN_POINT ( 'NONE',  ( 1.732050807568874751, 0.9999999999999995559, 0.9833333333333158510 ) ) ;
#5258 = FACE_OUTER_BOUND ( 'NONE', #90, .T. ) ;
#5259 = CARTESIAN_POINT ( 'NONE',  ( 0.000000000000000000, 1.545336663013155754, 0.1374999999999744482 ) ) ;
#5260 = CARTESIAN_POINT ( 'NONE',  ( 1.338300807568863382, 0.7726683315065783209, 9.733333333333282766 ) ) ;
#5261 = CARTESIAN_POINT ( 'NONE',  ( -1.545336663013153311, 4.561024215828087150E-15, -1.787500000000019629 ) ) ;
#5262 = CARTESIAN_POINT ( 'NONE',  ( 1.338300807568854944, -0.7726683315065866475, 6.204166666666626639 ) ) ;
#5263 = ORIENTED_EDGE ( 'NONE', *, *, #818, .F. ) ;
#5264 = EDGE_CURVE ( 'NONE', #4698, #594, #1842, .T. ) ;
#5265 = CARTESIAN_POINT ( 'NONE',  ( -0.5135752358548891783, 1.146862872304117653, 10.00689518559269331 ) ) ;
#5266 = ORIENTED_EDGE ( 'NONE', *, *, #4757, .F. ) ;
#5267 = ORIENTED_EDGE ( 'NONE', *, *, #2660, .T. ) ;
#5268 = VERTEX_POINT ( 'NONE', #5753 ) ;
#5269 = DIRECTION ( 'NONE',  ( -0.000000000000000000, -0.000000000000000000, 1.000000000000000000 ) ) ;
#5270 = CARTESIAN_POINT ( 'NONE',  ( 1.545336663013149314, -0.4140717108885879072, 1.943739260883005304 ) ) ;
#5271 = CARTESIAN_POINT ( 'NONE',  ( -0.8922005383792483979, -1.545336663013146206, 5.941666666666626462 ) ) ;
#5272 = CARTESIAN_POINT ( 'NONE',  ( 1.176575538379242003, -2.037888611415551221, 10.63020833333328596 ) ) ;
#5273 = FACE_OUTER_BOUND ( 'NONE', #5168, .T. ) ;
#5274 = CARTESIAN_POINT ( 'NONE',  ( -1.999999999999985789, -7.560902090037738980E-15, 7.999999999999998224 ) ) ;
#5275 = CARTESIAN_POINT ( 'NONE',  ( 0.8922005383792621647, 1.545336663013143763, 0.6916666666666391183 ) ) ;
#5276 = DIRECTION ( 'NONE',  ( 0.000000000000000000, 0.000000000000000000, -1.000000000000000000 ) ) ;
#5277 = EDGE_CURVE ( 'NONE', #4885, #3926, #1433, .T. ) ;
#5278 = CARTESIAN_POINT ( 'NONE',  ( -1.999999999999996225, 3.079417623425332547E-15, 7.574999999999963762 ) ) ;
#5279 = EDGE_LOOP ( 'NONE', ( #3767, #1118, #4896, #2613 ) ) ;
#5280 = CARTESIAN_POINT ( 'NONE',  ( 0.000000000000000000, 2.037888611415556994, -5.178125000000009415 ) ) ;
#5281 = CARTESIAN_POINT ( 'NONE',  ( 0.000000000000000000, 1.545336663013155754, 8.537499999999953459 ) ) ;
#5282 = CARTESIAN_POINT ( 'NONE',  ( 1.764863307568864448, 1.018944305707778275, 1.048958333333302795 ) ) ;
#5283 = CARTESIAN_POINT ( 'NONE',  ( 1.154700538379250796, 1.999999999999999334, 0.4291666666666304475 ) ) ;
#5284 = ADVANCED_FACE ( 'NONE', ( #955 ), #2480, .T. ) ;
#5285 = CARTESIAN_POINT ( 'NONE',  ( 7.569966391856438873E-16, 1.545336663013155754, -6.862500000000007816 ) ) ;
#5286 = CARTESIAN_POINT ( 'NONE',  ( -1.250000000000004441, 0.1271651115996553505, 10.00663232927879776 ) ) ;
#5287 = ORIENTED_EDGE ( 'NONE', *, *, #2273, .F. ) ;
#5288 = CARTESIAN_POINT ( 'NONE',  ( 1.250000000000004885, -0.7216878364870404905, 10.20000000000000284 ) ) ;
#5289 = LINE ( 'NONE', #2897, #997 ) ;
#5290 = CARTESIAN_POINT ( 'NONE',  ( -1.338300807568862938, -0.7726683315065733249, 0.3708333333333080906 ) ) ;
#5291 = CARTESIAN_POINT ( 'NONE',  ( 1.784401076758483473, 2.541027550711231709E-15, 7.574999999999954881 ) ) ;
#5292 = CARTESIAN_POINT ( 'NONE',  ( 1.545336663013153311, 9.122048431656175878E-15, -2.137500000000017941 ) ) ;
#5293 = CARTESIAN_POINT ( 'NONE',  ( -2.422963165476909305E-14, -1.545336663013149980, 6.087499999999961275 ) ) ;
#5294 = ORIENTED_EDGE ( 'NONE', *, *, #1092, .T. ) ;
#5295 = DIRECTION ( 'NONE',  ( 0.4999999999999997780, 0.8660254037844388186, 0.000000000000000000 ) ) ;
#5296 = VERTEX_POINT ( 'NONE', #4482 ) ;
#5297 = ORIENTED_EDGE ( 'NONE', *, *, #2759, .T. ) ;
#5298 = EDGE_CURVE ( 'NONE', #1017, #1775, #3923, .T. ) ;
#5299 =( BOUNDED_CURVE ( )  B_SPLINE_CURVE ( 2, ( #4503, #3060, #656, #3558, #2027, #5389, #5985, #1667, #5506 ),
 .UNSPECIFIED., .F., .T. ) 
 B_SPLINE_CURVE_WITH_KNOTS ( ( 3, 2, 2, 2, 3 ),
 ( 0.3055555555555555802, 0.3086419753086419582, 0.3148148148148148251, 0.3209876543209876365, 0.3240740740740741255 ),
 .UNSPECIFIED. ) 
 CURVE ( )  GEOMETRIC_REPRESENTATION_ITEM ( )  RATIONAL_B_SPLINE_CURVE ( ( 0.9330127018922194093, 0.9330127018922199644, 1.000000000000000000, 0.8660254037844387076, 1.000000000000000000, 0.8660254037844387076, 1.000000000000000000, 0.9330127018922180770, 0.9330127018922192983 ) ) 
 REPRESENTATION_ITEM ( '' )  );
#5300 = CARTESIAN_POINT ( 'NONE',  ( 1.999999999999996225, 2.091679895156829610E-15, 3.024999999999976819 ) ) ;
#5301 = CARTESIAN_POINT ( 'NONE',  ( 0.8922005383792001032, -1.545336663013174405, 6.058333333333292714 ) ) ;
#5302 = CARTESIAN_POINT ( 'NONE',  ( -0.8922005383792416255, 1.545336663013155531, -7.504166666666672647 ) ) ;
#5303 = CARTESIAN_POINT ( 'NONE',  ( 1.545336663013151313, 1.135898387508778358E-14, 5.474999999999962341 ) ) ;
#5304 = CARTESIAN_POINT ( 'NONE',  ( 0.4763960627184659069, -1.606997904297511104, -7.815190830785936349 ) ) ;
#5305 = CARTESIAN_POINT ( 'NONE',  ( -1.999999999999997113, -6.565550782020048959E-15, -6.337500000000019007 ) ) ;
#5306 = CARTESIAN_POINT ( 'NONE',  ( -2.000000000000001332, 0.5358983848622385082, 6.843739260883005215 ) ) ;
#5307 = ORIENTED_EDGE ( 'NONE', *, *, #1526, .T. ) ;
#5308 = CARTESIAN_POINT ( 'NONE',  ( -1.764863307568864004, 1.018944305707780051, -0.8614583333333529769 ) ) ;
#5309 = EDGE_CURVE ( 'NONE', #594, #4819, #1619, .T. ) ;
#5310 = CARTESIAN_POINT ( 'NONE',  ( 0.000000000000000000, 1.999999999999999556, -3.012500000000027267 ) ) ;
#5311 = CARTESIAN_POINT ( 'NONE',  ( -2.353151076758484894, 3.012905657471457707E-15, 1.340624999999968869 ) ) ;
#5312 = CARTESIAN_POINT ( 'NONE',  ( 0.8922005383792483979, 1.545336663013151757, -4.120833333333347781 ) ) ;
#5313 = CARTESIAN_POINT ( 'NONE',  ( 1.338300807568875372, 0.7726683315065568936, 2.033333333333303905 ) ) ;
#5314 = CARTESIAN_POINT ( 'NONE',  ( 1.545336663013153311, 9.122048431656175878E-15, -2.225000000000019185 ) ) ;
#5315 = ORIENTED_EDGE ( 'NONE', *, *, #4512, .F. ) ;
#5316 = CARTESIAN_POINT ( 'NONE',  ( -1.732050807568874307, 1.000000000000001332, 2.004166666666626906 ) ) ;
#5317 = CARTESIAN_POINT ( 'NONE',  ( -0.8922005383792422917, -1.545336663013149758, -3.070833333333349735 ) ) ;
#5318 = CARTESIAN_POINT ( 'NONE',  ( -1.338300807568862716, 0.7726683315065794311, 9.266666666666619534 ) ) ;
#5319 = CARTESIAN_POINT ( 'NONE',  ( -1.545336663013152867, -0.4140717108885709208, -1.143739260883057884 ) ) ;
#5320 = CARTESIAN_POINT ( 'NONE',  ( 0.3076446898331327562, -1.662648325973471453, 7.337320223848428746 ) ) ;
#5321 = ORIENTED_EDGE ( 'NONE', *, *, #2751, .F. ) ;
#5322 = CARTESIAN_POINT ( 'NONE',  ( -1.154700538379250352, -1.999999999999993117, 5.679166666666616514 ) ) ;
#5323 = EDGE_LOOP ( 'NONE', ( #3233, #3009, #911, #652 ) ) ;
#5324 = VERTEX_POINT ( 'NONE', #572 ) ;
#5325 = AXIS2_PLACEMENT_3D ( 'NONE', #332, #5029, #1822 ) ;
#5326 = CARTESIAN_POINT ( 'NONE',  ( -1.732050807568874307, 1.000000000000001332, -6.395833333333352577 ) ) ;
#5327 = CARTESIAN_POINT ( 'NONE',  ( -5.677474793892328908E-16, -1.545336663013149980, -7.212500000000007461 ) ) ;
#5328 = VECTOR ( 'NONE', #449, 1000.000000000000000 ) ;
#5329 = ADVANCED_FACE ( 'NONE', ( #5876 ), #3537, .T. ) ;
#5330 = AXIS2_PLACEMENT_3D ( 'NONE', #1348, #6017, #3397 ) ;
#5331 = CARTESIAN_POINT ( 'NONE',  ( 1.999999999999985789, -7.315972730208273417E-15, 13.65685424949233884 ) ) ;
#5332 = CARTESIAN_POINT ( 'NONE',  ( -0.8922005383792422917, -1.545336663013149758, -7.970833333333338544 ) ) ;
#5333 = VECTOR ( 'NONE', #1949, 1000.000000000000000 ) ;
#5334 =( BOUNDED_CURVE ( )  B_SPLINE_CURVE ( 2, ( #2259, #2192, #791, #2728, #2157, #5621, #1267, #1305, #4076 ),
 .UNSPECIFIED., .F., .F. ) 
 B_SPLINE_CURVE_WITH_KNOTS ( ( 3, 2, 2, 2, 3 ),
 ( 0.3425925925925926152, 0.3456790123456789932, 0.3518518518518518601, 0.3580246913580246715, 0.3611111111111111605 ),
 .UNSPECIFIED. ) 
 CURVE ( )  GEOMETRIC_REPRESENTATION_ITEM ( )  RATIONAL_B_SPLINE_CURVE ( ( 0.9330127018922194093, 0.9330127018922199644, 1.000000000000000000, 0.8660254037844387076, 1.000000000000000000, 0.8660254037844387076, 1.000000000000000000, 0.9330127018922180770, 0.9330127018922192983 ) ) 
 REPRESENTATION_ITEM ( '' )  );
#5335 = CARTESIAN_POINT ( 'NONE',  ( 1.545336663013149536, 0.4140717108885779152, 5.506260739116926040 ) ) ;
#5336 = CARTESIAN_POINT ( 'NONE',  ( 0.8922005383792411815, -1.545336663013150424, -7.941666666666673535 ) ) ;
#5337 = CARTESIAN_POINT ( 'NONE',  ( 1.338300807568870709, 0.7726683315065654423, 4.220833333333298576 ) ) ;
#5338 = EDGE_CURVE ( 'NONE', #4994, #3583, #4864, .T. ) ;
#5339 = CARTESIAN_POINT ( 'NONE',  ( -1.338300807568873596, -0.7726683315065545621, 5.270833333333295734 ) ) ;
#5340 = VECTOR ( 'NONE', #2906, 1000.000000000000000 ) ;
#5341 = ORIENTED_EDGE ( 'NONE', *, *, #1244, .T. ) ;
#5342 = CARTESIAN_POINT ( 'NONE',  ( 1.764863307568864892, 1.018944305707778497, -1.794791666666684105 ) ) ;
#5343 = CARTESIAN_POINT ( 'NONE',  ( -1.999999999999999112, 0.5358983848622429491, -2.868760739116991587 ) ) ;
#5344 = CARTESIAN_POINT ( 'NONE',  ( 0.000000000000000000, 2.037888611415556550, 4.665624999999961275 ) ) ;
#5345 = LINE ( 'NONE', #4432, #4616 ) ;
#5346 = CARTESIAN_POINT ( 'NONE',  ( 1.999999999999996669, 2.091679895156829610E-15, 3.112499999999957190 ) ) ;
#5347 = ADVANCED_FACE ( 'NONE', ( #1138 ), #4365, .T. ) ;
#5348 = CARTESIAN_POINT ( 'NONE',  ( 1.545336663013152423, 0.4140717108885806352, -1.493739260883056863 ) ) ;
#5349 = ORIENTED_EDGE ( 'NONE', *, *, #484, .F. ) ;
#5350 = CARTESIAN_POINT ( 'NONE',  ( -1.545336663013152867, 2.062628785501874071E-15, -6.775000000000008349 ) ) ;
#5351 = CARTESIAN_POINT ( 'NONE',  ( -0.8922005383792324107, 1.545336663013161083, -2.604166666666685170 ) ) ;
#5352 = CARTESIAN_POINT ( 'NONE',  ( 0.8922005383792411815, -1.545336663013150424, 1.245833333333305371 ) ) ;
#5353 = CARTESIAN_POINT ( 'NONE',  ( 0.000000000000000000, 2.037888611415556550, -7.234375000000009770 ) ) ;
#5354 = CARTESIAN_POINT ( 'NONE',  ( -1.338300807568866269, -0.7726683315065669966, -1.116666666666689345 ) ) ;
#5355 = CARTESIAN_POINT ( 'NONE',  ( -1.545336663013151313, -1.098131944957335565E-14, 5.912499999999964118 ) ) ;
#5356 = EDGE_LOOP ( 'NONE', ( #1665, #1248, #1358, #3939 ) ) ;
#5357 = ADVANCED_FACE ( 'NONE', ( #3418 ), #5933, .T. ) ;
#5358 = CARTESIAN_POINT ( 'NONE',  ( -7.571879458799268886E-15, -1.545336663013149980, -4.500000000000014211 ) ) ;
#5359 = ORIENTED_EDGE ( 'NONE', *, *, #2636, .T. ) ;
#5360 = ORIENTED_EDGE ( 'NONE', *, *, #229, .F. ) ;
#5361 = CARTESIAN_POINT ( 'NONE',  ( -1.732050807568874085, -0.9999999999999947820, -2.166666666666677621 ) ) ;
#5362 = CARTESIAN_POINT ( 'NONE',  ( 1.338300807568861384, -0.7726683315065756563, -7.183333333333340676 ) ) ;
#5363 = CARTESIAN_POINT ( 'NONE',  ( -1.176575538379242447, 2.037888611415556994, 10.28020833333328810 ) ) ;
#5364 = EDGE_CURVE ( 'NONE', #3629, #2571, #288, .T. ) ;
#5365 = CARTESIAN_POINT ( 'NONE',  ( -0.8922005383792167565, 1.545336663013169964, 5.708333333333293957 ) ) ;
#5366 = CARTESIAN_POINT ( 'NONE',  ( 1.338300807568862494, -0.7726683315065742130, -7.183333333333340676 ) ) ;
#5367 = LINE ( 'NONE', #3958, #2213 ) ;
#5368 = CARTESIAN_POINT ( 'NONE',  ( 0.000000000000000000, -7.560902090037740558E-15, 13.65685424949233884 ) ) ;
#5369 =( BOUNDED_CURVE ( )  B_SPLINE_CURVE ( 2, ( #2900, #24, #559, #5862, #79, #1544, #1509, #943, #4789 ),
 .UNSPECIFIED., .F., .F. ) 
 B_SPLINE_CURVE_WITH_KNOTS ( ( 3, 2, 2, 2, 3 ),
 ( 0.7314814814814816213, 0.7345679012345679437, 0.7407407407407406996, 0.7469135802469135665, 0.7500000000000001110 ),
 .UNSPECIFIED. ) 
 CURVE ( )  GEOMETRIC_REPRESENTATION_ITEM ( )  RATIONAL_B_SPLINE_CURVE ( ( 0.9330127018922194093, 0.9330127018922217408, 1.000000000000000000, 0.8660254037844387076, 1.000000000000000000, 0.8660254037844387076, 1.000000000000000000, 0.9330127018922169668, 0.9330127018922194093 ) ) 
 REPRESENTATION_ITEM ( '' )  );
#5370 = ORIENTED_EDGE ( 'NONE', *, *, #2583, .F. ) ;
#5371 = CARTESIAN_POINT ( 'NONE',  ( -2.495693764988902447E-16, -2.037888611415550777, 0.07187499999997820632 ) ) ;
#5372 = EDGE_CURVE ( 'NONE', #1539, #3660, #1180, .T. ) ;
#5373 = CARTESIAN_POINT ( 'NONE',  ( -0.8922005383792189770, 1.545336663013168632, 1.595833333333305015 ) ) ;
#5374 = CARTESIAN_POINT ( 'NONE',  ( 1.764863307568864448, 1.018944305707778275, 3.848958333333296178 ) ) ;
#5375 = CARTESIAN_POINT ( 'NONE',  ( 1.154700538379250796, 1.999999999999999334, 7.429166666666613850 ) ) ;
#5376 = CARTESIAN_POINT ( 'NONE',  ( 1.154700538379248798, -1.999999999999993561, 4.308333333333306925 ) ) ;
#5377 = CARTESIAN_POINT ( 'NONE',  ( 1.999999999999996225, 2.091679895156829610E-15, -1.875000000000010880 ) ) ;
#5378 = ORIENTED_EDGE ( 'NONE', *, *, #1671, .T. ) ;
#5379 = CARTESIAN_POINT ( 'NONE',  ( 1.999999999999997113, 0.5358983848622465018, 1.743760739116925862 ) ) ;
#5380 = CARTESIAN_POINT ( 'NONE',  ( -1.784401076758483473, 2.978079764120704978E-15, 2.412499999999970335 ) ) ;
#5381 = CARTESIAN_POINT ( 'NONE',  ( 1.176575538379241559, -2.037888611415550777, -5.426041666666682417 ) ) ;
#5382 = FACE_OUTER_BOUND ( 'NONE', #3949, .T. ) ;
#5383 = CARTESIAN_POINT ( 'NONE',  ( -1.545336663013151313, 1.653008139366994771E-14, 1.624999999999970690 ) ) ;
#5384 = CARTESIAN_POINT ( 'NONE',  ( -1.545336663013153089, 6.768908549604742074E-15, -4.675000000000014921 ) ) ;
#5385 = ORIENTED_EDGE ( 'NONE', *, *, #4961, .F. ) ;
#5386 = ORIENTED_EDGE ( 'NONE', *, *, #4036, .T. ) ;
#5387 = EDGE_CURVE ( 'NONE', #4513, #2713, #4415, .T. ) ;
#5388 = FACE_OUTER_BOUND ( 'NONE', #4120, .T. ) ;
#5389 = CARTESIAN_POINT ( 'NONE',  ( 0.8922005383792377398, -1.545336663013152423, -2.254166666666685526 ) ) ;
#5390 = FACE_OUTER_BOUND ( 'NONE', #826, .T. ) ;
#5391 = CARTESIAN_POINT ( 'NONE',  ( -1.999999999999994005, -0.5358983848622458357, -3.506239260883061704 ) ) ;
#5392 = CC_DESIGN_DATE_AND_TIME_ASSIGNMENT ( #5053, #4613, ( #4856 ) ) ;
#5393 = CARTESIAN_POINT ( 'NONE',  ( 1.176575538379244001, 2.037888611415556106, 9.463541666666619889 ) ) ;
#5394 = FACE_OUTER_BOUND ( 'NONE', #3866, .T. ) ;
#5395 =( BOUNDED_CURVE ( )  B_SPLINE_CURVE ( 2, ( #1290, #2278, #1740, #4667, #5101, #342, #1357, #3282, #6118 ),
 .UNSPECIFIED., .F., .T. ) 
 B_SPLINE_CURVE_WITH_KNOTS ( ( 3, 2, 2, 2, 3 ),
 ( 0.1388888888888888951, 0.1419753086419753008, 0.1481481481481481399, 0.1543209876543209791, 0.1574074074074074125 ),
 .UNSPECIFIED. ) 
 CURVE ( )  GEOMETRIC_REPRESENTATION_ITEM ( )  RATIONAL_B_SPLINE_CURVE ( ( 0.9330127018922194093, 0.9330127018922196314, 1.000000000000000000, 0.8660254037844387076, 1.000000000000000000, 0.8660254037844387076, 1.000000000000000000, 0.9330127018922190762, 0.9330127018922194093 ) ) 
 REPRESENTATION_ITEM ( '' )  );
#5396 = CARTESIAN_POINT ( 'NONE',  ( -1.338300807568862716, 0.7726683315065794311, -7.533333333333340320 ) ) ;
#5397 = DIRECTION ( 'NONE',  ( -1.000000000000000000, 0.000000000000000000, 0.000000000000000000 ) ) ;
#5398 = CARTESIAN_POINT ( 'NONE',  ( 1.154700538379250574, 1.999999999999998224, 6.641666666666633745 ) ) ;
#5399 = VERTEX_POINT ( 'NONE', #124 ) ;
#5400 = CARTESIAN_POINT ( 'NONE',  ( -1.176575538379243335, -2.037888611415550333, 0.7135416666666436480 ) ) ;
#5401 = CARTESIAN_POINT ( 'NONE',  ( 1.999999999999997113, 0.5358983848622465018, -3.156239260883062503 ) ) ;
#5402 = CARTESIAN_POINT ( 'NONE',  ( 1.764863307568863338, -1.018944305707774722, 3.732291666666630370 ) ) ;
#5403 = CARTESIAN_POINT ( 'NONE',  ( -0.2413230523671811290, 1.719150032988220111, -7.743153484497074857 ) ) ;
#5404 = CARTESIAN_POINT ( 'NONE',  ( -2.449293598294702470E-16, -1.999999999999993561, 2.937499999999957812 ) ) ;
#5405 = CARTESIAN_POINT ( 'NONE',  ( 1.999999999999996669, 2.091679895156829610E-15, -1.787500000000030287 ) ) ;
#5406 = EDGE_CURVE ( 'NONE', #465, #5517, #5367, .T. ) ;
#5407 =( BOUNDED_CURVE ( )  B_SPLINE_CURVE ( 2, ( #2463, #3490, #646, #4494, #1088, #5916, #3020, #5889, #4377 ),
 .UNSPECIFIED., .F., .T. ) 
 B_SPLINE_CURVE_WITH_KNOTS ( ( 3, 2, 2, 2, 3 ),
 ( 0.2870370370370369795, 0.2901234567901234129, 0.2962962962962962798, 0.3024691358024691468, 0.3055555555555555802 ),
 .UNSPECIFIED. ) 
 CURVE ( )  GEOMETRIC_REPRESENTATION_ITEM ( )  RATIONAL_B_SPLINE_CURVE ( ( 0.9330127018922192983, 0.9330127018922180770, 1.000000000000000000, 0.8660254037844387076, 1.000000000000000000, 0.8660254037844387076, 1.000000000000000000, 0.9330127018922194093, 0.9330127018922194093 ) ) 
 REPRESENTATION_ITEM ( '' )  );
#5408 = CARTESIAN_POINT ( 'NONE',  ( -0.8922005383792315225, 1.545336663013161527, -1.291666666666689389 ) ) ;
#5409 = VERTEX_POINT ( 'NONE', #4894 ) ;
#5410 = CARTESIAN_POINT ( 'NONE',  ( 1.154700538379250796, 1.999999999999999334, 1.829166666666627306 ) ) ;
#5411 = CARTESIAN_POINT ( 'NONE',  ( 1.784401076758483473, 2.541027550711231709E-15, 0.6624999999999738876 ) ) ;
#5412 = CARTESIAN_POINT ( 'NONE',  ( -2.353151076758484894, 3.012905657471457707E-15, -4.959375000000015632 ) ) ;
#5413 = CARTESIAN_POINT ( 'NONE',  ( -1.999999999999996225, 3.079417623425332942E-15, 1.974999999999979883 ) ) ;
#5414 = DIRECTION ( 'NONE',  ( 1.000000000000000000, 0.000000000000000000, 0.000000000000000000 ) ) ;
#5415 = CARTESIAN_POINT ( 'NONE',  ( -1.822548094716049505, 7.332500076910888139E-14, 7.472548094716060518 ) ) ;
#5416 = ORIENTED_EDGE ( 'NONE', *, *, #5035, .F. ) ;
#5417 = VERTEX_POINT ( 'NONE', #5428 ) ;
#5418 = FACE_OUTER_BOUND ( 'NONE', #536, .T. ) ;
#5419 = CARTESIAN_POINT ( 'NONE',  ( 1.545336663013151313, -3.950950913074011749E-15, -0.7375000000000229150 ) ) ;
#5420 = CARTESIAN_POINT ( 'NONE',  ( -1.999999999999996225, 0.5358983848622473900, 3.343739260883011433 ) ) ;
#5421 = CARTESIAN_POINT ( 'NONE',  ( 0.8922005383792400712, -1.545336663013150647, -7.241666666666674246 ) ) ;
#5422 = EDGE_CURVE ( 'NONE', #5553, #1216, #2506, .T. ) ;
#5423 = AXIS2_PLACEMENT_3D ( 'NONE', #2756, #1812, #452 ) ;
#5424 = CARTESIAN_POINT ( 'NONE',  ( -0.8922005383792416255, 1.545336663013155531, -4.704166666666679042 ) ) ;
#5425 = CARTESIAN_POINT ( 'NONE',  ( -1.338300807568852502, 0.7726683315065969726, 5.766666666666626639 ) ) ;
#5426 = VECTOR ( 'NONE', #485, 1000.000000000000000 ) ;
#5427 = CARTESIAN_POINT ( 'NONE',  ( 1.052468259152693486, 0.8357328402387187438, 10.09567075922984536 ) ) ;
#5428 = CARTESIAN_POINT ( 'NONE',  ( -1.545336663013154643, 8.570077348212010767E-15, 3.812499999999968470 ) ) ;
#5429 = VECTOR ( 'NONE', #949, 1000.000000000000000 ) ;
#5430 = LINE ( 'NONE', #5783, #1403 ) ;
#5431 = CONICAL_SURFACE ( 'NONE', #3934, 1.999999999999985789, 0.7853981633974500554 ) ;
#5432 = EDGE_LOOP ( 'NONE', ( #5995, #1886 ) ) ;
#5433 = CARTESIAN_POINT ( 'NONE',  ( -2.495693764988902447E-16, -2.037888611415550777, -1.328125000000018430 ) ) ;
#5434 = CARTESIAN_POINT ( 'NONE',  ( -1.999999999999996225, 3.079417623425332942E-15, 4.774999999999972822 ) ) ;
#5435 = CARTESIAN_POINT ( 'NONE',  ( -2.353151076758484894, 3.012905657471457707E-15, 3.440624999999964739 ) ) ;
#5436 = CARTESIAN_POINT ( 'NONE',  ( -1.999999999999999112, 0.5358983848622429491, -0.06876073911699857877 ) ) ;
#5437 = AXIS2_PLACEMENT_3D ( 'NONE', #3512, #4962, #3011 ) ;
#5438 = CARTESIAN_POINT ( 'NONE',  ( 1.545336663013151313, 1.214336383577159459E-14, 4.074999999999965539 ) ) ;
#5439 = CARTESIAN_POINT ( 'NONE',  ( -1.338300807568858497, 0.7726683315065864255, 3.666666666666632324 ) ) ;
#5440 = EDGE_LOOP ( 'NONE', ( #2615, #2964, #4729, #3948, #2073, #4291, #5416 ) ) ;
#5441 = CARTESIAN_POINT ( 'NONE',  ( -1.494551715086801513, 0.3929129330828052824, 7.195336663013173428 ) ) ;
#5442 = CIRCLE ( 'NONE', #6045, 1.443375672974069657 ) ;
#5443 = CARTESIAN_POINT ( 'NONE',  ( 1.784401076758483473, 2.541027550711231709E-15, 4.162499999999965006 ) ) ;
#5444 = CARTESIAN_POINT ( 'NONE',  ( 1.764863307568863338, -1.018944305707774722, -6.767708333333343873 ) ) ;
#5445 = EDGE_CURVE ( 'NONE', #162, #684, #96, .T. ) ;
#5446 = LINE ( 'NONE', #4497, #3609 ) ;
#5447 = LINE ( 'NONE', #1094, #5527 ) ;
#5448 = ORIENTED_EDGE ( 'NONE', *, *, #4498, .T. ) ;
#5449 = ORIENTED_EDGE ( 'NONE', *, *, #355, .F. ) ;
#5450 = EDGE_CURVE ( 'NONE', #3051, #5014, #2284, .T. ) ;
#5451 = CARTESIAN_POINT ( 'NONE',  ( 0.8409413214249646940, -0.9578579746766942016, 10.00609109402886965 ) ) ;
#5452 = CARTESIAN_POINT ( 'NONE',  ( 0.000000000000000000, -5.761269458237980497E-15, 10.20000000000000284 ) ) ;
#5453 = LINE ( 'NONE', #5578, #6142 ) ;
#5454 = CARTESIAN_POINT ( 'NONE',  ( -1.338300807568862938, -0.7726683315065733249, -5.929166666666676022 ) ) ;
#5455 = EDGE_LOOP ( 'NONE', ( #114, #169 ) ) ;
#5456 = CARTESIAN_POINT ( 'NONE',  ( -1.999999999999991340, -0.5358983848622501656, 2.706260739116942204 ) ) ;
#5457 = CARTESIAN_POINT ( 'NONE',  ( -0.8922005383792416255, 1.545336663013155531, -6.191666666666676200 ) ) ;
#5458 = DIRECTION ( 'NONE',  ( 0.000000000000000000, -1.000000000000000000, -8.673617379884010820E-16 ) ) ;
#5459 = FACE_OUTER_BOUND ( 'NONE', #5982, .T. ) ;
#5460 = ORIENTED_EDGE ( 'NONE', *, *, #1047, .T. ) ;
#5461 = CARTESIAN_POINT ( 'NONE',  ( -2.495693764988902447E-16, -2.037888611415550777, 1.471874999999974953 ) ) ;
#5462 = CARTESIAN_POINT ( 'NONE',  ( 1.154700538379250574, 1.999999999999998224, -6.658333333333332327 ) ) ;
#5463 = CARTESIAN_POINT ( 'NONE',  ( -1.176575538379242447, 2.037888611415556550, 6.823958333333289161 ) ) ;
#5464 = EDGE_CURVE ( 'NONE', #1988, #617, #4169, .T. ) ;
#5465 = CARTESIAN_POINT ( 'NONE',  ( -2.304335819984089318E-13, 1.722636114155686737, -7.752363885844308022 ) ) ;
#5466 = CARTESIAN_POINT ( 'NONE',  ( -1.545336663013157308, 0.4140717108885889064, 0.9812392608830097229 ) ) ;
#5467 = CARTESIAN_POINT ( 'NONE',  ( -1.545336663013153089, -0.4140717108885747511, -5.956239260883045894 ) ) ;
#5468 = ORIENTED_EDGE ( 'NONE', *, *, #2353, .T. ) ;
#5469 = CARTESIAN_POINT ( 'NONE',  ( -2.353151076758485338, 3.012905657471458101E-15, -7.803125000000003197 ) ) ;
#5470 = CARTESIAN_POINT ( 'NONE',  ( -1.338300807568862938, -0.7726683315065733249, 1.770833333333304838 ) ) ;
#5471 = CARTESIAN_POINT ( 'NONE',  ( -1.176575538379243113, -2.037888611415549889, -6.242708333333346182 ) ) ;
#5472 = CARTESIAN_POINT ( 'NONE',  ( 1.545336663013152867, 3.166570952390200744E-15, -7.825000000000005507 ) ) ;
#5473 = FACE_OUTER_BOUND ( 'NONE', #3303, .T. ) ;
#5474 = VERTEX_POINT ( 'NONE', #2149 ) ;
#5475 = ORIENTED_EDGE ( 'NONE', *, *, #4311, .T. ) ;
#5476 = CARTESIAN_POINT ( 'NONE',  ( 1.545336663013151313, 1.289869268680045045E-14, 2.762499999999971312 ) ) ;
#5477 = LINE ( 'NONE', #1068, #391 ) ;
#5478 = CARTESIAN_POINT ( 'NONE',  ( 1.545336663013154421, -1.135898387508778358E-14, 3.462499999999967049 ) ) ;
#5479 = DIRECTION ( 'NONE',  ( -1.000000000000000000, 0.000000000000000000, 0.000000000000000000 ) ) ;
#5480 = EDGE_CURVE ( 'NONE', #2386, #1986, #378, .T. ) ;
#5481 = CARTESIAN_POINT ( 'NONE',  ( 1.338300807568863382, 0.7726683315065783209, -4.879166666666678864 ) ) ;
#5482 = VERTEX_POINT ( 'NONE', #3567 ) ;
#5483 = CARTESIAN_POINT ( 'NONE',  ( 0.8922005383792261934, -1.545336663013158862, -1.554166666666687124 ) ) ;
#5484 = CARTESIAN_POINT ( 'NONE',  ( -1.338300807568862716, 0.7726683315065794311, -5.433333333333346005 ) ) ;
#5485 = CARTESIAN_POINT ( 'NONE',  ( 1.545336663013152867, 2.868816710768336858E-15, -8.000000000000000000 ) ) ;
#5486 = DIRECTION ( 'NONE',  ( 0.8660254037844384856, 0.5000000000000001110, 0.000000000000000000 ) ) ;
#5487 = ORIENTED_EDGE ( 'NONE', *, *, #4210, .T. ) ;
#5488 = CARTESIAN_POINT ( 'NONE',  ( 0.000000000000000000, 2.037888611415556994, 1.821874999999972822 ) ) ;
#5489 = CARTESIAN_POINT ( 'NONE',  ( -1.764863307568863560, 1.018944305707779829, 7.582291666666619356 ) ) ;
#5490 =( BOUNDED_CURVE ( )  B_SPLINE_CURVE ( 2, ( #3366, #1470, #3396, #5312, #6202, #4842, #5252, #6232, #933 ),
 .UNSPECIFIED., .F., .F. ) 
 B_SPLINE_CURVE_WITH_KNOTS ( ( 3, 2, 2, 2, 3 ),
 ( 0.2129629629629629650, 0.2160493827160493707, 0.2222222222222222099, 0.2283950617283950490, 0.2314814814814815103 ),
 .UNSPECIFIED. ) 
 CURVE ( )  GEOMETRIC_REPRESENTATION_ITEM ( )  RATIONAL_B_SPLINE_CURVE ( ( 0.9330127018922194093, 0.9330127018922196314, 1.000000000000000000, 0.8660254037844387076, 1.000000000000000000, 0.8660254037844387076, 1.000000000000000000, 0.9330127018922185211, 0.9330127018922194093 ) ) 
 REPRESENTATION_ITEM ( '' )  );
#5491 = CARTESIAN_POINT ( 'NONE',  ( -1.211385929391313122E-14, -1.545336663013149980, 3.987499999999965183 ) ) ;
#5492 = CARTESIAN_POINT ( 'NONE',  ( 1.999999999999999112, 0.5358983848622420609, -3.856239260883060904 ) ) ;
#5493 = EDGE_CURVE ( 'NONE', #4845, #6063, #5533, .T. ) ;
#5494 = ORIENTED_EDGE ( 'NONE', *, *, #4834, .T. ) ;
#5495 = CARTESIAN_POINT ( 'NONE',  ( 1.176575538379242003, -2.037888611415551221, -6.869791666666671404 ) ) ;
#5496 = CARTESIAN_POINT ( 'NONE',  ( 1.784401076758483473, 2.541027550711231709E-15, 6.962499999999958611 ) ) ;
#5497 = CARTESIAN_POINT ( 'NONE',  ( 1.764863307568863338, -1.018944305707774722, -1.867708333333356618 ) ) ;
#5498 = DIRECTION ( 'NONE',  ( -0.000000000000000000, -0.000000000000000000, 1.000000000000000000 ) ) ;
#5499 = PRODUCT_RELATED_PRODUCT_CATEGORY ( 'detail', '', ( #2246 ) ) ;
#5500 = DIRECTION ( 'NONE',  ( 1.000000000000000000, 0.000000000000000000, 0.000000000000000000 ) ) ;
#5501 = ORIENTED_EDGE ( 'NONE', *, *, #2877, .F. ) ;
#5502 = CARTESIAN_POINT ( 'NONE',  ( -1.338300807568862938, -0.7726683315065733249, 3.083333333333300619 ) ) ;
#5503 = ORIENTED_EDGE ( 'NONE', *, *, #4926, .T. ) ;
#5504 = CARTESIAN_POINT ( 'NONE',  ( -0.8922005383792416255, 1.545336663013155531, 4.308333333333298043 ) ) ;
#5505 = CYLINDRICAL_SURFACE ( 'NONE', #3337, 1.999999999999985789 ) ;
#5506 = CARTESIAN_POINT ( 'NONE',  ( 1.545336663013153311, 9.122048431656175878E-15, -2.137500000000017941 ) ) ;
#5507 = FACE_OUTER_BOUND ( 'NONE', #4507, .T. ) ;
#5508 = CARTESIAN_POINT ( 'NONE',  ( 0.000000000000000000, -7.560902090037740558E-15, 13.65685424949233884 ) ) ;
#5509 = CARTESIAN_POINT ( 'NONE',  ( 1.338300807568863382, 0.7726683315065783209, -6.279166666666675667 ) ) ;
#5510 = ORIENTED_EDGE ( 'NONE', *, *, #3297, .T. ) ;
#5511 = CARTESIAN_POINT ( 'NONE',  ( 0.000000000000000000, 8.057567985369143580E-15, -8.000000000000000000 ) ) ;
#5512 = CARTESIAN_POINT ( 'NONE',  ( 1.784401076758483473, 2.541027550711231709E-15, -5.725000000000010303 ) ) ;
#5513 = EDGE_CURVE ( 'NONE', #4625, #984, #664, .T. ) ;
#5514 = CARTESIAN_POINT ( 'NONE',  ( 1.545336663013153311, 9.848326173030075016E-15, -3.537500000000014744 ) ) ;
#5515 = AXIS2_PLACEMENT_3D ( 'NONE', #2267, #1243, #5598 ) ;
#5516 = CARTESIAN_POINT ( 'NONE',  ( -1.732050807568874307, 1.000000000000001332, 3.404166666666623708 ) ) ;
#5517 = VERTEX_POINT ( 'NONE', #5076 ) ;
#5518 = CARTESIAN_POINT ( 'NONE',  ( 0.000000000000000000, 2.037888611415556994, 3.921874999999968914 ) ) ;
#5519 = CARTESIAN_POINT ( 'NONE',  ( -1.545336663013152867, 3.058065870564747460E-15, -8.000000000000000000 ) ) ;
#5520 = AXIS2_PLACEMENT_3D ( 'NONE', #515, #2568, #1492 ) ;
#5521 = CARTESIAN_POINT ( 'NONE',  ( 2.353151076758484894, 2.436549870658972734E-15, 7.290624999999953282 ) ) ;
#5522 = CARTESIAN_POINT ( 'NONE',  ( 1.999999999999996225, 2.091679895156829610E-15, 0.9249999999999819478 ) ) ;
#5523 = EDGE_CURVE ( 'NONE', #1569, #1391, #4041, .T. ) ;
#5524 = DIRECTION ( 'NONE',  ( -0.000000000000000000, -0.000000000000000000, 1.000000000000000000 ) ) ;
#5525 = APPLICATION_PROTOCOL_DEFINITION ( 'international standard', 'config_control_design', 1994, #2214 ) ;
#5526 = CARTESIAN_POINT ( 'NONE',  ( 1.790987063688008751, 0.1196140666592485635, 7.440987063688026204 ) ) ;
#5527 = VECTOR ( 'NONE', #1179, 1000.000000000000000 ) ;
#5528 = ORIENTED_EDGE ( 'NONE', *, *, #4601, .F. ) ;
#5529 = CARTESIAN_POINT ( 'NONE',  ( 1.764863307568863782, -1.018944305707774944, -7.511458333333337123 ) ) ;
#5530 = CARTESIAN_POINT ( 'NONE',  ( 0.000000000000000000, 1.545336663013155754, 4.337499999999964828 ) ) ;
#5531 = CARTESIAN_POINT ( 'NONE',  ( -2.353151076758484894, 3.012905657471457707E-15, -1.459375000000024070 ) ) ;
#5532 = CONICAL_SURFACE ( 'NONE', #93, 1.443375672974069657, 0.7853981633974500554 ) ;
#5533 =( BOUNDED_CURVE ( )  B_SPLINE_CURVE ( 2, ( #5993, #1676, #5585, #317, #5963, #4983, #3164, #5551, #1647 ),
 .UNSPECIFIED., .F., .F. ) 
 B_SPLINE_CURVE_WITH_KNOTS ( ( 3, 2, 2, 2, 3 ),
 ( 0.3981481481481481399, 0.4012345679012345734, 0.4074074074074073848, 0.4135802469135802517, 0.4166666666666666852 ),
 .UNSPECIFIED. ) 
 CURVE ( )  GEOMETRIC_REPRESENTATION_ITEM ( )  RATIONAL_B_SPLINE_CURVE ( ( 0.9330127018922194093, 0.9330127018922194093, 1.000000000000000000, 0.8660254037844387076, 1.000000000000000000, 0.8660254037844387076, 1.000000000000000000, 0.9330127018922187432, 0.9330127018922194093 ) ) 
 REPRESENTATION_ITEM ( '' )  );
#5534 = CYLINDRICAL_SURFACE ( 'NONE', #1296, 1.545336663013152867 ) ;
#5535 = ADVANCED_FACE ( 'NONE', ( #3191 ), #999, .F. ) ;
#5536 = CARTESIAN_POINT ( 'NONE',  ( 1.732050807568874751, 0.9999999999999995559, -1.116666666666679131 ) ) ;
#5537 = ORIENTED_EDGE ( 'NONE', *, *, #5177, .T. ) ;
#5538 = CARTESIAN_POINT ( 'NONE',  ( -0.8922005383792416255, 1.545336663013155531, 0.8083333333333067028 ) ) ;
#5539 = ORIENTED_EDGE ( 'NONE', *, *, #798, .T. ) ;
#5540 = CARTESIAN_POINT ( 'NONE',  ( 1.338300807568862494, -0.7726683315065742130, 6.816666666666623797 ) ) ;
#5541 = DIRECTION ( 'NONE',  ( 0.000000000000000000, -0.7071067811865479058, 0.7071067811865472397 ) ) ;
#5542 = CARTESIAN_POINT ( 'NONE',  ( -0.8922005383792279698, 1.545336663013163525, 5.008333333333295556 ) ) ;
#5543 = EDGE_CURVE ( 'NONE', #974, #133, #98, .T. ) ;
#5544 = CARTESIAN_POINT ( 'NONE',  ( -1.999999999999999112, 0.5358983848622429491, -2.168760739116992742 ) ) ;
#5545 = FACE_OUTER_BOUND ( 'NONE', #4959, .T. ) ;
#5546 = ADVANCED_BREP_SHAPE_REPRESENTATION ( '92095A194_18-8 Stainless Steel Button Head Hex-Drive Screw', ( #3803, #3828 ), #2429 ) ;
#5547 = CARTESIAN_POINT ( 'NONE',  ( -1.338300807568862716, 0.7726683315065794311, -4.645833333333346360 ) ) ;
#5548 = ORIENTED_EDGE ( 'NONE', *, *, #3104, .F. ) ;
#5549 = CARTESIAN_POINT ( 'NONE',  ( -1.545336663013151313, 1.725635913504384527E-14, 3.024999999999967049 ) ) ;
#5550 = CARTESIAN_POINT ( 'NONE',  ( 1.784401076758483473, 2.541027550711231709E-15, -5.025000000000013678 ) ) ;
#5551 = CARTESIAN_POINT ( 'NONE',  ( -1.999999999999999112, 0.5358983848622429491, -0.7687607391169970494 ) ) ;
#5552 = CARTESIAN_POINT ( 'NONE',  ( 0.000000000000000000, 2.868816710768336858E-15, -8.000000000000000000 ) ) ;
#5553 = VERTEX_POINT ( 'NONE', #4137 ) ;
#5554 = CARTESIAN_POINT ( 'NONE',  ( -1.764863307568864226, -1.018944305707773612, 2.055208333333306658 ) ) ;
#5555 = CARTESIAN_POINT ( 'NONE',  ( 1.999999999999996669, -7.553288510288552290E-15, -6.774999999999999467 ) ) ;
#5556 = AXIS2_PLACEMENT_3D ( 'NONE', #2525, #3376, #3403 ) ;
#5557 = CARTESIAN_POINT ( 'NONE',  ( 2.353151076758484894, 2.436549870658972734E-15, 7.990624999999952571 ) ) ;
#5558 = DIRECTION ( 'NONE',  ( 0.000000000000000000, 0.000000000000000000, -1.000000000000000000 ) ) ;
#5559 = CARTESIAN_POINT ( 'NONE',  ( -1.643257616490173989, -0.8987362204051473347, -7.605844875909652636 ) ) ;
#5560 = CALENDAR_DATE ( 2026, 25, 6 ) ;
#5561 = CARTESIAN_POINT ( 'NONE',  ( 1.732050807568874973, 0.9999999999999997780, -3.829166666666691476 ) ) ;
#5562 = EDGE_CURVE ( 'NONE', #4313, #3100, #2183, .T. ) ;
#5563 = EDGE_LOOP ( 'NONE', ( #1864, #5936, #2530 ) ) ;
#5564 = CARTESIAN_POINT ( 'NONE',  ( -1.176575538379243335, -2.037888611415550333, -7.686458333333336945 ) ) ;
#5565 = CARTESIAN_POINT ( 'NONE',  ( -1.338300807568862716, 0.7726683315065794311, 7.254166666666623797 ) ) ;
#5566 = CARTESIAN_POINT ( 'NONE',  ( -1.176575538379243113, -2.037888611415549889, -2.042708333333356219 ) ) ;
#5567 = CARTESIAN_POINT ( 'NONE',  ( 1.545336663013153089, -0.4140717108885789699, -6.368760739116972935 ) ) ;
#5568 = CARTESIAN_POINT ( 'NONE',  ( 0.000000000000000000, -7.560902090037740558E-15, 13.65685424949233884 ) ) ;
#5569 = ORIENTED_EDGE ( 'NONE', *, *, #3134, .T. ) ;
#5570 = CARTESIAN_POINT ( 'NONE',  ( 1.338300807568862494, -0.7726683315065742130, 3.316666666666632679 ) ) ;
#5571 = ORIENTED_EDGE ( 'NONE', *, *, #5950, .T. ) ;
#5572 =( BOUNDED_CURVE ( )  B_SPLINE_CURVE ( 2, ( #2633, #5892, #4441, #5020, #3024, #2258, #4174, #2156, #4106 ),
 .UNSPECIFIED., .F., .F. ) 
 B_SPLINE_CURVE_WITH_KNOTS ( ( 3, 2, 2, 2, 3 ),
 ( 0.1574074074074074403, 0.1604938271604938183, 0.1666666666666666574, 0.1728395061728394966, 0.1759259259259259023 ),
 .UNSPECIFIED. ) 
 CURVE ( )  GEOMETRIC_REPRESENTATION_ITEM ( )  RATIONAL_B_SPLINE_CURVE ( ( 0.9330127018922194093, 0.9330127018922202975, 1.000000000000000000, 0.8660254037844387076, 1.000000000000000000, 0.8660254037844387076, 1.000000000000000000, 0.9330127018922196314, 0.9330127018922191873 ) ) 
 REPRESENTATION_ITEM ( '' )  );
#5573 = B_SPLINE_CURVE_WITH_KNOTS ( 'NONE', 3,
 ( #4216, #4285, #1767, #6146, #3655, #3213, #3717, #5225 ),
 .UNSPECIFIED., .F., .F.,
 ( 4, 2, 2, 4 ),
 ( 2.544378114026584405E-07, 0.0003729905366538294664, 0.0007457266354962565789, 0.001491198833181110479 ),
 .UNSPECIFIED. ) ;
#5574 = CARTESIAN_POINT ( 'NONE',  ( 0.8922005383792426247, 1.545336663013155087, 4.191666666666631791 ) ) ;
#5575 = CARTESIAN_POINT ( 'NONE',  ( 1.999999999999996669, 2.091679895156829610E-15, -2.487500000000028688 ) ) ;
#5576 = CARTESIAN_POINT ( 'NONE',  ( 1.435668260414295627, 0.8856830049567137042, -7.823513957859471013 ) ) ;
#5577 = CARTESIAN_POINT ( 'NONE',  ( 0.000000000000000000, -7.560902090037740558E-15, 13.65685424949233884 ) ) ;
#5578 = CARTESIAN_POINT ( 'NONE',  ( -1.999999999999985789, -7.560902090037740558E-15, 7.649999999999998579 ) ) ;
#5579 = LINE ( 'NONE', #812, #891 ) ;
#5580 = ADVANCED_FACE ( 'NONE', ( #3663 ), #1260, .T. ) ;
#5581 = CARTESIAN_POINT ( 'NONE',  ( -1.892491597964109718E-16, -1.545336663013149980, -0.9125000000000218492 ) ) ;
#5582 = ORIENTED_EDGE ( 'NONE', *, *, #1014, .F. ) ;
#5583 = SPHERICAL_SURFACE ( 'NONE', #4635, 4.229229689812978421 ) ;
#5584 = CARTESIAN_POINT ( 'NONE',  ( -1.338300807568862716, 0.7726683315065794311, -3.333333333333350357 ) ) ;
#5585 = CARTESIAN_POINT ( 'NONE',  ( 1.732050807568874973, 0.9999999999999997780, -1.029166666666699204 ) ) ;
#5586 = CARTESIAN_POINT ( 'NONE',  ( 1.999999999999997113, 0.5358983848622465018, 3.143760739116921776 ) ) ;
#5587 = CARTESIAN_POINT ( 'NONE',  ( 1.176575538379244001, 2.037888611415556106, 4.563541666666634633 ) ) ;
#5588 = CARTESIAN_POINT ( 'NONE',  ( -1.176575538379243113, -2.037888611415549889, 9.157291666666615981 ) ) ;
#5589 = LINE ( 'NONE', #3640, #4245 ) ;
#5590 = CARTESIAN_POINT ( 'NONE',  ( -2.381359039295019544E-16, -1.944527222831113900, -7.530472777168867538 ) ) ;
#5591 = DATE_AND_TIME ( #5622, #1005 ) ;
#5592 = CARTESIAN_POINT ( 'NONE',  ( 1.745967847687560193, 0.4751926061066470419, 7.455512935681222864 ) ) ;
#5593 = ORIENTED_EDGE ( 'NONE', *, *, #10, .T. ) ;
#5594 = CARTESIAN_POINT ( 'NONE',  ( -1.176575538379242447, 2.037888611415556994, -7.919791666666668561 ) ) ;
#5595 = CARTESIAN_POINT ( 'NONE',  ( -0.8922005383792416255, 1.545336663013155531, 7.895833333333290405 ) ) ;
#5596 = CARTESIAN_POINT ( 'NONE',  ( -1.176575538379243113, -2.037888611415549889, -2.742708333333355064 ) ) ;
#5597 =( BOUNDED_CURVE ( )  B_SPLINE_CURVE ( 2, ( #1029, #556, #3754, #276, #1701, #3250, #242, #3627, #1224 ),
 .UNSPECIFIED., .F., .T. ) 
 B_SPLINE_CURVE_WITH_KNOTS ( ( 3, 2, 2, 2, 3 ),
 ( 0.4166666666666666852, 0.4197530864197530631, 0.4259259259259259300, 0.4320987654320987414, 0.4351851851851852304 ),
 .UNSPECIFIED. ) 
 CURVE ( )  GEOMETRIC_REPRESENTATION_ITEM ( )  RATIONAL_B_SPLINE_CURVE ( ( 0.9330127018922194093, 0.9330127018922199644, 1.000000000000000000, 0.8660254037844387076, 1.000000000000000000, 0.8660254037844387076, 1.000000000000000000, 0.9330127018922180770, 0.9330127018922192983 ) ) 
 REPRESENTATION_ITEM ( '' )  );
#5598 = DIRECTION ( 'NONE',  ( -1.000000000000000000, 0.000000000000000000, 0.000000000000000000 ) ) ;
#5599 = AXIS2_PLACEMENT_3D ( 'NONE', #3039, #4480, #4956 ) ;
#5600 = ADVANCED_FACE ( 'NONE', ( #4735 ), #379, .F. ) ;
#5601 = CARTESIAN_POINT ( 'NONE',  ( -1.154700538379249020, 1.999999999999999334, -0.2416666666666818786 ) ) ;
#5602 = ORIENTED_EDGE ( 'NONE', *, *, #680, .T. ) ;
#5603 = CARTESIAN_POINT ( 'NONE',  ( 0.8922005383792426247, 1.545336663013155087, -0.008333333333358436401 ) ) ;
#5604 = CARTESIAN_POINT ( 'NONE',  ( 1.545336663013153089, 2.788906526875773602E-15, -6.337500000000009237 ) ) ;
#5605 = CARTESIAN_POINT ( 'NONE',  ( -1.338300807568862938, -0.7726683315065733249, 3.783333333333298132 ) ) ;
#5606 = CARTESIAN_POINT ( 'NONE',  ( 1.154700538379248798, -1.999999999999994005, 3.695833333333289339 ) ) ;
#5607 = EDGE_CURVE ( 'NONE', #5197, #177, #884, .T. ) ;
#5608 = CARTESIAN_POINT ( 'NONE',  ( 1.338300807568860940, -0.7726683315065766555, -5.083333333333346360 ) ) ;
#5609 =( BOUNDED_CURVE ( )  B_SPLINE_CURVE ( 2, ( #2250, #4641, #2280, #3725, #5236, #3757, #5169, #845, #6155 ),
 .UNSPECIFIED., .F., .F. ) 
 B_SPLINE_CURVE_WITH_KNOTS ( ( 3, 2, 2, 2, 3 ),
 ( 0.6944444444444445308, 0.6975308641975308532, 0.7037037037037037202, 0.7098765432098765871, 0.7129629629629630205 ),
 .UNSPECIFIED. ) 
 CURVE ( )  GEOMETRIC_REPRESENTATION_ITEM ( )  RATIONAL_B_SPLINE_CURVE ( ( 0.9330127018922194093, 0.9330127018922217408, 1.000000000000000000, 0.8660254037844387076, 1.000000000000000000, 0.8660254037844387076, 1.000000000000000000, 0.9330127018922180770, 0.9330127018922192983 ) ) 
 REPRESENTATION_ITEM ( '' )  );
#5610 = CARTESIAN_POINT ( 'NONE',  ( -1.999999999999997113, -6.565550782020048959E-15, -2.837500000000027001 ) ) ;
#5611 = AXIS2_PLACEMENT_3D ( 'NONE', #386, #926, #3763 ) ;
#5612 = CARTESIAN_POINT ( 'NONE',  ( -1.784401076758483473, 2.978079764120704978E-15, -1.787500000000020073 ) ) ;
#5613 = EDGE_LOOP ( 'NONE', ( #5755, #743, #1424, #1239 ) ) ;
#5614 = CARTESIAN_POINT ( 'NONE',  ( 1.999999999999997113, -7.553288510288552290E-15, -6.687500000000018652 ) ) ;
#5615 = CARTESIAN_POINT ( 'NONE',  ( 0.8922005383792411815, -1.545336663013150424, -2.341666666666686769 ) ) ;
#5616 = ADVANCED_FACE ( 'NONE', ( #1394 ), #5737, .T. ) ;
#5617 = CARTESIAN_POINT ( 'NONE',  ( -1.176575538379242447, 2.037888611415556994, 6.780208333333294313 ) ) ;
#5618 = DIRECTION ( 'NONE',  ( 0.000000000000000000, 0.000000000000000000, -1.000000000000000000 ) ) ;
#5619 = CARTESIAN_POINT ( 'NONE',  ( 0.8922005383792382949, -1.545336663013151757, -3.654166666666682328 ) ) ;
#5620 = CARTESIAN_POINT ( 'NONE',  ( 1.999999999999985789, -7.315972730208273417E-15, 13.65685424949233884 ) ) ;
#5621 = CARTESIAN_POINT ( 'NONE',  ( 0.8922005383792261934, -1.545336663013158862, -1.641666666666687924 ) ) ;
#5622 = CALENDAR_DATE ( 2026, 25, 6 ) ;
#5623 = CARTESIAN_POINT ( 'NONE',  ( 0.000000000000000000, 1.999999999999999112, -7.299999999999997158 ) ) ;
#5624 = AXIS2_PLACEMENT_3D ( 'NONE', #3876, #528, #994 ) ;
#5625 = EDGE_LOOP ( 'NONE', ( #2917, #4223, #3496, #1372 ) ) ;
#5626 = AXIS2_PLACEMENT_3D ( 'NONE', #830, #2767, #4115 ) ;
#5627 = CARTESIAN_POINT ( 'NONE',  ( -2.353151076758485338, 3.012905657471458101E-15, -5.703125000000009770 ) ) ;
#5628 = CARTESIAN_POINT ( 'NONE',  ( -1.784401076758483473, 2.978079764120704978E-15, 7.312499999999957367 ) ) ;
#5629 = CARTESIAN_POINT ( 'NONE',  ( -1.176575538379243113, -2.037888611415549889, -3.442708333333352577 ) ) ;
#5630 = FACE_OUTER_BOUND ( 'NONE', #3747, .T. ) ;
#5631 = AXIS2_PLACEMENT_3D ( 'NONE', #2715, #4637, #5166 ) ;
#5632 = VECTOR ( 'NONE', #88, 1000.000000000000000 ) ;
#5633 = CARTESIAN_POINT ( 'NONE',  ( 1.999999999999996225, 2.091679895156829610E-15, 1.624999999999979794 ) ) ;
#5634 = VERTEX_POINT ( 'NONE', #3727 ) ;
#5635 = CARTESIAN_POINT ( 'NONE',  ( 1.338300807568863382, 0.7726683315065783209, -0.06666666666669228414 ) ) ;
#5636 = ORIENTED_EDGE ( 'NONE', *, *, #3192, .F. ) ;
#5637 = ADVANCED_FACE ( 'NONE', ( #6157 ), #1868, .T. ) ;
#5638 =( BOUNDED_CURVE ( )  B_SPLINE_CURVE ( 2, ( #3916, #4389, #91, #1041, #62, #1994, #5871, #1554, #5958 ),
 .UNSPECIFIED., .F., .T. ) 
 B_SPLINE_CURVE_WITH_KNOTS ( ( 3, 2, 2, 2, 3 ),
 ( 0.8055555555555555802, 0.8086419753086420137, 0.8148148148148148806, 0.8209876543209876365, 0.8240740740740740700 ),
 .UNSPECIFIED. ) 
 CURVE ( )  GEOMETRIC_REPRESENTATION_ITEM ( )  RATIONAL_B_SPLINE_CURVE ( ( 0.9330127018922194093, 0.9330127018922194093, 1.000000000000000000, 0.8660254037844387076, 1.000000000000000000, 0.8660254037844387076, 1.000000000000000000, 0.9330127018922194093, 0.9330127018922194093 ) ) 
 REPRESENTATION_ITEM ( '' )  );
#5639 = CARTESIAN_POINT ( 'NONE',  ( -1.892491597964109718E-16, -1.545336663013149980, 5.999999999999960032 ) ) ;
#5640 = LINE ( 'NONE', #3684, #913 ) ;
#5641 = CARTESIAN_POINT ( 'NONE',  ( 0.8922005383792612765, 1.545336663013144207, -0.7083333333333566850 ) ) ;
#5642 = AXIS2_PLACEMENT_3D ( 'NONE', #3319, #3253, #4166 ) ;
#5643 = CARTESIAN_POINT ( 'NONE',  ( -2.120164509802652026E-14, -1.545336663013149980, 0.4874999999999740652 ) ) ;
#5644 = CARTESIAN_POINT ( 'NONE',  ( 1.999999999999985789, -7.315972730208273417E-15, 13.65685424949233884 ) ) ;
#5645 = ADVANCED_FACE ( 'NONE', ( #1840 ), #6122, .T. ) ;
#5646 = ORIENTED_EDGE ( 'NONE', *, *, #1451, .T. ) ;
#5647 = CYLINDRICAL_SURFACE ( 'NONE', #5642, 1.999999999999985789 ) ;
#5648 = CARTESIAN_POINT ( 'NONE',  ( 0.8922005383792411815, -1.545336663013150424, -3.041666666666684726 ) ) ;
#5649 = DIRECTION ( 'NONE',  ( 1.000000000000000000, 0.000000000000000000, 0.000000000000000000 ) ) ;
#5650 =( BOUNDED_CURVE ( )  B_SPLINE_CURVE ( 2, ( #1947, #1918, #464, #5856, #4844, #4279, #3873, #3432, #525 ),
 .UNSPECIFIED., .F., .T. ) 
 B_SPLINE_CURVE_WITH_KNOTS ( ( 3, 2, 2, 2, 3 ),
 ( 0.7129629629629630205, 0.7160493827160493430, 0.7222222222222222099, 0.7283950617283950768, 0.7314814814814816213 ),
 .UNSPECIFIED. ) 
 CURVE ( )  GEOMETRIC_REPRESENTATION_ITEM ( )  RATIONAL_B_SPLINE_CURVE ( ( 0.9330127018922192983, 0.9330127018922205195, 1.000000000000000000, 0.8660254037844387076, 1.000000000000000000, 0.8660254037844387076, 1.000000000000000000, 0.9330127018922169668, 0.9330127018922194093 ) ) 
 REPRESENTATION_ITEM ( '' )  );
#5651 = DIRECTION ( 'NONE',  ( -0.000000000000000000, -0.000000000000000000, 1.000000000000000000 ) ) ;
#5652 = CARTESIAN_POINT ( 'NONE',  ( 0.000000000000000000, 2.037888611415556994, 5.321874999999965716 ) ) ;
#5653 = CARTESIAN_POINT ( 'NONE',  ( 4.541979835113863126E-15, 1.545336663013155754, 0.1374999999999744482 ) ) ;
#5654 = DIRECTION ( 'NONE',  ( 1.000000000000000000, 0.000000000000000000, 0.000000000000000000 ) ) ;
#5655 = CARTESIAN_POINT ( 'NONE',  ( -0.8922005383792304123, 1.545336663013161749, 0.8083333333333067028 ) ) ;
#5656 = CARTESIAN_POINT ( 'NONE',  ( 0.000000000000000000, -7.560902090037740558E-15, 13.65685424949233884 ) ) ;
#5657 = CALENDAR_DATE ( 2026, 25, 6 ) ;
#5658 = CARTESIAN_POINT ( 'NONE',  ( 0.000000000000000000, 1.999999999999999112, 4.599999999999972999 ) ) ;
#5659 = VERTEX_POINT ( 'NONE', #4264 ) ;
#5660 = AXIS2_PLACEMENT_3D ( 'NONE', #4817, #3906, #502 ) ;
#5661 = CARTESIAN_POINT ( 'NONE',  ( -2.495693764988902447E-16, -2.037888611415550777, -4.128125000000012257 ) ) ;
#5662 = CARTESIAN_POINT ( 'NONE',  ( -0.8922005383792422917, -1.545336663013149758, 8.129166666666622021 ) ) ;
#5663 = CARTESIAN_POINT ( 'NONE',  ( 2.353151076758484894, 2.436549870658972734E-15, 0.9906249999999688916 ) ) ;
#5664 = CARTESIAN_POINT ( 'NONE',  ( 0.8922005383792257494, -1.545336663013159084, -0.8541666666666888341 ) ) ;
#5665 = DIRECTION ( 'NONE',  ( 0.000000000000000000, 0.000000000000000000, -1.000000000000000000 ) ) ;
#5666 = CARTESIAN_POINT ( 'NONE',  ( 1.999999999999985789, -7.315972730208273417E-15, 7.649999999999998579 ) ) ;
#5667 = ORIENTED_EDGE ( 'NONE', *, *, #5682, .T. ) ;
#5668 = LINE ( 'NONE', #6174, #1514 ) ;
#5669 = ORIENTED_EDGE ( 'NONE', *, *, #2877, .T. ) ;
#5670 = CARTESIAN_POINT ( 'NONE',  ( 0.000000000000000000, 1.545336663013155754, 10.54999999999994920 ) ) ;
#5671 = CARTESIAN_POINT ( 'NONE',  ( -1.732050807568874529, -0.9999999999999950040, -2.779166666666694319 ) ) ;
#5672 = CARTESIAN_POINT ( 'NONE',  ( -1.545336663013152867, 2.062628785501874071E-15, -6.775000000000008349 ) ) ;
#5673 = EDGE_LOOP ( 'NONE', ( #1095, #4806 ) ) ;
#5674 = CARTESIAN_POINT ( 'NONE',  ( -1.545336663013152867, -3.776644255144275849E-16, -3.975000000000015188 ) ) ;
#5675 = CARTESIAN_POINT ( 'NONE',  ( 0.8922005383792105393, -1.545336663013167744, 6.845833333333292359 ) ) ;
#5676 = CARTESIAN_POINT ( 'NONE',  ( -1.999999999999991340, -0.5358983848622501656, 5.506260739116935810 ) ) ;
#5677 = VERTEX_POINT ( 'NONE', #2345 ) ;
#5678 = ORIENTED_EDGE ( 'NONE', *, *, #5078, .F. ) ;
#5679 = CYLINDRICAL_SURFACE ( 'NONE', #801, 1.545336663013152867 ) ;
#5680 = CARTESIAN_POINT ( 'NONE',  ( 1.338300807568862494, -0.7726683315065742130, -2.983333333333351600 ) ) ;
#5681 = CARTESIAN_POINT ( 'NONE',  ( 0.8922005383792357414, -1.545336663013153533, 1.158333333333304571 ) ) ;
#5682 = EDGE_CURVE ( 'NONE', #5001, #2309, #3790, .T. ) ;
#5683 = CARTESIAN_POINT ( 'NONE',  ( -1.545336663013154643, 1.975475456537005874E-15, -0.3875000000000231593 ) ) ;
#5684 = CARTESIAN_POINT ( 'NONE',  ( 1.176575538379242003, -2.037888611415551221, 7.130208333333293069 ) ) ;
#5685 = DIRECTION ( 'NONE',  ( 0.000000000000000000, 0.000000000000000000, -1.000000000000000000 ) ) ;
#5686 = CARTESIAN_POINT ( 'NONE',  ( -2.195864173721216267E-14, -1.545336663013149980, 1.887499999999970868 ) ) ;
#5687 = DIRECTION ( 'NONE',  ( 0.000000000000000000, 0.000000000000000000, -1.000000000000000000 ) ) ;
#5688 = CARTESIAN_POINT ( 'NONE',  ( 1.732050807568874973, 0.9999999999999997780, -7.329166666666683483 ) ) ;
#5689 = CARTESIAN_POINT ( 'NONE',  ( 1.154700538379250796, 1.999999999999999334, -4.470833333333357196 ) ) ;
#5690 = VERTEX_POINT ( 'NONE', #6253 ) ;
#5691 = CARTESIAN_POINT ( 'NONE',  ( -1.176575538379243335, -2.037888611415550333, -5.586458333333342630 ) ) ;
#5692 = CARTESIAN_POINT ( 'NONE',  ( 0.8922005383792426247, 1.545336663013155087, 8.479166666666623442 ) ) ;
#5693 = CARTESIAN_POINT ( 'NONE',  ( 0.000000000000000000, 2.037888611415556550, 0.4656249999999712563 ) ) ;
#5694 = DIRECTION ( 'NONE',  ( -1.000000000000000000, 0.000000000000000000, 0.000000000000000000 ) ) ;
#5695 = CARTESIAN_POINT ( 'NONE',  ( 0.000000000000000000, -7.560902090037740558E-15, 13.65685424949233884 ) ) ;
#5696 = ADVANCED_FACE ( 'NONE', ( #1331 ), #5239, .T. ) ;
#5697 = CARTESIAN_POINT ( 'NONE',  ( 0.2554384441947363804, -1.940537571337544342, -7.521846128162345657 ) ) ;
#5698 = ORIENTED_EDGE ( 'NONE', *, *, #1613, .T. ) ;
#5699 = DIRECTION ( 'NONE',  ( 0.000000000000000000, 0.000000000000000000, -1.000000000000000000 ) ) ;
#5700 = FACE_OUTER_BOUND ( 'NONE', #5907, .T. ) ;
#5701 = CARTESIAN_POINT ( 'NONE',  ( -0.8922005383792416255, 1.545336663013155531, 8.508333333333286674 ) ) ;
#5702 = CARTESIAN_POINT ( 'NONE',  ( 1.545336663013151313, 1.028409281785441324E-14, 6.174999999999959854 ) ) ;
#5703 = CARTESIAN_POINT ( 'NONE',  ( 2.000000000000001776, 0.5358983848622375090, -3.943739260883042608 ) ) ;
#5704 = ORIENTED_EDGE ( 'NONE', *, *, #2031, .F. ) ;
#5705 = CARTESIAN_POINT ( 'NONE',  ( -1.338300807568865602, -0.7726683315065684399, -3.916666666666682950 ) ) ;
#5706 =( BOUNDED_CURVE ( )  B_SPLINE_CURVE ( 2, ( #5305, #1938, #3390, #6164, #1338, #4804, #3736, #3262, #855 ),
 .UNSPECIFIED., .F., .F. ) 
 B_SPLINE_CURVE_WITH_KNOTS ( ( 3, 2, 2, 2, 3 ),
 ( 0.1203703703703703914, 0.1234567901234567833, 0.1296296296296296224, 0.1358024691358024616, 0.1388888888888888673 ),
 .UNSPECIFIED. ) 
 CURVE ( )  GEOMETRIC_REPRESENTATION_ITEM ( )  RATIONAL_B_SPLINE_CURVE ( ( 0.9330127018922194093, 0.9330127018922199644, 1.000000000000000000, 0.8660254037844387076, 1.000000000000000000, 0.8660254037844387076, 1.000000000000000000, 0.9330127018922196314, 0.9330127018922191873 ) ) 
 REPRESENTATION_ITEM ( '' )  );
#5707 = CARTESIAN_POINT ( 'NONE',  ( 1.545336663013151535, 1.010978615992467605E-14, 0.6624999999999751088 ) ) ;
#5708 = ORIENTED_EDGE ( 'NONE', *, *, #2236, .F. ) ;
#5709 = VERTEX_POINT ( 'NONE', #3225 ) ;
#5710 = ORIENTED_EDGE ( 'NONE', *, *, #85, .F. ) ;
#5711 = DIRECTION ( 'NONE',  ( -0.8660254037844387076, -0.4999999999999998890, 0.000000000000000000 ) ) ;
#5712 = CARTESIAN_POINT ( 'NONE',  ( -1.892491597964109718E-16, -1.545336663013149980, -1.000000000000022649 ) ) ;
#5713 = CARTESIAN_POINT ( 'NONE',  ( 1.250000000000004663, -0.7216878364870416007, 8.660000000000001918 ) ) ;
#5714 = CARTESIAN_POINT ( 'NONE',  ( 0.8922005383792627198, 1.545336663013143319, 2.179166666666636498 ) ) ;
#5715 = CARTESIAN_POINT ( 'NONE',  ( 1.176575538379242003, -2.037888611415551221, 5.730208333333297155 ) ) ;
#5716 = EDGE_CURVE ( 'NONE', #3554, #6217, #847, .T. ) ;
#5717 = CARTESIAN_POINT ( 'NONE',  ( -0.8922005383792477318, -1.545336663013146428, -5.958333333333343695 ) ) ;
#5718 = CARTESIAN_POINT ( 'NONE',  ( 1.545336663013151313, 1.214336383577159459E-14, 4.074999999999965539 ) ) ;
#5719 = CARTESIAN_POINT ( 'NONE',  ( 1.140723922043481942, -1.361054112451616227, -7.702968039497516628 ) ) ;
#5720 = CARTESIAN_POINT ( 'NONE',  ( 1.999999999999999112, 0.5358983848622420609, -7.356239260883052467 ) ) ;
#5721 = CARTESIAN_POINT ( 'NONE',  ( -1.338300807568860051, 0.7726683315065838720, -1.933333333333353776 ) ) ;
#5722 = EDGE_LOOP ( 'NONE', ( #2895, #5921, #3961, #1136 ) ) ;
#5723 = CARTESIAN_POINT ( 'NONE',  ( -1.764863307568864226, -1.018944305707773612, -4.944791666666676910 ) ) ;
#5724 = EDGE_CURVE ( 'NONE', #2937, #4562, #778, .T. ) ;
#5725 = CARTESIAN_POINT ( 'NONE',  ( 0.000000000000000000, 1.545336663013155754, 10.63749999999995133 ) ) ;
#5726 = CARTESIAN_POINT ( 'NONE',  ( -2.353151076758484894, 3.012905657471457707E-15, 0.6406249999999711342 ) ) ;
#5727 = CARTESIAN_POINT ( 'NONE',  ( -1.250000000000004663, -0.7216878364870418228, 8.660000000000001918 ) ) ;
#5728 = DIRECTION ( 'NONE',  ( -1.000000000000000000, 0.000000000000000000, 0.000000000000000000 ) ) ;
#5729 = CIRCLE ( 'NONE', #2313, 4.229229689812978421 ) ;
#5730 = DIRECTION ( 'NONE',  ( -0.000000000000000000, -0.000000000000000000, 1.000000000000000000 ) ) ;
#5731 = ORIENTED_EDGE ( 'NONE', *, *, #5422, .T. ) ;
#5732 = CARTESIAN_POINT ( 'NONE',  ( -0.8922005383792397382, 1.545336663013156864, -6.104166666666675845 ) ) ;
#5733 = CARTESIAN_POINT ( 'NONE',  ( -1.999999999999996225, -1.132993276543282844E-14, -5.025000000000002132 ) ) ;
#5734 = CARTESIAN_POINT ( 'NONE',  ( 1.784401076758483473, 2.541027550711231709E-15, -0.03750000000002361861 ) ) ;
#5735 = CARTESIAN_POINT ( 'NONE',  ( -1.764863307568863782, -1.018944305707773390, -8.401041666666674956 ) ) ;
#5736 = FACE_OUTER_BOUND ( 'NONE', #2847, .T. ) ;
#5737 = CONICAL_SURFACE ( 'NONE', #2111, 1.474999999999987876, 0.7853981633974480570 ) ;
#5738 = CARTESIAN_POINT ( 'NONE',  ( -1.569321595486861787, -0.1095253137810878463, 7.219321595486874799 ) ) ;
#5739 = ORIENTED_EDGE ( 'NONE', *, *, #3775, .T. ) ;
#5740 = ORIENTED_EDGE ( 'NONE', *, *, #568, .T. ) ;
#5741 = VERTEX_POINT ( 'NONE', #1427 ) ;
#5742 = FACE_OUTER_BOUND ( 'NONE', #29, .T. ) ;
#5743 = EDGE_CURVE ( 'NONE', #4915, #3243, #6242, .T. ) ;
#5744 = AXIS2_PLACEMENT_3D ( 'NONE', #1108, #3985, #1585 ) ;
#5745 = DIRECTION ( 'NONE',  ( 1.502314598737153608E-16, 1.000000000000000000, 0.000000000000000000 ) ) ;
#5746 = CARTESIAN_POINT ( 'NONE',  ( 1.545336663013151535, -4.938688641342515672E-16, -0.03750000000002297329 ) ) ;
#5747 = AXIS2_PLACEMENT_3D ( 'NONE', #1456, #2026, #3470 ) ;
#5748 = CARTESIAN_POINT ( 'NONE',  ( -2.495693764988902447E-16, -2.037888611415550777, 5.671874999999963585 ) ) ;
#5749 = EDGE_CURVE ( 'NONE', #3554, #2606, #1877, .T. ) ;
#5750 = CARTESIAN_POINT ( 'NONE',  ( -1.338300807568854056, 0.7726683315065943081, 0.2541666666666421159 ) ) ;
#5751 = LINE ( 'NONE', #3260, #2170 ) ;
#5752 = CARTESIAN_POINT ( 'NONE',  ( 1.999999999999996225, -9.784413731789170541E-14, -7.475000000000002309 ) ) ;
#5753 = CARTESIAN_POINT ( 'NONE',  ( -1.999999999999996225, -1.132993276543282844E-14, -5.025000000000002132 ) ) ;
#5754 = CARTESIAN_POINT ( 'NONE',  ( 1.545336663013153311, 9.122048431656175878E-15, -2.137500000000017941 ) ) ;
#5755 = ORIENTED_EDGE ( 'NONE', *, *, #3686, .T. ) ;
#5756 = CARTESIAN_POINT ( 'NONE',  ( -2.495693764988902447E-16, -2.037888611415550777, -3.428125000000013411 ) ) ;
#5757 = EDGE_CURVE ( 'NONE', #1986, #5866, #5127, .T. ) ;
#5758 = CARTESIAN_POINT ( 'NONE',  ( -1.784401076758483473, 2.978079764120704978E-15, 8.712499999999954170 ) ) ;
#5759 = CARTESIAN_POINT ( 'NONE',  ( -1.764863307568863782, -1.018944305707773390, 2.098958333333299731 ) ) ;
#5760 = CARTESIAN_POINT ( 'NONE',  ( -1.545336663013148426, 0.4140717108885939024, 6.581239260882997044 ) ) ;
#5761 = CARTESIAN_POINT ( 'NONE',  ( -1.338300807568858941, 0.7726683315065857593, 2.266666666666635521 ) ) ;
#5762 = EDGE_CURVE ( 'NONE', #4539, #2661, #3412, .T. ) ;
#5763 = ORIENTED_EDGE ( 'NONE', *, *, #1463, .T. ) ;
#5764 = CARTESIAN_POINT ( 'NONE',  ( -2.271563837639780824E-14, -1.545336663013149980, 3.199999999999966871 ) ) ;
#5765 = CARTESIAN_POINT ( 'NONE',  ( 1.545336663013152201, 0.4140717108885814124, -2.806239260883052644 ) ) ;
#5766 = CARTESIAN_POINT ( 'NONE',  ( 0.8922005383792411815, -1.545336663013150424, -2.954166666666683927 ) ) ;
#5767 = CARTESIAN_POINT ( 'NONE',  ( 1.338300807568863382, 0.7726683315065783209, 9.033333333333287030 ) ) ;
#5768 = CARTESIAN_POINT ( 'NONE',  ( 1.545336663013151313, -3.950950913074011749E-15, -0.8250000000000234923 ) ) ;
#5769 = CARTESIAN_POINT ( 'NONE',  ( -1.154700538379249464, 1.999999999999999556, -5.754166666666686858 ) ) ;
#5770 = ORIENTED_EDGE ( 'NONE', *, *, #2986, .T. ) ;
#5771 = CYLINDRICAL_SURFACE ( 'NONE', #4627, 1.545336663013152867 ) ;
#5772 = ORIENTED_EDGE ( 'NONE', *, *, #1642, .T. ) ;
#5773 = ORIENTED_EDGE ( 'NONE', *, *, #1755, .F. ) ;
#5774 = CARTESIAN_POINT ( 'NONE',  ( -1.999999999999996669, -6.565550782020048959E-15, -5.725000000000001421 ) ) ;
#5775 = CYLINDRICAL_SURFACE ( 'NONE', #4828, 1.999999999999985789 ) ;
#5776 = CARTESIAN_POINT ( 'NONE',  ( 1.999999999999996669, -0.5358983848622422830, -3.218760739116990788 ) ) ;
#5777 = EDGE_CURVE ( 'NONE', #1539, #5474, #629, .T. ) ;
#5778 = CARTESIAN_POINT ( 'NONE',  ( 1.764863307568864892, 1.018944305707778497, 10.80520833333328490 ) ) ;
#5779 =( BOUNDED_CURVE ( )  B_SPLINE_CURVE ( 2, ( #1698, #4664, #871, #3623, #4694, #4159, #309, #6147, #6016 ),
 .UNSPECIFIED., .F., .F. ) 
 B_SPLINE_CURVE_WITH_KNOTS ( ( 3, 2, 2, 2, 3 ),
 ( 0.6388888888888888395, 0.6419753086419752730, 0.6481481481481481399, 0.6543209876543210068, 0.6574074074074074403 ),
 .UNSPECIFIED. ) 
 CURVE ( )  GEOMETRIC_REPRESENTATION_ITEM ( )  RATIONAL_B_SPLINE_CURVE ( ( 0.9330127018922194093, 0.9330127018922194093, 1.000000000000000000, 0.8660254037844387076, 1.000000000000000000, 0.8660254037844387076, 1.000000000000000000, 0.9330127018922194093, 0.9330127018922194093 ) ) 
 REPRESENTATION_ITEM ( '' )  );
#5780 = CARTESIAN_POINT ( 'NONE',  ( 0.000000000000000000, -5.761269458237980497E-15, 10.20000000000000284 ) ) ;
#5781 = CARTESIAN_POINT ( 'NONE',  ( -1.154700538379250130, -1.999999999999992673, -3.508333333333339965 ) ) ;
#5782 = CARTESIAN_POINT ( 'NONE',  ( 0.000000000000000000, -9.797174393178817769E-16, 7.999999999999998224 ) ) ;
#5783 = CARTESIAN_POINT ( 'NONE',  ( 1.999999999999985789, -7.315972730208273417E-15, 13.65685424949233884 ) ) ;
#5784 = ORIENTED_EDGE ( 'NONE', *, *, #5372, .F. ) ;
#5785 = CARTESIAN_POINT ( 'NONE',  ( -1.764863307568864226, -1.018944305707773612, -1.444791666666685348 ) ) ;
#5786 = CARTESIAN_POINT ( 'NONE',  ( -1.545336663013152867, 3.058065870564747460E-15, -8.000000000000000000 ) ) ;
#5787 = CARTESIAN_POINT ( 'NONE',  ( 1.176575538379241559, -2.037888611415550777, 0.8739583333333029724 ) ) ;
#5788 = CARTESIAN_POINT ( 'NONE',  ( 1.545336663013157308, 1.060365502405892772E-14, 6.962499999999961275 ) ) ;
#5789 = CARTESIAN_POINT ( 'NONE',  ( -1.545336663013153089, 0.4140717108885845210, -6.718760739116970804 ) ) ;
#5790 = ORIENTED_EDGE ( 'NONE', *, *, #2600, .F. ) ;
#5791 = DIRECTION ( 'NONE',  ( 0.000000000000000000, 0.000000000000000000, -1.000000000000000000 ) ) ;
#5792 = CARTESIAN_POINT ( 'NONE',  ( -0.8922005383792416255, 1.545336663013155531, -1.204166666666688590 ) ) ;
#5793 = CARTESIAN_POINT ( 'NONE',  ( 0.000000000000000000, 1.545336663013155754, 9.149999999999952394 ) ) ;
#5794 = EDGE_CURVE ( 'NONE', #5741, #5690, #2762, .T. ) ;
#5795 = DIRECTION ( 'NONE',  ( 1.000000000000000000, 0.000000000000000000, 0.000000000000000000 ) ) ;
#5796 = CARTESIAN_POINT ( 'NONE',  ( 0.8922005383792001032, -1.545336663013174405, 6.145833333333293069 ) ) ;
#5797 = VERTEX_POINT ( 'NONE', #4416 ) ;
#5798 = CARTESIAN_POINT ( 'NONE',  ( -1.999999999999997113, -6.565550782020048959E-15, -7.037500000000016520 ) ) ;
#5799 = ORIENTED_EDGE ( 'NONE', *, *, #418, .T. ) ;
#5800 = EDGE_LOOP ( 'NONE', ( #1515, #872, #2810, #4533 ) ) ;
#5801 = EDGE_CURVE ( 'NONE', #5820, #5517, #4858, .T. ) ;
#5802 = CARTESIAN_POINT ( 'NONE',  ( 1.338300807568862494, -0.7726683315065742130, -7.795833333333338722 ) ) ;
#5803 = CARTESIAN_POINT ( 'NONE',  ( 1.250000000000004885, 0.6100260475604399879, 10.14416910553670981 ) ) ;
#5804 = CARTESIAN_POINT ( 'NONE',  ( -1.764863307568864226, -1.018944305707773612, 10.45520833333328525 ) ) ;
#5805 = CARTESIAN_POINT ( 'NONE',  ( 1.999999999999996225, 2.091679895156829610E-15, -1.175000000000012701 ) ) ;
#5806 = CARTESIAN_POINT ( 'NONE',  ( -1.154700538379250352, -1.999999999999993117, -6.920833333333350268 ) ) ;
#5807 = EDGE_CURVE ( 'NONE', #442, #127, #3446, .T. ) ;
#5808 = DIRECTION ( 'NONE',  ( 0.000000000000000000, 0.000000000000000000, -1.000000000000000000 ) ) ;
#5809 = CARTESIAN_POINT ( 'NONE',  ( 1.545336663013152867, 2.868816710768336858E-15, -8.000000000000000000 ) ) ;
#5810 =( BOUNDED_CURVE ( )  B_SPLINE_CURVE ( 2, ( #5129, #2744, #1733, #4632, #1285, #775, #3278, #4758, #6177 ),
 .UNSPECIFIED., .F., .F. ) 
 B_SPLINE_CURVE_WITH_KNOTS ( ( 3, 2, 2, 2, 3 ),
 ( 0.4537037037037037202, 0.4567901234567900981, 0.4629629629629629650, 0.4691358024691357764, 0.4722222222222222654 ),
 .UNSPECIFIED. ) 
 CURVE ( )  GEOMETRIC_REPRESENTATION_ITEM ( )  RATIONAL_B_SPLINE_CURVE ( ( 0.9330127018922194093, 0.9330127018922199644, 1.000000000000000000, 0.8660254037844387076, 1.000000000000000000, 0.8660254037844387076, 1.000000000000000000, 0.9330127018922180770, 0.9330127018922192983 ) ) 
 REPRESENTATION_ITEM ( '' )  );
#5811 = EDGE_LOOP ( 'NONE', ( #5773, #5878, #3086, #5180 ) ) ;
#5812 = CARTESIAN_POINT ( 'NONE',  ( 2.353151076758485338, 2.436549870658972734E-15, -0.4531250000000212608 ) ) ;
#5813 = CARTESIAN_POINT ( 'NONE',  ( 1.154700538379250796, 1.999999999999999334, -3.070833333333360393 ) ) ;
#5814 = CARTESIAN_POINT ( 'NONE',  ( 2.353151076758484894, 2.436549870658972734E-15, 3.090624999999964650 ) ) ;
#5815 = VERTEX_POINT ( 'NONE', #2085 ) ;
#5816 = CARTESIAN_POINT ( 'NONE',  ( 0.000000000000000000, 1.999999999999999556, 2.587499999999958611 ) ) ;
#5817 = CARTESIAN_POINT ( 'NONE',  ( 1.154700538379248798, -1.999999999999993561, -4.091666666666672114 ) ) ;
#5818 = CARTESIAN_POINT ( 'NONE',  ( -0.8922005383792477318, -1.545336663013146428, -5.870833333333343340 ) ) ;
#5819 = CARTESIAN_POINT ( 'NONE',  ( -1.545336663013147538, -0.4140717108885781927, 4.456260739116929770 ) ) ;
#5820 = VERTEX_POINT ( 'NONE', #61 ) ;
#5821 = CARTESIAN_POINT ( 'NONE',  ( 0.000000000000000000, 1.999999999999999556, 1.887499999999961098 ) ) ;
#5822 = CARTESIAN_POINT ( 'NONE',  ( -1.999999999999996669, 0.5358983848622475010, 5.531239260882987452 ) ) ;
#5823 = CARTESIAN_POINT ( 'NONE',  ( -1.338300807568862716, 0.7726683315065794311, 3.054166666666633834 ) ) ;
#5824 = CARTESIAN_POINT ( 'NONE',  ( -2.353151076758484894, 3.012905657471457707E-15, -7.059375000000009948 ) ) ;
#5825 = DIRECTION ( 'NONE',  ( -0.000000000000000000, -5.648303390429391465E-16, 1.000000000000000000 ) ) ;
#5826 = CARTESIAN_POINT ( 'NONE',  ( 1.999999999999998224, 0.5358983848622441704, -5.956239260883055664 ) ) ;
#5827 = ORIENTED_EDGE ( 'NONE', *, *, #1709, .T. ) ;
#5828 = DIRECTION ( 'NONE',  ( 0.000000000000000000, 0.000000000000000000, -1.000000000000000000 ) ) ;
#5829 = ADVANCED_FACE ( 'NONE', ( #5390 ), #5775, .T. ) ;
#5830 = ORIENTED_EDGE ( 'NONE', *, *, #5543, .T. ) ;
#5831 = ORIENTED_EDGE ( 'NONE', *, *, #5997, .F. ) ;
#5832 = VECTOR ( 'NONE', #2843, 1000.000000000000000 ) ;
#5833 = CARTESIAN_POINT ( 'NONE',  ( -1.154700538379250352, -1.999999999999993117, 2.179166666666627172 ) ) ;
#5834 = CARTESIAN_POINT ( 'NONE',  ( 1.999999999999996225, 2.091679895156829610E-15, -1.875000000000010880 ) ) ;
#5835 = VECTOR ( 'NONE', #5486, 1000.000000000000227 ) ;
#5836 = AXIS2_PLACEMENT_3D ( 'NONE', #4013, #4394, #5397 ) ;
#5837 = LINE ( 'NONE', #5331, #599 ) ;
#5838 = EDGE_CURVE ( 'NONE', #1017, #4185, #5226, .T. ) ;
#5839 = CARTESIAN_POINT ( 'NONE',  ( 1.338300807568863382, 0.7726683315065783209, -7.679166666666672469 ) ) ;
#5840 = AXIS2_PLACEMENT_3D ( 'NONE', #2612, #4943, #5500 ) ;
#5841 = CARTESIAN_POINT ( 'NONE',  ( 1.732050807568874751, 0.9999999999999995559, -6.016666666666667496 ) ) ;
#5842 =( BOUNDED_CURVE ( )  B_SPLINE_CURVE ( 2, ( #3379, #3349, #945, #5322, #2936, #4853, #2469, #2136, #624 ),
 .UNSPECIFIED., .F., .T. ) 
 B_SPLINE_CURVE_WITH_KNOTS ( ( 3, 2, 2, 2, 3 ),
 ( 0.7500000000000000000, 0.7530864197530864335, 0.7592592592592593004, 0.7654320987654320563, 0.7685185185185184897 ),
 .UNSPECIFIED. ) 
 CURVE ( )  GEOMETRIC_REPRESENTATION_ITEM ( )  RATIONAL_B_SPLINE_CURVE ( ( 0.9330127018922194093, 0.9330127018922194093, 1.000000000000000000, 0.8660254037844387076, 1.000000000000000000, 0.8660254037844387076, 1.000000000000000000, 0.9330127018922194093, 0.9330127018922194093 ) ) 
 REPRESENTATION_ITEM ( '' )  );
#5843 = CC_DESIGN_SECURITY_CLASSIFICATION ( #5232, ( #3226 ) ) ;
#5844 = CARTESIAN_POINT ( 'NONE',  ( 0.1964808569473857902, 1.329937397324880921, 10.08656172435010134 ) ) ;
#5845 = CARTESIAN_POINT ( 'NONE',  ( 0.000000000000000000, -2.222344185212348510E-15, 10.20000000000000107 ) ) ;
#5846 = CARTESIAN_POINT ( 'NONE',  ( -0.8922005383792592781, -1.545336663013139766, 5.329166666666629304 ) ) ;
#5847 = AXIS2_PLACEMENT_3D ( 'NONE', #2505, #4419, #3005 ) ;
#5848 = ORIENTED_EDGE ( 'NONE', *, *, #4027, .F. ) ;
#5849 = CARTESIAN_POINT ( 'NONE',  ( 2.353151076758485338, 2.436549870658972734E-15, -2.553125000000015632 ) ) ;
#5850 = CARTESIAN_POINT ( 'NONE',  ( 1.154700538379250796, 1.999999999999999334, 6.029166666666617047 ) ) ;
#5851 = CARTESIAN_POINT ( 'NONE',  ( 1.176575538379243557, 2.037888611415555662, 3.207291666666630903 ) ) ;
#5852 = CARTESIAN_POINT ( 'NONE',  ( -1.732050807568874307, 1.000000000000001332, 7.604166666666612784 ) ) ;
#5853 = CARTESIAN_POINT ( 'NONE',  ( 0.8922005383792122046, -1.545336663013166856, 4.045833333333298754 ) ) ;
#5854 = CARTESIAN_POINT ( 'NONE',  ( -1.545336663013154643, 8.570077348212010767E-15, 3.724999999999967670 ) ) ;
#5855 =( BOUNDED_CURVE ( )  B_SPLINE_CURVE ( 2, ( #837, #3309, #3749, #367, #2302, #2804, #909, #3182, #6113 ),
 .UNSPECIFIED., .F., .F. ) 
 B_SPLINE_CURVE_WITH_KNOTS ( ( 3, 2, 2, 2, 3 ),
 ( 0.3611111111111111605, 0.3641975308641975384, 0.3703703703703703498, 0.3765432098765432167, 0.3796296296296296502 ),
 .UNSPECIFIED. ) 
 CURVE ( )  GEOMETRIC_REPRESENTATION_ITEM ( )  RATIONAL_B_SPLINE_CURVE ( ( 0.9330127018922192983, 0.9330127018922205195, 1.000000000000000000, 0.8660254037844387076, 1.000000000000000000, 0.8660254037844387076, 1.000000000000000000, 0.9330127018922187432, 0.9330127018922194093 ) ) 
 REPRESENTATION_ITEM ( '' )  );
#5856 = CARTESIAN_POINT ( 'NONE',  ( -0.8922005383792592781, -1.545336663013139766, 5.241666666666629837 ) ) ;
#5857 = ORIENTED_EDGE ( 'NONE', *, *, #3320, .F. ) ;
#5858 = CARTESIAN_POINT ( 'NONE',  ( -1.999999999999996669, -1.621051918746543165E-14, 3.462499999999958167 ) ) ;
#5859 = CARTESIAN_POINT ( 'NONE',  ( -1.154700538379249020, 1.999999999999999334, 3.958333333333307724 ) ) ;
#5860 = CARTESIAN_POINT ( 'NONE',  ( 0.8922005383792411815, -1.545336663013150424, 1.945833333333304660 ) ) ;
#5861 = CARTESIAN_POINT ( 'NONE',  ( 2.353151076758484894, 2.436549870658972734E-15, -6.009375000000011902 ) ) ;
#5862 = CARTESIAN_POINT ( 'NONE',  ( 0.8922005383792536160, 1.545336663013148426, 5.679166666666627172 ) ) ;
#5863 = CARTESIAN_POINT ( 'NONE',  ( 1.683477718050200966, -0.5367154832214080518, 7.413533937017293241 ) ) ;
#5864 = CARTESIAN_POINT ( 'NONE',  ( -1.250000000000005329, 0.7216878364870280560, 10.20000000000000284 ) ) ;
#5865 = ORIENTED_EDGE ( 'NONE', *, *, #4524, .T. ) ;
#5866 = VERTEX_POINT ( 'NONE', #2029 ) ;
#5867 = CONICAL_SURFACE ( 'NONE', #4760, 1.474999999999987876, 0.7853981633974480570 ) ;
#5868 = DIRECTION ( 'NONE',  ( 1.000000000000000000, 0.000000000000000000, 0.000000000000000000 ) ) ;
#5869 = CARTESIAN_POINT ( 'NONE',  ( 1.154700538379248798, -1.999999999999994005, 5.095833333333286141 ) ) ;
#5870 = CARTESIAN_POINT ( 'NONE',  ( -1.545336663013153089, 6.768908549604742074E-15, -4.587500000000013678 ) ) ;
#5871 = CARTESIAN_POINT ( 'NONE',  ( 1.732050807568874751, 0.9999999999999995559, -4.616666666666670693 ) ) ;
#5872 = CARTESIAN_POINT ( 'NONE',  ( 0.8922005383792411815, -1.545336663013150424, -7.154166666666673002 ) ) ;
#5873 = DIRECTION ( 'NONE',  ( 0.000000000000000000, 0.000000000000000000, 1.000000000000000000 ) ) ;
#5874 = FACE_OUTER_BOUND ( 'NONE', #1503, .T. ) ;
#5875 = ADVANCED_FACE ( 'NONE', ( #4360 ), #3952, .T. ) ;
#5876 = FACE_OUTER_BOUND ( 'NONE', #1173, .T. ) ;
#5877 = CARTESIAN_POINT ( 'NONE',  ( 1.732050807568873640, -0.9999999999999961142, 0.8666666666666481555 ) ) ;
#5878 = ORIENTED_EDGE ( 'NONE', *, *, #4961, .T. ) ;
#5879 = B_SPLINE_CURVE_WITH_KNOTS ( 'NONE', 3,
 ( #5752, #4334, #3795, #2415, #4, #1937, #1461, #2788, #5719, #3388, #3329, #5304, #3261, #1875 ),
 .UNSPECIFIED., .F., .F.,
 ( 4, 2, 2, 2, 2, 2, 4 ),
 ( 1.209483191870926717E-16, 0.0007159415568377059313, 0.001073912335256498344, 0.001431883113675291516, 0.001789853892094084038, 0.002147824670512876993, 0.002863766227350462469 ),
 .UNSPECIFIED. ) ;
#5880 = CARTESIAN_POINT ( 'NONE',  ( -1.176575538379242447, 2.037888611415556994, 0.4802083333333099224 ) ) ;
#5881 = CARTESIAN_POINT ( 'NONE',  ( -1.999999999999997113, -6.565550782020048959E-15, -2.837500000000027001 ) ) ;
#5882 = CARTESIAN_POINT ( 'NONE',  ( 0.000000000000000000, 2.037888611415556550, 5.365624999999958789 ) ) ;
#5883 = EDGE_LOOP ( 'NONE', ( #343, #5460, #3680, #4396 ) ) ;
#5884 = DIRECTION ( 'NONE',  ( -0.000000000000000000, -0.000000000000000000, 1.000000000000000000 ) ) ;
#5885 = CARTESIAN_POINT ( 'NONE',  ( -1.545336663013154643, -0.4140717108885608178, 3.843760739116931724 ) ) ;
#5886 = CARTESIAN_POINT ( 'NONE',  ( -1.338300807568859607, 0.7726683315065845381, -0.5333333333333578619 ) ) ;
#5887 = CARTESIAN_POINT ( 'NONE',  ( -1.338300807568859829, 0.7726683315065842050, -1.233333333333355375 ) ) ;
#5888 = ORIENTED_EDGE ( 'NONE', *, *, #424, .F. ) ;
#5889 = CARTESIAN_POINT ( 'NONE',  ( 1.999999999999996669, 0.5358983848622463908, 5.156260739116935277 ) ) ;
#5890 = CARTESIAN_POINT ( 'NONE',  ( -1.784401076758483473, 2.978079764120704978E-15, 3.812499999999967137 ) ) ;
#5891 = CARTESIAN_POINT ( 'NONE',  ( 1.764863307568864448, 1.018944305707778275, -7.351041666666676910 ) ) ;
#5892 = CARTESIAN_POINT ( 'NONE',  ( -1.999999999999992673, -0.5358983848622480561, -5.606239260883055131 ) ) ;
#5893 = LINE ( 'NONE', #1633, #990 ) ;
#5894 = EDGE_CURVE ( 'NONE', #4967, #2675, #3408, .T. ) ;
#5895 =( BOUNDED_CURVE ( )  B_SPLINE_CURVE ( 2, ( #5384, #2995, #1987, #534, #5358, #1002, #3406, #3909, #1957 ),
 .UNSPECIFIED., .F., .T. ) 
 B_SPLINE_CURVE_WITH_KNOTS ( ( 3, 2, 2, 2, 3 ),
 ( 0.1944444444444444475, 0.1975308641975308532, 0.2037037037037036924, 0.2098765432098765316, 0.2129629629629629650 ),
 .UNSPECIFIED. ) 
 CURVE ( )  GEOMETRIC_REPRESENTATION_ITEM ( )  RATIONAL_B_SPLINE_CURVE ( ( 0.9330127018922194093, 0.9330127018922196314, 1.000000000000000000, 0.8660254037844387076, 1.000000000000000000, 0.8660254037844387076, 1.000000000000000000, 0.9330127018922190762, 0.9330127018922194093 ) ) 
 REPRESENTATION_ITEM ( '' )  );
#5896 = CARTESIAN_POINT ( 'NONE',  ( -1.848716181905553979, -0.4369480130082400993, 7.536936138667992502 ) ) ;
#5897 = ORIENTED_EDGE ( 'NONE', *, *, #1736, .F. ) ;
#5898 = EDGE_LOOP ( 'NONE', ( #4282, #3409, #2836, #3497 ) ) ;
#5899 = CARTESIAN_POINT ( 'NONE',  ( 1.999999999999996669, 2.091679895156829610E-15, 5.212499999999952394 ) ) ;
#5900 = CARTESIAN_POINT ( 'NONE',  ( -1.250000000000004663, -0.7216878364870418228, 8.660000000000001918 ) ) ;
#5901 = CARTESIAN_POINT ( 'NONE',  ( 1.732050807568873640, -0.9999999999999961142, -1.933333333333344228 ) ) ;
#5902 = FACE_OUTER_BOUND ( 'NONE', #212, .T. ) ;
#5903 = CARTESIAN_POINT ( 'NONE',  ( 0.000000000000000000, 1.545336663013155754, -3.362500000000016698 ) ) ;
#5904 = CARTESIAN_POINT ( 'NONE',  ( 0.000000000000000000, 1.545336663013155754, -6.950000000000008171 ) ) ;
#5905 = CARTESIAN_POINT ( 'NONE',  ( -1.999999999999994005, -0.5358983848622458357, -0.006239260883070323407 ) ) ;
#5906 = CARTESIAN_POINT ( 'NONE',  ( 1.999999999999994005, -0.5358983848622467239, -7.418760739116981640 ) ) ;
#5907 = EDGE_LOOP ( 'NONE', ( #170, #5510, #5945, #2262 ) ) ;
#5908 = CARTESIAN_POINT ( 'NONE',  ( 1.764863307568863782, -1.018944305707774944, 0.8885416666666416941 ) ) ;
#5909 = CARTESIAN_POINT ( 'NONE',  ( -1.999999999999996669, -6.565550782020048959E-15, -6.424999999999999822 ) ) ;
#5910 = CARTESIAN_POINT ( 'NONE',  ( 1.176575538379241559, -2.037888611415550777, 5.773958333333291115 ) ) ;
#5911 = CARTESIAN_POINT ( 'NONE',  ( 1.999999999999996669, 2.091679895156829610E-15, -0.3875000000000334843 ) ) ;
#5912 = CARTESIAN_POINT ( 'NONE',  ( 1.545336663013151535, 1.010978615992467605E-14, 0.6624999999999751088 ) ) ;
#5913 = CARTESIAN_POINT ( 'NONE',  ( 0.000000000000000000, 1.999999999999999556, -1.612500000000030909 ) ) ;
#5914 = EDGE_CURVE ( 'NONE', #1216, #4652, #4043, .T. ) ;
#5915 = ORIENTED_EDGE ( 'NONE', *, *, #4977, .F. ) ;
#5916 = CARTESIAN_POINT ( 'NONE',  ( 1.154700538379250574, 1.999999999999998224, 5.241666666666637830 ) ) ;
#5917 = CARTESIAN_POINT ( 'NONE',  ( -0.8922005383792422917, -1.545336663013149758, 1.129166666666639562 ) ) ;
#5918 = CARTESIAN_POINT ( 'NONE',  ( 1.764863307568864448, 1.018944305707778275, -8.051041666666675312 ) ) ;
#5919 = FACE_OUTER_BOUND ( 'NONE', #564, .T. ) ;
#5920 = CARTESIAN_POINT ( 'NONE',  ( -2.000000000000001332, 0.5358983848622385082, -0.8562607391169770876 ) ) ;
#5921 = ORIENTED_EDGE ( 'NONE', *, *, #3561, .T. ) ;
#5922 = VERTEX_POINT ( 'NONE', #4126 ) ;
#5923 = LINE ( 'NONE', #172, #4640 ) ;
#5924 = CARTESIAN_POINT ( 'NONE',  ( -1.732050807568874529, -0.9999999999999950040, 4.920833333333285431 ) ) ;
#5925 = CARTESIAN_POINT ( 'NONE',  ( -1.362785257228442077E-14, -1.545336663013149980, 6.699999999999957545 ) ) ;
#5926 = CARTESIAN_POINT ( 'NONE',  ( -1.999999999999997113, -6.565550782020048959E-15, -2.137500000000028599 ) ) ;
#5927 = EDGE_CURVE ( 'NONE', #5296, #1927, #4504, .T. ) ;
#5928 = CARTESIAN_POINT ( 'NONE',  ( -1.338300807568862716, 0.7726683315065794311, -5.345833333333344761 ) ) ;
#5929 = ORIENTED_EDGE ( 'NONE', *, *, #2452, .F. ) ;
#5930 = DIRECTION ( 'NONE',  ( -0.000000000000000000, -0.000000000000000000, 1.000000000000000000 ) ) ;
#5931 = AXIS2_PLACEMENT_3D ( 'NONE', #965, #3371, #4786 ) ;
#5932 = CARTESIAN_POINT ( 'NONE',  ( 1.154700538379248798, -1.999999999999994005, -6.804166666666684904 ) ) ;
#5933 = CYLINDRICAL_SURFACE ( 'NONE', #399, 3.800000000000006484 ) ;
#5934 = CARTESIAN_POINT ( 'NONE',  ( -0.8922005383792397382, 1.545336663013156864, -6.191666666666676200 ) ) ;
#5935 = EDGE_CURVE ( 'NONE', #2373, #4338, #208, .T. ) ;
#5936 = ORIENTED_EDGE ( 'NONE', *, *, #4332, .F. ) ;
#5937 = LOCAL_TIME ( 16, 7, 15.00000000000000000, #2730 ) ;
#5938 = CARTESIAN_POINT ( 'NONE',  ( 1.764863307568863782, -1.018944305707774944, 3.688541666666635077 ) ) ;
#5939 = CARTESIAN_POINT ( 'NONE',  ( 1.741474883515547131E-14, 1.545336663013155754, 3.637499999999967315 ) ) ;
#5940 = CARTESIAN_POINT ( 'NONE',  ( -1.176575538379242447, 2.037888611415556550, 3.323958333333296711 ) ) ;
#5941 = CARTESIAN_POINT ( 'NONE',  ( -1.545336663013152645, 0.4140717108885885733, -4.706260739116977732 ) ) ;
#5942 = AXIS2_PLACEMENT_3D ( 'NONE', #6120, #2850, #814 ) ;
#5943 = FACE_OUTER_BOUND ( 'NONE', #806, .T. ) ;
#5944 = CARTESIAN_POINT ( 'NONE',  ( -1.545336663013153089, 3.137519842735245599E-15, -5.987500000000009592 ) ) ;
#5945 = ORIENTED_EDGE ( 'NONE', *, *, #3556, .F. ) ;
#5946 = CARTESIAN_POINT ( 'NONE',  ( 1.545336663013153089, 2.788906526875773602E-15, -6.425000000000008704 ) ) ;
#5947 = CARTESIAN_POINT ( 'NONE',  ( 1.784401076758483473, 2.541027550711231709E-15, 2.762499999999968203 ) ) ;
#5948 = CARTESIAN_POINT ( 'NONE',  ( -1.176575538379242447, 2.037888611415556550, -7.176041666666677976 ) ) ;
#5949 = CARTESIAN_POINT ( 'NONE',  ( 1.154700538379248798, -1.999999999999994005, -4.704166666666689700 ) ) ;
#5950 = EDGE_CURVE ( 'NONE', #771, #6183, #4523, .T. ) ;
#5951 = ORIENTED_EDGE ( 'NONE', *, *, #5607, .T. ) ;
#5952 = CARTESIAN_POINT ( 'NONE',  ( 1.999999999999996225, 2.091679895156829610E-15, 0.2249999999999840739 ) ) ;
#5953 = VERTEX_POINT ( 'NONE', #3624 ) ;
#5954 = ORIENTED_EDGE ( 'NONE', *, *, #3913, .T. ) ;
#5955 = CARTESIAN_POINT ( 'NONE',  ( 0.000000000000000000, 1.999999999999999556, 6.787499999999948130 ) ) ;
#5956 = CARTESIAN_POINT ( 'NONE',  ( 0.000000000000000000, 1.999999999999999112, 0.3999999999999826472 ) ) ;
#5957 = CARTESIAN_POINT ( 'NONE',  ( 1.545336663013152645, -0.4140717108885798026, -4.968760739116975245 ) ) ;
#5958 = CARTESIAN_POINT ( 'NONE',  ( 1.999999999999996669, -2.672702088255949867E-15, -4.675000000000003375 ) ) ;
#5959 = CARTESIAN_POINT ( 'NONE',  ( -1.338300807568862938, -0.7726683315065733249, -6.629166666666674423 ) ) ;
#5960 = ORIENTED_EDGE ( 'NONE', *, *, #2439, .F. ) ;
#5961 = CARTESIAN_POINT ( 'NONE',  ( 1.338300807568870487, 0.7726683315065661084, 2.733333333333300974 ) ) ;
#5962 = CARTESIAN_POINT ( 'NONE',  ( 0.000000000000000000, 1.545336663013155754, -5.550000000000011369 ) ) ;
#5963 = CARTESIAN_POINT ( 'NONE',  ( 0.000000000000000000, 1.999999999999999556, -0.9125000000000325073 ) ) ;
#5964 = EDGE_CURVE ( 'NONE', #5001, #1192, #1022, .T. ) ;
#5965 = CARTESIAN_POINT ( 'NONE',  ( 1.999999999999985789, -7.315972730208271840E-15, 7.999999999999998224 ) ) ;
#5966 = ORIENTED_EDGE ( 'NONE', *, *, #4812, .F. ) ;
#5967 = CARTESIAN_POINT ( 'NONE',  ( -1.764863307568864004, 1.018944305707780051, 4.738541666666632679 ) ) ;
#5968 = CARTESIAN_POINT ( 'NONE',  ( -1.154700538379250130, -1.999999999999992673, 6.291666666666634988 ) ) ;
#5969 = CARTESIAN_POINT ( 'NONE',  ( -1.176575538379242447, 2.037888611415556550, 9.623958333333282766 ) ) ;
#5970 = CARTESIAN_POINT ( 'NONE',  ( -1.545336663013153311, 3.747593145489319422E-15, -3.187500000000016875 ) ) ;
#5971 = CARTESIAN_POINT ( 'NONE',  ( -1.545336663013154643, 8.570077348212010767E-15, 3.812499999999968470 ) ) ;
#5972 = FACE_OUTER_BOUND ( 'NONE', #5248, .T. ) ;
#5973 = ORIENTED_EDGE ( 'NONE', *, *, #1595, .T. ) ;
#5974 = CARTESIAN_POINT ( 'NONE',  ( 0.000000000000000000, 2.037888611415556994, -7.978125000000002132 ) ) ;
#5975 = CARTESIAN_POINT ( 'NONE',  ( 1.784401076758483473, 2.541027550711231709E-15, 4.862499999999964295 ) ) ;
#5976 = CARTESIAN_POINT ( 'NONE',  ( -1.764863307568863782, -1.018944305707773390, -2.101041666666689345 ) ) ;
#5977 =( BOUNDED_CURVE ( )  B_SPLINE_CURVE ( 2, ( #5355, #4253, #1955, #1480, #5293, #5796, #5262, #1449, #2437 ),
 .UNSPECIFIED., .F., .F. ) 
 B_SPLINE_CURVE_WITH_KNOTS ( ( 3, 2, 2, 2, 3 ),
 ( 0.7500000000000001110, 0.7530864197530864335, 0.7592592592592593004, 0.7654320987654320563, 0.7685185185185186008 ),
 .UNSPECIFIED. ) 
 CURVE ( )  GEOMETRIC_REPRESENTATION_ITEM ( )  RATIONAL_B_SPLINE_CURVE ( ( 0.9330127018922194093, 0.9330127018922217408, 1.000000000000000000, 0.8660254037844387076, 1.000000000000000000, 0.8660254037844387076, 1.000000000000000000, 0.9330127018922169668, 0.9330127018922194093 ) ) 
 REPRESENTATION_ITEM ( '' )  );
#5978 = CARTESIAN_POINT ( 'NONE',  ( 1.551755539120385663, -0.8396935389588716658, 7.400598563978164179 ) ) ;
#5979 = DIRECTION ( 'NONE',  ( 0.000000000000000000, 0.000000000000000000, 1.000000000000000000 ) ) ;
#5980 = VERTEX_POINT ( 'NONE', #5478 ) ;
#5981 = CARTESIAN_POINT ( 'NONE',  ( -0.8922005383792422917, -1.545336663013149758, 3.141666666666632857 ) ) ;
#5982 = EDGE_LOOP ( 'NONE', ( #266, #4003, #2166, #259 ) ) ;
#5983 = ADVANCED_FACE ( 'NONE', ( #3743 ), #3270, .T. ) ;
#5984 = CARTESIAN_POINT ( 'NONE',  ( -1.999999999999996669, 0.5358983848622475010, 6.931239260882983366 ) ) ;
#5985 = CARTESIAN_POINT ( 'NONE',  ( 1.338300807568857387, -0.7726683315065827617, -2.195833333333352400 ) ) ;
#5986 = CARTESIAN_POINT ( 'NONE',  ( 1.545336663013157308, 1.060365502405892772E-14, 6.874999999999958256 ) ) ;
#5987 = CYLINDRICAL_SURFACE ( 'NONE', #3125, 1.545336663013152867 ) ;
#5988 = EDGE_CURVE ( 'NONE', #3314, #1577, #3372, .T. ) ;
#5989 = CARTESIAN_POINT ( 'NONE',  ( 0.8922005383792411815, -1.545336663013150424, -6.454166666666675489 ) ) ;
#5990 = VERTEX_POINT ( 'NONE', #272 ) ;
#5991 = CARTESIAN_POINT ( 'NONE',  ( -1.338300807568867601, -0.7726683315065651092, 3.170833333333301418 ) ) ;
#5992 = CARTESIAN_POINT ( 'NONE',  ( -1.892491597964109718E-16, -1.545336663013149980, -4.500000000000014211 ) ) ;
#5993 = CARTESIAN_POINT ( 'NONE',  ( 1.999999999999996669, 2.091679895156829610E-15, -1.087500000000032330 ) ) ;
#5994 = CARTESIAN_POINT ( 'NONE',  ( 1.999999999999996669, 2.091679895156829610E-15, 3.112499999999957190 ) ) ;
#5995 = ORIENTED_EDGE ( 'NONE', *, *, #3696, .T. ) ;
#5996 = CARTESIAN_POINT ( 'NONE',  ( -1.176575538379242447, 2.037888611415556994, 3.280208333333303194 ) ) ;
#5997 = EDGE_CURVE ( 'NONE', #3265, #127, #4690, .T. ) ;
#5998 = CARTESIAN_POINT ( 'NONE',  ( -1.999999999999996669, 3.079417623425332942E-15, 6.962499999999947953 ) ) ;
#5999 = CARTESIAN_POINT ( 'NONE',  ( 0.000000000000000000, 2.037888611415556550, 8.865624999999949907 ) ) ;
#6000 = DIRECTION ( 'NONE',  ( 0.000000000000000000, 1.000000000000000000, 5.648303390429391465E-16 ) ) ;
#6001 = CARTESIAN_POINT ( 'NONE',  ( -1.783193066558607764, -0.5684065471668310332, -7.618730225680018009 ) ) ;
#6002 = CARTESIAN_POINT ( 'NONE',  ( -1.999999999999999112, 0.5358983848622429491, -1.468760739116995007 ) ) ;
#6003 = ORIENTED_EDGE ( 'NONE', *, *, #4374, .T. ) ;
#6004 = CARTESIAN_POINT ( 'NONE',  ( 1.545336663013154421, 1.760497245090331648E-14, 4.862499999999966960 ) ) ;
#6005 = B_SPLINE_CURVE_WITH_KNOTS ( 'NONE', 3,
 ( #5465, #1565, #5403, #3075, #1592, #1081, #824, #3701, #5146, #1682, #3105, #4650, #1653, #5021, #2634, #1170, #4678, #3232, #6001, #5559, #1205, #3574, #733, #3140, #4549, #256, #1752, #4048, #5051, #5590 ),
 .UNSPECIFIED., .F., .F.,
 ( 4, 2, 2, 2, 2, 2, 2, 2, 2, 2, 2, 2, 2, 2, 4 ),
 ( 0.004099195735441990215, 0.004458691565059699422, 0.004818187394677409495, 0.005177683224295118701, 0.005537179053912828774, 0.005896674883530537981, 0.006256170713148247187, 0.006615666542765956393, 0.006975162372383666466, 0.007694154031619085746, 0.008053649861236796687, 0.008413145690854504158, 0.008772641520472215099, 0.009132137350089924305, 0.009851129009325342717 ),
 .UNSPECIFIED. ) ;
#6006 = ADVANCED_FACE ( 'NONE', ( #5507 ), #2590, .F. ) ;
#6007 = CARTESIAN_POINT ( 'NONE',  ( -0.8922005383792416255, 1.545336663013155531, 5.095833333333295911 ) ) ;
#6008 = CARTESIAN_POINT ( 'NONE',  ( -2.353151076758484894, 3.012905657471457707E-15, -0.7593750000000256684 ) ) ;
#6009 = CARTESIAN_POINT ( 'NONE',  ( 1.999999999999996225, 2.091679895156829610E-15, 7.224999999999965894 ) ) ;
#6010 = CARTESIAN_POINT ( 'NONE',  ( 0.000000000000000000, 1.999999999999999112, -1.000000000000013323 ) ) ;
#6011 = VERTEX_POINT ( 'NONE', #4310 ) ;
#6012 = CARTESIAN_POINT ( 'NONE',  ( 1.784401076758483473, 2.541027550711231709E-15, 1.274999999999970601 ) ) ;
#6013 =( BOUNDED_CURVE ( )  B_SPLINE_CURVE ( 2, ( #2975, #2540, #4833, #5806, #3450, #5932, #4893, #604, #151 ),
 .UNSPECIFIED., .F., .F. ) 
 B_SPLINE_CURVE_WITH_KNOTS ( ( 3, 2, 2, 2, 3 ),
 ( 0.08333333333333335646, 0.08641975308641974829, 0.09259259259259258745, 0.09876543209876542662, 0.1018518518518518184 ),
 .UNSPECIFIED. ) 
 CURVE ( )  GEOMETRIC_REPRESENTATION_ITEM ( )  RATIONAL_B_SPLINE_CURVE ( ( 0.9330127018922194093, 0.9330127018922199644, 1.000000000000000000, 0.8660254037844387076, 1.000000000000000000, 0.8660254037844387076, 1.000000000000000000, 0.9330127018922198534, 0.9330127018922191873 ) ) 
 REPRESENTATION_ITEM ( '' )  );
#6014 = CARTESIAN_POINT ( 'NONE',  ( -1.338300807568862938, -0.7726683315065733249, 6.583333333333292181 ) ) ;
#6015 = LINE ( 'NONE', #1696, #2729 ) ;
#6016 = CARTESIAN_POINT ( 'NONE',  ( -1.999999999999996669, -6.565550782020048959E-15, -1.525000000000011235 ) ) ;
#6017 = DIRECTION ( 'NONE',  ( -1.000000000000000000, 0.000000000000000000, -0.000000000000000000 ) ) ;
#6018 = DIRECTION ( 'NONE',  ( -0.000000000000000000, -0.000000000000000000, 1.000000000000000000 ) ) ;
#6019 = CARTESIAN_POINT ( 'NONE',  ( 1.154700538379248798, -1.999999999999993561, 5.708333333333302839 ) ) ;
#6020 = CARTESIAN_POINT ( 'NONE',  ( 0.000000000000000000, 1.545336663013155754, -6.162500000000010303 ) ) ;
#6021 = ORIENTED_EDGE ( 'NONE', *, *, #1127, .F. ) ;
#6022 = CARTESIAN_POINT ( 'NONE',  ( -1.154700538379250130, -1.999999999999992673, 2.791666666666644314 ) ) ;
#6023 = CARTESIAN_POINT ( 'NONE',  ( 1.784401076758483473, 2.541027550711231709E-15, -3.625000000000016431 ) ) ;
#6024 = CARTESIAN_POINT ( 'NONE',  ( -1.545336663013153311, 0.4140717108885880737, -2.606260739116983416 ) ) ;
#6025 = ADVANCED_FACE ( 'NONE', ( #4810 ), #5254, .T. ) ;
#6026 = CONICAL_SURFACE ( 'NONE', #5423, 1.999999999999985789, 0.7853981633974500554 ) ;
#6027 = CARTESIAN_POINT ( 'NONE',  ( 1.173398033834091025, -1.058288313924232282, -7.904896486579885639 ) ) ;
#6028 = ORIENTED_EDGE ( 'NONE', *, *, #3796, .F. ) ;
#6029 = CARTESIAN_POINT ( 'NONE',  ( -2.495693764988902447E-16, -2.037888611415550777, 3.571874999999969269 ) ) ;
#6030 = AXIS2_PLACEMENT_3D ( 'NONE', #2247, #4163, #3723 ) ;
#6031 = CARTESIAN_POINT ( 'NONE',  ( 1.999999999999996225, -0.5358983848622421720, -4.706260739116967962 ) ) ;
#6032 = AXIS2_PLACEMENT_3D ( 'NONE', #934, #2458, #961 ) ;
#6033 = CARTESIAN_POINT ( 'NONE',  ( 1.764863307568864448, 1.018944305707778275, 8.748958333333286319 ) ) ;
#6034 = CARTESIAN_POINT ( 'NONE',  ( 0.000000000000000000, -7.560902090037740558E-15, 13.65685424949233884 ) ) ;
#6035 = DATE_AND_TIME ( #2260, #5937 ) ;
#6036 = CARTESIAN_POINT ( 'NONE',  ( -1.953786439278218712, 0.4534251460281422674, 7.641120999430411231 ) ) ;
#6037 = ORIENTED_EDGE ( 'NONE', *, *, #2178, .T. ) ;
#6038 = CARTESIAN_POINT ( 'NONE',  ( -1.338300807568862272, 0.7726683315065798752, -7.533333333333340320 ) ) ;
#6039 = CARTESIAN_POINT ( 'NONE',  ( -0.8922005383792416255, 1.545336663013155531, 6.495833333333292714 ) ) ;
#6040 = CARTESIAN_POINT ( 'NONE',  ( 2.353151076758484894, 2.436549870658972734E-15, -2.509375000000022116 ) ) ;
#6041 =( BOUNDED_CURVE ( )  B_SPLINE_CURVE ( 2, ( #3783, #912, #874, #5229, #1322, #2776, #777, #2209, #4725 ),
 .UNSPECIFIED., .F., .T. ) 
 B_SPLINE_CURVE_WITH_KNOTS ( ( 3, 2, 2, 2, 3 ),
 ( 0.02777777777777777971, 0.03086419753086419582, 0.03703703703703703498, 0.04320987654320987414, 0.04629629629629630067 ),
 .UNSPECIFIED. ) 
 CURVE ( )  GEOMETRIC_REPRESENTATION_ITEM ( )  RATIONAL_B_SPLINE_CURVE ( ( 0.9330127018922194093, 0.9330127018922194093, 1.000000000000000000, 0.8660254037844387076, 1.000000000000000000, 0.8660254037844387076, 1.000000000000000000, 0.9330127018922191873, 0.9330127018922194093 ) ) 
 REPRESENTATION_ITEM ( '' )  );
#6042 = CARTESIAN_POINT ( 'NONE',  ( -1.999999999999996669, 3.079417623425332547E-15, 4.162499999999954348 ) ) ;
#6043 = EDGE_CURVE ( 'NONE', #4562, #706, #2529, .T. ) ;
#6044 = CARTESIAN_POINT ( 'NONE',  ( 0.9849529911951637740, -1.723711265299204598, -7.493810442645821190 ) ) ;
#6045 = AXIS2_PLACEMENT_3D ( 'NONE', #1185, #2140, #5004 ) ;
#6046 = ORIENTED_EDGE ( 'NONE', *, *, #797, .T. ) ;
#6047 = CARTESIAN_POINT ( 'NONE',  ( 1.784401076758483473, 2.541027550711231709E-15, 2.674999999999967404 ) ) ;
#6048 = ORIENTED_EDGE ( 'NONE', *, *, #2859, .T. ) ;
#6049 = CARTESIAN_POINT ( 'NONE',  ( 0.8922005383792411815, -1.545336663013150424, 3.958333333333298398 ) ) ;
#6050 = DIRECTION ( 'NONE',  ( 0.7071067811865487940, 0.000000000000000000, 0.7071067811865463515 ) ) ;
#6051 = CARTESIAN_POINT ( 'NONE',  ( -2.304335819984089318E-13, 1.722636114155686737, -7.752363885844308022 ) ) ;
#6052 = DIRECTION ( 'NONE',  ( -1.000000000000000000, 0.000000000000000000, 0.000000000000000000 ) ) ;
#6053 = CARTESIAN_POINT ( 'NONE',  ( 1.999999999999996669, 2.091679895156829610E-15, 3.812499999999955591 ) ) ;
#6054 =( BOUNDED_CURVE ( )  B_SPLINE_CURVE ( 2, ( #2822, #1336, #5175, #853, #2787, #385, #3123, #2084, #4535 ),
 .UNSPECIFIED., .F., .F. ) 
 B_SPLINE_CURVE_WITH_KNOTS ( ( 3, 2, 2, 2, 3 ),
 ( 0.2500000000000000000, 0.2530864197530864335, 0.2592592592592593004, 0.2654320987654320563, 0.2685185185185184897 ),
 .UNSPECIFIED. ) 
 CURVE ( )  GEOMETRIC_REPRESENTATION_ITEM ( )  RATIONAL_B_SPLINE_CURVE ( ( 0.9330127018922194093, 0.9330127018922194093, 1.000000000000000000, 0.8660254037844387076, 1.000000000000000000, 0.8660254037844387076, 1.000000000000000000, 0.9330127018922194093, 0.9330127018922194093 ) ) 
 REPRESENTATION_ITEM ( '' )  );
#6055 = FACE_OUTER_BOUND ( 'NONE', #1246, .T. ) ;
#6056 = CARTESIAN_POINT ( 'NONE',  ( -1.784401076758483473, 2.978079764120704978E-15, -2.487500000000018030 ) ) ;
#6057 = VECTOR ( 'NONE', #1204, 1000.000000000000000 ) ;
#6058 = ORIENTED_EDGE ( 'NONE', *, *, #780, .F. ) ;
#6059 = FACE_OUTER_BOUND ( 'NONE', #5613, .T. ) ;
#6060 = CARTESIAN_POINT ( 'NONE',  ( -0.8922005383792416255, 1.545336663013155531, -3.391666666666683483 ) ) ;
#6061 = CARTESIAN_POINT ( 'NONE',  ( 1.338300807568868711, 0.7726683315065691060, -3.479166666666682506 ) ) ;
#6062 = DIRECTION ( 'NONE',  ( -0.000000000000000000, -0.000000000000000000, 1.000000000000000000 ) ) ;
#6063 = VERTEX_POINT ( 'NONE', #1500 ) ;
#6064 = CARTESIAN_POINT ( 'NONE',  ( 1.764863307568864892, 1.018944305707778497, 3.805208333333300885 ) ) ;
#6065 = EDGE_CURVE ( 'NONE', #5690, #5922, #3810, .T. ) ;
#6066 = CARTESIAN_POINT ( 'NONE',  ( 1.154700538379248798, -1.999999999999993561, -4.791666666666671404 ) ) ;
#6067 = CARTESIAN_POINT ( 'NONE',  ( 2.353151076758484894, 2.436549870658972734E-15, 8.690624999999950973 ) ) ;
#6068 = CARTESIAN_POINT ( 'NONE',  ( -1.338300807568852946, 0.7726683315065963065, 4.366666666666629837 ) ) ;
#6069 = FACE_OUTER_BOUND ( 'NONE', #5279, .T. ) ;
#6070 = APPROVAL_ROLE ( '' ) ;
#6071 = DIRECTION ( 'NONE',  ( 1.000000000000000000, 0.000000000000000000, 0.000000000000000000 ) ) ;
#6072 = ORIENTED_EDGE ( 'NONE', *, *, #4260, .F. ) ;
#6073 = CARTESIAN_POINT ( 'NONE',  ( -1.545336663013153533, 0.4140717108885836328, -7.506260739116972225 ) ) ;
#6074 = ADVANCED_FACE ( 'NONE', ( #4782 ), #463, .T. ) ;
#6075 = CARTESIAN_POINT ( 'NONE',  ( 0.8922005383792411815, -1.545336663013150424, 6.145833333333293069 ) ) ;
#6076 = CARTESIAN_POINT ( 'NONE',  ( 1.764863307568863338, -1.018944305707774722, -3.967708333333351600 ) ) ;
#6077 = DIRECTION ( 'NONE',  ( -0.5000000000000000000, -0.8660254037844387076, 0.000000000000000000 ) ) ;
#6078 = ORIENTED_EDGE ( 'NONE', *, *, #5035, .T. ) ;
#6079 = CARTESIAN_POINT ( 'NONE',  ( 1.338300807568862494, -0.7726683315065742130, 0.5166666666666392960 ) ) ;
#6080 = VERTEX_POINT ( 'NONE', #3430 ) ;
#6081 = CARTESIAN_POINT ( 'NONE',  ( -1.892491597964109718E-16, -1.545336663013149980, 6.699999999999957545 ) ) ;
#6082 = EDGE_CURVE ( 'NONE', #5033, #2012, #5089, .T. ) ;
#6083 = CARTESIAN_POINT ( 'NONE',  ( 1.338300807568865602, 0.7726683315065739910, 6.233333333333292536 ) ) ;
#6084 = CARTESIAN_POINT ( 'NONE',  ( -1.338300807568847173, 0.7726683315066061875, 5.066666666666629126 ) ) ;
#6085 = DIRECTION ( 'NONE',  ( 0.000000000000000000, 0.000000000000000000, -1.000000000000000000 ) ) ;
#6086 = LINE ( 'NONE', #5644, #3218 ) ;
#6087 = CARTESIAN_POINT ( 'NONE',  ( -1.892491597964109718E-16, -1.545336663013149980, -2.312500000000018652 ) ) ;
#6088 = ORIENTED_EDGE ( 'NONE', *, *, #5716, .T. ) ;
#6089 = CARTESIAN_POINT ( 'NONE',  ( 1.341942081208246177E-29, -5.578198353757150534E-15, 6.473556149732618614 ) ) ;
#6090 = CARTESIAN_POINT ( 'NONE',  ( -0.8922005383792422917, -1.545336663013149758, -5.958333333333344584 ) ) ;
#6091 = CARTESIAN_POINT ( 'NONE',  ( -1.999999999999996225, 0.5358983848622473900, -1.556260739116975600 ) ) ;
#6092 =( BOUNDED_CURVE ( )  B_SPLINE_CURVE ( 2, ( #5944, #5467, #2845, #5818, #1024, #4761, #3968, #1567, #524 ),
 .UNSPECIFIED., .F., .T. ) 
 B_SPLINE_CURVE_WITH_KNOTS ( ( 3, 2, 2, 2, 3 ),
 ( 0.1203703703703703776, 0.1234567901234567833, 0.1296296296296296224, 0.1358024691358024616, 0.1388888888888888951 ),
 .UNSPECIFIED. ) 
 CURVE ( )  GEOMETRIC_REPRESENTATION_ITEM ( )  RATIONAL_B_SPLINE_CURVE ( ( 0.9330127018922194093, 0.9330127018922196314, 1.000000000000000000, 0.8660254037844387076, 1.000000000000000000, 0.8660254037844387076, 1.000000000000000000, 0.9330127018922190762, 0.9330127018922194093 ) ) 
 REPRESENTATION_ITEM ( '' )  );
#6093 = CARTESIAN_POINT ( 'NONE',  ( -1.999999999999996225, -1.132993276543282844E-14, -4.325000000000004619 ) ) ;
#6094 = CARTESIAN_POINT ( 'NONE',  ( -1.764863307568864226, -1.018944305707773612, 6.955208333333294135 ) ) ;
#6095 = CARTESIAN_POINT ( 'NONE',  ( -1.999999999999985789, -7.560902090037740558E-15, 13.65685424949233884 ) ) ;
#6096 = CARTESIAN_POINT ( 'NONE',  ( -1.176575538379243113, -2.037888611415549889, 7.057291666666621666 ) ) ;
#6097 = CARTESIAN_POINT ( 'NONE',  ( -1.154700538379250130, -1.999999999999992673, 2.091666666666645469 ) ) ;
#6098 = CARTESIAN_POINT ( 'NONE',  ( 1.545336663013152645, 0.4140717108885739739, -0.09373926088306021309 ) ) ;
#6099 = CALENDAR_DATE ( 2026, 25, 6 ) ;
#6100 = CARTESIAN_POINT ( 'NONE',  ( -1.216285726432986714, 1.522612717483712297, 7.595075843509958347 ) ) ;
#6101 = EDGE_CURVE ( 'NONE', #3979, #1038, #1669, .T. ) ;
#6102 = ORIENTED_EDGE ( 'NONE', *, *, #4143, .T. ) ;
#6103 = CARTESIAN_POINT ( 'NONE',  ( 1.764863307568863782, -1.018944305707774944, -4.711458333333343518 ) ) ;
#6104 = CARTESIAN_POINT ( 'NONE',  ( 1.338300807568863382, 0.7726683315065783209, 4.920833333333296089 ) ) ;
#6105 = CARTESIAN_POINT ( 'NONE',  ( 2.353151076758484894, 2.436549870658972734E-15, -1.109375000000025313 ) ) ;
#6106 = CARTESIAN_POINT ( 'NONE',  ( 1.732050807568873640, -0.9999999999999961142, 7.166666666666633212 ) ) ;
#6107 = ADVANCED_FACE ( 'NONE', ( #6171 ), #1854, .T. ) ;
#6108 = DIRECTION ( 'NONE',  ( 1.000000000000000000, 0.000000000000000000, 0.000000000000000000 ) ) ;
#6109 = ORIENTED_EDGE ( 'NONE', *, *, #5562, .T. ) ;
#6110 = CARTESIAN_POINT ( 'NONE',  ( -1.338300807568862938, -0.7726683315065733249, 0.2833333333333073467 ) ) ;
#6111 = CARTESIAN_POINT ( 'NONE',  ( 1.999999999999985789, -7.315972730208273417E-15, 13.65685424949233884 ) ) ;
#6112 = CARTESIAN_POINT ( 'NONE',  ( 1.338300807568862494, -0.7726683315065742130, 5.416666666666628771 ) ) ;
#6113 = CARTESIAN_POINT ( 'NONE',  ( -1.545336663013153311, 4.967739750997471014E-15, -1.087500000000021005 ) ) ;
#6114 = CARTESIAN_POINT ( 'NONE',  ( -1.338300807568861384, 0.7726683315065815405, -6.833333333333341919 ) ) ;
#6115 = ADVANCED_FACE ( 'NONE', ( #431 ), #2362, .T. ) ;
#6116 = CARTESIAN_POINT ( 'NONE',  ( 1.545336663013153311, 9.848326173030075016E-15, -3.625000000000015543 ) ) ;
#6117 = CARTESIAN_POINT ( 'NONE',  ( -1.154700538379250352, -1.999999999999993117, -2.020833333333363679 ) ) ;
#6118 = CARTESIAN_POINT ( 'NONE',  ( -1.545336663013153533, 3.486133158594716806E-15, -5.287500000000012079 ) ) ;
#6119 = ORIENTED_EDGE ( 'NONE', *, *, #2255, .F. ) ;
#6120 = CARTESIAN_POINT ( 'NONE',  ( 0.000000000000000000, -7.560902090037740558E-15, 13.65685424949233884 ) ) ;
#6121 = CARTESIAN_POINT ( 'NONE',  ( -0.8922005383792416255, 1.545336663013155531, -0.5916666666666908769 ) ) ;
#6122 = CYLINDRICAL_SURFACE ( 'NONE', #3518, 1.545336663013152867 ) ;
#6123 = CARTESIAN_POINT ( 'NONE',  ( 1.545336663013154199, -0.4140717108885854092, 2.643739260883004594 ) ) ;
#6124 = EDGE_CURVE ( 'NONE', #3660, #2304, #3049, .T. ) ;
#6125 = CARTESIAN_POINT ( 'NONE',  ( 1.764863307568864892, 1.018944305707778497, 7.305208333333293780 ) ) ;
#6126 = CARTESIAN_POINT ( 'NONE',  ( 1.545336663013152645, 0.4140717108885739739, -0.006239260883059442354 ) ) ;
#6127 = CARTESIAN_POINT ( 'NONE',  ( -1.732050807568874085, -0.9999999999999947820, -5.666666666666667851 ) ) ;
#6128 = CARTESIAN_POINT ( 'NONE',  ( -1.999999999999996225, -1.132993276543283001E-14, -3.625000000000005773 ) ) ;
#6129 = CARTESIAN_POINT ( 'NONE',  ( 0.000000000000000000, 2.868816710768336858E-15, -8.000000000000000000 ) ) ;
#6130 = PERSON_AND_ORGANIZATION_ROLE ( 'classification_officer' ) ;
#6131 = CYLINDRICAL_SURFACE ( 'NONE', #178, 1.999999999999985789 ) ;
#6132 = ORIENTED_EDGE ( 'NONE', *, *, #2296, .F. ) ;
#6133 = VECTOR ( 'NONE', #2289, 1000.000000000000000 ) ;
#6134 = CARTESIAN_POINT ( 'NONE',  ( -1.176575538379243335, -2.037888611415550333, -4.186458333333345827 ) ) ;
#6135 = CARTESIAN_POINT ( 'NONE',  ( 1.176575538379243557, 2.037888611415555662, 1.107291666666636587 ) ) ;
#6136 = CARTESIAN_POINT ( 'NONE',  ( -1.545336663013152867, 2.062628785501874071E-15, -6.687500000000007994 ) ) ;
#6137 = CONICAL_SURFACE ( 'NONE', #3017, 1.443375672974069657, 0.7853981633974500554 ) ;
#6138 = AXIS2_PLACEMENT_3D ( 'NONE', #5012, #2252, #756 ) ;
#6139 = CARTESIAN_POINT ( 'NONE',  ( 1.154700538379248798, -1.999999999999993561, 1.508333333333313764 ) ) ;
#6140 = ORIENTED_EDGE ( 'NONE', *, *, #740, .T. ) ;
#6141 = CARTESIAN_POINT ( 'NONE',  ( -1.545336663013154643, 7.814748497183156485E-15, 2.412499999999971223 ) ) ;
#6142 = VECTOR ( 'NONE', #2176, 1000.000000000000000 ) ;
#6143 = ORIENTED_EDGE ( 'NONE', *, *, #6197, .T. ) ;
#6144 = CARTESIAN_POINT ( 'NONE',  ( 0.000000000000000000, 1.545336663013155754, 4.949999999999962874 ) ) ;
#6145 = EDGE_CURVE ( 'NONE', #4367, #67, #3515, .T. ) ;
#6146 = CARTESIAN_POINT ( 'NONE',  ( -0.8455873006056781049, -0.9551756173460591581, 10.02716943592157683 ) ) ;
#6147 = CARTESIAN_POINT ( 'NONE',  ( -1.999999999999996225, -0.5358983848622411728, -1.493739260883047537 ) ) ;
#6148 = CARTESIAN_POINT ( 'NONE',  ( 1.545336663013152645, -0.4140717108885798026, -5.056260739116975600 ) ) ;
#6149 = CIRCLE ( 'NONE', #4133, 1.999999999999985345 ) ;
#6150 =( BOUNDED_CURVE ( )  B_SPLINE_CURVE ( 2, ( #1734, #3656, #5130, #5098, #1251, #3247, #5161, #339, #776 ),
 .UNSPECIFIED., .F., .T. ) 
 B_SPLINE_CURVE_WITH_KNOTS ( ( 3, 2, 2, 2, 3 ),
 ( 0.2500000000000000555, 0.2530864197530864335, 0.2592592592592592449, 0.2654320987654321118, 0.2685185185185185452 ),
 .UNSPECIFIED. ) 
 CURVE ( )  GEOMETRIC_REPRESENTATION_ITEM ( )  RATIONAL_B_SPLINE_CURVE ( ( 0.9330127018922192983, 0.9330127018922205195, 1.000000000000000000, 0.8660254037844387076, 1.000000000000000000, 0.8660254037844387076, 1.000000000000000000, 0.9330127018922187432, 0.9330127018922194093 ) ) 
 REPRESENTATION_ITEM ( '' )  );
#6151 = CARTESIAN_POINT ( 'NONE',  ( -1.732050807568874529, -0.9999999999999950040, 1.420833333333295423 ) ) ;
#6152 = CARTESIAN_POINT ( 'NONE',  ( -1.154700538379250130, -1.999999999999992673, 5.591666666666637475 ) ) ;
#6153 = ORIENTED_EDGE ( 'NONE', *, *, #1092, .F. ) ;
#6154 = ORIENTED_EDGE ( 'NONE', *, *, #5513, .F. ) ;
#6155 = CARTESIAN_POINT ( 'NONE',  ( -1.545336663013151535, 1.446745260816807561E-14, 5.212499999999963940 ) ) ;
#6156 = CARTESIAN_POINT ( 'NONE',  ( -1.338300807568862938, -0.7726683315065733249, -1.816666666666687746 ) ) ;
#6157 = FACE_OUTER_BOUND ( 'NONE', #504, .T. ) ;
#6158 = DIRECTION ( 'NONE',  ( -0.000000000000000000, -0.000000000000000000, 1.000000000000000000 ) ) ;
#6159 = CARTESIAN_POINT ( 'NONE',  ( 2.353151076758485338, 2.436549870658972734E-15, 5.846874999999962519 ) ) ;
#6160 = CARTESIAN_POINT ( 'NONE',  ( 1.999999999999996225, 2.091679895156829610E-15, 2.324999999999978861 ) ) ;
#6161 = CARTESIAN_POINT ( 'NONE',  ( -1.545336663013151313, 1.653008139366994771E-14, 1.712499999999971489 ) ) ;
#6162 = CARTESIAN_POINT ( 'NONE',  ( 1.999999999999996669, -7.553288510288552290E-15, -6.075000000000001066 ) ) ;
#6163 = EDGE_CURVE ( 'NONE', #328, #5953, #2080, .T. ) ;
#6164 = CARTESIAN_POINT ( 'NONE',  ( -1.154700538379250352, -1.999999999999993117, -6.220833333333352755 ) ) ;
#6165 = FACE_OUTER_BOUND ( 'NONE', #745, .T. ) ;
#6166 = VERTEX_POINT ( 'NONE', #1171 ) ;
#6167 = CARTESIAN_POINT ( 'NONE',  ( -1.176575538379242447, 2.037888611415556994, -3.019791666666681085 ) ) ;
#6168 = CARTESIAN_POINT ( 'NONE',  ( 1.154700538379248798, -1.999999999999993561, 5.008333333333305326 ) ) ;
#6169 = CARTESIAN_POINT ( 'NONE',  ( -1.764863307568863782, -1.018944305707773390, -0.001041666666694307519 ) ) ;
#6170 = CARTESIAN_POINT ( 'NONE',  ( -1.999999999999996669, -1.621051918746543165E-14, 2.062499999999961364 ) ) ;
#6171 = FACE_OUTER_BOUND ( 'NONE', #5898, .T. ) ;
#6172 = CARTESIAN_POINT ( 'NONE',  ( 1.401258538444243973, -1.427050983124667605, -7.475000000000002309 ) ) ;
#6173 = ORIENTED_EDGE ( 'NONE', *, *, #2371, .F. ) ;
#6174 = CARTESIAN_POINT ( 'NONE',  ( 1.545336663013152867, 2.868816710768336858E-15, -8.000000000000000000 ) ) ;
#6175 = DIRECTION ( 'NONE',  ( -0.000000000000000000, -0.000000000000000000, 1.000000000000000000 ) ) ;
#6176 = CARTESIAN_POINT ( 'NONE',  ( -1.892491597964109718E-16, -1.545336663013149980, 8.099999999999957012 ) ) ;
#6177 = CARTESIAN_POINT ( 'NONE',  ( 1.545336663013151535, 1.010978615992467605E-14, 0.5749999999999743094 ) ) ;
#6178 = CARTESIAN_POINT ( 'NONE',  ( 1.154700538379250574, 1.999999999999998224, -3.858333333333339610 ) ) ;
#6179 = ORIENTED_EDGE ( 'NONE', *, *, #5716, .F. ) ;
#6180 = CARTESIAN_POINT ( 'NONE',  ( -1.059986601554184483E-14, -1.545336663013149980, 1.187499999999973355 ) ) ;
#6181 = CARTESIAN_POINT ( 'NONE',  ( -1.999999999999996669, -0.5358983848622412838, 1.393760739116926217 ) ) ;
#6182 = VERTEX_POINT ( 'NONE', #5438 ) ;
#6183 = VERTEX_POINT ( 'NONE', #3485 ) ;
#6184 = ORIENTED_EDGE ( 'NONE', *, *, #3976, .F. ) ;
#6185 = CARTESIAN_POINT ( 'NONE',  ( -2.105177523590381515E-16, 1.443375672974062995, 8.660000000000001918 ) ) ;
#6186 = CARTESIAN_POINT ( 'NONE',  ( -1.338300807568862716, 0.7726683315065794311, -1.233333333333355375 ) ) ;
#6187 =( BOUNDED_CURVE ( )  B_SPLINE_CURVE ( 2, ( #238, #2774, #2173, #3215, #1768, #5606, #1321, #5193, #2275 ),
 .UNSPECIFIED., .F., .F. ) 
 B_SPLINE_CURVE_WITH_KNOTS ( ( 3, 2, 2, 2, 3 ),
 ( 0.6388888888888889506, 0.6419753086419752730, 0.6481481481481481399, 0.6543209876543210068, 0.6574074074074074403 ),
 .UNSPECIFIED. ) 
 CURVE ( )  GEOMETRIC_REPRESENTATION_ITEM ( )  RATIONAL_B_SPLINE_CURVE ( ( 0.9330127018922192983, 0.9330127018922205195, 1.000000000000000000, 0.8660254037844387076, 1.000000000000000000, 0.8660254037844387076, 1.000000000000000000, 0.9330127018922194093, 0.9330127018922194093 ) ) 
 REPRESENTATION_ITEM ( '' )  );
#6188 = DIRECTION ( 'NONE',  ( -1.000000000000000000, 0.000000000000000000, 0.000000000000000000 ) ) ;
#6189 = CARTESIAN_POINT ( 'NONE',  ( 1.338300807568851392, -0.7726683315065933089, -0.09583333333335747328 ) ) ;
#6190 = EDGE_CURVE ( 'NONE', #4367, #465, #2323, .T. ) ;
#6191 = CARTESIAN_POINT ( 'NONE',  ( -1.176575538379242447, 2.037888611415556994, 7.480208333333293602 ) ) ;
#6192 = CARTESIAN_POINT ( 'NONE',  ( 0.000000000000000000, 1.999999999999999112, 2.499999999999978240 ) ) ;
#6193 = CARTESIAN_POINT ( 'NONE',  ( -1.211385929391313122E-14, -1.545336663013149980, 3.899999999999964384 ) ) ;
#6194 = CYLINDRICAL_SURFACE ( 'NONE', #878, 1.545336663013152867 ) ;
#6195 = DIRECTION ( 'NONE',  ( -0.000000000000000000, -5.648303390429391465E-16, 1.000000000000000000 ) ) ;
#6196 = CARTESIAN_POINT ( 'NONE',  ( -2.000000000000000000, 0.5358983848622407287, -4.268760739116987502 ) ) ;
#6197 = EDGE_CURVE ( 'NONE', #375, #6217, #2966, .T. ) ;
#6198 = VERTEX_POINT ( 'NONE', #4462 ) ;
#6199 = CARTESIAN_POINT ( 'NONE',  ( 1.176575538379242003, -2.037888611415551221, -4.769791666666677976 ) ) ;
#6200 = CARTESIAN_POINT ( 'NONE',  ( -1.784401076758483473, 2.978079764120704978E-15, 10.11249999999994920 ) ) ;
#6201 = CARTESIAN_POINT ( 'NONE',  ( 1.764863307568864448, 1.018944305707778275, 2.448958333333299375 ) ) ;
#6202 = CARTESIAN_POINT ( 'NONE',  ( 2.270989917556931563E-15, 1.545336663013155754, -4.062500000000015099 ) ) ;
#6203 = CARTESIAN_POINT ( 'NONE',  ( 0.000000000000000000, -7.560902090037740558E-15, 13.65685424949233884 ) ) ;
#6204 = CARTESIAN_POINT ( 'NONE',  ( -1.250000000000004441, -0.1270077427806625969, 10.00661632972606263 ) ) ;
#6205 = ORIENTED_EDGE ( 'NONE', *, *, #4210, .F. ) ;
#6206 = EDGE_CURVE ( 'NONE', #3222, #2713, #3967, .T. ) ;
#6207 = FACE_OUTER_BOUND ( 'NONE', #3369, .T. ) ;
#6208 = CARTESIAN_POINT ( 'NONE',  ( 0.000000000000000000, 1.999999999999999112, -5.200000000000002842 ) ) ;
#6209 = CARTESIAN_POINT ( 'NONE',  ( -1.892491597964109718E-16, -1.545336663013149980, -0.2125000000000234479 ) ) ;
#6210 = CARTESIAN_POINT ( 'NONE',  ( -0.8922005383792422917, -1.545336663013149758, 10.14166666666661776 ) ) ;
#6211 = CARTESIAN_POINT ( 'NONE',  ( 0.000000000000000000, -7.560902090037740558E-15, 7.999999999999998224 ) ) ;
#6212 = CARTESIAN_POINT ( 'NONE',  ( 1.732050807568874751, 0.9999999999999995559, -3.916666666666672292 ) ) ;
#6213 = ORIENTED_EDGE ( 'NONE', *, *, #5177, .F. ) ;
#6214 = CARTESIAN_POINT ( 'NONE',  ( -0.1975317408473111769, 1.329330669222372752, 10.09567075922984358 ) ) ;
#6215 = ORIENTED_EDGE ( 'NONE', *, *, #4390, .F. ) ;
#6216 = EDGE_LOOP ( 'NONE', ( #1787, #5537, #115, #5199 ) ) ;
#6217 = VERTEX_POINT ( 'NONE', #641 ) ;
#6218 = DIRECTION ( 'NONE',  ( 1.000000000000000000, 0.000000000000000000, 0.000000000000000000 ) ) ;
#6219 = CARTESIAN_POINT ( 'NONE',  ( -0.8922005383792416255, 1.545336663013155531, -2.691666666666685970 ) ) ;
#6220 = CARTESIAN_POINT ( 'NONE',  ( 0.8922005383792241950, -1.545336663013159972, 1.858333333333303861 ) ) ;
#6221 = CARTESIAN_POINT ( 'NONE',  ( 1.338300807568875372, 0.7726683315065568936, 2.120833333333304260 ) ) ;
#6222 = CARTESIAN_POINT ( 'NONE',  ( -1.176575538379242447, 2.037888611415556994, 6.080208333333296800 ) ) ;
#6223 =( BOUNDED_CURVE ( )  B_SPLINE_CURVE ( 2, ( #1874, #2318, #1845, #3733, #2856, #5619, #481, #4233, #3292 ),
 .UNSPECIFIED., .F., .F. ) 
 B_SPLINE_CURVE_WITH_KNOTS ( ( 3, 2, 2, 2, 3 ),
 ( 0.2314814814814815103, 0.2345679012345678882, 0.2407407407407407274, 0.2469135802469135665, 0.2500000000000000555 ),
 .UNSPECIFIED. ) 
 CURVE ( )  GEOMETRIC_REPRESENTATION_ITEM ( )  RATIONAL_B_SPLINE_CURVE ( ( 0.9330127018922194093, 0.9330127018922202975, 1.000000000000000000, 0.8660254037844387076, 1.000000000000000000, 0.8660254037844387076, 1.000000000000000000, 0.9330127018922180770, 0.9330127018922192983 ) ) 
 REPRESENTATION_ITEM ( '' )  );
#6224 = CARTESIAN_POINT ( 'NONE',  ( 1.154700538379250574, 1.999999999999998224, 7.341666666666632146 ) ) ;
#6225 = CARTESIAN_POINT ( 'NONE',  ( 1.338300807568850281, -0.7726683315065951962, 4.016666666666631968 ) ) ;
#6226 = ADVANCED_FACE ( 'NONE', ( #5943 ), #2576, .T. ) ;
#6227 = CARTESIAN_POINT ( 'NONE',  ( 1.732050807568874751, 0.9999999999999995559, -7.416666666666664298 ) ) ;
#6228 = VERTEX_POINT ( 'NONE', #4491 ) ;
#6229 = CARTESIAN_POINT ( 'NONE',  ( -1.764863307568864226, -1.018944305707773612, -3.544791666666680552 ) ) ;
#6230 = CARTESIAN_POINT ( 'NONE',  ( -0.8922005383792422917, -1.545336663013149758, 10.22916666666661456 ) ) ;
#6231 = CARTESIAN_POINT ( 'NONE',  ( 1.764863307568863338, -1.018944305707774722, 3.032291666666631080 ) ) ;
#6232 = CARTESIAN_POINT ( 'NONE',  ( -1.545336663013154421, 0.4140717108885854092, -3.918760739116978087 ) ) ;
#6233 = CARTESIAN_POINT ( 'NONE',  ( 1.338300807568863604, 0.7726683315065778768, -6.979166666666674068 ) ) ;
#6234 = AXIS2_PLACEMENT_3D ( 'NONE', #649, #1123, #1574 ) ;
#6235 = DIRECTION ( 'NONE',  ( 1.000000000000000000, 0.000000000000000000, 0.000000000000000000 ) ) ;
#6236 = ORIENTED_EDGE ( 'NONE', *, *, #2416, .T. ) ;
#6237 = CARTESIAN_POINT ( 'NONE',  ( -1.999999999999996669, -6.565550782020048959E-15, -7.124999999999997335 ) ) ;
#6238 = CARTESIAN_POINT ( 'NONE',  ( -1.545336663013151313, 1.725635913504384527E-14, 3.112499999999967404 ) ) ;
#6239 = CARTESIAN_POINT ( 'NONE',  ( -1.338300807568862938, -0.7726683315065733249, -3.129166666666683749 ) ) ;
#6240 = CARTESIAN_POINT ( 'NONE',  ( -0.8922005383792422917, -1.545336663013149758, 8.041666666666621666 ) ) ;
#6241 = CARTESIAN_POINT ( 'NONE',  ( -2.044464845884087470E-14, -1.545336663013149980, -1.000000000000022649 ) ) ;
#6242 = CIRCLE ( 'NONE', #4328, 3.800000000000006928 ) ;
#6243 = CARTESIAN_POINT ( 'NONE',  ( -1.545336663013152867, 3.058065870564747460E-15, -8.000000000000000000 ) ) ;
#6244 = VERTEX_POINT ( 'NONE', #4049 ) ;
#6245 = EDGE_CURVE ( 'NONE', #5417, #4513, #2930, .T. ) ;
#6246 = CARTESIAN_POINT ( 'NONE',  ( 0.000000000000000000, -7.560902090037740558E-15, 13.65685424949233884 ) ) ;
#6247 = VECTOR ( 'NONE', #1444, 1000.000000000000000 ) ;
#6248 = ORIENTED_EDGE ( 'NONE', *, *, #6082, .T. ) ;
#6249 = LOCAL_TIME ( 16, 7, 15.00000000000000000, #4550 ) ;
#6250 = ORIENTED_EDGE ( 'NONE', *, *, #1962, .T. ) ;
#6251 = CARTESIAN_POINT ( 'NONE',  ( -1.892491597964109718E-16, -1.545336663013149980, -7.912500000000004974 ) ) ;
#6252 =( BOUNDED_CURVE ( )  B_SPLINE_CURVE ( 2, ( #5163, #3248, #3752, #3216, #6180, #4598, #3687, #4634, #1287 ),
 .UNSPECIFIED., .F., .T. ) 
 B_SPLINE_CURVE_WITH_KNOTS ( ( 3, 2, 2, 2, 3 ),
 ( 0.4907407407407408106, 0.4938271604938271331, 0.5000000000000000000, 0.5061728395061728669, 0.5092592592592594114 ),
 .UNSPECIFIED. ) 
 CURVE ( )  GEOMETRIC_REPRESENTATION_ITEM ( )  RATIONAL_B_SPLINE_CURVE ( ( 0.9330127018922194093, 0.9330127018922211857, 1.000000000000000000, 0.8660254037844387076, 1.000000000000000000, 0.8660254037844387076, 1.000000000000000000, 0.9330127018922169668, 0.9330127018922194093 ) ) 
 REPRESENTATION_ITEM ( '' )  );
#6253 = CARTESIAN_POINT ( 'NONE',  ( 1.545336663013152645, 1.568759921367622405E-15, -7.037500000000007638 ) ) ;
ENDSEC;
END-ISO-10303-21;
