ISO-10303-21;
HEADER;
FILE_DESCRIPTION (( 'STEP AP203' ),
    '1' );
FILE_NAME ('92095A184_18-8 Stainless Steel Button Head Hex-Drive Screw.STEP',
    '2026-06-25T21:07:20',
    ( 'McMaster Carr Supply' ),
    ( 'McMaster Carr Supply' ),
    'SwSTEP 2.0',
    'SolidWorks 2024',
    '' );
FILE_SCHEMA (( 'CONFIG_CONTROL_DESIGN' ));
ENDSEC;

DATA;
#1 = VERTEX_POINT ( 'NONE', #1540 ) ;
#2 = LINE ( 'NONE', #4531, #6378 ) ;
#3 = LINE ( 'NONE', #1320, #7391 ) ;
#4 = CARTESIAN_POINT ( 'NONE',  ( -1.017788105676648902, -0.5876202367904079793, 1.416666666666642538 ) ) ;
#5 = FACE_OUTER_BOUND ( 'NONE', #2230, .T. ) ;
#6 = CARTESIAN_POINT ( 'NONE',  ( 1.175240473580824618, 6.333141904780403065E-15, -1.812500000000016875 ) ) ;
#7 = CARTESIAN_POINT ( 'NONE',  ( -1.322475605676645349, -0.7635316469341199008, 6.713541666666629659 ) ) ;
#8 = ADVANCED_FACE ( 'NONE', ( #2298 ), #7427, .T. ) ;
#9 = CARTESIAN_POINT ( 'NONE',  ( -1.836970198721025250E-16, -1.499999999999991784, -4.187500000000019540 ) ) ;
#10 = CARTESIAN_POINT ( 'NONE',  ( -1.175240473580826173, 9.412559528205735218E-15, -2.625000000000015987 ) ) ;
#11 = ORIENTED_EDGE ( 'NONE', *, *, #4088, .F. ) ;
#12 =( BOUNDED_CURVE ( )  B_SPLINE_CURVE ( 2, ( #5763, #3220, #5804, #6482, #8364 ),
 .UNSPECIFIED., .F., .T. ) 
 B_SPLINE_CURVE_WITH_KNOTS ( ( 3, 2, 3 ),
 ( 0.1486486486486488234, 0.1531531531531531987, 0.1554054054054053724 ),
 .UNSPECIFIED. ) 
 CURVE ( )  GEOMETRIC_REPRESENTATION_ITEM ( )  RATIONAL_B_SPLINE_CURVE ( ( 0.9999999999999957812, 0.8660254037844429265, 1.000000000000000000, 0.9330127018922210747, 0.9330127018922194093 ) ) 
 REPRESENTATION_ITEM ( '' )  );
#13 = ORIENTED_EDGE ( 'NONE', *, *, #4976, .T. ) ;
#14 = CARTESIAN_POINT ( 'NONE',  ( 0.000000000000000000, -9.067116327485578019E-15, 12.24264068711923237 ) ) ;
#15 = CARTESIAN_POINT ( 'NONE',  ( 1.175240473580825284, 0.3149047358083562065, -7.352670900630747575 ) ) ;
#16 = CARTESIAN_POINT ( 'NONE',  ( -1.175240473580825507, -0.3149047358083452153, -6.040170900630747575 ) ) ;
#17 = EDGE_CURVE ( 'NONE', #5360, #2067, #3296, .T. ) ;
#18 = CARTESIAN_POINT ( 'NONE',  ( -1.499999999999995781, 0.4019237886466874854, -3.397329099369268413 ) ) ;
#19 = CARTESIAN_POINT ( 'NONE',  ( -1.357050807568865203, 4.458126344604650913E-15, -2.562500000000015987 ) ) ;
#20 = DIRECTION ( 'NONE',  ( 0.000000000000000000, 0.000000000000000000, -1.000000000000000000 ) ) ;
#21 = CARTESIAN_POINT ( 'NONE',  ( 1.357050807568865203, 4.125744759050742171E-15, -7.375000000000005329 ) ) ;
#22 = EDGE_CURVE ( 'NONE', #1817, #2745, #6939, .T. ) ;
#23 = CARTESIAN_POINT ( 'NONE',  ( -1.763300807568860318, 4.483001982712331095E-15, -0.8281250000000206501 ) ) ;
#24 = CARTESIAN_POINT ( 'NONE',  ( 0.000000000000000000, -9.067116327485578019E-15, 12.24264068711923237 ) ) ;
#25 = CARTESIAN_POINT ( 'NONE',  ( -1.175240473580825284, 0.3149047358083573722, -7.584829099369265748 ) ) ;
#26 = CARTESIAN_POINT ( 'NONE',  ( 0.8816504037844311581, 1.527063293868253568, 6.973958333333296622 ) ) ;
#27 = CARTESIAN_POINT ( 'NONE',  ( -1.175240473580826395, 1.173664830060221467E-14, -0.5625000000000199840 ) ) ;
#28 = FACE_OUTER_BOUND ( 'NONE', #4254, .T. ) ;
#29 = CARTESIAN_POINT ( 'NONE',  ( -1.499999999999995559, -5.258250847547031143E-15, 0.6249999999999841238 ) ) ;
#30 = ORIENTED_EDGE ( 'NONE', *, *, #5244, .F. ) ;
#31 = VERTEX_POINT ( 'NONE', #6064 ) ;
#32 = CARTESIAN_POINT ( 'NONE',  ( 1.175240473580828615, 1.748876801228349274E-14, 4.687499999999971578 ) ) ;
#33 = CARTESIAN_POINT ( 'NONE',  ( 0.000000000000000000, 1.175240473580829503, 7.749999999999961808 ) ) ;
#34 = CARTESIAN_POINT ( 'NONE',  ( -1.299038105676654453, -0.7499999999999933387, -7.333333333333333037 ) ) ;
#35 = LINE ( 'NONE', #717, #3864 ) ;
#36 =( BOUNDED_CURVE ( )  B_SPLINE_CURVE ( 2, ( #3353, #7254, #6614, #7209, #4715, #7898, #7126, #5941, #741 ),
 .UNSPECIFIED., .F., .F. ) 
 B_SPLINE_CURVE_WITH_KNOTS ( ( 3, 2, 2, 2, 3 ),
 ( 0.6283783783783785104, 0.6306306306306306286, 0.6351351351351350871, 0.6396396396396396566, 0.6418918918918919969 ),
 .UNSPECIFIED. ) 
 CURVE ( )  GEOMETRIC_REPRESENTATION_ITEM ( )  RATIONAL_B_SPLINE_CURVE ( ( 0.9330127018922194093, 0.9330127018922226290, 1.000000000000000000, 0.8660254037844387076, 1.000000000000000000, 0.8660254037844387076, 1.000000000000000000, 0.9330127018922160786, 0.9330127018922194093 ) ) 
 REPRESENTATION_ITEM ( '' )  );
#37 = CARTESIAN_POINT ( 'NONE',  ( 1.175240473580821066, -0.3149047358083609804, 7.102670900630704942 ) ) ;
#38 = CARTESIAN_POINT ( 'NONE',  ( -1.763300807568860762, 4.483001982712331095E-15, 0.1406249999999792943 ) ) ;
#39 = ORIENTED_EDGE ( 'NONE', *, *, #2851, .T. ) ;
#40 = CARTESIAN_POINT ( 'NONE',  ( 0.6785254037844331565, 1.175240473580829059, 4.270833333333303727 ) ) ;
#41 = CARTESIAN_POINT ( 'NONE',  ( 1.499999999999996225, -0.4019237886466792142, 4.415170900630702278 ) ) ;
#42 = ORIENTED_EDGE ( 'NONE', *, *, #2584, .T. ) ;
#43 = CARTESIAN_POINT ( 'NONE',  ( 0.000000000000000000, -9.067116327485578019E-15, 12.24264068711923237 ) ) ;
#44 = CARTESIAN_POINT ( 'NONE',  ( -1.175240473580825507, -0.3149047358083454928, -6.540170900630747575 ) ) ;
#45 = CARTESIAN_POINT ( 'NONE',  ( 1.017788105676649346, 0.5876202367904160839, 0.1666666666666448415 ) ) ;
#46 = DIRECTION ( 'NONE',  ( 0.000000000000000000, 0.000000000000000000, -1.000000000000000000 ) ) ;
#47 = EDGE_CURVE ( 'NONE', #422, #8205, #273, .T. ) ;
#48 = CARTESIAN_POINT ( 'NONE',  ( -1.499999999999995781, 0.4019237886466874854, 5.102670900630712936 ) ) ;
#49 = CARTESIAN_POINT ( 'NONE',  ( -0.8816504037844300479, 1.527063293868253568, 6.588541666666630547 ) ) ;
#50 = LINE ( 'NONE', #3224, #244 ) ;
#51 = CARTESIAN_POINT ( 'NONE',  ( 0.000000000000000000, 1.527063293868253790, -7.984375000000003553 ) ) ;
#52 = ORIENTED_EDGE ( 'NONE', *, *, #990, .F. ) ;
#53 = B_SPLINE_CURVE_WITH_KNOTS ( 'NONE', 3,
 ( #361, #1041, #6075, #5525, #8127, #1593, #1676, #282, #2853, #6755, #325, #5480, #6199, #404 ),
 .UNSPECIFIED., .F., .F.,
 ( 4, 2, 2, 2, 2, 2, 4 ),
 ( 1.270384093683050163E-16, 0.0005394611863327734066, 0.0008091917794990966840, 0.001078922372665419745, 0.001348652965831743239, 0.001618383558998067167, 0.002157844745330715457 ),
 .UNSPECIFIED. ) ;
#54 = ORIENTED_EDGE ( 'NONE', *, *, #4209, .F. ) ;
#55 = CARTESIAN_POINT ( 'NONE',  ( 0.000000000000000000, 4.375030948216173530E-15, -8.000000000000000000 ) ) ;
#56 = EDGE_CURVE ( 'NONE', #6144, #1122, #1701, .T. ) ;
#57 = CARTESIAN_POINT ( 'NONE',  ( -1.499999999999995781, 0.4019237886466874854, 5.602670900630712936 ) ) ;
#58 = CARTESIAN_POINT ( 'NONE',  ( -1.499999999999995559, -4.357666448243395021E-16, -3.375000000000007550 ) ) ;
#59 = CARTESIAN_POINT ( 'NONE',  ( -0.6785254037844329345, -1.175240473580820622, -1.979166666666683616 ) ) ;
#60 = LINE ( 'NONE', #4042, #1027 ) ;
#61 = ADVANCED_FACE ( 'NONE', ( #436 ), #5049, .T. ) ;
#62 = CARTESIAN_POINT ( 'NONE',  ( -0.6785254037844324904, 1.175240473580829281, -5.708333333333342807 ) ) ;
#63 = CARTESIAN_POINT ( 'NONE',  ( 1.175240473580824174, 3.515184268249673134E-15, 3.124999999999973355 ) ) ;
#64 = CARTESIAN_POINT ( 'NONE',  ( 1.322475605676646015, 0.7635316469341278944, -3.036458333333349469 ) ) ;
#65 = CARTESIAN_POINT ( 'NONE',  ( 0.6785254037844388186, 1.175240473580825729, -3.291666666666682062 ) ) ;
#66 = CARTESIAN_POINT ( 'NONE',  ( 0.6785254037844331565, 1.175240473580829059, -7.729166666666671404 ) ) ;
#67 = CARTESIAN_POINT ( 'NONE',  ( -0.8816504037844309360, -1.527063293868244909, 8.223958333333293069 ) ) ;
#68 = DIRECTION ( 'NONE',  ( 1.000000000000000000, 0.000000000000000000, 0.000000000000000000 ) ) ;
#69 = VECTOR ( 'NONE', #7040, 1000.000000000000000 ) ;
#70 = CARTESIAN_POINT ( 'NONE',  ( 0.3829602194616057997, 1.315720537126683798, 7.617326968853064706 ) ) ;
#71 = AXIS2_PLACEMENT_3D ( 'NONE', #1442, #2787, #4741 ) ;
#72 = ORIENTED_EDGE ( 'NONE', *, *, #5905, .F. ) ;
#73 = VERTEX_POINT ( 'NONE', #8198 ) ;
#74 = CARTESIAN_POINT ( 'NONE',  ( -0.6785254037844324904, 1.175240473580829281, 9.791666666666626995 ) ) ;
#75 = DIRECTION ( 'NONE',  ( 0.000000000000000000, 0.000000000000000000, -1.000000000000000000 ) ) ;
#76 = CARTESIAN_POINT ( 'NONE',  ( 0.6785254037844374864, 1.175240473580826395, -5.729166666666675845 ) ) ;
#77 = VECTOR ( 'NONE', #6907, 1000.000000000000000 ) ;
#78 = CARTESIAN_POINT ( 'NONE',  ( -0.8660254037844362651, 1.500000000000000666, -7.395833333333345472 ) ) ;
#79 = CARTESIAN_POINT ( 'NONE',  ( 1.322475605676646238, 0.7635316469341281165, -1.067708333333351911 ) ) ;
#80 = ORIENTED_EDGE ( 'NONE', *, *, #6020, .F. ) ;
#81 = CARTESIAN_POINT ( 'NONE',  ( -0.6785254037844329345, -1.175240473580820622, 6.020833333333298398 ) ) ;
#82 = CARTESIAN_POINT ( 'NONE',  ( -1.175240473580826173, 9.412559528205735218E-15, -2.562500000000015987 ) ) ;
#83 = VECTOR ( 'NONE', #4978, 1000.000000000000000 ) ;
#84 = ORIENTED_EDGE ( 'NONE', *, *, #1770, .F. ) ;
#85 =( BOUNDED_CURVE ( )  B_SPLINE_CURVE ( 2, ( #3178, #4452, #5130, #3812, #2375, #8199, #5050, #7715, #2459 ),
 .UNSPECIFIED., .F., .F. ) 
 B_SPLINE_CURVE_WITH_KNOTS ( ( 3, 2, 2, 2, 3 ),
 ( 0.5472972972972973693, 0.5495495495495495986, 0.5540540540540540571, 0.5585585585585585155, 0.5608108108108108558 ),
 .UNSPECIFIED. ) 
 CURVE ( )  GEOMETRIC_REPRESENTATION_ITEM ( )  RATIONAL_B_SPLINE_CURVE ( ( 0.9330127018922192983, 0.9330127018922209636, 1.000000000000000000, 0.8660254037844387076, 1.000000000000000000, 0.8660254037844387076, 1.000000000000000000, 0.9330127018922176330, 0.9330127018922192983 ) ) 
 REPRESENTATION_ITEM ( '' )  );
#86 = CARTESIAN_POINT ( 'NONE',  ( -1.299038105676654231, 0.7500000000000025535, -5.416666666666670515 ) ) ;
#87 = CARTESIAN_POINT ( 'NONE',  ( 1.017788105676647792, -0.5876202367904103108, -6.354166666666674956 ) ) ;
#88 = CARTESIAN_POINT ( 'NONE',  ( -1.357050807568865203, 4.458126344604650913E-15, 1.874999999999973799 ) ) ;
#89 = CARTESIAN_POINT ( 'NONE',  ( -1.175240473580823952, 1.728541024469880041E-14, 4.437499999999968914 ) ) ;
#90 = CARTESIAN_POINT ( 'NONE',  ( -0.8816504037844307140, -1.527063293868244465, 4.755208333333300175 ) ) ;
#91 = CARTESIAN_POINT ( 'NONE',  ( 1.017788105676644905, -0.5876202367904151957, -3.916666666666679397 ) ) ;
#92 = CARTESIAN_POINT ( 'NONE',  ( 1.299038105676655563, 0.7500000000000016653, 2.979166666666632768 ) ) ;
#93 = CARTESIAN_POINT ( 'NONE',  ( 0.8816504037844299368, -1.527063293868245353, -7.692708333333337478 ) ) ;
#94 = ORIENTED_EDGE ( 'NONE', *, *, #7261, .F. ) ;
#95 = AXIS2_PLACEMENT_3D ( 'NONE', #6312, #7118, #647 ) ;
#96 = ORIENTED_EDGE ( 'NONE', *, *, #2860, .F. ) ;
#97 = VECTOR ( 'NONE', #198, 1000.000000000000000 ) ;
#98 = DIRECTION ( 'NONE',  ( 0.000000000000000000, 0.000000000000000000, -1.000000000000000000 ) ) ;
#99 = CARTESIAN_POINT ( 'NONE',  ( -0.8660254037844362651, 1.500000000000000666, 1.604166666666634988 ) ) ;
#100 = CARTESIAN_POINT ( 'NONE',  ( -0.8660254037844358210, 1.499999999999999778, -3.458333333333341919 ) ) ;
#101 =( BOUNDED_CURVE ( )  B_SPLINE_CURVE ( 2, ( #3189, #3861, #2551, #1882, #8293, #7006, #5771, #7643, #1842 ),
 .UNSPECIFIED., .F., .F. ) 
 B_SPLINE_CURVE_WITH_KNOTS ( ( 3, 2, 2, 2, 3 ),
 ( 0.3310810810810811411, 0.3333333333333333148, 0.3378378378378378288, 0.3423423423423423428, 0.3445945945945945721 ),
 .UNSPECIFIED. ) 
 CURVE ( )  GEOMETRIC_REPRESENTATION_ITEM ( )  RATIONAL_B_SPLINE_CURVE ( ( 0.9330127018922192983, 0.9330127018922209636, 1.000000000000000000, 0.8660254037844387076, 1.000000000000000000, 0.8660254037844387076, 1.000000000000000000, 0.9330127018922202975, 0.9330127018922194093 ) ) 
 REPRESENTATION_ITEM ( '' )  );
#102 = CARTESIAN_POINT ( 'NONE',  ( 1.357050807568865203, 4.125744759050742171E-15, -0.3125000000000210942 ) ) ;
#103 = APPROVAL_PERSON_ORGANIZATION ( #876, #4162, #2098 ) ;
#104 = EDGE_CURVE ( 'NONE', #1613, #6307, #7811, .T. ) ;
#105 = DIRECTION ( 'NONE',  ( -0.000000000000000000, -7.531071187239187305E-16, 1.000000000000000000 ) ) ;
#106 = CARTESIAN_POINT ( 'NONE',  ( -0.6785254037844329345, -1.175240473580820622, -5.541666666666675845 ) ) ;
#107 = CARTESIAN_POINT ( 'NONE',  ( -1.175240473580818623, 0.3149047358083699732, 2.352670900630712936 ) ) ;
#108 = CARTESIAN_POINT ( 'NONE',  ( 1.322475605676645127, -0.7635316469341209000, 0.3802083333333105553 ) ) ;
#109 = CARTESIAN_POINT ( 'NONE',  ( -1.299038105676654675, 0.7500000000000027756, -2.354166666666690055 ) ) ;
#110 = CARTESIAN_POINT ( 'NONE',  ( -0.6785254037844221653, 1.175240473580835499, 1.291666666666642316 ) ) ;
#111 = ADVANCED_FACE ( 'NONE', ( #599 ), #7033, .T. ) ;
#112 = CARTESIAN_POINT ( 'NONE',  ( 1.763300807568860762, 4.051117844727701623E-15, 8.390624999999962697 ) ) ;
#113 = EDGE_CURVE ( 'NONE', #1080, #3567, #2590, .T. ) ;
#114 = CARTESIAN_POINT ( 'NONE',  ( -0.6785254037844136166, 1.175240473580840606, 1.854166666666641428 ) ) ;
#115 = CARTESIAN_POINT ( 'NONE',  ( -1.499999999999996447, -5.258250847547031931E-15, -5.812500000000015099 ) ) ;
#116 = CARTESIAN_POINT ( 'NONE',  ( 1.499999999999995781, -6.071681917885798082E-15, -2.125000000000011546 ) ) ;
#117 = ORIENTED_EDGE ( 'NONE', *, *, #4393, .F. ) ;
#118 = EDGE_LOOP ( 'NONE', ( #2370, #6336, #4356, #4609 ) ) ;
#119 = CARTESIAN_POINT ( 'NONE',  ( -1.017788105676648902, 0.5876202367904169721, 8.833333333333293069 ) ) ;
#120 = CARTESIAN_POINT ( 'NONE',  ( 1.000000000000006217, 0.5773502691896216232, 9.650000000000000355 ) ) ;
#121 = FACE_OUTER_BOUND ( 'NONE', #973, .T. ) ;
#122 = EDGE_CURVE ( 'NONE', #8063, #1026, #6287, .T. ) ;
#123 = CARTESIAN_POINT ( 'NONE',  ( -0.6785254037844654640, -1.175240473580801970, 6.520833333333298398 ) ) ;
#124 = CARTESIAN_POINT ( 'NONE',  ( 0.000000000000000000, 1.527063293868253790, 0.5156249999999779066 ) ) ;
#125 = ORIENTED_EDGE ( 'NONE', *, *, #6153, .T. ) ;
#126 = CARTESIAN_POINT ( 'NONE',  ( -1.017788105676648902, -0.5876202367904079793, 5.479166666666634100 ) ) ;
#127 = FACE_OUTER_BOUND ( 'NONE', #8107, .T. ) ;
#128 = ORIENTED_EDGE ( 'NONE', *, *, #5443, .T. ) ;
#129 = ORIENTED_EDGE ( 'NONE', *, *, #3521, .F. ) ;
#130 = CARTESIAN_POINT ( 'NONE',  ( -0.6785254037844654640, -1.175240473580801970, 6.458333333333298398 ) ) ;
#131 = CARTESIAN_POINT ( 'NONE',  ( -1.499999999999995559, -9.092997322001219156E-15, -7.374999999999996447 ) ) ;
#132 = CARTESIAN_POINT ( 'NONE',  ( 1.357050807568865203, 4.125744759050742171E-15, 0.6249999999999763522 ) ) ;
#133 = CARTESIAN_POINT ( 'NONE',  ( -0.6785254037844297148, 1.175240473580830836, 2.791666666666638541 ) ) ;
#134 = CARTESIAN_POINT ( 'NONE',  ( 1.499999999999990008, -0.4019237886466882625, 4.352670900630715600 ) ) ;
#135 = CARTESIAN_POINT ( 'NONE',  ( -1.322475605676645127, 0.7635316469341291157, 6.630208333333296622 ) ) ;
#136 = CARTESIAN_POINT ( 'NONE',  ( -0.8660254037844362651, 1.500000000000000666, -0.8958333333333596826 ) ) ;
#137 = CARTESIAN_POINT ( 'NONE',  ( 1.175240473580823952, 8.628179567521922635E-15, 6.624999999999966249 ) ) ;
#138 = CARTESIAN_POINT ( 'NONE',  ( -1.322475605676645793, -0.7635316469341201229, -7.317708333333338366 ) ) ;
#139 = ORIENTED_EDGE ( 'NONE', *, *, #4136, .F. ) ;
#140 =( BOUNDED_CURVE ( )  B_SPLINE_CURVE ( 2, ( #5903, #5946, #2721, #5308, #6864, #2175, #279, #8281, #8195 ),
 .UNSPECIFIED., .F., .T. ) 
 B_SPLINE_CURVE_WITH_KNOTS ( ( 3, 2, 2, 2, 3 ),
 ( 0.6418918918918918859, 0.6441441441441442262, 0.6486486486486486847, 0.6531531531531531432, 0.6554054054054054834 ),
 .UNSPECIFIED. ) 
 CURVE ( )  GEOMETRIC_REPRESENTATION_ITEM ( )  RATIONAL_B_SPLINE_CURVE ( ( 0.9330127018922194093, 0.9330127018922177440, 1.000000000000000000, 0.8660254037844388186, 1.000000000000000000, 0.8660254037844388186, 1.000000000000000000, 0.9330127018922160786, 0.9330127018922194093 ) ) 
 REPRESENTATION_ITEM ( '' )  );
#141 = ORIENTED_EDGE ( 'NONE', *, *, #880, .T. ) ;
#142 = CARTESIAN_POINT ( 'NONE',  ( 0.8660254037844371533, 1.500000000000000222, -5.979166666666682062 ) ) ;
#143 = CARTESIAN_POINT ( 'NONE',  ( -1.499999999999995781, -0.4019237886466783261, 6.147329099369232885 ) ) ;
#144 = CARTESIAN_POINT ( 'NONE',  ( 1.299038105676654675, 0.7500000000000013323, 5.416666666666640317 ) ) ;
#145 = CARTESIAN_POINT ( 'NONE',  ( 1.175240473580825284, 4.357666448243396402E-15, -7.875000000000005329 ) ) ;
#146 = CARTESIAN_POINT ( 'NONE',  ( 0.000000000000000000, 1.175240473580829503, 0.3124999999999777400 ) ) ;
#147 = CARTESIAN_POINT ( 'NONE',  ( -1.017788105676637134, 0.5876202367904374002, 1.395833333333309723 ) ) ;
#148 = CARTESIAN_POINT ( 'NONE',  ( -1.439254484199176806E-16, -1.175240473580820844, -6.000000000000008882 ) ) ;
#149 = CARTESIAN_POINT ( 'NONE',  ( 1.175240473580828171, -0.3149047358083512105, 1.602670900630715822 ) ) ;
#150 = CARTESIAN_POINT ( 'NONE',  ( 1.322475605676645127, -0.7635316469341209000, 0.8802083333333092785 ) ) ;
#151 = CARTESIAN_POINT ( 'NONE',  ( 1.499999999999996447, -6.042630808230842937E-15, -2.562500000000023537 ) ) ;
#152 = EDGE_CURVE ( 'NONE', #422, #3250, #5797, .T. ) ;
#153 = CARTESIAN_POINT ( 'NONE',  ( 0.000000000000000000, 1.500000000000000222, 4.499999999999975131 ) ) ;
#154 = EDGE_CURVE ( 'NONE', #7366, #2789, #2601, .T. ) ;
#155 = CARTESIAN_POINT ( 'NONE',  ( -0.6785254037844329345, -1.175240473580820622, -7.479166666666672292 ) ) ;
#156 = CARTESIAN_POINT ( 'NONE',  ( -1.161195657766389555, 0.8381463450304444951, 7.679233175940114897 ) ) ;
#157 = DIRECTION ( 'NONE',  ( 0.000000000000000000, 0.000000000000000000, -1.000000000000000000 ) ) ;
#158 = EDGE_CURVE ( 'NONE', #5468, #7555, #7759, .T. ) ;
#159 = ORIENTED_EDGE ( 'NONE', *, *, #4865, .T. ) ;
#160 = ORIENTED_EDGE ( 'NONE', *, *, #369, .F. ) ;
#161 = CARTESIAN_POINT ( 'NONE',  ( -0.8816504037844300479, 1.527063293868253568, -8.411458333333337478 ) ) ;
#162 = ADVANCED_FACE ( 'NONE', ( #2665 ), #6518, .T. ) ;
#163 = DIRECTION ( 'NONE',  ( -1.000000000000000000, 0.000000000000000000, 0.000000000000000000 ) ) ;
#164 = DIRECTION ( 'NONE',  ( -0.5000000000000000000, 0.8660254037844387076, 0.000000000000000000 ) ) ;
#165 = CARTESIAN_POINT ( 'NONE',  ( -1.499999999999999556, 0.4019237886466818788, -7.334829099369271965 ) ) ;
#166 = CARTESIAN_POINT ( 'NONE',  ( -0.8816504037844309360, -1.527063293868244909, 2.223958333333306836 ) ) ;
#167 = ORIENTED_EDGE ( 'NONE', *, *, #269, .F. ) ;
#168 = CARTESIAN_POINT ( 'NONE',  ( 0.6785254037844321573, -1.175240473580821066, 4.104166666666636765 ) ) ;
#169 = CONICAL_SURFACE ( 'NONE', #2191, 1.154700538379258568, 0.7853981633974500554 ) ;
#170 = LINE ( 'NONE', #7973, #755 ) ;
#171 = EDGE_CURVE ( 'NONE', #2386, #8155, #5154, .T. ) ;
#172 = ORIENTED_EDGE ( 'NONE', *, *, #3112, .T. ) ;
#173 = ORIENTED_EDGE ( 'NONE', *, *, #8038, .T. ) ;
#174 = CARTESIAN_POINT ( 'NONE',  ( -1.175240473580825062, 0.3149047358083614245, -3.584829099369273742 ) ) ;
#175 = CARTESIAN_POINT ( 'NONE',  ( 0.8660254037844359321, -1.499999999999992673, -3.145833333333354798 ) ) ;
#176 = CARTESIAN_POINT ( 'NONE',  ( -0.6785254037844324904, 1.175240473580829281, 2.791666666666638541 ) ) ;
#177 = CARTESIAN_POINT ( 'NONE',  ( 0.000000000000000000, -7.267483695685816380E-15, 9.650000000000000355 ) ) ;
#178 = CARTESIAN_POINT ( 'NONE',  ( 1.299038105676654675, 0.7500000000000013323, 4.916666666666641206 ) ) ;
#179 = CARTESIAN_POINT ( 'NONE',  ( 0.000000000000000000, 1.527063293868253568, 5.546874999999967137 ) ) ;
#180 = CARTESIAN_POINT ( 'NONE',  ( 0.6785254037844374864, 1.175240473580826395, -5.791666666666675845 ) ) ;
#181 = FACE_OUTER_BOUND ( 'NONE', #2870, .T. ) ;
#182 = CARTESIAN_POINT ( 'NONE',  ( -1.322475605676645571, 0.7635316469341293377, -6.901041666666672292 ) ) ;
#183 = EDGE_LOOP ( 'NONE', ( #3903, #2617 ) ) ;
#184 = VERTEX_POINT ( 'NONE', #5840 ) ;
#185 = CARTESIAN_POINT ( 'NONE',  ( -1.299038105676654675, 0.7500000000000027756, -5.854166666666682062 ) ) ;
#186 = CARTESIAN_POINT ( 'NONE',  ( -1.175240473580823952, -2.759855417220816880E-15, 6.874999999999966249 ) ) ;
#187 = CARTESIAN_POINT ( 'NONE',  ( -1.175240473580826395, 1.173664830060221467E-14, -0.6250000000000199840 ) ) ;
#188 = CONICAL_SURFACE ( 'NONE', #3858, 1.499999999999982014, 0.7853981633974500554 ) ;
#189 = CARTESIAN_POINT ( 'NONE',  ( -1.017788105676648902, -0.5876202367904079793, -0.02083333333335532500 ) ) ;
#190 =( BOUNDED_CURVE ( )  B_SPLINE_CURVE ( 2, ( #8218, #4986, #1642, #4182, #6083, #2861, #6764, #963, #1050 ),
 .UNSPECIFIED., .F., .F. ) 
 B_SPLINE_CURVE_WITH_KNOTS ( ( 3, 2, 2, 2, 3 ),
 ( 0.7905405405405405705, 0.7927927927927927998, 0.7972972972972972583, 0.8018018018018018278, 0.8040540540540540571 ),
 .UNSPECIFIED. ) 
 CURVE ( )  GEOMETRIC_REPRESENTATION_ITEM ( )  RATIONAL_B_SPLINE_CURVE ( ( 0.9330127018922194093, 0.9330127018922210747, 1.000000000000000000, 0.8660254037844388186, 1.000000000000000000, 0.8660254037844388186, 1.000000000000000000, 0.9330127018922194093, 0.9330127018922194093 ) ) 
 REPRESENTATION_ITEM ( '' )  );
#191 =( BOUNDED_CURVE ( )  B_SPLINE_CURVE ( 2, ( #5846, #4940, #2625, #8333, #3817, #2981, #651, #7761, #5093 ),
 .UNSPECIFIED., .F., .T. ) 
 B_SPLINE_CURVE_WITH_KNOTS ( ( 3, 2, 2, 2, 3 ),
 ( 0.3175675675675675991, 0.3198198198198198283, 0.3243243243243243423, 0.3288288288288288563, 0.3310810810810811411 ),
 .UNSPECIFIED. ) 
 CURVE ( )  GEOMETRIC_REPRESENTATION_ITEM ( )  RATIONAL_B_SPLINE_CURVE ( ( 0.9330127018922194093, 0.9330127018922201865, 1.000000000000000000, 0.8660254037844387076, 1.000000000000000000, 0.8660254037844387076, 1.000000000000000000, 0.9330127018922176330, 0.9330127018922192983 ) ) 
 REPRESENTATION_ITEM ( '' )  );
#192 = LINE ( 'NONE', #3235, #2775 ) ;
#193 = CARTESIAN_POINT ( 'NONE',  ( -0.6785254037844324904, 1.175240473580829281, -4.208333333333346360 ) ) ;
#194 = CARTESIAN_POINT ( 'NONE',  ( 0.6785254037844095087, -1.175240473580834166, 1.541666666666642538 ) ) ;
#195 = CARTESIAN_POINT ( 'NONE',  ( -1.669971672328933986E-14, -1.175240473580820844, -0.9375000000000190958 ) ) ;
#196 = CARTESIAN_POINT ( 'NONE',  ( -0.8816504037844300479, 1.527063293868253568, -0.4114583333333539650 ) ) ;
#197 = DIRECTION ( 'NONE',  ( -0.000000000000000000, -0.000000000000000000, 1.000000000000000000 ) ) ;
#198 = DIRECTION ( 'NONE',  ( -0.000000000000000000, -0.000000000000000000, 1.000000000000000000 ) ) ;
#199 = CARTESIAN_POINT ( 'NONE',  ( 1.322475605676646238, 0.7635316469341281165, 9.432291666666625218 ) ) ;
#200 = DATE_AND_TIME ( #6629, #4300 ) ;
#201 = CARTESIAN_POINT ( 'NONE',  ( 0.000000000000000000, 1.500000000000000666, -3.937500000000019984 ) ) ;
#202 = CARTESIAN_POINT ( 'NONE',  ( 0.000000000000000000, 1.500000000000000222, -2.000000000000011102 ) ) ;
#203 = ORIENTED_EDGE ( 'NONE', *, *, #6123, .T. ) ;
#204 = CARTESIAN_POINT ( 'NONE',  ( -1.322475605676645349, -0.7635316469341199008, -7.286458333333340143 ) ) ;
#205 = CARTESIAN_POINT ( 'NONE',  ( -1.299038105676654453, -0.7499999999999933387, -0.3333333333333483584 ) ) ;
#206 = DIRECTION ( 'NONE',  ( 1.000000000000000000, 0.000000000000000000, 0.000000000000000000 ) ) ;
#207 = CARTESIAN_POINT ( 'NONE',  ( 0.8816504037844299368, -1.527063293868245353, 2.307291666666641206 ) ) ;
#208 = EDGE_LOOP ( 'NONE', ( #7502, #3889, #1830, #6792 ) ) ;
#209 = CARTESIAN_POINT ( 'NONE',  ( 0.000000000000000000, 1.175240473580829503, 6.312499999999965361 ) ) ;
#210 = EDGE_CURVE ( 'NONE', #311, #1706, #2, .T. ) ;
#211 = CARTESIAN_POINT ( 'NONE',  ( 0.000000000000000000, -9.067116327485578019E-15, 12.24264068711923237 ) ) ;
#212 = ORIENTED_EDGE ( 'NONE', *, *, #3929, .T. ) ;
#213 = ORIENTED_EDGE ( 'NONE', *, *, #692, .F. ) ;
#214 = CARTESIAN_POINT ( 'NONE',  ( 1.299038105676655563, 0.7500000000000016653, -7.020833333333346360 ) ) ;
#215 = CARTESIAN_POINT ( 'NONE',  ( 0.000000000000000000, 4.375030948216173530E-15, -8.000000000000000000 ) ) ;
#216 = CARTESIAN_POINT ( 'NONE',  ( 0.6785254037844321573, -1.175240473580821066, 2.041666666666641206 ) ) ;
#217 = CARTESIAN_POINT ( 'NONE',  ( 1.499999999999995559, 3.747593145489319422E-15, 5.874999999999972466 ) ) ;
#218 = CARTESIAN_POINT ( 'NONE',  ( 3.224802985921934281E-14, 1.175240473580829503, 4.312499999999968914 ) ) ;
#219 = CARTESIAN_POINT ( 'NONE',  ( 1.322475605676645127, -0.7635316469341209000, 8.380208333333293069 ) ) ;
#220 = DIRECTION ( 'NONE',  ( 0.000000000000000000, 0.000000000000000000, -1.000000000000000000 ) ) ;
#221 = LINE ( 'NONE', #7983, #5368 ) ;
#222 = CARTESIAN_POINT ( 'NONE',  ( 1.322475605676645349, -0.7635316469341211221, -5.651041666666675845 ) ) ;
#223 = ADVANCED_FACE ( 'NONE', ( #2705 ), #6435, .T. ) ;
#224 = ORIENTED_EDGE ( 'NONE', *, *, #233, .T. ) ;
#225 = AXIS2_PLACEMENT_3D ( 'NONE', #7066, #3376, #2738 ) ;
#226 = CARTESIAN_POINT ( 'NONE',  ( 0.6785254037844445918, 1.175240473580822398, 6.708333333333297510 ) ) ;
#227 = ORIENTED_EDGE ( 'NONE', *, *, #2584, .F. ) ;
#228 = CARTESIAN_POINT ( 'NONE',  ( -1.499999999999998446, 0.4019237886466830445, -1.834829099369284622 ) ) ;
#229 = CARTESIAN_POINT ( 'NONE',  ( 0.000000000000000000, -7.267483695685816380E-15, 9.650000000000000355 ) ) ;
#230 = DIRECTION ( 'NONE',  ( -1.000000000000000000, 0.000000000000000000, -0.000000000000000000 ) ) ;
#231 = AXIS2_PLACEMENT_3D ( 'NONE', #2085, #3309, #4670 ) ;
#232 = CYLINDRICAL_SURFACE ( 'NONE', #2075, 1.175240473580825062 ) ;
#233 = EDGE_CURVE ( 'NONE', #3371, #7661, #4561, .T. ) ;
#234 = CARTESIAN_POINT ( 'NONE',  ( 1.017788105676648902, -0.5876202367904087565, 0.6458333333333108328 ) ) ;
#235 = CARTESIAN_POINT ( 'NONE',  ( 0.8660254037844359321, -1.499999999999992673, -0.1458333333333615423 ) ) ;
#236 = AXIS2_PLACEMENT_3D ( 'NONE', #7816, #230, #743 ) ;
#237 = CARTESIAN_POINT ( 'NONE',  ( 0.6785254037844321573, -1.175240473580821066, -6.458333333333341031 ) ) ;
#238 = CYLINDRICAL_SURFACE ( 'NONE', #8084, 1.175240473580825062 ) ;
#239 = CARTESIAN_POINT ( 'NONE',  ( -1.175240473580825284, 3.050366513770377797E-15, -4.562500000000010658 ) ) ;
#240 = CARTESIAN_POINT ( 'NONE',  ( 0.000000000000000000, 1.527063293868253568, 0.5468749999999762412 ) ) ;
#241 = CARTESIAN_POINT ( 'NONE',  ( 1.299038105676655563, 0.7500000000000016653, -2.520833333333355686 ) ) ;
#242 = CARTESIAN_POINT ( 'NONE',  ( -1.499999999999995781, 0.4019237886466874854, 2.602670900630719153 ) ) ;
#243 =( BOUNDED_CURVE ( )  B_SPLINE_CURVE ( 2, ( #6694, #6012, #4873, #5375, #7458, #306, #1489, #896, #2751 ),
 .UNSPECIFIED., .F., .T. ) 
 B_SPLINE_CURVE_WITH_KNOTS ( ( 3, 2, 2, 2, 3 ),
 ( 0.1554054054054053724, 0.1576576576576577127, 0.1621621621621621712, 0.1666666666666666297, 0.1689189189189189699 ),
 .UNSPECIFIED. ) 
 CURVE ( )  GEOMETRIC_REPRESENTATION_ITEM ( )  RATIONAL_B_SPLINE_CURVE ( ( 0.9330127018922194093, 0.9330127018922177440, 1.000000000000000000, 0.8660254037844388186, 1.000000000000000000, 0.8660254037844388186, 1.000000000000000000, 0.9330127018922177440, 0.9330127018922194093 ) ) 
 REPRESENTATION_ITEM ( '' )  );
#244 = VECTOR ( 'NONE', #2351, 1000.000000000000000 ) ;
#245 = CARTESIAN_POINT ( 'NONE',  ( -0.6785254037844329345, -1.175240473580820622, -7.979166666666670515 ) ) ;
#246 =( BOUNDED_CURVE ( )  B_SPLINE_CURVE ( 2, ( #1944, #4526, #3887, #3044, #4363, #4014, #6001, #37, #2153 ),
 .UNSPECIFIED., .F., .F. ) 
 B_SPLINE_CURVE_WITH_KNOTS ( ( 3, 2, 2, 2, 3 ),
 ( 0.8175675675675676546, 0.8198198198198197728, 0.8243243243243243423, 0.8288288288288288008, 0.8310810810810811411 ),
 .UNSPECIFIED. ) 
 CURVE ( )  GEOMETRIC_REPRESENTATION_ITEM ( )  RATIONAL_B_SPLINE_CURVE ( ( 0.9330127018922194093, 0.9330127018922226290, 1.000000000000000000, 0.8660254037844387076, 1.000000000000000000, 0.8660254037844387076, 1.000000000000000000, 0.9330127018922176330, 0.9330127018922192983 ) ) 
 REPRESENTATION_ITEM ( '' )  );
#247 = PERSON_AND_ORGANIZATION_ROLE ( 'classification_officer' ) ;
#248 = CARTESIAN_POINT ( 'NONE',  ( -1.499999999999993783, -0.4019237886466829890, -5.790170900630754680 ) ) ;
#249 = CARTESIAN_POINT ( 'NONE',  ( -6.046323735829506295E-15, -1.175240473580820844, -4.937500000000011546 ) ) ;
#250 = ORIENTED_EDGE ( 'NONE', *, *, #3118, .T. ) ;
#251 = CARTESIAN_POINT ( 'NONE',  ( 0.8816504037844310471, 1.527063293868253124, -6.994791666666673180 ) ) ;
#252 = CARTESIAN_POINT ( 'NONE',  ( 0.000000000000000000, -9.067116327485578019E-15, 12.24264068711923237 ) ) ;
#253 = CARTESIAN_POINT ( 'NONE',  ( -1.175240473580829947, -0.3149047358083366110, 4.459829099369228445 ) ) ;
#254 = CARTESIAN_POINT ( 'NONE',  ( 0.8816504037844311581, 1.527063293868253568, 1.473958333333309501 ) ) ;
#255 = ORIENTED_EDGE ( 'NONE', *, *, #3619, .F. ) ;
#256 = CARTESIAN_POINT ( 'NONE',  ( 0.6785254037844331565, 1.175240473580829059, 7.770833333333296622 ) ) ;
#257 = CARTESIAN_POINT ( 'NONE',  ( 1.017788105676664667, 0.5876202367903898827, 4.729166666666634988 ) ) ;
#258 = EDGE_LOOP ( 'NONE', ( #96, #4905, #767, #1608 ) ) ;
#259 = ORIENTED_EDGE ( 'NONE', *, *, #2024, .T. ) ;
#260 = CARTESIAN_POINT ( 'NONE',  ( 0.8660254037844359321, -1.499999999999992673, -1.145833333333359016 ) ) ;
#261 = DIRECTION ( 'NONE',  ( 1.000000000000000000, 0.000000000000000000, 0.000000000000000000 ) ) ;
#262 = CARTESIAN_POINT ( 'NONE',  ( -1.017788105676648902, 0.5876202367904169721, 2.333333333333307280 ) ) ;
#263 = CARTESIAN_POINT ( 'NONE',  ( -1.299038105676654453, -0.7499999999999933387, 2.166666666666646979 ) ) ;
#264 = DIRECTION ( 'NONE',  ( -1.000000000000000000, 0.000000000000000000, 0.000000000000000000 ) ) ;
#265 = CARTESIAN_POINT ( 'NONE',  ( 1.763300807568860318, 4.051117844727701623E-15, 8.921874999999959144 ) ) ;
#266 = CARTESIAN_POINT ( 'NONE',  ( -1.175240473580823952, -0.3149047358083453263, -5.540170900630748463 ) ) ;
#267 = ADVANCED_FACE ( 'NONE', ( #7196 ), #1402, .T. ) ;
#268 = CARTESIAN_POINT ( 'NONE',  ( -0.8816504037844309360, -1.527063293868244909, -5.776041666666674956 ) ) ;
#269 = EDGE_CURVE ( 'NONE', #1135, #6215, #1965, .T. ) ;
#270 = VERTEX_POINT ( 'NONE', #7800 ) ;
#271 = CARTESIAN_POINT ( 'NONE',  ( -1.162453265119556267, 0.1728946996161729310, 7.425240473580845268 ) ) ;
#272 = EDGE_CURVE ( 'NONE', #2170, #5259, #2019, .T. ) ;
#273 = LINE ( 'NONE', #5721, #5165 ) ;
#274 = CYLINDRICAL_SURFACE ( 'NONE', #1310, 1.175240473580825062 ) ;
#275 = CARTESIAN_POINT ( 'NONE',  ( -1.175240473580825284, 2.730804307565861340E-15, -5.125000000000010658 ) ) ;
#276 = CYLINDRICAL_SURFACE ( 'NONE', #3994, 1.499999999999982014 ) ;
#277 = EDGE_LOOP ( 'NONE', ( #7840, #4863, #1235, #4419, #2113 ) ) ;
#278 = CARTESIAN_POINT ( 'NONE',  ( 0.000000000000000000, 1.175240473580829503, 0.8124999999999764633 ) ) ;
#279 = CARTESIAN_POINT ( 'NONE',  ( 1.299038105676654675, 0.7500000000000013323, -1.583333333333345250 ) ) ;
#280 = CARTESIAN_POINT ( 'NONE',  ( -1.439254484199176806E-16, -1.175240473580820844, -3.500000000000014211 ) ) ;
#281 = EDGE_CURVE ( 'NONE', #3250, #7970, #6009, .T. ) ;
#282 = CARTESIAN_POINT ( 'NONE',  ( 0.9321480645420735511, -0.9795961139311656352, -7.775668935919997082 ) ) ;
#283 = LINE ( 'NONE', #1308, #6043 ) ;
#284 = CARTESIAN_POINT ( 'NONE',  ( 1.763300807568860318, 4.051117844727701623E-15, -0.5781250000000213163 ) ) ;
#285 = CC_DESIGN_PERSON_AND_ORGANIZATION_ASSIGNMENT ( #4180, #6674, ( #7548 ) ) ;
#286 = CARTESIAN_POINT ( 'NONE',  ( 1.499999999999995781, -6.071681917885798082E-15, -1.625000000000012212 ) ) ;
#287 = DIRECTION ( 'NONE',  ( -0.000000000000000000, -0.000000000000000000, 1.000000000000000000 ) ) ;
#288 = CARTESIAN_POINT ( 'NONE',  ( 1.357050807568865203, 4.125744759050742171E-15, -7.812500000000005329 ) ) ;
#289 = CALENDAR_DATE ( 2026, 25, 6 ) ;
#290 = CARTESIAN_POINT ( 'NONE',  ( -1.499999999999997558, 0.4019237886466852649, -3.834829099369279959 ) ) ;
#291 = CARTESIAN_POINT ( 'NONE',  ( 1.175240473580825062, 4.375030948216173530E-15, -8.000000000000000000 ) ) ;
#292 = ORIENTED_EDGE ( 'NONE', *, *, #7895, .F. ) ;
#293 =( BOUNDED_CURVE ( )  B_SPLINE_CURVE ( 2, ( #2885, #7467, #6024, #4245, #6192, #3441, #863, #1542, #1499 ),
 .UNSPECIFIED., .F., .T. ) 
 B_SPLINE_CURVE_WITH_KNOTS ( ( 3, 2, 2, 2, 3 ),
 ( 0.5743243243243243423, 0.5765765765765765716, 0.5810810810810810301, 0.5855855855855855996, 0.5878378378378379399 ),
 .UNSPECIFIED. ) 
 CURVE ( )  GEOMETRIC_REPRESENTATION_ITEM ( )  RATIONAL_B_SPLINE_CURVE ( ( 0.9330127018922194093, 0.9330127018922194093, 1.000000000000000000, 0.8660254037844387076, 1.000000000000000000, 0.8660254037844387076, 1.000000000000000000, 0.9330127018922160786, 0.9330127018922194093 ) ) 
 REPRESENTATION_ITEM ( '' )  );
#294 = CARTESIAN_POINT ( 'NONE',  ( -1.322475605676645127, 0.7635316469341291157, -6.369791666666674956 ) ) ;
#295 = CARTESIAN_POINT ( 'NONE',  ( -0.6785254037844425934, -1.175240473580814848, -3.979166666666679397 ) ) ;
#296 = CARTESIAN_POINT ( 'NONE',  ( -1.299038105676654897, -0.7499999999999935607, -6.270833333333348136 ) ) ;
#297 = CARTESIAN_POINT ( 'NONE',  ( -0.8816504037844309360, -1.527063293868244909, 2.723958333333307280 ) ) ;
#298 = ORIENTED_EDGE ( 'NONE', *, *, #6620, .T. ) ;
#299 = CARTESIAN_POINT ( 'NONE',  ( 0.000000000000000000, 1.175240473580829503, 7.312499999999962697 ) ) ;
#300 = CARTESIAN_POINT ( 'NONE',  ( -0.1906536866922225459, -1.159672946348726530, -7.949759526419159172 ) ) ;
#301 = ORIENTED_EDGE ( 'NONE', *, *, #848, .T. ) ;
#302 = ORIENTED_EDGE ( 'NONE', *, *, #667, .F. ) ;
#303 = DIRECTION ( 'NONE',  ( -0.000000000000000000, -0.000000000000000000, 1.000000000000000000 ) ) ;
#304 = CYLINDRICAL_SURFACE ( 'NONE', #5768, 1.175240473580825062 ) ;
#305 = CARTESIAN_POINT ( 'NONE',  ( -1.017788105676648902, 0.5876202367904169721, 4.333333333333301951 ) ) ;
#306 = CARTESIAN_POINT ( 'NONE',  ( 0.8660254037844368202, 1.499999999999999334, 7.458333333333301951 ) ) ;
#307 = CARTESIAN_POINT ( 'NONE',  ( -1.499999999999995559, -5.258250847547031143E-15, -0.8750000000000127676 ) ) ;
#308 = CARTESIAN_POINT ( 'NONE',  ( 0.8816504037844296038, -1.527063293868245131, 8.338541666666626995 ) ) ;
#309 = CARTESIAN_POINT ( 'NONE',  ( -0.6785254037844422603, -1.175240473580814848, -4.541666666666678509 ) ) ;
#310 = CARTESIAN_POINT ( 'NONE',  ( 0.8816504037844311581, 1.527063293868253568, -6.026041666666674956 ) ) ;
#311 = VERTEX_POINT ( 'NONE', #6054 ) ;
#312 = AXIS2_PLACEMENT_3D ( 'NONE', #4441, #3674, #4907 ) ;
#313 = CARTESIAN_POINT ( 'NONE',  ( -1.836970198721024757E-16, -1.499999999999991562, -5.750000000000003553 ) ) ;
#314 = ORIENTED_EDGE ( 'NONE', *, *, #7879, .F. ) ;
#315 = CYLINDRICAL_SURFACE ( 'NONE', #632, 1.175240473580825062 ) ;
#316 = CARTESIAN_POINT ( 'NONE',  ( -0.6785254037844538066, -1.175240473580808187, 1.020833333333309279 ) ) ;
#317 = CYLINDRICAL_SURFACE ( 'NONE', #4970, 1.499999999999982014 ) ;
#318 = CARTESIAN_POINT ( 'NONE',  ( -0.3526169514187930676, -1.424685995671136851, 7.706892204202380192 ) ) ;
#319 =( BOUNDED_CURVE ( )  B_SPLINE_CURVE ( 2, ( #4444, #3841, #553, #4483, #7623, #5792, #6342, #6301, #1744 ),
 .UNSPECIFIED., .F., .F. ) 
 B_SPLINE_CURVE_WITH_KNOTS ( ( 3, 2, 2, 2, 3 ),
 ( 0.8445945945945946276, 0.8468468468468468568, 0.8513513513513513153, 0.8558558558558558849, 0.8581081081081081141 ),
 .UNSPECIFIED. ) 
 CURVE ( )  GEOMETRIC_REPRESENTATION_ITEM ( )  RATIONAL_B_SPLINE_CURVE ( ( 0.9330127018922194093, 0.9330127018922194093, 1.000000000000000000, 0.8660254037844388186, 1.000000000000000000, 0.8660254037844388186, 1.000000000000000000, 0.9330127018922194093, 0.9330127018922194093 ) ) 
 REPRESENTATION_ITEM ( '' )  );
#320 = ORIENTED_EDGE ( 'NONE', *, *, #3408, .F. ) ;
#321 = CARTESIAN_POINT ( 'NONE',  ( -1.017788105676648902, -0.5876202367904079793, 3.479166666666637209 ) ) ;
#322 = AXIS2_PLACEMENT_3D ( 'NONE', #1762, #5655, #1084 ) ;
#323 = EDGE_CURVE ( 'NONE', #7455, #1789, #7533, .T. ) ;
#324 = ORIENTED_EDGE ( 'NONE', *, *, #5281, .T. ) ;
#325 = CARTESIAN_POINT ( 'NONE',  ( 0.6157892454778768343, -1.144896420891256206, -7.827982356163543542 ) ) ;
#326 = CARTESIAN_POINT ( 'NONE',  ( 0.000000000000000000, 4.375030948216173530E-15, -8.000000000000000000 ) ) ;
#327 = CARTESIAN_POINT ( 'NONE',  ( -0.8816504037844300479, 1.527063293868253568, 4.588541666666634100 ) ) ;
#328 = CARTESIAN_POINT ( 'NONE',  ( 1.175240473580824618, 6.333141904780403065E-15, -1.812500000000016875 ) ) ;
#329 = DIRECTION ( 'NONE',  ( 1.000000000000000000, 0.000000000000000000, 0.000000000000000000 ) ) ;
#330 = CARTESIAN_POINT ( 'NONE',  ( 0.6785254037844331565, 1.175240473580829059, -5.229166666666676733 ) ) ;
#331 = EDGE_CURVE ( 'NONE', #6683, #670, #6072, .T. ) ;
#332 = APPROVAL_STATUS ( 'not_yet_approved' ) ;
#333 = CARTESIAN_POINT ( 'NONE',  ( 1.499999999999995781, -0.4019237886466791032, 4.852670900630713824 ) ) ;
#334 = LINE ( 'NONE', #2312, #3595 ) ;
#335 = ORIENTED_EDGE ( 'NONE', *, *, #1661, .T. ) ;
#336 = CARTESIAN_POINT ( 'NONE',  ( -1.322475605676645349, -0.7635316469341199008, -6.286458333333341919 ) ) ;
#337 = DIRECTION ( 'NONE',  ( -0.000000000000000000, -0.000000000000000000, 1.000000000000000000 ) ) ;
#338 = CARTESIAN_POINT ( 'NONE',  ( 1.763300807568860762, 4.051117844727701623E-15, 1.890624999999975797 ) ) ;
#339 = ORIENTED_EDGE ( 'NONE', *, *, #4876, .F. ) ;
#340 = CARTESIAN_POINT ( 'NONE',  ( -1.357050807568865203, 4.458126344604650913E-15, 6.937499999999964473 ) ) ;
#341 = CARTESIAN_POINT ( 'NONE',  ( -1.175240473580826395, 1.173664830060221467E-14, -0.5625000000000199840 ) ) ;
#342 = ORIENTED_EDGE ( 'NONE', *, *, #122, .F. ) ;
#343 = ORIENTED_EDGE ( 'NONE', *, *, #4933, .F. ) ;
#344 = CARTESIAN_POINT ( 'NONE',  ( 0.8660254037844359321, -1.499999999999992673, 4.854166666666627883 ) ) ;
#345 = CARTESIAN_POINT ( 'NONE',  ( -0.8660254037844369313, -1.499999999999991562, -3.729166666666686503 ) ) ;
#346 = CARTESIAN_POINT ( 'NONE',  ( -1.357050807568865203, 4.458126344604650913E-15, 3.874999999999970246 ) ) ;
#347 = CARTESIAN_POINT ( 'NONE',  ( 1.499999999999995781, -6.071681917885798082E-15, -0.6250000000000147660 ) ) ;
#348 = CARTESIAN_POINT ( 'NONE',  ( 1.763300807568860318, 4.051117844727701623E-15, 9.421874999999957367 ) ) ;
#349 = CARTESIAN_POINT ( 'NONE',  ( 1.299038105676654675, -0.7499999999999944489, -5.104166666666683838 ) ) ;
#350 = CARTESIAN_POINT ( 'NONE',  ( 0.8816504037844311581, 1.527063293868253568, -4.526041666666678509 ) ) ;
#351 = EDGE_LOOP ( 'NONE', ( #6657, #6677, #4530, #6706 ) ) ;
#352 = AXIS2_PLACEMENT_3D ( 'NONE', #3779, #8245, #8203 ) ;
#353 = CARTESIAN_POINT ( 'NONE',  ( -0.6785254037843939656, 1.175240473580851264, 6.791666666666629659 ) ) ;
#354 = CARTESIAN_POINT ( 'NONE',  ( 1.499999999999996669, -1.597811031022578733E-14, 6.937499999999955591 ) ) ;
#355 = CARTESIAN_POINT ( 'NONE',  ( 0.000000000000000000, -9.067116327485578019E-15, 12.24264068711923237 ) ) ;
#356 = CARTESIAN_POINT ( 'NONE',  ( 2.303389135595868196E-14, 1.175240473580829503, 2.812499999999972911 ) ) ;
#357 = ORIENTED_EDGE ( 'NONE', *, *, #6358, .T. ) ;
#358 = CARTESIAN_POINT ( 'NONE',  ( -1.357050807568865203, 4.458126344604650913E-15, 1.937499999999974021 ) ) ;
#359 = ORIENTED_EDGE ( 'NONE', *, *, #1623, .T. ) ;
#360 = AXIS2_PLACEMENT_3D ( 'NONE', #2418, #3850, #5088 ) ;
#361 = CARTESIAN_POINT ( 'NONE',  ( 1.499999999999996003, 2.663986755359462850E-14, -7.624999999999997335 ) ) ;
#362 = CYLINDRICAL_SURFACE ( 'NONE', #4011, 1.175240473580825062 ) ;
#363 =( BOUNDED_CURVE ( )  B_SPLINE_CURVE ( 2, ( #6193, #1587, #2972, #5564, #440, #3014, #5600, #6067, #275 ),
 .UNSPECIFIED., .F., .F. ) 
 B_SPLINE_CURVE_WITH_KNOTS ( ( 3, 2, 2, 2, 3 ),
 ( 0.1554054054054054279, 0.1576576576576576572, 0.1621621621621621712, 0.1666666666666666574, 0.1689189189189189422 ),
 .UNSPECIFIED. ) 
 CURVE ( )  GEOMETRIC_REPRESENTATION_ITEM ( )  RATIONAL_B_SPLINE_CURVE ( ( 0.9330127018922194093, 0.9330127018922201865, 1.000000000000000000, 0.8660254037844387076, 1.000000000000000000, 0.8660254037844387076, 1.000000000000000000, 0.9330127018922185211, 0.9330127018922194093 ) ) 
 REPRESENTATION_ITEM ( '' )  );
#364 = CARTESIAN_POINT ( 'NONE',  ( 1.322475605676646015, 0.7635316469341278944, 2.463541666666639873 ) ) ;
#365 = CARTESIAN_POINT ( 'NONE',  ( -1.017788105676646460, 0.5876202367904213020, -1.604166666666684282 ) ) ;
#366 = DIRECTION ( 'NONE',  ( 1.000000000000000000, 0.000000000000000000, 0.000000000000000000 ) ) ;
#367 = ADVANCED_FACE ( 'NONE', ( #5460 ), #3553, .T. ) ;
#368 = CARTESIAN_POINT ( 'NONE',  ( -1.357050807568865203, 4.458126344604650913E-15, -6.062500000000008882 ) ) ;
#369 = EDGE_CURVE ( 'NONE', #2279, #1188, #8045, .T. ) ;
#370 = AXIS2_PLACEMENT_3D ( 'NONE', #1228, #3802, #4954 ) ;
#371 = CARTESIAN_POINT ( 'NONE',  ( -1.499999999999996447, -1.519373034954197633E-14, 3.687499999999964917 ) ) ;
#372 = LINE ( 'NONE', #3622, #6975 ) ;
#373 = ORIENTED_EDGE ( 'NONE', *, *, #4500, .T. ) ;
#374 = ADVANCED_FACE ( 'NONE', ( #892 ), #2244, .T. ) ;
#375 = CARTESIAN_POINT ( 'NONE',  ( -0.8816504037844307140, -1.527063293868244465, -5.244791666666676733 ) ) ;
#376 = AXIS2_PLACEMENT_3D ( 'NONE', #4695, #5284, #206 ) ;
#377 = CARTESIAN_POINT ( 'NONE',  ( 0.000000000000000000, -9.067116327485578019E-15, 12.24264068711923237 ) ) ;
#378 = CARTESIAN_POINT ( 'NONE',  ( 1.299038105676654675, -0.7499999999999944489, -6.104166666666682062 ) ) ;
#379 = CARTESIAN_POINT ( 'NONE',  ( 0.8816504037844299368, -1.527063293868245353, 6.307291666666632324 ) ) ;
#380 = ORIENTED_EDGE ( 'NONE', *, *, #779, .T. ) ;
#381 = CARTESIAN_POINT ( 'NONE',  ( -1.357050807568865203, 4.458126344604650913E-15, 8.937499999999959144 ) ) ;
#382 = CARTESIAN_POINT ( 'NONE',  ( 1.175240473580825062, 4.375030948216173530E-15, -8.000000000000000000 ) ) ;
#383 = VERTEX_POINT ( 'NONE', #6774 ) ;
#384 = VERTEX_POINT ( 'NONE', #2200 ) ;
#385 = CARTESIAN_POINT ( 'NONE',  ( 1.499999999999991340, -0.4019237886466884291, 4.915170900630701389 ) ) ;
#386 = EDGE_CURVE ( 'NONE', #3610, #8310, #881, .T. ) ;
#387 = CARTESIAN_POINT ( 'NONE',  ( -1.000000000000005551, -0.5773502691896371664, 9.650000000000000355 ) ) ;
#388 = CARTESIAN_POINT ( 'NONE',  ( -0.6785254037844324904, 1.175240473580829281, 6.791666666666630547 ) ) ;
#389 = CARTESIAN_POINT ( 'NONE',  ( 1.017788105676643795, -0.5876202367904171942, 0.1458333333333120541 ) ) ;
#390 = CARTESIAN_POINT ( 'NONE',  ( 1.017788105676650012, 0.5876202367904148627, -1.833333333333350801 ) ) ;
#391 = CARTESIAN_POINT ( 'NONE',  ( -1.870113174931165379E-16, -1.527063293868244687, 9.296874999999955591 ) ) ;
#392 = CARTESIAN_POINT ( 'NONE',  ( 1.299038105676654675, -0.7499999999999944489, -7.104166666666679397 ) ) ;
#393 = CARTESIAN_POINT ( 'NONE',  ( 1.322475605676645349, -0.7635316469341211221, -1.651041666666684282 ) ) ;
#394 = VERTEX_POINT ( 'NONE', #8108 ) ;
#395 = DIRECTION ( 'NONE',  ( -1.000000000000000000, 0.000000000000000000, 0.000000000000000000 ) ) ;
#396 = ORIENTED_EDGE ( 'NONE', *, *, #3406, .T. ) ;
#397 = CARTESIAN_POINT ( 'NONE',  ( 0.000000000000000000, 1.500000000000000666, 5.062499999999959144 ) ) ;
#398 = CARTESIAN_POINT ( 'NONE',  ( 1.175240473580824396, 6.885112988224566599E-15, -2.875000000000015099 ) ) ;
#399 = CARTESIAN_POINT ( 'NONE',  ( -0.1801686557497781116, 1.308214758446244463, -7.816785241553490415 ) ) ;
#400 = FACE_OUTER_BOUND ( 'NONE', #277, .T. ) ;
#401 = ORIENTED_EDGE ( 'NONE', *, *, #4566, .F. ) ;
#402 = CARTESIAN_POINT ( 'NONE',  ( 0.000000000000000000, 1.175240473580829503, 3.312499999999971578 ) ) ;
#403 = ORIENTED_EDGE ( 'NONE', *, *, #8208, .T. ) ;
#404 = CARTESIAN_POINT ( 'NONE',  ( -1.474777019040219234E-16, -1.204246824526884918, -7.920753175473084440 ) ) ;
#405 = CARTESIAN_POINT ( 'NONE',  ( -1.299038105676654453, -0.7499999999999933387, 3.666666666666642982 ) ) ;
#406 = CARTESIAN_POINT ( 'NONE',  ( -1.763300807568860318, 4.483001982712331095E-15, 2.671874999999973355 ) ) ;
#407 = CARTESIAN_POINT ( 'NONE',  ( -7.485578220028682164E-15, -1.175240473580820844, -2.500000000000015987 ) ) ;
#408 = CARTESIAN_POINT ( 'NONE',  ( -1.439254484199176806E-16, -1.175240473580820844, -5.937500000000008882 ) ) ;
#409 = CARTESIAN_POINT ( 'NONE',  ( 1.499999999999996891, -8.599128457866967490E-15, -6.562500000000015099 ) ) ;
#410 = DIRECTION ( 'NONE',  ( -0.000000000000000000, -0.000000000000000000, 1.000000000000000000 ) ) ;
#411 =( BOUNDED_CURVE ( )  B_SPLINE_CURVE ( 2, ( #6666, #749, #2139, #5397, #4126, #3952, #3319, #2014, #870 ),
 .UNSPECIFIED., .F., .T. ) 
 B_SPLINE_CURVE_WITH_KNOTS ( ( 3, 2, 2, 2, 3 ),
 ( 0.7229729729729729160, 0.7252252252252251452, 0.7297297297297297147, 0.7342342342342342842, 0.7364864864864865135 ),
 .UNSPECIFIED. ) 
 CURVE ( )  GEOMETRIC_REPRESENTATION_ITEM ( )  RATIONAL_B_SPLINE_CURVE ( ( 0.9330127018922194093, 0.9330127018922194093, 1.000000000000000000, 0.8660254037844388186, 1.000000000000000000, 0.8660254037844388186, 1.000000000000000000, 0.9330127018922194093, 0.9330127018922194093 ) ) 
 REPRESENTATION_ITEM ( '' )  );
#412 = ORIENTED_EDGE ( 'NONE', *, *, #8143, .F. ) ;
#413 = ADVANCED_FACE ( 'NONE', ( #2285 ), #1018, .T. ) ;
#414 = ADVANCED_FACE ( 'NONE', ( #465 ), #1227, .T. ) ;
#415 = CARTESIAN_POINT ( 'NONE',  ( 1.763300807568860318, 4.051117844727701623E-15, -5.578125000000009770 ) ) ;
#416 = CARTESIAN_POINT ( 'NONE',  ( 1.299038105676655563, 0.7500000000000016653, 0.9791666666666359875 ) ) ;
#417 = CARTESIAN_POINT ( 'NONE',  ( -1.322475605676645793, -0.7635316469341201229, 4.182291666666635876 ) ) ;
#418 = CARTESIAN_POINT ( 'NONE',  ( -1.499999999999995781, -7.814748497183156485E-15, -6.875000000000000000 ) ) ;
#419 = ADVANCED_FACE ( 'NONE', ( #5075 ), #4315, .T. ) ;
#420 = CARTESIAN_POINT ( 'NONE',  ( 0.8660254037844371533, 1.500000000000000222, -5.479166666666682950 ) ) ;
#421 = ORIENTED_EDGE ( 'NONE', *, *, #641, .F. ) ;
#422 = VERTEX_POINT ( 'NONE', #6981 ) ;
#423 = EDGE_CURVE ( 'NONE', #6173, #5459, #1755, .T. ) ;
#424 = LINE ( 'NONE', #4357, #3267 ) ;
#425 = CARTESIAN_POINT ( 'NONE',  ( -1.175240473580828837, -0.3149047358083406078, -2.540170900630755568 ) ) ;
#426 = CARTESIAN_POINT ( 'NONE',  ( -1.017788105676648902, -0.5876202367904079793, 5.916666666666632324 ) ) ;
#427 = FACE_OUTER_BOUND ( 'NONE', #5324, .T. ) ;
#428 = CARTESIAN_POINT ( 'NONE',  ( -1.955241929364891165E-14, 2.850000000000000089, 8.247500000000000497 ) ) ;
#429 = CARTESIAN_POINT ( 'NONE',  ( 0.000000000000000000, 4.375030948216173530E-15, -8.000000000000000000 ) ) ;
#430 = CYLINDRICAL_SURFACE ( 'NONE', #7819, 1.499999999999982014 ) ;
#431 = CARTESIAN_POINT ( 'NONE',  ( 0.8816504037844311581, 1.527063293868253568, -2.026041666666682950 ) ) ;
#432 = ORIENTED_EDGE ( 'NONE', *, *, #7296, .F. ) ;
#433 = ADVANCED_FACE ( 'NONE', ( #550 ), #1693, .T. ) ;
#434 = DIRECTION ( 'NONE',  ( -0.000000000000000000, -0.000000000000000000, 1.000000000000000000 ) ) ;
#435 = VERTEX_POINT ( 'NONE', #1102 ) ;
#436 = FACE_OUTER_BOUND ( 'NONE', #6979, .T. ) ;
#437 = CARTESIAN_POINT ( 'NONE',  ( -1.499999999999996225, 4.561024215828087150E-15, 5.187499999999960032 ) ) ;
#438 = CARTESIAN_POINT ( 'NONE',  ( 1.017788105676649346, 0.5876202367904160839, -1.333333333333352133 ) ) ;
#439 = CARTESIAN_POINT ( 'NONE',  ( -1.175240473580824174, -1.423504373092842538E-15, -2.125000000000015987 ) ) ;
#440 = CARTESIAN_POINT ( 'NONE',  ( 1.727105381039012266E-15, 1.175240473580829503, -5.250000000000009770 ) ) ;
#441 = CARTESIAN_POINT ( 'NONE',  ( -1.204246824526845172, -7.506806734840624058E-14, 7.454246824526863158 ) ) ;
#442 = CIRCLE ( 'NONE', #2728, 1.124999999999982903 ) ;
#443 = CARTESIAN_POINT ( 'NONE',  ( -6.909876426349012132E-15, -1.175240473580820844, -3.437500000000014211 ) ) ;
#444 = VERTEX_POINT ( 'NONE', #6855 ) ;
#445 = CARTESIAN_POINT ( 'NONE',  ( -1.017788105676648902, -0.5876202367904079793, 2.979166666666638541 ) ) ;
#446 = VERTEX_POINT ( 'NONE', #5711 ) ;
#447 = CARTESIAN_POINT ( 'NONE',  ( -0.6785254037844480335, -1.175240473580811518, 5.520833333333298398 ) ) ;
#448 = CARTESIAN_POINT ( 'NONE',  ( -0.6785254037844445918, -1.175240473580813738, -0.5416666666666868357 ) ) ;
#449 = CARTESIAN_POINT ( 'NONE',  ( -1.175240473580825507, 0.3149047358083659209, -0.6473290993692802919 ) ) ;
#450 = CARTESIAN_POINT ( 'NONE',  ( -0.8816504037844307140, -1.527063293868244465, 4.255208333333301063 ) ) ;
#451 = CARTESIAN_POINT ( 'NONE',  ( -0.8660254037844369313, -1.499999999999991562, -4.729166666666684726 ) ) ;
#452 = CARTESIAN_POINT ( 'NONE',  ( -0.6785254037844329345, -1.175240473580820622, -4.479166666666678509 ) ) ;
#453 = DIRECTION ( 'NONE',  ( -0.000000000000000000, -0.000000000000000000, 1.000000000000000000 ) ) ;
#454 = VECTOR ( 'NONE', #4493, 1000.000000000000000 ) ;
#455 = ORIENTED_EDGE ( 'NONE', *, *, #233, .F. ) ;
#456 = CARTESIAN_POINT ( 'NONE',  ( 0.000000000000000000, 1.527063293868253568, -4.453125000000012434 ) ) ;
#457 = CARTESIAN_POINT ( 'NONE',  ( -1.499999999999982014, -9.067116327485578019E-15, 12.24264068711923237 ) ) ;
#458 = CARTESIAN_POINT ( 'NONE',  ( -1.322475605676645571, 0.7635316469341293377, 5.598958333333301063 ) ) ;
#459 = CARTESIAN_POINT ( 'NONE',  ( -1.357050807568865203, 4.458126344604650913E-15, 9.937499999999957367 ) ) ;
#460 =( BOUNDED_CURVE ( )  B_SPLINE_CURVE ( 2, ( #2503, #6394, #1916, #6272, #529, #7077, #1243, #566, #4971 ),
 .UNSPECIFIED., .F., .T. ) 
 B_SPLINE_CURVE_WITH_KNOTS ( ( 3, 2, 2, 2, 3 ),
 ( 0.4797297297297298257, 0.4819819819819819995, 0.4864864864864865135, 0.4909909909909909720, 0.4932432432432432567 ),
 .UNSPECIFIED. ) 
 CURVE ( )  GEOMETRIC_REPRESENTATION_ITEM ( )  RATIONAL_B_SPLINE_CURVE ( ( 0.9330127018922194093, 0.9330127018922218518, 1.000000000000000000, 0.8660254037844387076, 1.000000000000000000, 0.8660254037844387076, 1.000000000000000000, 0.9330127018922185211, 0.9330127018922194093 ) ) 
 REPRESENTATION_ITEM ( '' )  );
#461 = CARTESIAN_POINT ( 'NONE',  ( -1.175240473580825062, 4.518956396636091433E-15, -8.000000000000000000 ) ) ;
#462 =( BOUNDED_CURVE ( )  B_SPLINE_CURVE ( 2, ( #7204, #3856, #1328, #6527, #5215, #2674, #652, #5809, #5177 ),
 .UNSPECIFIED., .F., .F. ) 
 B_SPLINE_CURVE_WITH_KNOTS ( ( 3, 2, 2, 2, 3 ),
 ( 0.3716216216216216561, 0.3738738738738738854, 0.3783783783783783994, 0.3828828828828828579, 0.3851351351351351426 ),
 .UNSPECIFIED. ) 
 CURVE ( )  GEOMETRIC_REPRESENTATION_ITEM ( )  RATIONAL_B_SPLINE_CURVE ( ( 0.9330127018922194093, 0.9330127018922201865, 1.000000000000000000, 0.8660254037844387076, 1.000000000000000000, 0.8660254037844387076, 1.000000000000000000, 0.9330127018922185211, 0.9330127018922194093 ) ) 
 REPRESENTATION_ITEM ( '' )  );
#463 = ORIENTED_EDGE ( 'NONE', *, *, #694, .F. ) ;
#464 = VERTEX_POINT ( 'NONE', #6216 ) ;
#465 = FACE_OUTER_BOUND ( 'NONE', #1304, .T. ) ;
#466 = LINE ( 'NONE', #5038, #4424 ) ;
#467 = CARTESIAN_POINT ( 'NONE',  ( -0.6785254037844324904, 1.175240473580829281, 6.291666666666630547 ) ) ;
#468 = DIRECTION ( 'NONE',  ( 1.000000000000000000, 0.000000000000000000, 0.000000000000000000 ) ) ;
#469 = CARTESIAN_POINT ( 'NONE',  ( -1.017788105676658228, -0.5876202367903922141, 4.416666666666634988 ) ) ;
#470 = DIRECTION ( 'NONE',  ( -1.000000000000000000, 0.000000000000000000, 0.000000000000000000 ) ) ;
#471 = CARTESIAN_POINT ( 'NONE',  ( 1.017788105676653343, 0.5876202367904090895, -4.770833333333343695 ) ) ;
#472 = CARTESIAN_POINT ( 'NONE',  ( 1.322475605676645349, -0.7635316469341211221, -3.151041666666680285 ) ) ;
#473 = ORIENTED_EDGE ( 'NONE', *, *, #4566, .T. ) ;
#474 = ADVANCED_FACE ( 'NONE', ( #7619 ), #1819, .T. ) ;
#475 = CARTESIAN_POINT ( 'NONE',  ( -1.499999999999993783, -0.4019237886466829890, -0.2901709006307673921 ) ) ;
#476 = VERTEX_POINT ( 'NONE', #7578 ) ;
#477 = DIRECTION ( 'NONE',  ( 0.000000000000000000, 0.000000000000000000, -1.000000000000000000 ) ) ;
#478 = CARTESIAN_POINT ( 'NONE',  ( 0.8660254037844357100, -1.499999999999991562, -4.708333333333338366 ) ) ;
#479 = CARTESIAN_POINT ( 'NONE',  ( 1.017788105676649346, 0.5876202367904160839, -0.8333333333333534654 ) ) ;
#480 = CARTESIAN_POINT ( 'NONE',  ( -1.499999999999996447, -5.258250847547031931E-15, -1.812500000000023759 ) ) ;
#481 = CARTESIAN_POINT ( 'NONE',  ( 0.8660254037844357100, -1.499999999999991562, 5.291666666666638541 ) ) ;
#482 = EDGE_CURVE ( 'NONE', #3567, #1080, #442, .T. ) ;
#483 = CARTESIAN_POINT ( 'NONE',  ( -1.175240473580823952, -6.478397453055181157E-15, 1.437499999999978018 ) ) ;
#484 = CARTESIAN_POINT ( 'NONE',  ( -1.175240473580824174, 8.105259593732717402E-15, 0.8749999999999770184 ) ) ;
#485 = VERTEX_POINT ( 'NONE', #6257 ) ;
#486 = CARTESIAN_POINT ( 'NONE',  ( -1.357050807568865203, 4.458126344604650913E-15, 3.437499999999972022 ) ) ;
#487 = ORIENTED_EDGE ( 'NONE', *, *, #7311, .F. ) ;
#488 = DIRECTION ( 'NONE',  ( -1.000000000000000000, 0.000000000000000000, 0.000000000000000000 ) ) ;
#489 = CARTESIAN_POINT ( 'NONE',  ( -8.636981807388023807E-15, -1.175240473580820844, -0.5000000000000204281 ) ) ;
#490 = VECTOR ( 'NONE', #5092, 1000.000000000000000 ) ;
#491 = CARTESIAN_POINT ( 'NONE',  ( -1.017788105676646015, 0.5876202367904218571, -0.6666666666666869467 ) ) ;
#492 = ADVANCED_FACE ( 'NONE', ( #4996 ), #169, .F. ) ;
#493 = CARTESIAN_POINT ( 'NONE',  ( 1.322475605676646015, 0.7635316469341278944, 3.463541666666637209 ) ) ;
#494 = VECTOR ( 'NONE', #1862, 1000.000000000000000 ) ;
#495 = CARTESIAN_POINT ( 'NONE',  ( 1.175240473580826395, 1.917373237227094401E-15, -0.8750000000000193179 ) ) ;
#496 = CARTESIAN_POINT ( 'NONE',  ( -1.357050807568865203, 4.458126344604650913E-15, -6.562500000000007105 ) ) ;
#497 = CARTESIAN_POINT ( 'NONE',  ( -1.017788105676647348, 0.5876202367904196366, -5.104166666666676733 ) ) ;
#498 = CARTESIAN_POINT ( 'NONE',  ( -1.439254484199176806E-16, -1.175240473580820844, -7.000000000000006217 ) ) ;
#499 = EDGE_LOOP ( 'NONE', ( #1454, #2317, #5317 ) ) ;
#500 = CARTESIAN_POINT ( 'NONE',  ( 0.8816504037844310471, 1.527063293868253124, -4.494791666666678509 ) ) ;
#501 = CARTESIAN_POINT ( 'NONE',  ( 1.612256002741670755E-14, 1.175240473580829503, 5.249999999999966249 ) ) ;
#502 = VECTOR ( 'NONE', #2087, 1000.000000000000000 ) ;
#503 = CARTESIAN_POINT ( 'NONE',  ( -1.322475605676645793, -0.7635316469341201229, 5.182291666666634988 ) ) ;
#504 = CARTESIAN_POINT ( 'NONE',  ( 0.6785254037844331565, 1.175240473580829059, 9.770833333333291293 ) ) ;
#505 = CARTESIAN_POINT ( 'NONE',  ( -1.499999999999995559, 4.561024215828087150E-15, 6.624999999999970690 ) ) ;
#506 = AXIS2_PLACEMENT_3D ( 'NONE', #1195, #7067, #6428 ) ;
#507 = ORIENTED_EDGE ( 'NONE', *, *, #6942, .T. ) ;
#508 = EDGE_LOOP ( 'NONE', ( #2444, #3297, #2283, #724 ) ) ;
#509 = CARTESIAN_POINT ( 'NONE',  ( 0.000000000000000000, -7.267483695685816380E-15, 9.650000000000000355 ) ) ;
#510 = CARTESIAN_POINT ( 'NONE',  ( -1.175240473580828393, -0.3149047358083357784, 3.959829099369231553 ) ) ;
#511 = CARTESIAN_POINT ( 'NONE',  ( 1.017788105676649346, 0.5876202367904160839, 5.666666666666632324 ) ) ;
#512 = CARTESIAN_POINT ( 'NONE',  ( -1.175240473580823952, -6.478397453055181157E-15, 1.437499999999977796 ) ) ;
#513 = CARTESIAN_POINT ( 'NONE',  ( 1.017788105676639576, -0.5876202367904246326, 0.5833333333333107218 ) ) ;
#514 = CARTESIAN_POINT ( 'NONE',  ( 1.175240473580826395, 1.278248824818062868E-15, 0.1249999999999785866 ) ) ;
#515 = FACE_OUTER_BOUND ( 'NONE', #5720, .T. ) ;
#516 = CARTESIAN_POINT ( 'NONE',  ( -1.763300807568860762, 4.483001982712331095E-15, -3.859375000000012434 ) ) ;
#517 =( BOUNDED_CURVE ( )  B_SPLINE_CURVE ( 2, ( #3231, #4671, #2717, #2591, #2008, #698, #1459, #1415, #1373 ),
 .UNSPECIFIED., .F., .T. ) 
 B_SPLINE_CURVE_WITH_KNOTS ( ( 3, 2, 2, 2, 3 ),
 ( 0.4256756756756757132, 0.4279279279279279424, 0.4324324324324324564, 0.4369369369369369149, 0.4391891891891891997 ),
 .UNSPECIFIED. ) 
 CURVE ( )  GEOMETRIC_REPRESENTATION_ITEM ( )  RATIONAL_B_SPLINE_CURVE ( ( 0.9330127018922194093, 0.9330127018922201865, 1.000000000000000000, 0.8660254037844387076, 1.000000000000000000, 0.8660254037844387076, 1.000000000000000000, 0.9330127018922185211, 0.9330127018922194093 ) ) 
 REPRESENTATION_ITEM ( '' )  );
#518 = ORIENTED_EDGE ( 'NONE', *, *, #6742, .T. ) ;
#519 = AXIS2_PLACEMENT_3D ( 'NONE', #7638, #7682, #4417 ) ;
#520 =( BOUNDED_CURVE ( )  B_SPLINE_CURVE ( 2, ( #27, #7780, #5274, #5784, #6547, #623, #4475, #2563, #2603 ),
 .UNSPECIFIED., .F., .F. ) 
 B_SPLINE_CURVE_WITH_KNOTS ( ( 3, 2, 2, 2, 3 ),
 ( 0.4121621621621621712, 0.4144144144144144004, 0.4189189189189189144, 0.4234234234234234284, 0.4256756756756757132 ),
 .UNSPECIFIED. ) 
 CURVE ( )  GEOMETRIC_REPRESENTATION_ITEM ( )  RATIONAL_B_SPLINE_CURVE ( ( 0.9330127018922194093, 0.9330127018922201865, 1.000000000000000000, 0.8660254037844387076, 1.000000000000000000, 0.8660254037844387076, 1.000000000000000000, 0.9330127018922185211, 0.9330127018922194093 ) ) 
 REPRESENTATION_ITEM ( '' )  );
#521 = VERTEX_POINT ( 'NONE', #1780 ) ;
#522 = VECTOR ( 'NONE', #8334, 1000.000000000000000 ) ;
#523 = CARTESIAN_POINT ( 'NONE',  ( 1.727396361477604761E-14, 1.175240473580829503, 7.249999999999962697 ) ) ;
#524 = CARTESIAN_POINT ( 'NONE',  ( 0.000000000000000000, 1.175240473580829503, -1.750000000000017986 ) ) ;
#525 = CARTESIAN_POINT ( 'NONE',  ( -1.175240473580824840, -0.3149047358083467141, -7.040170900630746686 ) ) ;
#526 = EDGE_CURVE ( 'NONE', #2986, #7809, #2323, .T. ) ;
#527 = CARTESIAN_POINT ( 'NONE',  ( -1.836970198721024757E-16, -1.499999999999991562, 5.249999999999974243 ) ) ;
#528 = EDGE_CURVE ( 'NONE', #8155, #5638, #424, .T. ) ;
#529 = CARTESIAN_POINT ( 'NONE',  ( 2.188248776859934190E-14, 1.175240473580829503, 0.8124999999999764633 ) ) ;
#530 = CARTESIAN_POINT ( 'NONE',  ( 3.490243377569968387E-16, 2.850000000000007638, 9.650000000000002132 ) ) ;
#531 = VERTEX_POINT ( 'NONE', #2486 ) ;
#532 = CARTESIAN_POINT ( 'NONE',  ( 0.6785254037844331565, 1.175240473580829059, 6.270833333333298398 ) ) ;
#533 = ADVANCED_FACE ( 'NONE', ( #2997 ), #7603, .T. ) ;
#534 = VERTEX_POINT ( 'NONE', #1146 ) ;
#535 = CARTESIAN_POINT ( 'NONE',  ( -0.6785254037844244968, 1.175240473580833722, -2.708333333333349024 ) ) ;
#536 = CARTESIAN_POINT ( 'NONE',  ( 1.499999999999995781, -6.071681917885798082E-15, -2.625000000000010658 ) ) ;
#537 = CARTESIAN_POINT ( 'NONE',  ( 0.000000000000000000, 1.500000000000000666, -3.437500000000021316 ) ) ;
#538 = DIRECTION ( 'NONE',  ( 0.000000000000000000, 0.000000000000000000, -1.000000000000000000 ) ) ;
#539 = CARTESIAN_POINT ( 'NONE',  ( 1.017788105676648902, -0.5876202367904087565, -3.854166666666679397 ) ) ;
#540 = ADVANCED_FACE ( 'NONE', ( #3717 ), #588, .T. ) ;
#541 = DIRECTION ( 'NONE',  ( -0.000000000000000000, -0.000000000000000000, 1.000000000000000000 ) ) ;
#542 = CARTESIAN_POINT ( 'NONE',  ( -1.322475605676645349, -0.7635316469341199008, -3.786458333333347248 ) ) ;
#543 = CARTESIAN_POINT ( 'NONE',  ( 1.017788105676653343, 0.5876202367904090895, -4.833333333333343695 ) ) ;
#544 = CARTESIAN_POINT ( 'NONE',  ( -0.8816504037844309360, -1.527063293868244909, 5.223958333333300175 ) ) ;
#545 = FACE_OUTER_BOUND ( 'NONE', #4188, .T. ) ;
#546 = CARTESIAN_POINT ( 'NONE',  ( 0.000000000000000000, -9.067116327485578019E-15, 12.24264068711923237 ) ) ;
#547 = CARTESIAN_POINT ( 'NONE',  ( 1.299038105676654675, 0.7500000000000013323, 0.4166666666666506424 ) ) ;
#548 = VERTEX_POINT ( 'NONE', #4396 ) ;
#549 = ORIENTED_EDGE ( 'NONE', *, *, #5381, .T. ) ;
#550 = FACE_OUTER_BOUND ( 'NONE', #5896, .T. ) ;
#551 = CARTESIAN_POINT ( 'NONE',  ( 0.000000000000000000, -9.067116327485578019E-15, 7.749999999999998224 ) ) ;
#552 = CARTESIAN_POINT ( 'NONE',  ( 1.017788105676648902, -0.5876202367904087565, 6.083333333333298398 ) ) ;
#553 = CARTESIAN_POINT ( 'NONE',  ( 1.299038105676654009, -0.7499999999999942268, -5.166666666666671404 ) ) ;
#554 = CARTESIAN_POINT ( 'NONE',  ( -0.07813100402512603015, 1.109591582173288016, 9.604891043794038907 ) ) ;
#555 = CARTESIAN_POINT ( 'NONE',  ( -0.8816504037844309360, -1.527063293868244909, -2.276041666666682506 ) ) ;
#556 = ORIENTED_EDGE ( 'NONE', *, *, #8046, .T. ) ;
#557 = CARTESIAN_POINT ( 'NONE',  ( 1.299038105676654009, -0.7499999999999942268, 1.833333333333313941 ) ) ;
#558 = VERTEX_POINT ( 'NONE', #7062 ) ;
#559 = ORIENTED_EDGE ( 'NONE', *, *, #4556, .F. ) ;
#560 = CARTESIAN_POINT ( 'NONE',  ( -1.175240473580825062, 4.561024215828087939E-15, -7.625000000000006217 ) ) ;
#561 = CARTESIAN_POINT ( 'NONE',  ( -3.685509911084966693E-14, -1.175240473580820844, 5.062499999999968026 ) ) ;
#562 = CARTESIAN_POINT ( 'NONE',  ( -1.357050807568865203, 4.458126344604650913E-15, -2.125000000000016431 ) ) ;
#563 = CARTESIAN_POINT ( 'NONE',  ( -1.500000000000001776, 0.4019237886466784371, 7.165170900630697837 ) ) ;
#564 = CARTESIAN_POINT ( 'NONE',  ( -1.842682210432835153E-14, -1.175240473580820844, 1.999999999999974021 ) ) ;
#565 =( BOUNDED_CURVE ( )  B_SPLINE_CURVE ( 2, ( #217, #4110, #3431, #8111, #2794, #2288, #6097, #7288, #1532 ),
 .UNSPECIFIED., .F., .T. ) 
 B_SPLINE_CURVE_WITH_KNOTS ( ( 3, 2, 2, 2, 3 ),
 ( 0.2500000000000000000, 0.2522522522522522292, 0.2567567567567567988, 0.2612612612612612573, 0.2635135135135134865 ),
 .UNSPECIFIED. ) 
 CURVE ( )  GEOMETRIC_REPRESENTATION_ITEM ( )  RATIONAL_B_SPLINE_CURVE ( ( 0.9330127018922194093, 0.9330127018922194093, 1.000000000000000000, 0.8660254037844388186, 1.000000000000000000, 0.8660254037844388186, 1.000000000000000000, 0.9330127018922194093, 0.9330127018922194093 ) ) 
 REPRESENTATION_ITEM ( '' )  );
#566 = CARTESIAN_POINT ( 'NONE',  ( -1.175240473580823064, 0.3149047358083661985, 0.9151709006307162664 ) ) ;
#567 = CARTESIAN_POINT ( 'NONE',  ( -1.836970198721025250E-16, -1.499999999999991784, 6.312499999999957367 ) ) ;
#568 = CARTESIAN_POINT ( 'NONE',  ( 1.499999999999982014, -8.883419307613476875E-15, 12.24264068711923237 ) ) ;
#569 = ORIENTED_EDGE ( 'NONE', *, *, #6319, .T. ) ;
#570 = EDGE_LOOP ( 'NONE', ( #2614, #3009, #487, #4239 ) ) ;
#571 = DIRECTION ( 'NONE',  ( 1.000000000000000000, 0.000000000000000000, 0.000000000000000000 ) ) ;
#572 = CARTESIAN_POINT ( 'NONE',  ( 1.499999999999990008, -0.4019237886466882625, -2.147329099369271521 ) ) ;
#573 = CARTESIAN_POINT ( 'NONE',  ( 1.175240473580824174, 5.810221930991194676E-16, 6.187499999999966249 ) ) ;
#574 = DIRECTION ( 'NONE',  ( -1.000000000000000000, 0.000000000000000000, 0.000000000000000000 ) ) ;
#575 = CARTESIAN_POINT ( 'NONE',  ( 0.6785254037844331565, 1.175240473580829059, -4.229166666666679397 ) ) ;
#576 = AXIS2_PLACEMENT_3D ( 'NONE', #2497, #5087, #3687 ) ;
#577 = EDGE_CURVE ( 'NONE', #7809, #2741, #5425, .T. ) ;
#578 = CARTESIAN_POINT ( 'NONE',  ( -1.017788105676642019, 0.5876202367904289625, -1.104166666666685614 ) ) ;
#579 = CARTESIAN_POINT ( 'NONE',  ( -1.017788105676647570, 0.5876202367904190815, -6.166666666666674068 ) ) ;
#580 = CARTESIAN_POINT ( 'NONE',  ( 1.763300807568860318, 4.051117844727701623E-15, -2.078125000000017319 ) ) ;
#581 = CARTESIAN_POINT ( 'NONE',  ( -1.175240473580828615, -4.241462009623571877E-15, 5.374999999999968914 ) ) ;
#582 = EDGE_CURVE ( 'NONE', #1940, #4104, #1268, .T. ) ;
#583 = CARTESIAN_POINT ( 'NONE',  ( -0.8816504037844309360, -1.527063293868244909, 7.723958333333296622 ) ) ;
#584 = CARTESIAN_POINT ( 'NONE',  ( -1.175240473580823952, 1.728541024469880041E-14, 4.374999999999968026 ) ) ;
#585 = FACE_OUTER_BOUND ( 'NONE', #2606, .T. ) ;
#586 = EDGE_LOOP ( 'NONE', ( #412, #2282, #7639, #8237 ) ) ;
#587 = ORIENTED_EDGE ( 'NONE', *, *, #7135, .F. ) ;
#588 = CYLINDRICAL_SURFACE ( 'NONE', #8300, 1.499999999999982014 ) ;
#589 = CARTESIAN_POINT ( 'NONE',  ( -1.175240473580824174, -1.423504373092842538E-15, -2.062500000000015543 ) ) ;
#590 = CARTESIAN_POINT ( 'NONE',  ( 1.017788105676648902, -0.5876202367904087565, 8.083333333333293069 ) ) ;
#591 = FACE_OUTER_BOUND ( 'NONE', #2454, .T. ) ;
#592 = CARTESIAN_POINT ( 'NONE',  ( 1.322475605676646015, 0.7635316469341278944, 9.963541666666621666 ) ) ;
#593 = CARTESIAN_POINT ( 'NONE',  ( 0.000000000000000000, 1.500000000000000222, -0.5000000000000139888 ) ) ;
#594 = AXIS2_PLACEMENT_3D ( 'NONE', #5933, #3301, #4535 ) ;
#595 = CARTESIAN_POINT ( 'NONE',  ( -0.8816504037844302699, 1.527063293868253790, 0.05729166666664647911 ) ) ;
#596 = ORIENTED_EDGE ( 'NONE', *, *, #3874, .F. ) ;
#597 = CYLINDRICAL_SURFACE ( 'NONE', #8073, 1.499999999999982014 ) ;
#598 = ORIENTED_EDGE ( 'NONE', *, *, #5338, .F. ) ;
#599 = FACE_OUTER_BOUND ( 'NONE', #7387, .T. ) ;
#600 = CARTESIAN_POINT ( 'NONE',  ( 0.8660254037844371533, 1.500000000000000222, 4.520833333333295734 ) ) ;
#601 = CARTESIAN_POINT ( 'NONE',  ( 1.017788105676648902, -0.5876202367904087565, 0.08333333333331201243 ) ) ;
#602 = CARTESIAN_POINT ( 'NONE',  ( 0.6785254037844200559, -1.175240473580828393, -1.958333333333351023 ) ) ;
#603 = LINE ( 'NONE', #2502, #7398 ) ;
#604 = DIRECTION ( 'NONE',  ( -0.000000000000000000, -0.000000000000000000, 1.000000000000000000 ) ) ;
#605 = CARTESIAN_POINT ( 'NONE',  ( -0.6785254037844434816, -1.175240473580814182, -2.541666666666682506 ) ) ;
#606 = CARTESIAN_POINT ( 'NONE',  ( -1.175240473580825284, 7.378981852358816687E-15, -3.562500000000013323 ) ) ;
#607 = ORIENTED_EDGE ( 'NONE', *, *, #3942, .F. ) ;
#608 = ORIENTED_EDGE ( 'NONE', *, *, #5594, .F. ) ;
#609 = CARTESIAN_POINT ( 'NONE',  ( 1.499999999999996447, -6.042630808230842937E-15, -6.062500000000015987 ) ) ;
#610 = CARTESIAN_POINT ( 'NONE',  ( -1.175240473580826395, 1.173664830060221467E-14, -0.6250000000000199840 ) ) ;
#611 = CARTESIAN_POINT ( 'NONE',  ( -0.8660254037844362651, 1.500000000000000666, -3.395833333333353465 ) ) ;
#612 = CARTESIAN_POINT ( 'NONE',  ( -0.6785254037844429265, -1.175240473580814404, -3.541666666666680285 ) ) ;
#613 = CARTESIAN_POINT ( 'NONE',  ( -1.357050807568865203, 4.458126344604650913E-15, -4.062500000000012434 ) ) ;
#614 = CARTESIAN_POINT ( 'NONE',  ( 1.175240473580825062, 4.375030948216173530E-15, -8.000000000000000000 ) ) ;
#615 = CARTESIAN_POINT ( 'NONE',  ( 0.6785254037844331565, 1.175240473580829059, -6.791666666666673180 ) ) ;
#616 = AXIS2_PLACEMENT_3D ( 'NONE', #3540, #453, #4219 ) ;
#617 = CARTESIAN_POINT ( 'NONE',  ( -0.8816504037844307140, -1.527063293868244465, -2.244791666666683838 ) ) ;
#618 = EDGE_CURVE ( 'NONE', #6531, #5546, #3818, .T. ) ;
#619 = CARTESIAN_POINT ( 'NONE',  ( -1.175240473580825062, 4.561024215828087939E-15, -7.562500000000006217 ) ) ;
#620 = EDGE_CURVE ( 'NONE', #5468, #184, #4116, .T. ) ;
#621 = CARTESIAN_POINT ( 'NONE',  ( 0.000000000000000000, 1.527063293868253790, 7.515624999999963585 ) ) ;
#622 = VECTOR ( 'NONE', #8092, 1000.000000000000000 ) ;
#623 = CARTESIAN_POINT ( 'NONE',  ( 0.6785254037844274944, -1.175240473580823508, -0.3958333333333539095 ) ) ;
#624 = CARTESIAN_POINT ( 'NONE',  ( 0.8660254037844357100, -1.499999999999991562, 6.791666666666635876 ) ) ;
#625 = CARTESIAN_POINT ( 'NONE',  ( 0.000000000000000000, 4.375030948216173530E-15, -8.000000000000000000 ) ) ;
#626 = EDGE_CURVE ( 'NONE', #6683, #3188, #6063, .T. ) ;
#627 = ORIENTED_EDGE ( 'NONE', *, *, #3746, .T. ) ;
#628 = ORIENTED_EDGE ( 'NONE', *, *, #7508, .T. ) ;
#629 = CARTESIAN_POINT ( 'NONE',  ( -1.299038105676654453, -0.7499999999999933387, 2.666666666666645646 ) ) ;
#630 = DIRECTION ( 'NONE',  ( 1.000000000000000000, 6.860497997771531562E-15, 5.166689880112931531E-30 ) ) ;
#631 = CARTESIAN_POINT ( 'NONE',  ( 1.017788105676649346, 0.5876202367904160839, 8.666666666666628771 ) ) ;
#632 = AXIS2_PLACEMENT_3D ( 'NONE', #2299, #6747, #4924 ) ;
#633 = CARTESIAN_POINT ( 'NONE',  ( 1.175240473580825284, 3.428030939284804149E-15, -6.875000000000006217 ) ) ;
#634 = CARTESIAN_POINT ( 'NONE',  ( -1.175240473580825284, 5.403506395821810812E-15, -6.562500000000007105 ) ) ;
#635 =( BOUNDED_CURVE ( )  B_SPLINE_CURVE ( 2, ( #4630, #57, #821, #5262, #864, #7211, #144, #2718, #5305 ),
 .UNSPECIFIED., .F., .F. ) 
 B_SPLINE_CURVE_WITH_KNOTS ( ( 3, 2, 2, 2, 3 ),
 ( 0.2635135135135134865, 0.2657657657657657158, 0.2702702702702702853, 0.2747747747747747438, 0.2770270270270270840 ),
 .UNSPECIFIED. ) 
 CURVE ( )  GEOMETRIC_REPRESENTATION_ITEM ( )  RATIONAL_B_SPLINE_CURVE ( ( 0.9330127018922194093, 0.9330127018922194093, 1.000000000000000000, 0.8660254037844388186, 1.000000000000000000, 0.8660254037844388186, 1.000000000000000000, 0.9330127018922177440, 0.9330127018922194093 ) ) 
 REPRESENTATION_ITEM ( '' )  );
#636 = CARTESIAN_POINT ( 'NONE',  ( -1.499999999999990452, -0.4019237886466874854, -1.352670900630751349 ) ) ;
#637 = CARTESIAN_POINT ( 'NONE',  ( 0.8816504037844299368, -1.527063293868245353, 0.3072916666666449803 ) ) ;
#638 = ORIENTED_EDGE ( 'NONE', *, *, #8207, .T. ) ;
#639 = AXIS2_PLACEMENT_3D ( 'NONE', #4208, #1119, #6789 ) ;
#640 = CARTESIAN_POINT ( 'NONE',  ( 1.017788105676649790, 0.5876202367904153068, -2.770833333333349024 ) ) ;
#641 = EDGE_CURVE ( 'NONE', #4251, #1570, #3421, .T. ) ;
#642 = VERTEX_POINT ( 'NONE', #5516 ) ;
#643 = CARTESIAN_POINT ( 'NONE',  ( 1.017788105676653787, 0.5876202367904086454, -3.770833333333346360 ) ) ;
#644 = CARTESIAN_POINT ( 'NONE',  ( -1.175240473580826617, 0.3149047358083668646, 7.352670900630703166 ) ) ;
#645 = CARTESIAN_POINT ( 'NONE',  ( -0.6785254037844324904, 1.175240473580829281, 0.2916666666666449803 ) ) ;
#646 = CARTESIAN_POINT ( 'NONE',  ( -1.499999999999996447, -1.519373034954197633E-14, 7.187499999999959144 ) ) ;
#647 = DIRECTION ( 'NONE',  ( 1.000000000000000000, 0.000000000000000000, 0.000000000000000000 ) ) ;
#648 = CARTESIAN_POINT ( 'NONE',  ( -0.8816504037844307140, -1.527063293868244465, 6.255208333333298398 ) ) ;
#649 = AXIS2_PLACEMENT_3D ( 'NONE', #3088, #4485, #3172 ) ;
#650 = CARTESIAN_POINT ( 'NONE',  ( 1.175240473580825284, 5.519710834441635337E-15, -3.875000000000012879 ) ) ;
#651 = CARTESIAN_POINT ( 'NONE',  ( -1.017788105676642241, 0.5876202367904284074, -2.166666666666683838 ) ) ;
#652 = CARTESIAN_POINT ( 'NONE',  ( -1.017788105676642019, 0.5876202367904289625, -1.166666666666685614 ) ) ;
#653 = VERTEX_POINT ( 'NONE', #5469 ) ;
#654 = ORIENTED_EDGE ( 'NONE', *, *, #3253, .F. ) ;
#655 = CARTESIAN_POINT ( 'NONE',  ( -1.499999999999996447, -5.258250847547031931E-15, -5.812500000000015099 ) ) ;
#656 = CARTESIAN_POINT ( 'NONE',  ( 1.299038105676654009, -0.7499999999999942268, 6.333333333333304616 ) ) ;
#657 = CARTESIAN_POINT ( 'NONE',  ( 1.301882938682594970, -9.932574391029448723E-14, 7.551882938682609847 ) ) ;
#658 = DIRECTION ( 'NONE',  ( -0.000000000000000000, -0.000000000000000000, 1.000000000000000000 ) ) ;
#659 = CARTESIAN_POINT ( 'NONE',  ( 0.6785254037844321573, -1.175240473580821066, -2.395833333333349913 ) ) ;
#660 = LINE ( 'NONE', #7905, #7105 ) ;
#661 = CARTESIAN_POINT ( 'NONE',  ( 1.017788105676650678, 0.5876202367904135304, -6.333333333333341919 ) ) ;
#662 = CARTESIAN_POINT ( 'NONE',  ( 1.763300807568860318, 4.051117844727701623E-15, -1.078125000000019984 ) ) ;
#663 = CARTESIAN_POINT ( 'NONE',  ( -1.175240473580823952, -6.478397453055181157E-15, 1.374999999999977796 ) ) ;
#664 = CARTESIAN_POINT ( 'NONE',  ( -0.8816504037844302699, 1.527063293868253790, 7.557291666666628771 ) ) ;
#665 = CARTESIAN_POINT ( 'NONE',  ( 0.6785254037844417052, 1.175240473580823952, 1.770833333333308390 ) ) ;
#666 = FACE_OUTER_BOUND ( 'NONE', #7897, .T. ) ;
#667 = EDGE_CURVE ( 'NONE', #4294, #2539, #1496, .T. ) ;
#668 = DIRECTION ( 'NONE',  ( -1.000000000000000000, 0.000000000000000000, 0.000000000000000000 ) ) ;
#669 = VERTEX_POINT ( 'NONE', #271 ) ;
#670 = VERTEX_POINT ( 'NONE', #1583 ) ;
#671 = CARTESIAN_POINT ( 'NONE',  ( 1.175240473580823952, 8.628179567521922635E-15, 6.687499999999966249 ) ) ;
#672 = CARTESIAN_POINT ( 'NONE',  ( 0.6785254037844331565, 1.175240473580829059, 7.708333333333295734 ) ) ;
#673 = CARTESIAN_POINT ( 'NONE',  ( 1.299038105676654009, -0.7499999999999942268, -7.166666666666666963 ) ) ;
#674 = CARTESIAN_POINT ( 'NONE',  ( 1.175240473580825284, 3.428030939284804149E-15, -6.812500000000007105 ) ) ;
#675 = CARTESIAN_POINT ( 'NONE',  ( -0.6785254037844334896, -1.175240473580820177, -5.541666666666676733 ) ) ;
#676 = CARTESIAN_POINT ( 'NONE',  ( -0.8816504037844302699, 1.527063293868253790, -1.442708333333351245 ) ) ;
#677 = ADVANCED_FACE ( 'NONE', ( #6745 ), #5386, .T. ) ;
#678 = VERTEX_POINT ( 'NONE', #8117 ) ;
#679 = CARTESIAN_POINT ( 'NONE',  ( 0.000000000000000000, 1.175240473580829503, 3.812499999999970246 ) ) ;
#680 = EDGE_CURVE ( 'NONE', #5329, #1634, #5477, .T. ) ;
#681 = CARTESIAN_POINT ( 'NONE',  ( -1.175240473580825062, 4.518956396636091433E-15, -8.000000000000000000 ) ) ;
#682 = ORIENTED_EDGE ( 'NONE', *, *, #6476, .T. ) ;
#683 =( BOUNDED_CURVE ( )  B_SPLINE_CURVE ( 2, ( #8346, #5152, #7613, #624, #6375, #8308, #1140, #2523, #505 ),
 .UNSPECIFIED., .F., .T. ) 
 B_SPLINE_CURVE_WITH_KNOTS ( ( 3, 2, 2, 2, 3 ),
 ( 0.1959459459459459429, 0.1981981981981981722, 0.2027027027027027417, 0.2072072072072072002, 0.2094594594594594295 ),
 .UNSPECIFIED. ) 
 CURVE ( )  GEOMETRIC_REPRESENTATION_ITEM ( )  RATIONAL_B_SPLINE_CURVE ( ( 0.9330127018922194093, 0.9330127018922194093, 1.000000000000000000, 0.8660254037844388186, 1.000000000000000000, 0.8660254037844388186, 1.000000000000000000, 0.9330127018922194093, 0.9330127018922194093 ) ) 
 REPRESENTATION_ITEM ( '' )  );
#684 = CARTESIAN_POINT ( 'NONE',  ( 0.6785254037844382635, 1.175240473580825729, -4.291666666666678509 ) ) ;
#685 = CARTESIAN_POINT ( 'NONE',  ( 1.499999999999996447, 3.776644255144276145E-15, 5.437499999999960920 ) ) ;
#686 = CARTESIAN_POINT ( 'NONE',  ( 0.000000000000000000, 1.175240473580829503, -0.2500000000000210387 ) ) ;
#687 = LINE ( 'NONE', #3852, #3430 ) ;
#688 = CARTESIAN_POINT ( 'NONE',  ( 1.017788105676651789, 0.5876202367904118651, 4.229166666666635876 ) ) ;
#689 = CARTESIAN_POINT ( 'NONE',  ( -1.763300807568860318, 4.483001982712331095E-15, 4.671874999999968026 ) ) ;
#690 = LINE ( 'NONE', #774, #6328 ) ;
#691 = CARTESIAN_POINT ( 'NONE',  ( -1.500000000000000888, 0.4019237886466782705, 4.102670900630715600 ) ) ;
#692 = EDGE_CURVE ( 'NONE', #7555, #878, #3478, .T. ) ;
#693 = DIRECTION ( 'NONE',  ( -1.000000000000000000, 0.000000000000000000, 0.000000000000000000 ) ) ;
#694 = EDGE_CURVE ( 'NONE', #5259, #6173, #2827, .T. ) ;
#695 = ORIENTED_EDGE ( 'NONE', *, *, #1504, .T. ) ;
#696 = ORIENTED_EDGE ( 'NONE', *, *, #210, .T. ) ;
#697 = CARTESIAN_POINT ( 'NONE',  ( 1.175240473580824174, 1.249197715163106737E-15, 7.124999999999964473 ) ) ;
#698 = CARTESIAN_POINT ( 'NONE',  ( -0.6785254037844147268, 1.175240473580839717, -0.1458333333333536874 ) ) ;
#699 = DIRECTION ( 'NONE',  ( -0.000000000000000000, -0.000000000000000000, 1.000000000000000000 ) ) ;
#700 = CARTESIAN_POINT ( 'NONE',  ( -1.499999999999991340, -0.4019237886466876519, 1.709829099369228667 ) ) ;
#701 =( BOUNDED_CURVE ( )  B_SPLINE_CURVE ( 2, ( #3023, #1763, #4338, #6756, #955, #2307, #4891, #3145, #573 ),
 .UNSPECIFIED., .F., .F. ) 
 B_SPLINE_CURVE_WITH_KNOTS ( ( 3, 2, 2, 2, 3 ),
 ( 0.7635135135135135975, 0.7657657657657657158, 0.7702702702702702853, 0.7747747747747747438, 0.7770270270270270840 ),
 .UNSPECIFIED. ) 
 CURVE ( )  GEOMETRIC_REPRESENTATION_ITEM ( )  RATIONAL_B_SPLINE_CURVE ( ( 0.9330127018922194093, 0.9330127018922226290, 1.000000000000000000, 0.8660254037844387076, 1.000000000000000000, 0.8660254037844387076, 1.000000000000000000, 0.9330127018922176330, 0.9330127018922192983 ) ) 
 REPRESENTATION_ITEM ( '' )  );
#702 = CARTESIAN_POINT ( 'NONE',  ( -1.357050807568865203, 4.458126344604650913E-15, -3.562500000000013323 ) ) ;
#703 = CARTESIAN_POINT ( 'NONE',  ( 0.000000000000000000, -2.850000000000011635, 9.649999999999998579 ) ) ;
#704 = CARTESIAN_POINT ( 'NONE',  ( 1.017788105676649346, 0.5876202367904160839, -5.333333333333343695 ) ) ;
#705 = CARTESIAN_POINT ( 'NONE',  ( -1.322475605676645349, -0.7635316469341199008, -2.786458333333349024 ) ) ;
#706 = CARTESIAN_POINT ( 'NONE',  ( 0.8660254037844371533, 1.500000000000000222, -2.479166666666689611 ) ) ;
#707 = CARTESIAN_POINT ( 'NONE',  ( -1.499999999999996225, 4.561024215828087150E-15, 1.187499999999969136 ) ) ;
#708 = AXIS2_PLACEMENT_3D ( 'NONE', #2458, #477, #6390 ) ;
#709 = CARTESIAN_POINT ( 'NONE',  ( -1.322475605676645571, 0.7635316469341293377, 8.598958333333293069 ) ) ;
#710 = DIRECTION ( 'NONE',  ( -0.000000000000000000, -0.000000000000000000, 1.000000000000000000 ) ) ;
#711 = CARTESIAN_POINT ( 'NONE',  ( 1.499999999999996447, -6.042630808230842937E-15, -5.562500000000017764 ) ) ;
#712 = DIRECTION ( 'NONE',  ( 0.000000000000000000, 0.000000000000000000, -1.000000000000000000 ) ) ;
#713 = ORIENTED_EDGE ( 'NONE', *, *, #1094, .T. ) ;
#714 = ORIENTED_EDGE ( 'NONE', *, *, #7616, .F. ) ;
#715 = CARTESIAN_POINT ( 'NONE',  ( -1.357050807568865203, 4.458126344604650913E-15, 7.874999999999962697 ) ) ;
#716 = CARTESIAN_POINT ( 'NONE',  ( 1.499999999999990008, -0.4019237886466882625, -7.147329099369259531 ) ) ;
#717 = CARTESIAN_POINT ( 'NONE',  ( -1.175240473580825062, 4.518956396636091433E-15, -8.000000000000000000 ) ) ;
#718 = CARTESIAN_POINT ( 'NONE',  ( -1.499999999999995559, -1.519373034954197317E-14, 3.124999999999979572 ) ) ;
#719 = CARTESIAN_POINT ( 'NONE',  ( 1.322475605676645349, -0.7635316469341211221, -0.1510416666666864471 ) ) ;
#720 = ORIENTED_EDGE ( 'NONE', *, *, #1143, .T. ) ;
#721 = CIRCLE ( 'NONE', #4371, 1.499999999999982014 ) ;
#722 = CARTESIAN_POINT ( 'NONE',  ( 0.6785254037844331565, 1.175240473580829059, 5.770833333333299286 ) ) ;
#723 = CARTESIAN_POINT ( 'NONE',  ( 1.499999999999995781, -0.4019237886466791032, 1.852670900630720707 ) ) ;
#724 = ORIENTED_EDGE ( 'NONE', *, *, #3118, .F. ) ;
#725 = DIRECTION ( 'NONE',  ( -0.000000000000000000, -0.000000000000000000, 1.000000000000000000 ) ) ;
#726 = CARTESIAN_POINT ( 'NONE',  ( -1.499999999999996225, 4.561024215828087150E-15, 5.187499999999960032 ) ) ;
#727 = CARTESIAN_POINT ( 'NONE',  ( 1.357050807568865203, 4.125744759050742171E-15, 1.124999999999976685 ) ) ;
#728 = AXIS2_PLACEMENT_3D ( 'NONE', #1846, #1254, #7601 ) ;
#729 = CYLINDRICAL_SURFACE ( 'NONE', #4921, 1.175240473580825062 ) ;
#730 = CARTESIAN_POINT ( 'NONE',  ( -1.499999999999995559, -1.519373034954197317E-14, -2.875000000000007105 ) ) ;
#731 = CARTESIAN_POINT ( 'NONE',  ( -1.322475605676645127, 0.7635316469341291157, 6.130208333333298398 ) ) ;
#732 = LINE ( 'NONE', #3900, #1209 ) ;
#733 = CARTESIAN_POINT ( 'NONE',  ( 1.499999999999996225, -0.4019237886466792142, 6.415170900630697837 ) ) ;
#734 = ADVANCED_FACE ( 'NONE', ( #1803 ), #4380, .T. ) ;
#735 = CARTESIAN_POINT ( 'NONE',  ( 1.175240473580825284, 4.357666448243396402E-15, -7.875000000000005329 ) ) ;
#736 = ADVANCED_FACE ( 'NONE', ( #2552 ), #2469, .T. ) ;
#737 = EDGE_LOOP ( 'NONE', ( #6135, #2062, #1648, #1881 ) ) ;
#738 =( BOUNDED_CURVE ( )  B_SPLINE_CURVE ( 2, ( #7594, #4331, #7001, #1205, #5646, #5602, #5727, #6918, #1164 ),
 .UNSPECIFIED., .F., .T. ) 
 B_SPLINE_CURVE_WITH_KNOTS ( ( 3, 2, 2, 2, 3 ),
 ( 0.7094594594594595405, 0.7117117117117116587, 0.7162162162162162282, 0.7207207207207206867, 0.7229729729729730270 ),
 .UNSPECIFIED. ) 
 CURVE ( )  GEOMETRIC_REPRESENTATION_ITEM ( )  RATIONAL_B_SPLINE_CURVE ( ( 0.9330127018922194093, 0.9330127018922226290, 1.000000000000000000, 0.8660254037844387076, 1.000000000000000000, 0.8660254037844387076, 1.000000000000000000, 0.9330127018922176330, 0.9330127018922192983 ) ) 
 REPRESENTATION_ITEM ( '' )  );
#739 = ADVANCED_FACE ( 'NONE', ( #1126 ), #994, .F. ) ;
#740 = ORIENTED_EDGE ( 'NONE', *, *, #4499, .F. ) ;
#741 = CARTESIAN_POINT ( 'NONE',  ( 1.175240473580823952, 9.151099541311131024E-15, 3.687499999999972911 ) ) ;
#742 = CARTESIAN_POINT ( 'NONE',  ( -1.836970198721024757E-16, -1.499999999999991562, -2.250000000000010658 ) ) ;
#743 = DIRECTION ( 'NONE',  ( -0.000000000000000000, 0.000000000000000000, 1.000000000000000000 ) ) ;
#744 = CARTESIAN_POINT ( 'NONE',  ( 0.6785254037844203889, -1.175240473580827727, -2.895833333333348136 ) ) ;
#745 = CARTESIAN_POINT ( 'NONE',  ( -1.017788105676648902, -0.5876202367904079793, -0.5208333333333540205 ) ) ;
#746 = CARTESIAN_POINT ( 'NONE',  ( -1.499999999999996447, -5.258250847547031931E-15, -0.3125000000000271450 ) ) ;
#747 = CARTESIAN_POINT ( 'NONE',  ( -0.6785254037844329345, -1.175240473580820622, -6.041666666666675845 ) ) ;
#748 = EDGE_CURVE ( 'NONE', #7499, #2653, #6238, .T. ) ;
#749 = CARTESIAN_POINT ( 'NONE',  ( -1.499999999999995781, 0.4019237886466874854, -2.897329099369268857 ) ) ;
#750 = CARTESIAN_POINT ( 'NONE',  ( 0.8816504037844296038, -1.527063293868245131, 1.338541666666642316 ) ) ;
#751 = CARTESIAN_POINT ( 'NONE',  ( -1.175240473580826173, 0.3149047358083758019, 6.415170900630705830 ) ) ;
#752 = DIRECTION ( 'NONE',  ( 6.982962677686266711E-15, -1.000000000000000000, -8.203496159857512970E-16 ) ) ;
#753 = CARTESIAN_POINT ( 'NONE',  ( 0.8816504037844311581, 1.527063293868253568, 8.973958333333293069 ) ) ;
#754 = CARTESIAN_POINT ( 'NONE',  ( -1.413372079200960307, 0.3601075436573009658, 7.697257442129248339 ) ) ;
#755 = VECTOR ( 'NONE', #2157, 1000.000000000000000 ) ;
#756 = CARTESIAN_POINT ( 'NONE',  ( -0.8660254037844362651, 1.500000000000000666, 0.1041666666666386798 ) ) ;
#757 = ORIENTED_EDGE ( 'NONE', *, *, #7039, .T. ) ;
#758 = ORIENTED_EDGE ( 'NONE', *, *, #56, .F. ) ;
#759 = CARTESIAN_POINT ( 'NONE',  ( 0.6785254037844321573, -1.175240473580821066, 7.541666666666630547 ) ) ;
#760 = CARTESIAN_POINT ( 'NONE',  ( -0.6785254037844550279, -1.175240473580807743, 3.020833333333305948 ) ) ;
#761 = AXIS2_PLACEMENT_3D ( 'NONE', #6384, #3171, #2328 ) ;
#762 = CARTESIAN_POINT ( 'NONE',  ( 1.322475605676645349, -0.7635316469341211221, -0.6510416666666860586 ) ) ;
#763 = ORIENTED_EDGE ( 'NONE', *, *, #5798, .T. ) ;
#764 = CARTESIAN_POINT ( 'NONE',  ( -0.6785254037844324904, 1.175240473580829281, 5.354166666666634100 ) ) ;
#765 = DIRECTION ( 'NONE',  ( -0.000000000000000000, -0.000000000000000000, 1.000000000000000000 ) ) ;
#766 = ORIENTED_EDGE ( 'NONE', *, *, #7047, .T. ) ;
#767 = ORIENTED_EDGE ( 'NONE', *, *, #6373, .F. ) ;
#768 = CARTESIAN_POINT ( 'NONE',  ( -0.8660254037844358210, 1.499999999999999778, -5.458333333333335702 ) ) ;
#769 = CARTESIAN_POINT ( 'NONE',  ( -1.836970198721025250E-16, -1.499999999999991784, 5.312499999999960920 ) ) ;
#770 = CARTESIAN_POINT ( 'NONE',  ( 0.6785254037844321573, -1.175240473580821066, 1.541666666666642538 ) ) ;
#771 = DIRECTION ( 'NONE',  ( 1.000000000000000000, 0.000000000000000000, 0.000000000000000000 ) ) ;
#772 = LINE ( 'NONE', #1405, #6722 ) ;
#773 = CARTESIAN_POINT ( 'NONE',  ( -1.322475605676645349, -0.7635316469341199008, 7.213541666666630547 ) ) ;
#774 = CARTESIAN_POINT ( 'NONE',  ( 1.175240473580825062, 4.375030948216173530E-15, -8.000000000000000000 ) ) ;
#775 = FACE_OUTER_BOUND ( 'NONE', #8062, .T. ) ;
#776 = CARTESIAN_POINT ( 'NONE',  ( -1.322475605676645571, 0.7635316469341293377, -7.401041666666671404 ) ) ;
#777 = ORIENTED_EDGE ( 'NONE', *, *, #5737, .T. ) ;
#778 = AXIS2_PLACEMENT_3D ( 'NONE', #3863, #5183, #6451 ) ;
#779 = EDGE_CURVE ( 'NONE', #6186, #4626, #6021, .T. ) ;
#780 = EDGE_CURVE ( 'NONE', #2653, #6418, #4887, .T. ) ;
#781 = ORIENTED_EDGE ( 'NONE', *, *, #6952, .T. ) ;
#782 = DIRECTION ( 'NONE',  ( 1.000000000000000000, 0.000000000000000000, 0.000000000000000000 ) ) ;
#783 = CARTESIAN_POINT ( 'NONE',  ( -1.500000000000001776, 0.4019237886466784371, 1.665170900630708717 ) ) ;
#784 = CARTESIAN_POINT ( 'NONE',  ( -1.836970198721024757E-16, -1.499999999999991562, 7.749999999999967137 ) ) ;
#785 = DIRECTION ( 'NONE',  ( 0.000000000000000000, 0.000000000000000000, -1.000000000000000000 ) ) ;
#786 = CARTESIAN_POINT ( 'NONE',  ( -0.6785254037844329345, -1.175240473580820622, -1.479166666666684948 ) ) ;
#787 =( BOUNDED_CURVE ( )  B_SPLINE_CURVE ( 2, ( #58, #18, #5900, #100, #5344, #3993, #5263, #7858, #2049 ),
 .UNSPECIFIED., .F., .T. ) 
 B_SPLINE_CURVE_WITH_KNOTS ( ( 3, 2, 2, 2, 3 ),
 ( 0.7500000000000000000, 0.7522522522522522292, 0.7567567567567567988, 0.7612612612612612573, 0.7635135135135135975 ),
 .UNSPECIFIED. ) 
 CURVE ( )  GEOMETRIC_REPRESENTATION_ITEM ( )  RATIONAL_B_SPLINE_CURVE ( ( 0.9330127018922194093, 0.9330127018922194093, 1.000000000000000000, 0.8660254037844388186, 1.000000000000000000, 0.8660254037844388186, 1.000000000000000000, 0.9330127018922160786, 0.9330127018922194093 ) ) 
 REPRESENTATION_ITEM ( '' )  );
#788 = CARTESIAN_POINT ( 'NONE',  ( 1.175240473580826617, 8.570077348212010767E-15, 1.187499999999977351 ) ) ;
#789 = EDGE_CURVE ( 'NONE', #2007, #6963, #1883, .T. ) ;
#790 = CARTESIAN_POINT ( 'NONE',  ( 1.017788105676648902, -0.5876202367904087565, -5.416666666666676733 ) ) ;
#791 = CARTESIAN_POINT ( 'NONE',  ( -1.175240473580823952, 1.612336585850056306E-14, 2.374999999999972911 ) ) ;
#792 = CARTESIAN_POINT ( 'NONE',  ( 0.8816504037844310471, 1.527063293868253124, 0.5052083333333107218 ) ) ;
#793 = DIRECTION ( 'NONE',  ( 0.000000000000000000, 0.000000000000000000, -1.000000000000000000 ) ) ;
#794 = CARTESIAN_POINT ( 'NONE',  ( -1.017788105676648680, 0.5876202367904174162, -7.604166666666671404 ) ) ;
#795 = CARTESIAN_POINT ( 'NONE',  ( -1.763300807568860762, 4.483001982712331095E-15, 10.14062499999995737 ) ) ;
#796 = EDGE_CURVE ( 'NONE', #5918, #444, #2429, .T. ) ;
#797 = DATE_AND_TIME ( #7268, #2536 ) ;
#798 = CARTESIAN_POINT ( 'NONE',  ( -1.836970198721025250E-16, -1.499999999999991784, -5.687500000000015987 ) ) ;
#799 = FACE_OUTER_BOUND ( 'NONE', #8373, .T. ) ;
#800 = ORIENTED_EDGE ( 'NONE', *, *, #4507, .F. ) ;
#801 = VERTEX_POINT ( 'NONE', #7727 ) ;
#802 = CARTESIAN_POINT ( 'NONE',  ( -0.8816504037844307140, -1.527063293868244465, -7.744791666666673180 ) ) ;
#803 = CARTESIAN_POINT ( 'NONE',  ( 1.299038105676654675, 0.7500000000000013323, 2.916666666666646535 ) ) ;
#804 = CARTESIAN_POINT ( 'NONE',  ( -1.763300807568860762, 4.483001982712331095E-15, 1.640624999999975575 ) ) ;
#805 = EDGE_LOOP ( 'NONE', ( #7914, #5966, #54, #3551 ) ) ;
#806 = CARTESIAN_POINT ( 'NONE',  ( 1.017788105676649346, 0.5876202367904160839, 6.229166666666631436 ) ) ;
#807 = CARTESIAN_POINT ( 'NONE',  ( 1.175240473580824174, -2.876059855840641404E-15, -0.3125000000000200395 ) ) ;
#808 = ORIENTED_EDGE ( 'NONE', *, *, #6999, .F. ) ;
#809 = VERTEX_POINT ( 'NONE', #6924 ) ;
#810 = CARTESIAN_POINT ( 'NONE',  ( 1.175240473580825284, 0.3149047358083533199, -3.790170900630753348 ) ) ;
#811 = CARTESIAN_POINT ( 'NONE',  ( 1.499999999999982014, -8.883419307613476875E-15, 12.24264068711923237 ) ) ;
#812 = CARTESIAN_POINT ( 'NONE',  ( -1.439254484199176806E-16, -1.175240473580820844, 2.499999999999972911 ) ) ;
#813 = CARTESIAN_POINT ( 'NONE',  ( 1.499999999999995559, 3.747593145489319422E-15, 4.874999999999974243 ) ) ;
#814 = CARTESIAN_POINT ( 'NONE',  ( 0.8816504037844296038, -1.527063293868245131, 4.838541666666634100 ) ) ;
#815 = CARTESIAN_POINT ( 'NONE',  ( 0.000000000000000000, -9.067116327485578019E-15, 12.24264068711923237 ) ) ;
#816 = CARTESIAN_POINT ( 'NONE',  ( 1.763300807568860762, 4.051117844727701623E-15, -7.109375000000006217 ) ) ;
#817 = ORIENTED_EDGE ( 'NONE', *, *, #7557, .F. ) ;
#818 = ORIENTED_EDGE ( 'NONE', *, *, #5436, .T. ) ;
#819 = CYLINDRICAL_SURFACE ( 'NONE', #4140, 1.175240473580825062 ) ;
#820 = CARTESIAN_POINT ( 'NONE',  ( 1.000000000000006217, -0.5773502691896360561, 9.650000000000000355 ) ) ;
#821 = CARTESIAN_POINT ( 'NONE',  ( -1.299038105676654231, 0.7500000000000025535, 5.583333333333307280 ) ) ;
#822 = CARTESIAN_POINT ( 'NONE',  ( -0.8660254037844369313, -1.499999999999991562, 1.770833333333300397 ) ) ;
#823 = CARTESIAN_POINT ( 'NONE',  ( -0.6785254037844324904, 1.175240473580829281, -1.645833333333351689 ) ) ;
#824 = LINE ( 'NONE', #1970, #2372 ) ;
#825 = CARTESIAN_POINT ( 'NONE',  ( 1.357050807568865203, 4.125744759050742171E-15, -4.375000000000012434 ) ) ;
#826 = FACE_OUTER_BOUND ( 'NONE', #7974, .T. ) ;
#827 = CARTESIAN_POINT ( 'NONE',  ( 2.533669853067736524E-14, 1.175240473580829503, 6.812499999999964473 ) ) ;
#828 = CARTESIAN_POINT ( 'NONE',  ( 0.8816504037844296038, -1.527063293868245131, 0.3385416666666432595 ) ) ;
#829 = CARTESIAN_POINT ( 'NONE',  ( 1.175240473580822176, 0.3149047358083484904, 2.209829099369235106 ) ) ;
#830 =( BOUNDED_CURVE ( )  B_SPLINE_CURVE ( 2, ( #3388, #4154, #5971, #8067, #6737, #937, #3515, #1618, #4196 ),
 .UNSPECIFIED., .F., .T. ) 
 B_SPLINE_CURVE_WITH_KNOTS ( ( 3, 2, 2, 2, 3 ),
 ( 0.6283783783783785104, 0.6306306306306306286, 0.6351351351351350871, 0.6396396396396396566, 0.6418918918918919969 ),
 .UNSPECIFIED. ) 
 CURVE ( )  GEOMETRIC_REPRESENTATION_ITEM ( )  RATIONAL_B_SPLINE_CURVE ( ( 0.9330127018922194093, 0.9330127018922226290, 1.000000000000000000, 0.8660254037844387076, 1.000000000000000000, 0.8660254037844387076, 1.000000000000000000, 0.9330127018922160786, 0.9330127018922194093 ) ) 
 REPRESENTATION_ITEM ( '' )  );
#831 = EDGE_CURVE ( 'NONE', #4016, #3610, #8094, .T. ) ;
#832 = CARTESIAN_POINT ( 'NONE',  ( 1.357050807568865203, 4.125744759050742171E-15, -7.312500000000006217 ) ) ;
#833 =( BOUNDED_CURVE ( )  B_SPLINE_CURVE ( 2, ( #7825, #3873, #3323, #7865, #153, #7092, #2727, #2096, #7910 ),
 .UNSPECIFIED., .F., .T. ) 
 B_SPLINE_CURVE_WITH_KNOTS ( ( 3, 2, 2, 2, 3 ),
 ( 0.3175675675675675436, 0.3198198198198197728, 0.3243243243243243423, 0.3288288288288288008, 0.3310810810810811411 ),
 .UNSPECIFIED. ) 
 CURVE ( )  GEOMETRIC_REPRESENTATION_ITEM ( )  RATIONAL_B_SPLINE_CURVE ( ( 0.9330127018922194093, 0.9330127018922194093, 1.000000000000000000, 0.8660254037844388186, 1.000000000000000000, 0.8660254037844388186, 1.000000000000000000, 0.9330127018922177440, 0.9330127018922194093 ) ) 
 REPRESENTATION_ITEM ( '' )  );
#834 = CYLINDRICAL_SURFACE ( 'NONE', #5350, 1.175240473580825062 ) ;
#835 = EDGE_LOOP ( 'NONE', ( #6255, #2957, #8145 ) ) ;
#836 = ADVANCED_FACE ( 'NONE', ( #6278 ), #1843, .T. ) ;
#837 = CARTESIAN_POINT ( 'NONE',  ( -1.763300807568860318, 4.483001982712331095E-15, -7.328125000000006217 ) ) ;
#838 = AXIS2_PLACEMENT_3D ( 'NONE', #2883, #3525, #5470 ) ;
#839 = CARTESIAN_POINT ( 'NONE',  ( -1.499999999999995781, -0.4019237886466783261, -7.352670900630739581 ) ) ;
#840 = DIRECTION ( 'NONE',  ( 1.000000000000000000, 0.000000000000000000, 0.000000000000000000 ) ) ;
#841 = CARTESIAN_POINT ( 'NONE',  ( -0.8816504037844302699, 1.527063293868253790, 2.057291666666641206 ) ) ;
#842 = ORIENTED_EDGE ( 'NONE', *, *, #1465, .F. ) ;
#843 = CARTESIAN_POINT ( 'NONE',  ( -0.6785254037844329345, -1.175240473580820622, 6.520833333333298398 ) ) ;
#844 = DIRECTION ( 'NONE',  ( -1.000000000000000000, 0.000000000000000000, 0.000000000000000000 ) ) ;
#845 = EDGE_LOOP ( 'NONE', ( #1779, #6825, #858, #6433 ) ) ;
#846 = ORIENTED_EDGE ( 'NONE', *, *, #2758, .F. ) ;
#847 = CARTESIAN_POINT ( 'NONE',  ( 1.500000000000006439, 0.4019237886466682230, -5.602670900630744022 ) ) ;
#848 = EDGE_CURVE ( 'NONE', #6590, #6770, #3698, .T. ) ;
#849 = CARTESIAN_POINT ( 'NONE',  ( 1.499999999999993561, -0.4019237886466838217, -3.084829099369282179 ) ) ;
#850 = CARTESIAN_POINT ( 'NONE',  ( 1.017788105676648902, -0.5876202367904087565, 4.583333333333301951 ) ) ;
#851 = CARTESIAN_POINT ( 'NONE',  ( 1.299038105676654675, 0.7500000000000013323, -6.583333333333334814 ) ) ;
#852 = CARTESIAN_POINT ( 'NONE',  ( -1.499999999999990452, -0.4019237886466874854, 4.147329099369235550 ) ) ;
#853 = CARTESIAN_POINT ( 'NONE',  ( -1.870113174931165379E-16, -1.527063293868244687, 8.796874999999959144 ) ) ;
#854 = LINE ( 'NONE', #6016, #7436 ) ;
#855 = CARTESIAN_POINT ( 'NONE',  ( -0.8660254037844362651, 1.500000000000000666, 3.104166666666630992 ) ) ;
#856 = VECTOR ( 'NONE', #8253, 1000.000000000000000 ) ;
#857 = CARTESIAN_POINT ( 'NONE',  ( -1.322475605676645793, -0.7635316469341201229, -5.817708333333341031 ) ) ;
#858 = ORIENTED_EDGE ( 'NONE', *, *, #3214, .T. ) ;
#859 = CARTESIAN_POINT ( 'NONE',  ( 1.499999999999995781, -6.071681917885798082E-15, -5.625000000000004441 ) ) ;
#860 = CIRCLE ( 'NONE', #7352, 1.500000000000009104 ) ;
#861 = ORIENTED_EDGE ( 'NONE', *, *, #4391, .F. ) ;
#862 = DIRECTION ( 'NONE',  ( 0.000000000000000000, 0.000000000000000000, -1.000000000000000000 ) ) ;
#863 = CARTESIAN_POINT ( 'NONE',  ( 1.017788105676647348, -0.5876202367904111989, 2.645833333333305504 ) ) ;
#864 = CARTESIAN_POINT ( 'NONE',  ( 0.000000000000000000, 1.500000000000000222, 5.499999999999972466 ) ) ;
#865 = LINE ( 'NONE', #1963, #3960 ) ;
#866 = AXIS2_PLACEMENT_3D ( 'NONE', #3314, #3908, #6493 ) ;
#867 = CARTESIAN_POINT ( 'NONE',  ( 0.6785254037844331565, 1.175240473580829059, -0.7291666666666860586 ) ) ;
#868 = CYLINDRICAL_SURFACE ( 'NONE', #7783, 1.175240473580825062 ) ;
#869 = CARTESIAN_POINT ( 'NONE',  ( -1.439254484199176806E-16, -1.175240473580820844, -5.000000000000011546 ) ) ;
#870 = CARTESIAN_POINT ( 'NONE',  ( 1.499999999999995781, -6.071681917885798082E-15, -3.125000000000009326 ) ) ;
#871 = CARTESIAN_POINT ( 'NONE',  ( 1.000000000000006217, -0.5773502691896360561, 9.650000000000000355 ) ) ;
#872 = CARTESIAN_POINT ( 'NONE',  ( -1.870113174931165379E-16, -1.527063293868244687, -0.2031250000000209832 ) ) ;
#873 = CARTESIAN_POINT ( 'NONE',  ( -1.175240473580823952, 5.287301957201986288E-15, 6.437499999999966249 ) ) ;
#874 = CARTESIAN_POINT ( 'NONE',  ( -0.6785254037844253849, 1.175240473580833500, -4.145833333333346360 ) ) ;
#875 = CARTESIAN_POINT ( 'NONE',  ( 0.6785254037844321573, -1.175240473580821066, -7.895833333333338366 ) ) ;
#876 = PERSON_AND_ORGANIZATION ( #2628, #6318 ) ;
#877 = CARTESIAN_POINT ( 'NONE',  ( 0.6785254037844298258, -1.175240473580821954, -4.895833333333343695 ) ) ;
#878 = VERTEX_POINT ( 'NONE', #186 ) ;
#879 = EDGE_CURVE ( 'NONE', #4564, #6900, #2762, .T. ) ;
#880 = EDGE_CURVE ( 'NONE', #4585, #3213, #4342, .T. ) ;
#881 =( BOUNDED_CURVE ( )  B_SPLINE_CURVE ( 2, ( #6734, #4829, #934, #2115, #3512, #7416, #4193, #2915, #5505 ),
 .UNSPECIFIED., .F., .T. ) 
 B_SPLINE_CURVE_WITH_KNOTS ( ( 3, 2, 2, 2, 3 ),
 ( 0.6418918918918918859, 0.6441441441441441151, 0.6486486486486486847, 0.6531531531531531432, 0.6554054054054054834 ),
 .UNSPECIFIED. ) 
 CURVE ( )  GEOMETRIC_REPRESENTATION_ITEM ( )  RATIONAL_B_SPLINE_CURVE ( ( 0.9330127018922194093, 0.9330127018922194093, 1.000000000000000000, 0.8660254037844387076, 1.000000000000000000, 0.8660254037844387076, 1.000000000000000000, 0.9330127018922176330, 0.9330127018922192983 ) ) 
 REPRESENTATION_ITEM ( '' )  );
#882 = CARTESIAN_POINT ( 'NONE',  ( -1.322475605676645127, 0.7635316469341291157, -8.369791666666671404 ) ) ;
#883 = CARTESIAN_POINT ( 'NONE',  ( -1.785112031064868308E-14, -1.175240473580820844, 0.9999999999999765743 ) ) ;
#884 = CARTESIAN_POINT ( 'NONE',  ( -1.322475605676645571, 0.7635316469341293377, 3.098958333333305948 ) ) ;
#885 = VERTEX_POINT ( 'NONE', #4038 ) ;
#886 = AXIS2_PLACEMENT_3D ( 'NONE', #2903, #5404, #4774 ) ;
#887 = CARTESIAN_POINT ( 'NONE',  ( 0.6785254037844321573, -1.175240473580821066, 7.104166666666630547 ) ) ;
#888 = EDGE_CURVE ( 'NONE', #5812, #5360, #1377, .T. ) ;
#889 = CARTESIAN_POINT ( 'NONE',  ( 1.017788105676648902, -0.5876202367904087565, -7.854166666666670515 ) ) ;
#890 = ORIENTED_EDGE ( 'NONE', *, *, #1256, .F. ) ;
#891 = ORIENTED_EDGE ( 'NONE', *, *, #5125, .T. ) ;
#892 = FACE_OUTER_BOUND ( 'NONE', #208, .T. ) ;
#893 = CARTESIAN_POINT ( 'NONE',  ( -1.299038105676654453, -0.7499999999999933387, -6.333333333333334814 ) ) ;
#894 = CARTESIAN_POINT ( 'NONE',  ( 0.000000000000000000, 1.175240473580829503, 2.749999999999972911 ) ) ;
#895 = VECTOR ( 'NONE', #7059, 1000.000000000000000 ) ;
#896 = CARTESIAN_POINT ( 'NONE',  ( 1.500000000000000888, 0.4019237886466774379, 7.397329099369228445 ) ) ;
#897 = DIRECTION ( 'NONE',  ( 0.000000000000000000, 0.000000000000000000, -1.000000000000000000 ) ) ;
#898 = CARTESIAN_POINT ( 'NONE',  ( -0.8816504037844307140, -1.527063293868244465, 8.255208333333293069 ) ) ;
#899 = CARTESIAN_POINT ( 'NONE',  ( -1.499999999999995559, -5.258250847547031143E-15, 1.124999999999982458 ) ) ;
#900 = CARTESIAN_POINT ( 'NONE',  ( -0.8816504037844309360, -1.527063293868244909, -6.776041666666672292 ) ) ;
#901 = VERTEX_POINT ( 'NONE', #7815 ) ;
#902 = B_SPLINE_CURVE_WITH_KNOTS ( 'NONE', 3,
 ( #6767, #8136, #8054, #7363, #2946, #2276 ),
 .UNSPECIFIED., .F., .F.,
 ( 4, 2, 4 ),
 ( 0.0006269138418756276887, 0.001224952637099776219, 0.001822991432323924424 ),
 .UNSPECIFIED. ) ;
#903 = EDGE_CURVE ( 'NONE', #3533, #5566, #517, .T. ) ;
#904 = CARTESIAN_POINT ( 'NONE',  ( -1.299038105676654675, 0.7500000000000027756, 5.645833333333293957 ) ) ;
#905 = CARTESIAN_POINT ( 'NONE',  ( 1.499999999999996225, 0.4019237886466866527, 1.897329099369241101 ) ) ;
#906 = CARTESIAN_POINT ( 'NONE',  ( 1.299038105676655563, 0.7500000000000016653, 4.979166666666626995 ) ) ;
#907 = DIRECTION ( 'NONE',  ( 0.000000000000000000, 1.000000000000000000, 1.156482317317885333E-15 ) ) ;
#908 = CARTESIAN_POINT ( 'NONE',  ( 1.122909478113950517E-14, 1.175240473580829503, -3.187500000000015099 ) ) ;
#909 = CARTESIAN_POINT ( 'NONE',  ( -1.499999999999995559, 4.561024215828087150E-15, 5.124999999999973355 ) ) ;
#910 =( BOUNDED_CURVE ( )  B_SPLINE_CURVE ( 2, ( #986, #3564, #4118, #6105, #4755, #6826, #3645, #2969, #6702 ),
 .UNSPECIFIED., .F., .F. ) 
 B_SPLINE_CURVE_WITH_KNOTS ( ( 3, 2, 2, 2, 3 ),
 ( 0.2905405405405405150, 0.2927927927927927998, 0.2972972972972973138, 0.3018018018018018278, 0.3040540540540541126 ),
 .UNSPECIFIED. ) 
 CURVE ( )  GEOMETRIC_REPRESENTATION_ITEM ( )  RATIONAL_B_SPLINE_CURVE ( ( 0.9330127018922194093, 0.9330127018922185211, 1.000000000000000000, 0.8660254037844387076, 1.000000000000000000, 0.8660254037844387076, 1.000000000000000000, 0.9330127018922176330, 0.9330127018922192983 ) ) 
 REPRESENTATION_ITEM ( '' )  );
#911 = VERTEX_POINT ( 'NONE', #820 ) ;
#912 = CARTESIAN_POINT ( 'NONE',  ( -0.6785254037844329345, -1.175240473580820622, -0.9791666666666862806 ) ) ;
#913 = CARTESIAN_POINT ( 'NONE',  ( 1.499999999999984901, -0.4019237886466975329, -3.647329099369268413 ) ) ;
#914 = CARTESIAN_POINT ( 'NONE',  ( 1.017788105676649346, 0.5876202367904160839, -3.333333333333347692 ) ) ;
#915 = CARTESIAN_POINT ( 'NONE',  ( -1.175240473580825507, 0.3149047358083659209, -0.5848290993692801809 ) ) ;
#916 = CARTESIAN_POINT ( 'NONE',  ( -1.017788105676639798, 0.5876202367904328483, 6.895833333333297510 ) ) ;
#917 = CARTESIAN_POINT ( 'NONE',  ( 0.8816504037844296038, -1.527063293868245131, 0.8385416666666418717 ) ) ;
#918 = CARTESIAN_POINT ( 'NONE',  ( 1.291453518571113568, -0.2570049497475704881, 7.541453518571149317 ) ) ;
#919 = VECTOR ( 'NONE', #3983, 1000.000000000000000 ) ;
#920 = CARTESIAN_POINT ( 'NONE',  ( 0.000000000000000000, 1.175240473580829503, -7.187500000000006217 ) ) ;
#921 = APPROVAL_ROLE ( '' ) ;
#922 = CARTESIAN_POINT ( 'NONE',  ( -0.8660254037844363761, -1.499999999999990674, 1.208333333333315052 ) ) ;
#923 = CARTESIAN_POINT ( 'NONE',  ( -1.175240473580823952, 0.3149047358083659764, 5.915170900630705830 ) ) ;
#924 = ORIENTED_EDGE ( 'NONE', *, *, #7608, .F. ) ;
#925 = CARTESIAN_POINT ( 'NONE',  ( -1.322475605676645127, 0.7635316469341291157, -6.869791666666674068 ) ) ;
#926 = CARTESIAN_POINT ( 'NONE',  ( 1.017788105676644905, -0.5876202367904151957, -3.854166666666679397 ) ) ;
#927 = CARTESIAN_POINT ( 'NONE',  ( 1.499999999999995559, 3.747593145489319422E-15, 6.874999999999970690 ) ) ;
#928 = CARTESIAN_POINT ( 'NONE',  ( 1.322475605676645349, -0.7635316469341211221, 1.348958333333309723 ) ) ;
#929 = VERTEX_POINT ( 'NONE', #7768 ) ;
#930 = CARTESIAN_POINT ( 'NONE',  ( 1.357050807568865203, 4.125744759050742171E-15, 7.687499999999961808 ) ) ;
#931 = DIRECTION ( 'NONE',  ( 0.000000000000000000, 0.000000000000000000, -1.000000000000000000 ) ) ;
#932 = ORIENTED_EDGE ( 'NONE', *, *, #269, .T. ) ;
#933 = VERTEX_POINT ( 'NONE', #6574 ) ;
#934 = CARTESIAN_POINT ( 'NONE',  ( 1.299038105676655563, 0.7500000000000016653, 3.479166666666631436 ) ) ;
#935 = DIRECTION ( 'NONE',  ( 0.000000000000000000, 0.000000000000000000, -1.000000000000000000 ) ) ;
#936 = CARTESIAN_POINT ( 'NONE',  ( -0.6785254037844329345, -1.175240473580820622, 3.958333333333303283 ) ) ;
#937 = CARTESIAN_POINT ( 'NONE',  ( 0.6785254037844251629, -1.175240473580825062, 3.541666666666637209 ) ) ;
#938 = CARTESIAN_POINT ( 'NONE',  ( 0.000000000000000000, 1.500000000000000666, 7.562499999999955591 ) ) ;
#939 = CARTESIAN_POINT ( 'NONE',  ( 0.000000000000000000, 1.527063293868253568, 8.046874999999962697 ) ) ;
#940 = DIRECTION ( 'NONE',  ( 1.000000000000000000, 0.000000000000000000, 0.000000000000000000 ) ) ;
#941 = CARTESIAN_POINT ( 'NONE',  ( 1.763300807568860762, 4.051117844727701623E-15, -6.609375000000006217 ) ) ;
#942 = EDGE_LOOP ( 'NONE', ( #757, #3205, #6854, #3548 ) ) ;
#943 = EDGE_CURVE ( 'NONE', #2789, #985, #2239, .T. ) ;
#944 = CARTESIAN_POINT ( 'NONE',  ( 0.000000000000000000, 1.500000000000000666, 5.562499999999960920 ) ) ;
#945 = ORIENTED_EDGE ( 'NONE', *, *, #3214, .F. ) ;
#946 = CARTESIAN_POINT ( 'NONE',  ( 1.175240473580824174, 2.411242101361345672E-15, 5.187499999999969802 ) ) ;
#947 = CARTESIAN_POINT ( 'NONE',  ( 1.175240473580821510, -0.3149047358083587045, 3.102670900630712936 ) ) ;
#948 = CARTESIAN_POINT ( 'NONE',  ( -0.8538198167954597073, 1.044762854663169760, -7.788089170339622669 ) ) ;
#949 = EDGE_CURVE ( 'NONE', #6550, #8269, #5206, .T. ) ;
#950 = CARTESIAN_POINT ( 'NONE',  ( 1.000000000000006217, -0.5773502691896372774, 8.495000000000000995 ) ) ;
#951 = ORIENTED_EDGE ( 'NONE', *, *, #7871, .F. ) ;
#952 = CARTESIAN_POINT ( 'NONE',  ( 1.357050807568865203, 4.125744759050742171E-15, 2.687499999999972911 ) ) ;
#953 = ORIENTED_EDGE ( 'NONE', *, *, #4499, .T. ) ;
#954 = CARTESIAN_POINT ( 'NONE',  ( 1.017788105676650678, 0.5876202367904135304, -6.270833333333341919 ) ) ;
#955 = CARTESIAN_POINT ( 'NONE',  ( -2.072962927904703482E-14, -1.175240473580820844, 6.062499999999965361 ) ) ;
#956 =( BOUNDED_CURVE ( )  B_SPLINE_CURVE ( 2, ( #5295, #134, #7889, #6606, #7933, #6483, #2077, #852, #3389 ),
 .UNSPECIFIED., .F., .F. ) 
 B_SPLINE_CURVE_WITH_KNOTS ( ( 3, 2, 2, 2, 3 ),
 ( 0.3310810810810811411, 0.3333333333333333703, 0.3378378378378378288, 0.3423423423423422873, 0.3445945945945945166 ),
 .UNSPECIFIED. ) 
 CURVE ( )  GEOMETRIC_REPRESENTATION_ITEM ( )  RATIONAL_B_SPLINE_CURVE ( ( 0.9330127018922194093, 0.9330127018922210747, 1.000000000000000000, 0.8660254037844388186, 1.000000000000000000, 0.8660254037844388186, 1.000000000000000000, 0.9330127018922210747, 0.9330127018922194093 ) ) 
 REPRESENTATION_ITEM ( '' )  );
#957 = CARTESIAN_POINT ( 'NONE',  ( 0.000000000000000000, 1.527063293868253568, 2.546874999999972911 ) ) ;
#958 = DIRECTION ( 'NONE',  ( -0.8660254037844387076, 0.4999999999999997780, 0.000000000000000000 ) ) ;
#959 = CARTESIAN_POINT ( 'NONE',  ( 0.000000000000000000, 1.500000000000000222, 2.499999999999980016 ) ) ;
#960 = CARTESIAN_POINT ( 'NONE',  ( 1.017788105676649346, 0.5876202367904160839, -7.270833333333339255 ) ) ;
#961 = DATE_TIME_ROLE ( 'classification_date' ) ;
#962 = CARTESIAN_POINT ( 'NONE',  ( 1.299038105676654675, -0.7499999999999944489, -6.604166666666681174 ) ) ;
#963 = CARTESIAN_POINT ( 'NONE',  ( -1.499999999999995781, -0.4019237886466783261, -4.352670900630745798 ) ) ;
#964 = VERTEX_POINT ( 'NONE', #6748 ) ;
#965 = CARTESIAN_POINT ( 'NONE',  ( 0.8816504037844310471, 1.527063293868253124, -6.494791666666674956 ) ) ;
#966 = CARTESIAN_POINT ( 'NONE',  ( -6.622025529509177116E-15, -1.175240473580820844, -3.937500000000012879 ) ) ;
#967 = CARTESIAN_POINT ( 'NONE',  ( -1.175240473580825062, 4.518956396636091433E-15, -8.000000000000000000 ) ) ;
#968 = CARTESIAN_POINT ( 'NONE',  ( 0.8816504037844311581, 1.527063293868253568, 3.473958333333304171 ) ) ;
#969 = ORIENTED_EDGE ( 'NONE', *, *, #4556, .T. ) ;
#970 = CARTESIAN_POINT ( 'NONE',  ( 0.6785254037844331565, 1.175240473580829059, 6.770833333333296622 ) ) ;
#971 =( BOUNDED_CURVE ( )  B_SPLINE_CURVE ( 2, ( #6271, #7038, #1242, #3221, #5643, #7757, #2580, #5173, #1953 ),
 .UNSPECIFIED., .F., .F. ) 
 B_SPLINE_CURVE_WITH_KNOTS ( ( 3, 2, 2, 2, 3 ),
 ( 0.7770270270270269730, 0.7792792792792793133, 0.7837837837837837718, 0.7882882882882882303, 0.7905405405405405705 ),
 .UNSPECIFIED. ) 
 CURVE ( )  GEOMETRIC_REPRESENTATION_ITEM ( )  RATIONAL_B_SPLINE_CURVE ( ( 0.9330127018922194093, 0.9330127018922177440, 1.000000000000000000, 0.8660254037844388186, 1.000000000000000000, 0.8660254037844388186, 1.000000000000000000, 0.9330127018922177440, 0.9330127018922194093 ) ) 
 REPRESENTATION_ITEM ( '' )  );
#972 = CARTESIAN_POINT ( 'NONE',  ( 0.000000000000000000, 1.500000000000000666, -5.437500000000015987 ) ) ;
#973 = EDGE_LOOP ( 'NONE', ( #817, #3018, #7194, #4667 ) ) ;
#974 = ORIENTED_EDGE ( 'NONE', *, *, #3984, .T. ) ;
#975 = CARTESIAN_POINT ( 'NONE',  ( 0.8660254037844371533, 1.500000000000000222, -6.979166666666678509 ) ) ;
#976 = CARTESIAN_POINT ( 'NONE',  ( 0.000000000000000000, 4.375030948216173530E-15, -8.000000000000000000 ) ) ;
#977 = CARTESIAN_POINT ( 'NONE',  ( -1.357050807568865203, 4.458126344604650913E-15, 4.374999999999968914 ) ) ;
#978 = CARTESIAN_POINT ( 'NONE',  ( -1.299038105676654453, -0.7499999999999933387, -0.8333333333333470261 ) ) ;
#979 = CARTESIAN_POINT ( 'NONE',  ( -0.8816504037844300479, 1.527063293868253568, 9.088541666666625218 ) ) ;
#980 = CARTESIAN_POINT ( 'NONE',  ( 1.017788105676655785, 0.5876202367904048707, 3.666666666666637653 ) ) ;
#981 = CARTESIAN_POINT ( 'NONE',  ( 1.322475605676646238, 0.7635316469341281165, -4.567708333333343695 ) ) ;
#982 = ORIENTED_EDGE ( 'NONE', *, *, #6832, .T. ) ;
#983 = AXIS2_PLACEMENT_3D ( 'NONE', #2297, #4878, #4799 ) ;
#984 = CARTESIAN_POINT ( 'NONE',  ( -1.175240473580825062, 4.518956396636091433E-15, -8.000000000000000000 ) ) ;
#985 = VERTEX_POINT ( 'NONE', #1031 ) ;
#986 = CARTESIAN_POINT ( 'NONE',  ( 1.499999999999996447, -6.042630808230842937E-15, -3.062500000000023093 ) ) ;
#987 = CARTESIAN_POINT ( 'NONE',  ( 1.499999999999996225, -0.4019237886466792142, 2.415170900630705830 ) ) ;
#988 = EDGE_CURVE ( 'NONE', #3640, #7166, #293, .T. ) ;
#989 = CARTESIAN_POINT ( 'NONE',  ( 0.000000000000000000, -9.067116327485578019E-15, 12.24264068711923237 ) ) ;
#990 = EDGE_CURVE ( 'NONE', #4104, #4733, #7614, .T. ) ;
#991 = CYLINDRICAL_SURFACE ( 'NONE', #6131, 1.175240473580825062 ) ;
#992 = ORIENTED_EDGE ( 'NONE', *, *, #7141, .F. ) ;
#993 = CARTESIAN_POINT ( 'NONE',  ( -1.439254484199176806E-16, -1.175240473580820844, 3.062499999999971578 ) ) ;
#994 = CONICAL_SURFACE ( 'NONE', #3690, 1.154700538379258568, 0.7853981633974500554 ) ;
#995 = ADVANCED_FACE ( 'NONE', ( #4077 ), #2213, .T. ) ;
#996 = ORIENTED_EDGE ( 'NONE', *, *, #6005, .T. ) ;
#997 = CARTESIAN_POINT ( 'NONE',  ( 1.175240473580827283, -0.3149047358083624237, 5.665170900630706718 ) ) ;
#998 = DIRECTION ( 'NONE',  ( 0.000000000000000000, 0.000000000000000000, -1.000000000000000000 ) ) ;
#999 = CARTESIAN_POINT ( 'NONE',  ( 1.322475605676645127, -0.7635316469341209000, 2.380208333333305504 ) ) ;
#1000 = CARTESIAN_POINT ( 'NONE',  ( 0.6732937571918469200, -1.085490922855633755, 7.500850058621370664 ) ) ;
#1001 = VECTOR ( 'NONE', #7817, 1000.000000000000000 ) ;
#1002 = DIRECTION ( 'NONE',  ( 1.000000000000000000, 0.000000000000000000, 0.000000000000000000 ) ) ;
#1003 = CARTESIAN_POINT ( 'NONE',  ( 1.357050807568865203, 4.125744759050742171E-15, -6.312500000000007105 ) ) ;
#1004 = CARTESIAN_POINT ( 'NONE',  ( 1.499999999999996669, -1.597811031022578733E-14, 2.937499999999964917 ) ) ;
#1005 = ADVANCED_FACE ( 'NONE', ( #2300 ), #3486, .T. ) ;
#1006 = DIRECTION ( 'NONE',  ( -0.000000000000000000, -0.000000000000000000, 1.000000000000000000 ) ) ;
#1007 =( BOUNDED_CURVE ( )  B_SPLINE_CURVE ( 2, ( #8006, #333, #5489, #4943, #3501, #1641, #3621, #4856, #1727 ),
 .UNSPECIFIED., .F., .T. ) 
 B_SPLINE_CURVE_WITH_KNOTS ( ( 3, 2, 2, 2, 3 ),
 ( 0.3040540540540540571, 0.3063063063063062863, 0.3108108108108108558, 0.3153153153153153143, 0.3175675675675675436 ),
 .UNSPECIFIED. ) 
 CURVE ( )  GEOMETRIC_REPRESENTATION_ITEM ( )  RATIONAL_B_SPLINE_CURVE ( ( 0.9330127018922194093, 0.9330127018922194093, 1.000000000000000000, 0.8660254037844388186, 1.000000000000000000, 0.8660254037844388186, 1.000000000000000000, 0.9330127018922194093, 0.9330127018922194093 ) ) 
 REPRESENTATION_ITEM ( '' )  );
#1008 = ORIENTED_EDGE ( 'NONE', *, *, #6679, .F. ) ;
#1009 = CARTESIAN_POINT ( 'NONE',  ( -1.870113174931165379E-16, -1.527063293868244687, -4.703125000000011546 ) ) ;
#1010 = FACE_OUTER_BOUND ( 'NONE', #4702, .T. ) ;
#1011 = DIRECTION ( 'NONE',  ( -0.000000000000000000, -0.000000000000000000, 1.000000000000000000 ) ) ;
#1012 = CARTESIAN_POINT ( 'NONE',  ( -1.763300807568860762, 4.483001982712331095E-15, 5.640624999999966249 ) ) ;
#1013 = ORIENTED_EDGE ( 'NONE', *, *, #8358, .F. ) ;
#1014 = CARTESIAN_POINT ( 'NONE',  ( -1.017788105676648902, 0.5876202367904169721, 6.395833333333298398 ) ) ;
#1015 = CARTESIAN_POINT ( 'NONE',  ( 0.8660254037844371533, 1.500000000000000222, -1.479166666666692054 ) ) ;
#1016 = VERTEX_POINT ( 'NONE', #4756 ) ;
#1017 = ORIENTED_EDGE ( 'NONE', *, *, #1671, .T. ) ;
#1018 = CYLINDRICAL_SURFACE ( 'NONE', #4081, 1.499999999999982014 ) ;
#1019 = CYLINDRICAL_SURFACE ( 'NONE', #3196, 1.499999999999982014 ) ;
#1020 = CARTESIAN_POINT ( 'NONE',  ( -1.017788105676648902, -0.5876202367904079793, 6.416666666666631436 ) ) ;
#1021 = DIRECTION ( 'NONE',  ( 0.000000000000000000, 0.000000000000000000, -1.000000000000000000 ) ) ;
#1022 = CARTESIAN_POINT ( 'NONE',  ( 1.175240473580822176, -0.3149047358083603143, -1.397329099369278405 ) ) ;
#1023 = CARTESIAN_POINT ( 'NONE',  ( -1.763300807568860318, 4.483001982712331095E-15, 8.671874999999959144 ) ) ;
#1024 = CARTESIAN_POINT ( 'NONE',  ( 0.6785254037844598018, 1.175240473580813738, 3.708333333333303283 ) ) ;
#1025 = CARTESIAN_POINT ( 'NONE',  ( 1.763300807568860762, 4.051117844727701623E-15, -6.109375000000006217 ) ) ;
#1026 = VERTEX_POINT ( 'NONE', #398 ) ;
#1027 = VECTOR ( 'NONE', #2051, 1000.000000000000000 ) ;
#1028 = CARTESIAN_POINT ( 'NONE',  ( 0.8660254037844371533, 1.500000000000000222, 6.520833333333290405 ) ) ;
#1029 = ORIENTED_EDGE ( 'NONE', *, *, #2596, .T. ) ;
#1030 = CARTESIAN_POINT ( 'NONE',  ( -1.499999999999996225, 0.4019237886466875964, 5.165170900630700501 ) ) ;
#1031 = CARTESIAN_POINT ( 'NONE',  ( -1.175240473580824840, 4.619126435137999807E-15, -7.125000000000005329 ) ) ;
#1032 = CARTESIAN_POINT ( 'NONE',  ( -1.499999999999995559, -5.258250847547031143E-15, 0.6249999999999841238 ) ) ;
#1033 = DIRECTION ( 'NONE',  ( 1.000000000000000000, 0.000000000000000000, 0.000000000000000000 ) ) ;
#1034 = ORIENTED_EDGE ( 'NONE', *, *, #3006, .F. ) ;
#1035 = VECTOR ( 'NONE', #1698, 1000.000000000000000 ) ;
#1036 = CARTESIAN_POINT ( 'NONE',  ( 1.357050807568865203, 4.125744759050742171E-15, 3.187499999999971578 ) ) ;
#1037 = EDGE_CURVE ( 'NONE', #5796, #7071, #5744, .T. ) ;
#1038 = EDGE_CURVE ( 'NONE', #7150, #6379, #721, .T. ) ;
#1039 = ORIENTED_EDGE ( 'NONE', *, *, #1885, .F. ) ;
#1040 = AXIS2_PLACEMENT_3D ( 'NONE', #2934, #8166, #4174 ) ;
#1041 = CARTESIAN_POINT ( 'NONE',  ( 1.476488655687243190, -0.1788671402058116533, -7.648511344312755256 ) ) ;
#1042 = CARTESIAN_POINT ( 'NONE',  ( -1.499999999999995559, 4.561024215828087150E-15, 3.624999999999977796 ) ) ;
#1043 = CARTESIAN_POINT ( 'NONE',  ( 0.000000000000000000, 1.527063293868253568, 2.046874999999974243 ) ) ;
#1044 = CARTESIAN_POINT ( 'NONE',  ( -1.175240473580825062, 4.518956396636091433E-15, -8.000000000000000000 ) ) ;
#1045 = CARTESIAN_POINT ( 'NONE',  ( 0.000000000000000000, -9.067116327485578019E-15, 12.24264068711923237 ) ) ;
#1046 = CARTESIAN_POINT ( 'NONE',  ( -0.6785254037844324904, 1.175240473580829281, -6.645833333333341031 ) ) ;
#1047 = VECTOR ( 'NONE', #998, 1000.000000000000000 ) ;
#1048 = EDGE_CURVE ( 'NONE', #7183, #6922, #6335, .T. ) ;
#1049 = CARTESIAN_POINT ( 'NONE',  ( -1.299038105676654897, -0.7499999999999935607, -6.770833333333346360 ) ) ;
#1050 = CARTESIAN_POINT ( 'NONE',  ( -1.499999999999995559, -5.258250847547031143E-15, -4.375000000000005329 ) ) ;
#1051 = VERTEX_POINT ( 'NONE', #8077 ) ;
#1052 = CARTESIAN_POINT ( 'NONE',  ( 0.8816504037844310471, 1.527063293868253124, -4.994791666666678509 ) ) ;
#1053 = CARTESIAN_POINT ( 'NONE',  ( -1.175240473580825062, 4.518956396636091433E-15, -8.000000000000000000 ) ) ;
#1054 = EDGE_CURVE ( 'NONE', #7544, #7369, #7160, .T. ) ;
#1055 = EDGE_CURVE ( 'NONE', #929, #4059, #1163, .T. ) ;
#1056 = CARTESIAN_POINT ( 'NONE',  ( 1.763300807568860762, 4.051117844727701623E-15, 3.890624999999970690 ) ) ;
#1057 = CARTESIAN_POINT ( 'NONE',  ( 1.017788105676648902, -0.5876202367904087565, 9.145833333333294846 ) ) ;
#1058 =( BOUNDED_CURVE ( )  B_SPLINE_CURVE ( 2, ( #6508, #4606, #3968, #1436, #3210, #4013, #8354, #2532, #6554 ),
 .UNSPECIFIED., .F., .F. ) 
 B_SPLINE_CURVE_WITH_KNOTS ( ( 3, 2, 2, 2, 3 ),
 ( 0.8175675675675675436, 0.8198198198198197728, 0.8243243243243243423, 0.8288288288288288008, 0.8310810810810810301 ),
 .UNSPECIFIED. ) 
 CURVE ( )  GEOMETRIC_REPRESENTATION_ITEM ( )  RATIONAL_B_SPLINE_CURVE ( ( 0.9330127018922194093, 0.9330127018922194093, 1.000000000000000000, 0.8660254037844387076, 1.000000000000000000, 0.8660254037844387076, 1.000000000000000000, 0.9330127018922209636, 0.9330127018922192983 ) ) 
 REPRESENTATION_ITEM ( '' )  );
#1059 = CARTESIAN_POINT ( 'NONE',  ( 0.000000000000000000, 1.078758129074334740E-14, -7.624999999999998224 ) ) ;
#1060 =( BOUNDED_CURVE ( )  B_SPLINE_CURVE ( 2, ( #5320, #7185, #5873, #760, #2105, #1391, #1352, #4693, #7229 ),
 .UNSPECIFIED., .F., .F. ) 
 B_SPLINE_CURVE_WITH_KNOTS ( ( 3, 2, 2, 2, 3 ),
 ( 0.6013513513513514264, 0.6036036036036036556, 0.6081081081081081141, 0.6126126126126125726, 0.6148648648648649129 ),
 .UNSPECIFIED. ) 
 CURVE ( )  GEOMETRIC_REPRESENTATION_ITEM ( )  RATIONAL_B_SPLINE_CURVE ( ( 0.9330127018922192983, 0.9330127018922209636, 1.000000000000000000, 0.8660254037844387076, 1.000000000000000000, 0.8660254037844387076, 1.000000000000000000, 0.9330127018922176330, 0.9330127018922192983 ) ) 
 REPRESENTATION_ITEM ( '' )  );
#1061 = ORIENTED_EDGE ( 'NONE', *, *, #8299, .F. ) ;
#1062 = ORIENTED_EDGE ( 'NONE', *, *, #6887, .T. ) ;
#1063 = CARTESIAN_POINT ( 'NONE',  ( 1.499999999999982014, -8.883419307613476875E-15, 12.24264068711923237 ) ) ;
#1064 = DIRECTION ( 'NONE',  ( 0.000000000000000000, 0.000000000000000000, -1.000000000000000000 ) ) ;
#1065 = CARTESIAN_POINT ( 'NONE',  ( -1.357050807568865203, 4.458126344604650913E-15, 6.874999999999964473 ) ) ;
#1066 = CARTESIAN_POINT ( 'NONE',  ( 1.175240473580824174, -2.876059855840641404E-15, -0.3750000000000200950 ) ) ;
#1067 = CARTESIAN_POINT ( 'NONE',  ( -1.017788105676651123, -0.5876202367904042045, -5.083333333333344584 ) ) ;
#1068 = CARTESIAN_POINT ( 'NONE',  ( 1.000000000000006217, -7.267483695820714750E-15, 9.495299461620749781 ) ) ;
#1069 = CARTESIAN_POINT ( 'NONE',  ( 1.322475605676646238, 0.7635316469341281165, -2.067708333333349469 ) ) ;
#1070 = EDGE_LOOP ( 'NONE', ( #2305, #5503 ) ) ;
#1071 = CARTESIAN_POINT ( 'NONE',  ( 1.499999999999996447, -6.042630808230842937E-15, 0.4374999999999699130 ) ) ;
#1072 = ORIENTED_EDGE ( 'NONE', *, *, #3313, .F. ) ;
#1073 = DIRECTION ( 'NONE',  ( -0.000000000000000000, -7.531071187239187305E-16, 1.000000000000000000 ) ) ;
#1074 = DIRECTION ( 'NONE',  ( -0.000000000000000000, -7.531071187239187305E-16, 1.000000000000000000 ) ) ;
#1075 = CARTESIAN_POINT ( 'NONE',  ( -0.6785254037844324904, 1.175240473580829281, -1.708333333333351689 ) ) ;
#1076 = DIRECTION ( 'NONE',  ( -0.000000000000000000, -0.000000000000000000, 1.000000000000000000 ) ) ;
#1077 = CARTESIAN_POINT ( 'NONE',  ( -1.343178140000919285, -0.4248510908789552842, -7.727778881657172860 ) ) ;
#1078 = CARTESIAN_POINT ( 'NONE',  ( 1.175240473580826395, 1.917373237227094401E-15, -0.8125000000000192069 ) ) ;
#1079 = CARTESIAN_POINT ( 'NONE',  ( 0.6785254037844239416, -1.175240473580825507, 5.541666666666634100 ) ) ;
#1080 = VERTEX_POINT ( 'NONE', #1241 ) ;
#1081 = CARTESIAN_POINT ( 'NONE',  ( 0.6785254037844331565, 1.175240473580829059, 2.770833333333305948 ) ) ;
#1082 = EDGE_LOOP ( 'NONE', ( #4931, #3726, #5769, #5339 ) ) ;
#1083 = CARTESIAN_POINT ( 'NONE',  ( -1.500000000000000888, 0.4019237886466782705, -4.897329099369263083 ) ) ;
#1084 = DIRECTION ( 'NONE',  ( -1.000000000000000000, 0.000000000000000000, 0.000000000000000000 ) ) ;
#1085 = CARTESIAN_POINT ( 'NONE',  ( -1.836970198721024757E-16, -1.499999999999991562, 3.749999999999976463 ) ) ;
#1086 = CARTESIAN_POINT ( 'NONE',  ( -1.322475605676645349, -0.7635316469341199008, 3.713541666666635876 ) ) ;
#1087 = CARTESIAN_POINT ( 'NONE',  ( -1.499999999999995559, -1.519373034954197317E-14, 2.124999999999981348 ) ) ;
#1088 = CARTESIAN_POINT ( 'NONE',  ( 0.8660254037844368202, 1.499999999999999334, 3.958333333333308612 ) ) ;
#1089 = CARTESIAN_POINT ( 'NONE',  ( -1.017788105676648902, 0.5876202367904169721, -4.604166666666678509 ) ) ;
#1090 = CARTESIAN_POINT ( 'NONE',  ( -1.499999999999996447, -7.814748497183156485E-15, -6.812500000000014211 ) ) ;
#1091 = CARTESIAN_POINT ( 'NONE',  ( 1.499999999999996447, 3.776644255144276145E-15, 6.437499999999958256 ) ) ;
#1092 = EDGE_LOOP ( 'NONE', ( #5124, #3335, #250, #2527 ) ) ;
#1093 = CARTESIAN_POINT ( 'NONE',  ( 0.000000000000000000, 1.527063293868253568, -5.453125000000009770 ) ) ;
#1094 = EDGE_CURVE ( 'NONE', #4439, #3073, #7592, .T. ) ;
#1095 = CARTESIAN_POINT ( 'NONE',  ( 0.000000000000000000, 1.500000000000000666, 1.062499999999968914 ) ) ;
#1096 = CARTESIAN_POINT ( 'NONE',  ( 1.322475605676645349, -0.7635316469341211221, 5.848958333333300175 ) ) ;
#1097 = CARTESIAN_POINT ( 'NONE',  ( -1.000000000000005551, -0.5773502691896376104, 8.495000000000000995 ) ) ;
#1098 = CARTESIAN_POINT ( 'NONE',  ( 1.175240473580826617, 8.570077348212010767E-15, 1.124999999999977573 ) ) ;
#1099 = EDGE_CURVE ( 'NONE', #4063, #464, #2420, .T. ) ;
#1100 = ORIENTED_EDGE ( 'NONE', *, *, #2231, .F. ) ;
#1101 = ORIENTED_EDGE ( 'NONE', *, *, #6434, .F. ) ;
#1102 = CARTESIAN_POINT ( 'NONE',  ( 1.499999999999995559, 3.747593145489319422E-15, 4.874999999999974243 ) ) ;
#1103 = CARTESIAN_POINT ( 'NONE',  ( 1.175240473580825729, 0.3149047358083479353, -2.290170900630756456 ) ) ;
#1104 = CARTESIAN_POINT ( 'NONE',  ( 1.017788105676649346, 0.5876202367904160839, 6.666666666666631436 ) ) ;
#1105 = DIRECTION ( 'NONE',  ( 1.000000000000000000, 0.000000000000000000, 0.000000000000000000 ) ) ;
#1106 = DIRECTION ( 'NONE',  ( 0.000000000000000000, 0.000000000000000000, -1.000000000000000000 ) ) ;
#1107 = LINE ( 'NONE', #3679, #5758 ) ;
#1108 = CARTESIAN_POINT ( 'NONE',  ( 0.000000000000000000, -9.067116327485578019E-15, 12.24264068711923237 ) ) ;
#1109 = CARTESIAN_POINT ( 'NONE',  ( 1.763300807568860762, 4.051117844727701623E-15, -3.109375000000014211 ) ) ;
#1110 =( BOUNDED_CURVE ( )  B_SPLINE_CURVE ( 2, ( #480, #1874, #4454, #6870, #3055, #2338, #4926, #7505, #1710 ),
 .UNSPECIFIED., .F., .T. ) 
 B_SPLINE_CURVE_WITH_KNOTS ( ( 3, 2, 2, 2, 3 ),
 ( 0.3581081081081081141, 0.3603603603603603434, 0.3648648648648648574, 0.3693693693693693714, 0.3716216216216216006 ),
 .UNSPECIFIED. ) 
 CURVE ( )  GEOMETRIC_REPRESENTATION_ITEM ( )  RATIONAL_B_SPLINE_CURVE ( ( 0.9330127018922194093, 0.9330127018922201865, 1.000000000000000000, 0.8660254037844387076, 1.000000000000000000, 0.8660254037844387076, 1.000000000000000000, 0.9330127018922202975, 0.9330127018922194093 ) ) 
 REPRESENTATION_ITEM ( '' )  );
#1111 = ORIENTED_EDGE ( 'NONE', *, *, #2786, .F. ) ;
#1112 =( BOUNDED_CURVE ( )  B_SPLINE_CURVE ( 2, ( #7291, #1493, #3435, #3940, #6526, #6740, #392, #6222, #6184 ),
 .UNSPECIFIED., .F., .T. ) 
 B_SPLINE_CURVE_WITH_KNOTS ( ( 3, 2, 2, 2, 3 ),
 ( 0.06081081081081084194, 0.06306306306306305731, 0.06756756756756757132, 0.07207207207207207145, 0.07432432432432428682 ),
 .UNSPECIFIED. ) 
 CURVE ( )  GEOMETRIC_REPRESENTATION_ITEM ( )  RATIONAL_B_SPLINE_CURVE ( ( 0.9330127018922192983, 0.9330127018922202975, 1.000000000000000000, 0.8660254037844387076, 1.000000000000000000, 0.8660254037844387076, 1.000000000000000000, 0.9330127018922205195, 0.9330127018922194093 ) ) 
 REPRESENTATION_ITEM ( '' )  );
#1113 = DIRECTION ( 'NONE',  ( 0.000000000000000000, 0.000000000000000000, -1.000000000000000000 ) ) ;
#1114 = ADVANCED_FACE ( 'NONE', ( #4372 ), #8286, .T. ) ;
#1115 = VERTEX_POINT ( 'NONE', #3647 ) ;
#1116 = CARTESIAN_POINT ( 'NONE',  ( 1.175240473580824618, -0.3149047358083510995, -2.897329099369275074 ) ) ;
#1117 = CARTESIAN_POINT ( 'NONE',  ( -1.017788105676648902, -0.5876202367904079793, -1.583333333333351467 ) ) ;
#1118 = CARTESIAN_POINT ( 'NONE',  ( 1.499999999999982014, -8.883419307613476875E-15, 12.24264068711923237 ) ) ;
#1119 = DIRECTION ( 'NONE',  ( 0.000000000000000000, 0.000000000000000000, -1.000000000000000000 ) ) ;
#1120 = FACE_OUTER_BOUND ( 'NONE', #7297, .T. ) ;
#1121 = CARTESIAN_POINT ( 'NONE',  ( 0.6785254037844206110, -1.175240473580827727, -3.395833333333347248 ) ) ;
#1122 = VERTEX_POINT ( 'NONE', #5090 ) ;
#1123 = CARTESIAN_POINT ( 'NONE',  ( -1.357050807568865203, 4.458126344604650913E-15, 2.937499999999972911 ) ) ;
#1124 = ORIENTED_EDGE ( 'NONE', *, *, #1407, .T. ) ;
#1125 = CYLINDRICAL_SURFACE ( 'NONE', #7798, 1.175240473580825062 ) ;
#1126 = FACE_OUTER_BOUND ( 'NONE', #5829, .T. ) ;
#1127 = CARTESIAN_POINT ( 'NONE',  ( -1.499999999999995781, -0.4019237886466783261, -3.352670900630748463 ) ) ;
#1128 = CARTESIAN_POINT ( 'NONE',  ( -1.870113174931165379E-16, -1.527063293868244687, 3.796874999999970246 ) ) ;
#1129 = CARTESIAN_POINT ( 'NONE',  ( 0.6785254037844687947, 1.175240473580808187, 5.270833333333301063 ) ) ;
#1130 = VECTOR ( 'NONE', #4464, 1000.000000000000000 ) ;
#1131 = CARTESIAN_POINT ( 'NONE',  ( -1.439254484199176806E-16, -1.175240473580820844, -5.437500000000009770 ) ) ;
#1132 = LINE ( 'NONE', #7604, #1169 ) ;
#1133 = LINE ( 'NONE', #3072, #4680 ) ;
#1134 = AXIS2_PLACEMENT_3D ( 'NONE', #24, #6300, #4910 ) ;
#1135 = VERTEX_POINT ( 'NONE', #5685 ) ;
#1136 = CARTESIAN_POINT ( 'NONE',  ( 0.8816504037844310471, 1.527063293868253124, -5.994791666666676733 ) ) ;
#1137 = CARTESIAN_POINT ( 'NONE',  ( 1.017788105676648014, -0.5876202367904097557, -7.354166666666672292 ) ) ;
#1138 = CARTESIAN_POINT ( 'NONE',  ( -0.8816504037844309360, -1.527063293868244909, 3.723958333333304171 ) ) ;
#1139 = CARTESIAN_POINT ( 'NONE',  ( 1.357050807568865203, 4.125744759050742171E-15, 10.18749999999995737 ) ) ;
#1140 = CARTESIAN_POINT ( 'NONE',  ( -1.299038105676654453, -0.7499999999999933387, 6.666666666666637653 ) ) ;
#1141 = EDGE_CURVE ( 'NONE', #1614, #5259, #6957, .T. ) ;
#1142 = DIRECTION ( 'NONE',  ( -0.000000000000000000, -0.000000000000000000, 1.000000000000000000 ) ) ;
#1143 = EDGE_CURVE ( 'NONE', #2692, #3822, #3102, .T. ) ;
#1144 = ORIENTED_EDGE ( 'NONE', *, *, #618, .T. ) ;
#1145 = ORIENTED_EDGE ( 'NONE', *, *, #4354, .T. ) ;
#1146 = CARTESIAN_POINT ( 'NONE',  ( -1.499999999999995559, 4.561024215828087150E-15, 7.124999999999969802 ) ) ;
#1147 = CARTESIAN_POINT ( 'NONE',  ( 1.175240473580824174, 1.772117688952314140E-15, 4.187499999999970690 ) ) ;
#1148 = CARTESIAN_POINT ( 'NONE',  ( -0.6785254037844329345, -1.175240473580820622, 5.458333333333300175 ) ) ;
#1149 = CARTESIAN_POINT ( 'NONE',  ( -1.175240473580824618, 7.611390729598465736E-15, -0.1250000000000208444 ) ) ;
#1150 = CARTESIAN_POINT ( 'NONE',  ( -1.299038105676654675, 0.7500000000000027756, -6.354166666666680285 ) ) ;
#1151 = CARTESIAN_POINT ( 'NONE',  ( 0.8816504037844310471, 1.527063293868253124, 10.00520833333329129 ) ) ;
#1152 = CARTESIAN_POINT ( 'NONE',  ( -1.499999999999995559, -5.258250847547031143E-15, -1.375000000000011546 ) ) ;
#1153 = CARTESIAN_POINT ( 'NONE',  ( 0.8816504037844311581, 1.527063293868253568, -3.026041666666681618 ) ) ;
#1154 = EDGE_CURVE ( 'NONE', #4742, #964, #3096, .T. ) ;
#1155 = ORIENTED_EDGE ( 'NONE', *, *, #4203, .F. ) ;
#1156 = CARTESIAN_POINT ( 'NONE',  ( -1.499999999999995559, -5.258250847547031143E-15, -3.875000000000006661 ) ) ;
#1157 = ORIENTED_EDGE ( 'NONE', *, *, #4826, .F. ) ;
#1158 = CARTESIAN_POINT ( 'NONE',  ( 1.017788105676644683, -0.5876202367904156398, -2.916666666666682062 ) ) ;
#1159 = CARTESIAN_POINT ( 'NONE',  ( 0.6785254037844699049, 1.175240473580807743, 7.208333333333295734 ) ) ;
#1160 = CARTESIAN_POINT ( 'NONE',  ( -1.439254484199176806E-16, -1.175240473580820844, -2.000000000000017319 ) ) ;
#1161 = CARTESIAN_POINT ( 'NONE',  ( 0.8660254037844371533, 1.500000000000000222, 7.020833333333289517 ) ) ;
#1162 = CARTESIAN_POINT ( 'NONE',  ( 0.6785254037844200559, -1.175240473580828393, -1.895833333333351245 ) ) ;
#1163 =( BOUNDED_CURVE ( )  B_SPLINE_CURVE ( 2, ( #354, #3136, #7036, #1161, #1795, #4284, #8243, #563, #2501 ),
 .UNSPECIFIED., .F., .T. ) 
 B_SPLINE_CURVE_WITH_KNOTS ( ( 3, 2, 2, 2, 3 ),
 ( 0.8310810810810810301, 0.8333333333333333703, 0.8378378378378378288, 0.8423423423423422873, 0.8445945945945946276 ),
 .UNSPECIFIED. ) 
 CURVE ( )  GEOMETRIC_REPRESENTATION_ITEM ( )  RATIONAL_B_SPLINE_CURVE ( ( 0.9330127018922192983, 0.9330127018922176330, 1.000000000000000000, 0.8660254037844387076, 1.000000000000000000, 0.8660254037844387076, 1.000000000000000000, 0.9330127018922176330, 0.9330127018922192983 ) ) 
 REPRESENTATION_ITEM ( '' )  );
#1164 = CARTESIAN_POINT ( 'NONE',  ( 1.175240473580824174, 2.411242101361345672E-15, 5.124999999999968914 ) ) ;
#1165 = CARTESIAN_POINT ( 'NONE',  ( -1.474777019040219234E-16, -1.204246824526884918, -7.920753175473084440 ) ) ;
#1166 = EDGE_CURVE ( 'NONE', #7526, #2294, #3814, .T. ) ;
#1167 = EDGE_LOOP ( 'NONE', ( #94, #2334, #6505, #5545 ) ) ;
#1168 = CARTESIAN_POINT ( 'NONE',  ( 1.357050807568865203, 4.125744759050742171E-15, 5.687499999999966249 ) ) ;
#1169 = VECTOR ( 'NONE', #4469, 1000.000000000000000 ) ;
#1170 = ORIENTED_EDGE ( 'NONE', *, *, #1143, .F. ) ;
#1171 = CARTESIAN_POINT ( 'NONE',  ( 1.017788105676659782, 0.5876202367903978763, 3.229166666666638985 ) ) ;
#1172 = DIRECTION ( 'NONE',  ( 0.000000000000000000, 0.000000000000000000, -1.000000000000000000 ) ) ;
#1173 = CARTESIAN_POINT ( 'NONE',  ( -1.299038105676654897, -0.7499999999999935607, 5.729166666666626107 ) ) ;
#1174 = CARTESIAN_POINT ( 'NONE',  ( -1.017788105676651567, -0.5876202367904034274, -3.583333333333347248 ) ) ;
#1175 = CARTESIAN_POINT ( 'NONE',  ( 1.357050807568865203, 4.125744759050742171E-15, -6.812500000000008882 ) ) ;
#1176 = CARTESIAN_POINT ( 'NONE',  ( 0.6785254037844377084, 1.175240473580826395, -5.229166666666676733 ) ) ;
#1177 = CIRCLE ( 'NONE', #231, 1.154700538379258568 ) ;
#1178 = DIRECTION ( 'NONE',  ( 1.000000000000000000, 0.000000000000000000, 0.000000000000000000 ) ) ;
#1179 = CARTESIAN_POINT ( 'NONE',  ( 1.322475605676645127, -0.7635316469341209000, -5.119791666666677621 ) ) ;
#1180 = DIRECTION ( 'NONE',  ( 0.000000000000000000, 0.000000000000000000, -1.000000000000000000 ) ) ;
#1181 = VECTOR ( 'NONE', #3269, 1000.000000000000000 ) ;
#1182 = CARTESIAN_POINT ( 'NONE',  ( 1.322475605676645349, -0.7635316469341211221, 4.348958333333303727 ) ) ;
#1183 =( BOUNDED_CURVE ( )  B_SPLINE_CURVE ( 2, ( #726, #5331, #7845, #6646, #769, #7155, #5169, #7115, #2748 ),
 .UNSPECIFIED., .F., .T. ) 
 B_SPLINE_CURVE_WITH_KNOTS ( ( 3, 2, 2, 2, 3 ),
 ( 0.7364864864864865135, 0.7387387387387387427, 0.7432432432432432012, 0.7477477477477477708, 0.7500000000000000000 ),
 .UNSPECIFIED. ) 
 CURVE ( )  GEOMETRIC_REPRESENTATION_ITEM ( )  RATIONAL_B_SPLINE_CURVE ( ( 0.9330127018922194093, 0.9330127018922194093, 1.000000000000000000, 0.8660254037844387076, 1.000000000000000000, 0.8660254037844387076, 1.000000000000000000, 0.9330127018922194093, 0.9330127018922194093 ) ) 
 REPRESENTATION_ITEM ( '' )  );
#1184 = CARTESIAN_POINT ( 'NONE',  ( 1.017788105676648902, -0.5876202367904087565, 9.645833333333291293 ) ) ;
#1185 = CARTESIAN_POINT ( 'NONE',  ( 1.017788105676649346, 0.5876202367904157509, -7.270833333333339255 ) ) ;
#1186 = LINE ( 'NONE', #7097, #8081 ) ;
#1187 = AXIS2_PLACEMENT_3D ( 'NONE', #252, #8098, #6807 ) ;
#1188 = VERTEX_POINT ( 'NONE', #2461 ) ;
#1189 = ORIENTED_EDGE ( 'NONE', *, *, #4161, .T. ) ;
#1190 = CARTESIAN_POINT ( 'NONE',  ( 0.000000000000000000, 1.500000000000000222, -6.000000000000001776 ) ) ;
#1191 = CARTESIAN_POINT ( 'NONE',  ( 1.017788105676642685, -0.5876202367904191926, 4.145833333333303727 ) ) ;
#1192 = CARTESIAN_POINT ( 'NONE',  ( 0.000000000000000000, 1.175240473580829503, 4.749999999999968026 ) ) ;
#1193 = CARTESIAN_POINT ( 'NONE',  ( -1.017788105676640242, 0.5876202367904318491, 4.833333333333300175 ) ) ;
#1194 = DIRECTION ( 'NONE',  ( 0.000000000000000000, 0.000000000000000000, -1.000000000000000000 ) ) ;
#1195 = CARTESIAN_POINT ( 'NONE',  ( 0.000000000000000000, -9.067116327485578019E-15, 7.425240473580842604 ) ) ;
#1196 = CARTESIAN_POINT ( 'NONE',  ( -1.322475605676645571, 0.7635316469341293377, -3.401041666666679841 ) ) ;
#1197 = VERTEX_POINT ( 'NONE', #6393 ) ;
#1198 = VECTOR ( 'NONE', #3119, 1000.000000000000000 ) ;
#1199 = CARTESIAN_POINT ( 'NONE',  ( -1.499999999999985345, -0.4019237886466967558, 0.1473290993692454864 ) ) ;
#1200 = ORIENTED_EDGE ( 'NONE', *, *, #7870, .T. ) ;
#1201 = CARTESIAN_POINT ( 'NONE',  ( 1.299038105676655563, 0.7500000000000016653, -0.5208333333333601267 ) ) ;
#1202 = CARTESIAN_POINT ( 'NONE',  ( 1.499999999999995781, -6.071681917885798082E-15, -5.625000000000004441 ) ) ;
#1203 = CARTESIAN_POINT ( 'NONE',  ( 1.017788105676649346, 0.5876202367904160839, -2.833333333333349024 ) ) ;
#1204 = DIRECTION ( 'NONE',  ( -0.000000000000000000, -0.000000000000000000, 1.000000000000000000 ) ) ;
#1205 = CARTESIAN_POINT ( 'NONE',  ( -0.6785254037844562491, -1.175240473580807077, 4.958333333333301063 ) ) ;
#1206 = EDGE_CURVE ( 'NONE', #5048, #1691, #7207, .T. ) ;
#1207 = CARTESIAN_POINT ( 'NONE',  ( 1.017788105676647348, -0.5876202367904111989, 2.583333333333305504 ) ) ;
#1208 = ORIENTED_EDGE ( 'NONE', *, *, #3103, .F. ) ;
#1209 = VECTOR ( 'NONE', #3304, 1000.000000000000000 ) ;
#1210 = VECTOR ( 'NONE', #5707, 1000.000000000000000 ) ;
#1211 = EDGE_CURVE ( 'NONE', #4521, #4063, #1110, .T. ) ;
#1212 = VERTEX_POINT ( 'NONE', #5211 ) ;
#1213 = CARTESIAN_POINT ( 'NONE',  ( 1.175240473580825284, 6.100733027540755593E-15, -4.812500000000011546 ) ) ;
#1214 = CARTESIAN_POINT ( 'NONE',  ( -0.8660254037844362651, 1.500000000000000666, -4.895833333333350801 ) ) ;
#1215 = CARTESIAN_POINT ( 'NONE',  ( 1.612256002741670755E-14, 1.175240473580829503, 5.312499999999966249 ) ) ;
#1216 = CARTESIAN_POINT ( 'NONE',  ( -1.439254484199176806E-16, -1.175240473580820844, -3.437500000000014211 ) ) ;
#1217 = CARTESIAN_POINT ( 'NONE',  ( -0.6785254037844259400, 1.175240473580833056, -5.145833333333344584 ) ) ;
#1218 = CARTESIAN_POINT ( 'NONE',  ( 1.175240473580825284, 3.195622062045156283E-15, -6.375000000000007105 ) ) ;
#1219 = CARTESIAN_POINT ( 'NONE',  ( 1.763300807568860318, 4.051117844727701623E-15, -1.578125000000018652 ) ) ;
#1220 = CARTESIAN_POINT ( 'NONE',  ( 2.014956277878847874E-15, 1.175240473580829503, -4.750000000000011546 ) ) ;
#1221 = CARTESIAN_POINT ( 'NONE',  ( 1.322475605676646238, 0.7635316469341281165, 6.932291666666631436 ) ) ;
#1222 = CARTESIAN_POINT ( 'NONE',  ( 0.6785254037844321573, -1.175240473580821066, 10.10416666666662167 ) ) ;
#1223 = CARTESIAN_POINT ( 'NONE',  ( 1.499999999999995781, -0.4019237886466791032, 0.8526709006307224836 ) ) ;
#1224 = CARTESIAN_POINT ( 'NONE',  ( 1.050943903833218229, -1.070288237343462567, -7.625000000000000000 ) ) ;
#1225 = ORIENTED_EDGE ( 'NONE', *, *, #879, .T. ) ;
#1226 = ORIENTED_EDGE ( 'NONE', *, *, #7248, .T. ) ;
#1227 = CYLINDRICAL_SURFACE ( 'NONE', #4764, 1.499999999999982014 ) ;
#1228 = CARTESIAN_POINT ( 'NONE',  ( 0.000000000000000000, -9.067116327485578019E-15, 7.749999999999998224 ) ) ;
#1229 = CARTESIAN_POINT ( 'NONE',  ( -0.6785254037844329345, -1.175240473580820622, 9.958333333333291293 ) ) ;
#1230 = CARTESIAN_POINT ( 'NONE',  ( -1.474777019040219234E-16, -1.204246824526884918, -7.920753175473084440 ) ) ;
#1231 = FACE_OUTER_BOUND ( 'NONE', #4601, .T. ) ;
#1232 =( BOUNDED_CURVE ( )  B_SPLINE_CURVE ( 2, ( #1362, #5841, #1997, #7328, #5417, #5461, #3428, #2161, #6816 ),
 .UNSPECIFIED., .F., .F. ) 
 B_SPLINE_CURVE_WITH_KNOTS ( ( 3, 2, 2, 2, 3 ),
 ( 0.6959459459459458319, 0.6981981981981981722, 0.7027027027027026307, 0.7072072072072072002, 0.7094594594594594295 ),
 .UNSPECIFIED. ) 
 CURVE ( )  GEOMETRIC_REPRESENTATION_ITEM ( )  RATIONAL_B_SPLINE_CURVE ( ( 0.9330127018922194093, 0.9330127018922160786, 1.000000000000000000, 0.8660254037844388186, 1.000000000000000000, 0.8660254037844388186, 1.000000000000000000, 0.9330127018922210747, 0.9330127018922194093 ) ) 
 REPRESENTATION_ITEM ( '' )  );
#1233 = CARTESIAN_POINT ( 'NONE',  ( -1.499999999999995559, -5.258250847547031143E-15, -0.3750000000000142109 ) ) ;
#1234 = CARTESIAN_POINT ( 'NONE',  ( -1.870113174931165872E-16, -1.527063293868245131, -1.734375000000017097 ) ) ;
#1235 = ORIENTED_EDGE ( 'NONE', *, *, #4934, .T. ) ;
#1236 = CARTESIAN_POINT ( 'NONE',  ( -1.499999999999996447, -0.4019237886466784926, 4.209829099369222227 ) ) ;
#1237 = VERTEX_POINT ( 'NONE', #6563 ) ;
#1238 = CARTESIAN_POINT ( 'NONE',  ( 0.6785254037844313801, -1.175240473580821288, -7.458333333333339255 ) ) ;
#1239 = CARTESIAN_POINT ( 'NONE',  ( 1.017788105676634025, -0.5876202367904340695, 5.145833333333301063 ) ) ;
#1240 = CARTESIAN_POINT ( 'NONE',  ( 1.017788105676648902, -0.5876202367904087565, -2.916666666666682062 ) ) ;
#1241 = CARTESIAN_POINT ( 'NONE',  ( 1.584318734975022895E-16, 1.124999999999994005, -7.999999999999998224 ) ) ;
#1242 = CARTESIAN_POINT ( 'NONE',  ( -1.299038105676654231, 0.7500000000000025535, -3.916666666666674068 ) ) ;
#1243 = CARTESIAN_POINT ( 'NONE',  ( -1.017788105676641353, 0.5876202367904297397, 0.8958333333333092785 ) ) ;
#1244 = CARTESIAN_POINT ( 'NONE',  ( -1.175240473580828837, -0.3149047358083406078, -2.602670900630756012 ) ) ;
#1245 = LINE ( 'NONE', #530, #522 ) ;
#1246 = ORIENTED_EDGE ( 'NONE', *, *, #7658, .T. ) ;
#1247 = ADVANCED_FACE ( 'NONE', ( #5 ), #729, .T. ) ;
#1248 = EDGE_CURVE ( 'NONE', #6488, #2170, #687, .T. ) ;
#1249 = VERTEX_POINT ( 'NONE', #7117 ) ;
#1250 = CARTESIAN_POINT ( 'NONE',  ( 1.151694567797934098E-14, 1.175240473580829503, -2.750000000000015543 ) ) ;
#1251 = VECTOR ( 'NONE', #5372, 1000.000000000000000 ) ;
#1252 = CARTESIAN_POINT ( 'NONE',  ( -1.836970198721024757E-16, -1.499999999999991562, -2.750000000000008882 ) ) ;
#1253 = CARTESIAN_POINT ( 'NONE',  ( 1.175240473580825284, 5.810221930991195465E-15, -4.312500000000012434 ) ) ;
#1254 = DIRECTION ( 'NONE',  ( -0.000000000000000000, -0.000000000000000000, 1.000000000000000000 ) ) ;
#1255 = CARTESIAN_POINT ( 'NONE',  ( -0.6785254037844324904, 1.175240473580829281, -3.145833333333347692 ) ) ;
#1256 = EDGE_CURVE ( 'NONE', #2072, #7322, #2210, .T. ) ;
#1257 = CARTESIAN_POINT ( 'NONE',  ( 0.000000000000000000, 1.500000000000000222, 1.499999999999980904 ) ) ;
#1258 = CARTESIAN_POINT ( 'NONE',  ( -0.6785254037844329345, -1.175240473580820622, -8.041666666666671404 ) ) ;
#1259 = CARTESIAN_POINT ( 'NONE',  ( -1.763300807568860318, 4.483001982712331095E-15, -1.328125000000019318 ) ) ;
#1260 = FACE_OUTER_BOUND ( 'NONE', #2362, .T. ) ;
#1261 = CARTESIAN_POINT ( 'NONE',  ( -0.8816504037844302699, 1.527063293868253790, 8.057291666666626995 ) ) ;
#1262 = EDGE_CURVE ( 'NONE', #6633, #8335, #3979, .T. ) ;
#1263 = CARTESIAN_POINT ( 'NONE',  ( 1.175240473580822842, 0.3149047358083461035, 6.147329099369226668 ) ) ;
#1264 = VECTOR ( 'NONE', #1172, 1000.000000000000000 ) ;
#1265 = CARTESIAN_POINT ( 'NONE',  ( -1.175240473580823952, 1.612336585850056306E-14, 2.374999999999972911 ) ) ;
#1266 = EDGE_LOOP ( 'NONE', ( #1329, #1801, #2956, #4313 ) ) ;
#1267 = ORIENTED_EDGE ( 'NONE', *, *, #22, .T. ) ;
#1268 = LINE ( 'NONE', #3438, #3544 ) ;
#1269 = FACE_OUTER_BOUND ( 'NONE', #6008, .T. ) ;
#1270 = CARTESIAN_POINT ( 'NONE',  ( -1.357050807568865203, 4.458126344604650913E-15, 8.374999999999959144 ) ) ;
#1271 = CARTESIAN_POINT ( 'NONE',  ( -1.175240473580826395, 0.3149047358083585935, -5.584829099369269301 ) ) ;
#1272 = FACE_OUTER_BOUND ( 'NONE', #4022, .T. ) ;
#1273 = VECTOR ( 'NONE', #6160, 1000.000000000000000 ) ;
#1274 = CARTESIAN_POINT ( 'NONE',  ( 0.8816504037844311581, 1.527063293868253568, 0.9739583333333110549 ) ) ;
#1275 = ORIENTED_EDGE ( 'NONE', *, *, #5957, .F. ) ;
#1276 = CARTESIAN_POINT ( 'NONE',  ( 0.000000000000000000, -9.067116327485578019E-15, 12.24264068711923237 ) ) ;
#1277 = ORIENTED_EDGE ( 'NONE', *, *, #4146, .T. ) ;
#1278 =( BOUNDED_CURVE ( )  B_SPLINE_CURVE ( 2, ( #6525, #4538, #2624, #3223, #5807, #136, #6567, #5213, #7120 ),
 .UNSPECIFIED., .F., .T. ) 
 B_SPLINE_CURVE_WITH_KNOTS ( ( 3, 2, 2, 2, 3 ),
 ( 0.3986486486486486291, 0.4009009009009009139, 0.4054054054054054279, 0.4099099099099098864, 0.4121621621621621712 ),
 .UNSPECIFIED. ) 
 CURVE ( )  GEOMETRIC_REPRESENTATION_ITEM ( )  RATIONAL_B_SPLINE_CURVE ( ( 0.9330127018922194093, 0.9330127018922185211, 1.000000000000000000, 0.8660254037844387076, 1.000000000000000000, 0.8660254037844387076, 1.000000000000000000, 0.9330127018922185211, 0.9330127018922194093 ) ) 
 REPRESENTATION_ITEM ( '' )  );
#1279 = CARTESIAN_POINT ( 'NONE',  ( 1.175240473580825284, 0.3149047358083535975, -4.352670900630752904 ) ) ;
#1280 = CARTESIAN_POINT ( 'NONE',  ( -0.6785254037844562491, -1.175240473580807077, 5.020833333333301951 ) ) ;
#1281 = CARTESIAN_POINT ( 'NONE',  ( -1.357050807568865203, 4.458126344604650913E-15, 0.8749999999999764633 ) ) ;
#1282 = CARTESIAN_POINT ( 'NONE',  ( -1.499999999999982014, -9.067116327485576441E-15, 7.999999999999998224 ) ) ;
#1283 = CARTESIAN_POINT ( 'NONE',  ( -1.763300807568860318, 4.483001982712331095E-15, 5.671874999999964473 ) ) ;
#1284 = CARTESIAN_POINT ( 'NONE',  ( -1.017788105676651345, -0.5876202367904036494, -4.083333333333346360 ) ) ;
#1285 = CARTESIAN_POINT ( 'NONE',  ( 1.499999999999996225, 0.4019237886466866527, 3.897329099369235994 ) ) ;
#1286 = CARTESIAN_POINT ( 'NONE',  ( -0.6785254037844314912, 1.175240473580829725, -7.708333333333336590 ) ) ;
#1287 = VERTEX_POINT ( 'NONE', #4578 ) ;
#1288 = ORIENTED_EDGE ( 'NONE', *, *, #2439, .F. ) ;
#1289 = CARTESIAN_POINT ( 'NONE',  ( 1.017788105676647570, -0.5876202367904106438, -5.916666666666675845 ) ) ;
#1290 = CARTESIAN_POINT ( 'NONE',  ( 1.299038105676655563, 0.7500000000000016653, -5.020833333333349913 ) ) ;
#1291 = CARTESIAN_POINT ( 'NONE',  ( 1.175240473580825284, 5.287301957201987865E-15, -3.375000000000014211 ) ) ;
#1292 = EDGE_CURVE ( 'NONE', #885, #7700, #4026, .T. ) ;
#1293 = CARTESIAN_POINT ( 'NONE',  ( 0.000000000000000000, 1.175240473580829503, -3.187500000000015099 ) ) ;
#1294 = CARTESIAN_POINT ( 'NONE',  ( 1.499999999999996669, -1.597811031022578733E-14, 3.937499999999962697 ) ) ;
#1295 = CARTESIAN_POINT ( 'NONE',  ( 0.6785254037844321573, -1.175240473580821066, -7.458333333333339255 ) ) ;
#1296 = CARTESIAN_POINT ( 'NONE',  ( -0.8816504037844307140, -1.527063293868244465, -3.244791666666682506 ) ) ;
#1297 = CARTESIAN_POINT ( 'NONE',  ( 1.499999999999996447, -6.042630808230842937E-15, -0.5625000000000276446 ) ) ;
#1298 = DIRECTION ( 'NONE',  ( -1.000000000000000000, 0.000000000000000000, 0.000000000000000000 ) ) ;
#1299 = EDGE_CURVE ( 'NONE', #1212, #7183, #2879, .T. ) ;
#1300 = CARTESIAN_POINT ( 'NONE',  ( 0.8816504037844299368, -1.527063293868245353, 8.307291666666626995 ) ) ;
#1301 = AXIS2_PLACEMENT_3D ( 'NONE', #7020, #6376, #3798 ) ;
#1302 = CARTESIAN_POINT ( 'NONE',  ( -1.175240473580824840, 4.619126435137999807E-15, -7.062500000000006217 ) ) ;
#1303 = CARTESIAN_POINT ( 'NONE',  ( 0.000000000000000000, -1.166111451202051126E-15, 8.247499999999998721 ) ) ;
#1304 = EDGE_LOOP ( 'NONE', ( #5366, #2331, #556, #4226 ) ) ;
#1305 = ORIENTED_EDGE ( 'NONE', *, *, #2434, .F. ) ;
#1306 = EDGE_CURVE ( 'NONE', #4059, #2025, #3151, .T. ) ;
#1307 = EDGE_CURVE ( 'NONE', #7576, #3185, #4291, .T. ) ;
#1308 = CARTESIAN_POINT ( 'NONE',  ( -1.499999999999982014, -9.067116327485578019E-15, 12.24264068711923237 ) ) ;
#1309 = CARTESIAN_POINT ( 'NONE',  ( 0.6785254037844331565, 1.175240473580829059, 8.208333333333293069 ) ) ;
#1310 = AXIS2_PLACEMENT_3D ( 'NONE', #7383, #8076, #8157 ) ;
#1311 = CARTESIAN_POINT ( 'NONE',  ( 0.6785254037844370423, 1.175240473580826839, -6.791666666666673180 ) ) ;
#1312 = CARTESIAN_POINT ( 'NONE',  ( 5.614547390569752587E-15, 1.175240473580829503, -5.687500000000009770 ) ) ;
#1313 = DIRECTION ( 'NONE',  ( -0.000000000000000000, -0.000000000000000000, 1.000000000000000000 ) ) ;
#1314 = CARTESIAN_POINT ( 'NONE',  ( 1.322475605676646238, 0.7635316469341281165, -0.5677083333333532433 ) ) ;
#1315 = VERTEX_POINT ( 'NONE', #7803 ) ;
#1316 = CARTESIAN_POINT ( 'NONE',  ( 1.017788105676648902, -0.5876202367904087565, 4.145833333333303727 ) ) ;
#1317 = VECTOR ( 'NONE', #4567, 1000.000000000000000 ) ;
#1318 = ORIENTED_EDGE ( 'NONE', *, *, #6434, .T. ) ;
#1319 = CARTESIAN_POINT ( 'NONE',  ( -1.017788105676647126, 0.5876202367904200807, -4.166666666666679397 ) ) ;
#1320 = CARTESIAN_POINT ( 'NONE',  ( 1.499999999999982014, -8.883419307613476875E-15, 12.24264068711923237 ) ) ;
#1321 = CARTESIAN_POINT ( 'NONE',  ( -1.357050807568865203, 4.458126344604650913E-15, 1.374999999999975131 ) ) ;
#1322 = CARTESIAN_POINT ( 'NONE',  ( 1.499999999999995781, -6.071681917885798082E-15, 0.8749999999999819034 ) ) ;
#1323 = CARTESIAN_POINT ( 'NONE',  ( -1.499999999999995559, 4.561024215828087150E-15, 5.124999999999973355 ) ) ;
#1324 = CARTESIAN_POINT ( 'NONE',  ( 0.8816504037844296038, -1.527063293868245131, 6.338541666666630547 ) ) ;
#1325 = AXIS2_PLACEMENT_3D ( 'NONE', #7440, #287, #329 ) ;
#1326 = CARTESIAN_POINT ( 'NONE',  ( -0.6785254037844123953, 1.175240473580840828, 3.854166666666637653 ) ) ;
#1327 = CARTESIAN_POINT ( 'NONE',  ( -1.175240473580825284, 2.469344320671257935E-15, -5.625000000000008882 ) ) ;
#1328 = CARTESIAN_POINT ( 'NONE',  ( 1.017788105676654453, 0.5876202367904074242, -1.333333333333352133 ) ) ;
#1329 = ORIENTED_EDGE ( 'NONE', *, *, #582, .T. ) ;
#1330 =( BOUNDED_CURVE ( )  B_SPLINE_CURVE ( 2, ( #3195, #5777, #2394, #4384, #6969, #1930, #8381, #3153, #4508 ),
 .UNSPECIFIED., .F., .T. ) 
 B_SPLINE_CURVE_WITH_KNOTS ( ( 3, 2, 2, 2, 3 ),
 ( 0.5337837837837838828, 0.5360360360360360010, 0.5405405405405405705, 0.5450450450450450290, 0.5472972972972973693 ),
 .UNSPECIFIED. ) 
 CURVE ( )  GEOMETRIC_REPRESENTATION_ITEM ( )  RATIONAL_B_SPLINE_CURVE ( ( 0.9330127018922194093, 0.9330127018922226290, 1.000000000000000000, 0.8660254037844387076, 1.000000000000000000, 0.8660254037844387076, 1.000000000000000000, 0.9330127018922176330, 0.9330127018922192983 ) ) 
 REPRESENTATION_ITEM ( '' )  );
#1331 = ORIENTED_EDGE ( 'NONE', *, *, #2898, .F. ) ;
#1332 = CARTESIAN_POINT ( 'NONE',  ( 0.000000000000000000, 4.375030948216173530E-15, -8.000000000000000000 ) ) ;
#1333 = CARTESIAN_POINT ( 'NONE',  ( -1.175240473580824840, 0.3149047358083581494, -7.147329099369266636 ) ) ;
#1334 = LINE ( 'NONE', #7008, #1181 ) ;
#1335 = FACE_OUTER_BOUND ( 'NONE', #3457, .T. ) ;
#1336 = CARTESIAN_POINT ( 'NONE',  ( -0.6785254037844329345, -1.175240473580820622, -3.979166666666679397 ) ) ;
#1337 = CARTESIAN_POINT ( 'NONE',  ( -0.8660254037844369313, -1.499999999999991562, 0.2708333333333043380 ) ) ;
#1338 = CARTESIAN_POINT ( 'NONE',  ( 0.6785254037844331565, 1.175240473580829059, -4.791666666666679397 ) ) ;
#1339 = CARTESIAN_POINT ( 'NONE',  ( -1.322475605676645349, -0.7635316469341199008, -3.286458333333348580 ) ) ;
#1340 = CARTESIAN_POINT ( 'NONE',  ( 1.499999999999982014, -8.883419307613476875E-15, 12.24264068711923237 ) ) ;
#1341 = APPLICATION_CONTEXT ( 'configuration controlled 3d designs of mechanical parts and assemblies' ) ;
#1342 = FACE_OUTER_BOUND ( 'NONE', #3130, .T. ) ;
#1343 = CARTESIAN_POINT ( 'NONE',  ( 1.322475605676646238, 0.7635316469341281165, 7.432291666666630547 ) ) ;
#1344 = CARTESIAN_POINT ( 'NONE',  ( -1.162453265119556489, 0.1728946996161729310, 7.425240473580845268 ) ) ;
#1345 = CARTESIAN_POINT ( 'NONE',  ( 1.175240473580824840, 4.299564228933483745E-15, -7.375000000000006217 ) ) ;
#1346 = CARTESIAN_POINT ( 'NONE',  ( -1.499999999999995559, -1.519373034954197317E-14, 3.124999999999979572 ) ) ;
#1347 = ORIENTED_EDGE ( 'NONE', *, *, #1248, .T. ) ;
#1348 = ORIENTED_EDGE ( 'NONE', *, *, #3684, .F. ) ;
#1349 = EDGE_CURVE ( 'NONE', #6111, #8165, #12, .T. ) ;
#1350 = ADVANCED_FACE ( 'NONE', ( #2621 ), #1999, .T. ) ;
#1351 = CARTESIAN_POINT ( 'NONE',  ( 1.017788105676648902, -0.5876202367904087565, 9.583333333333291293 ) ) ;
#1352 = CARTESIAN_POINT ( 'NONE',  ( 1.017788105676634469, -0.5876202367904331814, 3.145833333333305948 ) ) ;
#1353 = CARTESIAN_POINT ( 'NONE',  ( 0.6785254037844370423, 1.175240473580826839, -6.729166666666674068 ) ) ;
#1354 = CARTESIAN_POINT ( 'NONE',  ( 1.499999999999996225, 0.4019237886466866527, 2.897329099369239547 ) ) ;
#1355 = CARTESIAN_POINT ( 'NONE',  ( 0.000000000000000000, 1.527063293868253790, -0.4843750000000195399 ) ) ;
#1356 = ORIENTED_EDGE ( 'NONE', *, *, #5861, .T. ) ;
#1357 = CARTESIAN_POINT ( 'NONE',  ( 1.017788105676649346, 0.5876202367904160839, 5.229166666666634100 ) ) ;
#1358 = EDGE_CURVE ( 'NONE', #2067, #1197, #565, .T. ) ;
#1359 = CARTESIAN_POINT ( 'NONE',  ( -0.8660254037844369313, -1.499999999999991562, 4.270833333333294846 ) ) ;
#1360 = ORIENTED_EDGE ( 'NONE', *, *, #5894, .F. ) ;
#1361 = CARTESIAN_POINT ( 'NONE',  ( 1.299038105676655563, 0.7500000000000016653, -4.520833333333351689 ) ) ;
#1362 = CARTESIAN_POINT ( 'NONE',  ( -1.499999999999995559, -1.519373034954197317E-14, -2.375000000000009326 ) ) ;
#1363 = CARTESIAN_POINT ( 'NONE',  ( 0.6785254037844321573, -1.175240473580821066, 1.041666666666642316 ) ) ;
#1364 = CARTESIAN_POINT ( 'NONE',  ( -1.499999999999995559, -5.258250847547031143E-15, 1.124999999999982458 ) ) ;
#1365 = CARTESIAN_POINT ( 'NONE',  ( 1.763300807568860318, 4.051117844727701623E-15, 5.421874999999966249 ) ) ;
#1366 = CARTESIAN_POINT ( 'NONE',  ( 0.6785254037844598018, 1.175240473580813738, 3.770833333333303283 ) ) ;
#1367 = CARTESIAN_POINT ( 'NONE',  ( 2.090888129456733474E-29, -8.156945959658624471E-15, 6.855167112299465515 ) ) ;
#1368 = CYLINDRICAL_SURFACE ( 'NONE', #2939, 1.499999999999982014 ) ;
#1369 = ORIENTED_EDGE ( 'NONE', *, *, #5383, .T. ) ;
#1370 = EDGE_CURVE ( 'NONE', #8165, #7812, #243, .T. ) ;
#1371 = ORIENTED_EDGE ( 'NONE', *, *, #1770, .T. ) ;
#1372 = DIRECTION ( 'NONE',  ( 1.000000000000000000, 0.000000000000000000, 0.000000000000000000 ) ) ;
#1373 = CARTESIAN_POINT ( 'NONE',  ( -1.175240473580824618, 7.611390729598465736E-15, -0.06250000000002078893 ) ) ;
#1374 = CARTESIAN_POINT ( 'NONE',  ( 0.6785254037844385966, 1.175240473580825729, -3.791666666666680285 ) ) ;
#1375 = CARTESIAN_POINT ( 'NONE',  ( -1.499999999999995559, -5.258250847547031143E-15, -1.375000000000011546 ) ) ;
#1376 = CARTESIAN_POINT ( 'NONE',  ( 0.6785254037844321573, -1.175240473580821066, -1.895833333333351245 ) ) ;
#1377 =( BOUNDED_CURVE ( )  B_SPLINE_CURVE ( 2, ( #6450, #3354, #656, #5942, #5220, #7946, #6615, #143, #7168 ),
 .UNSPECIFIED., .F., .T. ) 
 B_SPLINE_CURVE_WITH_KNOTS ( ( 3, 2, 2, 2, 3 ),
 ( 0.2229729729729730270, 0.2252252252252252562, 0.2297297297297297147, 0.2342342342342342842, 0.2364864864864865135 ),
 .UNSPECIFIED. ) 
 CURVE ( )  GEOMETRIC_REPRESENTATION_ITEM ( )  RATIONAL_B_SPLINE_CURVE ( ( 0.9330127018922194093, 0.9330127018922210747, 1.000000000000000000, 0.8660254037844388186, 1.000000000000000000, 0.8660254037844388186, 1.000000000000000000, 0.9330127018922194093, 0.9330127018922194093 ) ) 
 REPRESENTATION_ITEM ( '' )  );
#1378 =( BOUNDED_CURVE ( )  B_SPLINE_CURVE ( 2, ( #2491, #5043, #5002, #7669, #1863, #7028, #8235, #636, #1152 ),
 .UNSPECIFIED., .F., .T. ) 
 B_SPLINE_CURVE_WITH_KNOTS ( ( 3, 2, 2, 2, 3 ),
 ( 0.6283783783783783994, 0.6306306306306306286, 0.6351351351351350871, 0.6396396396396396566, 0.6418918918918918859 ),
 .UNSPECIFIED. ) 
 CURVE ( )  GEOMETRIC_REPRESENTATION_ITEM ( )  RATIONAL_B_SPLINE_CURVE ( ( 0.9330127018922194093, 0.9330127018922194093, 1.000000000000000000, 0.8660254037844388186, 1.000000000000000000, 0.8660254037844388186, 1.000000000000000000, 0.9330127018922210747, 0.9330127018922194093 ) ) 
 REPRESENTATION_ITEM ( '' )  );
#1379 = CARTESIAN_POINT ( 'NONE',  ( 0.000000000000000000, 1.175240473580829503, -6.250000000000007994 ) ) ;
#1380 = CARTESIAN_POINT ( 'NONE',  ( -1.017788105676636912, 0.5876202367904378443, 2.333333333333307280 ) ) ;
#1381 = CARTESIAN_POINT ( 'NONE',  ( 0.000000000000000000, 1.527063293868253568, -2.953125000000015543 ) ) ;
#1382 = DIRECTION ( 'NONE',  ( 0.000000000000000000, -1.000000000000000000, -1.156482317317864428E-15 ) ) ;
#1383 = CARTESIAN_POINT ( 'NONE',  ( 1.017788105676659338, 0.5876202367903989865, 1.166666666666642316 ) ) ;
#1384 = CARTESIAN_POINT ( 'NONE',  ( -1.870113174931165872E-16, -1.527063293868245131, 8.765624999999959144 ) ) ;
#1385 = DIRECTION ( 'NONE',  ( -0.000000000000000000, -7.531071187239187305E-16, 1.000000000000000000 ) ) ;
#1386 = CARTESIAN_POINT ( 'NONE',  ( -1.299038105676654897, -0.7499999999999935607, -5.770833333333349024 ) ) ;
#1387 = CARTESIAN_POINT ( 'NONE',  ( -1.499999999999995559, 4.561024215828087150E-15, 6.624999999999970690 ) ) ;
#1388 = EDGE_LOOP ( 'NONE', ( #3036, #6177, #3176, #4262 ) ) ;
#1389 = ORIENTED_EDGE ( 'NONE', *, *, #3578, .F. ) ;
#1390 = CARTESIAN_POINT ( 'NONE',  ( 1.017788105676649346, 0.5876202367904160839, 9.166666666666625218 ) ) ;
#1391 = CARTESIAN_POINT ( 'NONE',  ( 0.6785254037844170583, -1.175240473580829725, 3.104166666666638985 ) ) ;
#1392 = CARTESIAN_POINT ( 'NONE',  ( -1.017788105676648014, 0.5876202367904188595, -6.604166666666674068 ) ) ;
#1393 = CARTESIAN_POINT ( 'NONE',  ( 0.8660254037844371533, 1.500000000000000222, -7.479166666666681174 ) ) ;
#1394 = CARTESIAN_POINT ( 'NONE',  ( -1.322475605676645571, 0.7635316469341293377, 0.5989583333333107218 ) ) ;
#1395 = ORIENTED_EDGE ( 'NONE', *, *, #5233, .T. ) ;
#1396 = CARTESIAN_POINT ( 'NONE',  ( -0.6785254037844329345, -1.175240473580820622, 5.520833333333298398 ) ) ;
#1397 = EDGE_CURVE ( 'NONE', #444, #446, #4018, .T. ) ;
#1398 = ADVANCED_FACE ( 'NONE', ( #8022 ), #2874, .T. ) ;
#1399 = CARTESIAN_POINT ( 'NONE',  ( -1.439254484199176806E-16, -1.175240473580820844, -7.937500000000003553 ) ) ;
#1400 = EDGE_LOOP ( 'NONE', ( #4270, #2083, #3894, #6041, #3591, #5278, #4365, #2361, #4713, #3427, #3394, #7939, #5939, #4345, #1991, #682, #4288, #7598, #6512, #1856, #7882, #4600, #7763, #1124, #1267, #3989, #3413, #5164, #5034, #8390, #1545, #7098, #1738, #982, #7237, #8116, #1226, #6765, #7491, #4923, #3799, #301, #3064, #5167, #4314, #7293, #3530, #6088, #3715, #7992, #4952, #7142, #4501, #2417, #3800, #5247, #6102, #3731, #6176, #891, #1729, #2922, #6104, #4211, #7854, #5534, #4902, #766, #1029, #720, #473, #4378, #4697, #7631, #4828, #5388, #1444, #3029, #1200, #763, #3308, #1062, #224, #5849, #1584, #5016, #7402, #6932, #6940, #2467, #1371, #2510, #172, #777, #159, #7617, #2415, #2198, #3943, #7480, #6349, #4375, #8196, #8229, #5086, #1395, #7454, #2911, #7927, #1718, #6316, #7869, #1748, #6899, #3100, #7921, #4150, #324, #5073, #1517, #8220, #6265, #359, #8058, #8239, #3090, #4995, #6853 ) ) ;
#1401 = VERTEX_POINT ( 'NONE', #2248 ) ;
#1402 = CYLINDRICAL_SURFACE ( 'NONE', #1923, 1.499999999999982014 ) ;
#1403 = CARTESIAN_POINT ( 'NONE',  ( -1.017788105676648902, 0.5876202367904169721, 1.833333333333308390 ) ) ;
#1404 = CARTESIAN_POINT ( 'NONE',  ( 1.175240473580825062, 4.375030948216173530E-15, -8.000000000000000000 ) ) ;
#1405 = CARTESIAN_POINT ( 'NONE',  ( 1.175240473580825062, 4.375030948216173530E-15, -8.000000000000000000 ) ) ;
#1406 = CARTESIAN_POINT ( 'NONE',  ( -0.8816504037844300479, 1.527063293868253568, 7.088541666666628771 ) ) ;
#1407 = EDGE_CURVE ( 'NONE', #2355, #1817, #7441, .T. ) ;
#1408 = CARTESIAN_POINT ( 'NONE',  ( 5.614547390569752587E-15, 1.175240473580829503, -5.750000000000009770 ) ) ;
#1409 = CARTESIAN_POINT ( 'NONE',  ( 0.000000000000000000, 4.375030948216173530E-15, -8.000000000000000000 ) ) ;
#1410 = DIRECTION ( 'NONE',  ( 0.000000000000000000, 0.000000000000000000, -1.000000000000000000 ) ) ;
#1411 = ORIENTED_EDGE ( 'NONE', *, *, #1262, .F. ) ;
#1412 = ADVANCED_FACE ( 'NONE', ( #2203 ), #4792, .T. ) ;
#1413 = ORIENTED_EDGE ( 'NONE', *, *, #5757, .F. ) ;
#1414 = CARTESIAN_POINT ( 'NONE',  ( 1.499999999999999112, 0.4019237886466822118, -2.040170900630763562 ) ) ;
#1415 = CARTESIAN_POINT ( 'NONE',  ( -1.175240473580823286, 0.3149047358083656434, -0.08482909936928116623 ) ) ;
#1416 = CARTESIAN_POINT ( 'NONE',  ( 1.175240473580825284, 0.3149047358083533199, -3.852670900630752460 ) ) ;
#1417 = EDGE_CURVE ( 'NONE', #6810, #2733, #830, .T. ) ;
#1418 = CARTESIAN_POINT ( 'NONE',  ( 1.499999999999995559, 3.747593145489319422E-15, 5.874999999999972466 ) ) ;
#1419 = CC_DESIGN_PERSON_AND_ORGANIZATION_ASSIGNMENT ( #5993, #6762, ( #3797 ) ) ;
#1420 = CARTESIAN_POINT ( 'NONE',  ( 1.017788105676648902, -0.5876202367904087565, 0.1458333333333120541 ) ) ;
#1421 = CARTESIAN_POINT ( 'NONE',  ( -0.8660254037844362651, 1.500000000000000666, 4.104166666666630547 ) ) ;
#1422 = CARTESIAN_POINT ( 'NONE',  ( 1.017788105676648902, -0.5876202367904087565, -6.416666666666674956 ) ) ;
#1423 = CARTESIAN_POINT ( 'NONE',  ( 6.322682138062729176E-18, 1.154700538379250352, 9.650000000000000355 ) ) ;
#1424 = CARTESIAN_POINT ( 'NONE',  ( -1.322475605676645349, -0.7635316469341199008, 1.713541666666640984 ) ) ;
#1425 = FACE_OUTER_BOUND ( 'NONE', #4783, .T. ) ;
#1426 = CARTESIAN_POINT ( 'NONE',  ( 2.090888129456733474E-29, -8.156945959658624471E-15, 6.855167112299465515 ) ) ;
#1427 =( BOUNDED_CURVE ( )  B_SPLINE_CURVE ( 2, ( #3040, #5822, #5588, #5630, #7622, #1696, #7091, #6946, #1297 ),
 .UNSPECIFIED., .F., .T. ) 
 B_SPLINE_CURVE_WITH_KNOTS ( ( 3, 2, 2, 2, 3 ),
 ( 0.4121621621621621712, 0.4144144144144144004, 0.4189189189189189144, 0.4234234234234234284, 0.4256756756756756577 ),
 .UNSPECIFIED. ) 
 CURVE ( )  GEOMETRIC_REPRESENTATION_ITEM ( )  RATIONAL_B_SPLINE_CURVE ( ( 0.9330127018922194093, 0.9330127018922201865, 1.000000000000000000, 0.8660254037844387076, 1.000000000000000000, 0.8660254037844387076, 1.000000000000000000, 0.9330127018922202975, 0.9330127018922194093 ) ) 
 REPRESENTATION_ITEM ( '' )  );
#1428 = CARTESIAN_POINT ( 'NONE',  ( 0.8816504037844299368, -1.527063293868245353, 9.807291666666626995 ) ) ;
#1429 = CARTESIAN_POINT ( 'NONE',  ( 1.175240473580823952, 1.205621050680672915E-14, 0.6874999999999783507 ) ) ;
#1430 = AXIS2_PLACEMENT_3D ( 'NONE', #1059, #6133, #8104 ) ;
#1431 = CARTESIAN_POINT ( 'NONE',  ( 1.299038105676654675, 0.7500000000000013323, -2.083333333333344140 ) ) ;
#1432 = EDGE_LOOP ( 'NONE', ( #5691, #5514, #587, #255 ) ) ;
#1433 = ORIENTED_EDGE ( 'NONE', *, *, #3776, .T. ) ;
#1434 = CARTESIAN_POINT ( 'NONE',  ( 1.763300807568860318, 4.051117844727701623E-15, -7.578125000000006217 ) ) ;
#1435 = CARTESIAN_POINT ( 'NONE',  ( -1.175240473580826395, -3.137519842735245204E-15, 0.3749999999999794609 ) ) ;
#1436 = CARTESIAN_POINT ( 'NONE',  ( -0.8660254037844369313, -1.499999999999991562, 6.770833333333291293 ) ) ;
#1437 = AXIS2_PLACEMENT_3D ( 'NONE', #4261, #5447, #1601 ) ;
#1438 = FACE_OUTER_BOUND ( 'NONE', #3020, .T. ) ;
#1439 = CARTESIAN_POINT ( 'NONE',  ( 0.000000000000000000, 1.527063293868253790, 1.515624999999975353 ) ) ;
#1440 = ORIENTED_EDGE ( 'NONE', *, *, #1054, .F. ) ;
#1441 = CARTESIAN_POINT ( 'NONE',  ( -0.6785254037844324904, 1.175240473580829281, 5.854166666666632324 ) ) ;
#1442 = CARTESIAN_POINT ( 'NONE',  ( 0.000000000000000000, -9.797174393178815797E-16, 7.999999999999998224 ) ) ;
#1443 = AXIS2_PLACEMENT_3D ( 'NONE', #8146, #1694, #2324 ) ;
#1444 = ORIENTED_EDGE ( 'NONE', *, *, #3104, .T. ) ;
#1445 = ORIENTED_EDGE ( 'NONE', *, *, #3684, .T. ) ;
#1446 = CARTESIAN_POINT ( 'NONE',  ( -1.175240473580825951, 0.3149047358083594816, -4.147329099369271965 ) ) ;
#1447 = CARTESIAN_POINT ( 'NONE',  ( 1.196817672909298524, -0.9270509831247338850, -7.614002832395831533 ) ) ;
#1448 = CARTESIAN_POINT ( 'NONE',  ( -0.6785254037844324904, 1.175240473580829281, 1.291666666666642316 ) ) ;
#1449 = CARTESIAN_POINT ( 'NONE',  ( 0.000000000000000000, 1.500000000000000222, 0.9999999999999822364 ) ) ;
#1450 = CARTESIAN_POINT ( 'NONE',  ( -1.322475605676645349, -0.7635316469341199008, 5.713541666666632324 ) ) ;
#1451 = CARTESIAN_POINT ( 'NONE',  ( 1.175240473580820622, 0.3149047358083463810, 3.709829099369231997 ) ) ;
#1452 = CARTESIAN_POINT ( 'NONE',  ( -0.6785254037844334896, -1.175240473580820177, -5.479166666666675845 ) ) ;
#1453 = CARTESIAN_POINT ( 'NONE',  ( -1.175240473580825284, 0.3149047358083573722, -7.647329099369265748 ) ) ;
#1454 = ORIENTED_EDGE ( 'NONE', *, *, #7871, .T. ) ;
#1455 = VECTOR ( 'NONE', #699, 1000.000000000000000 ) ;
#1456 = VERTEX_POINT ( 'NONE', #3556 ) ;
#1457 = AXIS2_PLACEMENT_3D ( 'NONE', #2056, #3238, #1298 ) ;
#1458 = LINE ( 'NONE', #5389, #7257 ) ;
#1459 = CARTESIAN_POINT ( 'NONE',  ( -1.017788105676641575, 0.5876202367904294066, -0.1041666666666881541 ) ) ;
#1460 = EDGE_CURVE ( 'NONE', #5568, #964, #6397, .T. ) ;
#1461 = CARTESIAN_POINT ( 'NONE',  ( 1.175240473580825284, 5.519710834441635337E-15, -3.875000000000012879 ) ) ;
#1462 = CARTESIAN_POINT ( 'NONE',  ( 1.175240473580824618, 6.885112988224566599E-15, -2.812500000000015099 ) ) ;
#1463 = CARTESIAN_POINT ( 'NONE',  ( -0.6785254037844324904, 1.175240473580829281, -0.6458333333333533544 ) ) ;
#1464 = CARTESIAN_POINT ( 'NONE',  ( 1.500000000000002220, 0.4019237886466776599, 3.959829099369223560 ) ) ;
#1465 = EDGE_CURVE ( 'NONE', #5566, #1706, #3749, .T. ) ;
#1466 = CARTESIAN_POINT ( 'NONE',  ( -1.357050807568865203, 4.458126344604650913E-15, -4.625000000000011546 ) ) ;
#1467 = CARTESIAN_POINT ( 'NONE',  ( 1.175240473580824396, -0.3149047358083522652, -0.8973290993692797368 ) ) ;
#1468 = DIRECTION ( 'NONE',  ( 0.000000000000000000, 1.000000000000000000, 7.531071187239187305E-16 ) ) ;
#1469 = CARTESIAN_POINT ( 'NONE',  ( 0.8816504037844296038, -1.527063293868245131, -0.6614583333333541315 ) ) ;
#1470 = CARTESIAN_POINT ( 'NONE',  ( -1.175240473580825284, 1.164949497163734292E-14, -3.125000000000014655 ) ) ;
#1471 = CARTESIAN_POINT ( 'NONE',  ( -1.017788105676645793, 0.5876202367904224122, 0.3958333333333105553 ) ) ;
#1472 = CARTESIAN_POINT ( 'NONE',  ( 1.322475605676646238, 0.7635316469341281165, 10.43229166666662344 ) ) ;
#1473 = CARTESIAN_POINT ( 'NONE',  ( 1.299038105676655563, 0.7500000000000016653, -4.020833333333352577 ) ) ;
#1474 = DIRECTION ( 'NONE',  ( 0.000000000000000000, 1.000000000000000000, 0.000000000000000000 ) ) ;
#1475 = ORIENTED_EDGE ( 'NONE', *, *, #7565, .T. ) ;
#1476 = ORIENTED_EDGE ( 'NONE', *, *, #7765, .F. ) ;
#1477 = CARTESIAN_POINT ( 'NONE',  ( -1.763300807568860318, 4.483001982712331095E-15, -8.328125000000003553 ) ) ;
#1478 = CARTESIAN_POINT ( 'NONE',  ( 1.017788105676640020, -0.5876202367904236334, -1.354166666666684948 ) ) ;
#1479 = PLANE ( 'NONE',  #6037 ) ;
#1480 = CARTESIAN_POINT ( 'NONE',  ( -1.175240473580825284, 2.469344320671257935E-15, -5.625000000000008882 ) ) ;
#1481 = CARTESIAN_POINT ( 'NONE',  ( 0.8816504037844299368, -1.527063293868245353, 1.307291666666642316 ) ) ;
#1482 = ORIENTED_EDGE ( 'NONE', *, *, #5663, .T. ) ;
#1483 = CARTESIAN_POINT ( 'NONE',  ( -1.439254484199176806E-16, -1.175240473580820844, 6.562499999999964473 ) ) ;
#1484 = ORIENTED_EDGE ( 'NONE', *, *, #4673, .T. ) ;
#1485 = EDGE_LOOP ( 'NONE', ( #974, #4858, #6320, #714 ) ) ;
#1486 = CARTESIAN_POINT ( 'NONE',  ( -1.499999999999996225, 4.561024215828087150E-15, 4.687499999999960920 ) ) ;
#1487 = CARTESIAN_POINT ( 'NONE',  ( 1.299038105676654675, 0.7500000000000013323, -7.583333333333332149 ) ) ;
#1488 = CARTESIAN_POINT ( 'NONE',  ( -1.017788105676648902, -0.5876202367904079793, 2.416666666666639873 ) ) ;
#1489 = CARTESIAN_POINT ( 'NONE',  ( 1.299038105676654675, 0.7500000000000013323, 7.416666666666636765 ) ) ;
#1490 = CARTESIAN_POINT ( 'NONE',  ( -1.175240473580823064, -0.3149047358083406634, 0.4598290993692391027 ) ) ;
#1491 = CARTESIAN_POINT ( 'NONE',  ( 0.8816504037844296038, -1.527063293868245131, 9.838541666666621666 ) ) ;
#1492 = CARTESIAN_POINT ( 'NONE',  ( 1.175240473580824174, 2.963213184805509206E-15, 2.187499999999975131 ) ) ;
#1493 = CARTESIAN_POINT ( 'NONE',  ( -1.499999999999993561, -0.4019237886466842102, -7.290170900630752904 ) ) ;
#1494 = CARTESIAN_POINT ( 'NONE',  ( -1.763300807568860762, 4.483001982712331095E-15, -4.359375000000010658 ) ) ;
#1495 = VERTEX_POINT ( 'NONE', #5040 ) ;
#1496 = LINE ( 'NONE', #2168, #4914 ) ;
#1497 = VERTEX_POINT ( 'NONE', #2961 ) ;
#1498 = CARTESIAN_POINT ( 'NONE',  ( -1.499999999999996447, -5.258250847547031931E-15, -1.812500000000023759 ) ) ;
#1499 = CARTESIAN_POINT ( 'NONE',  ( 1.175240473580828615, 1.867986350813668840E-14, 2.687499999999974687 ) ) ;
#1500 = CARTESIAN_POINT ( 'NONE',  ( -1.175240473580825062, 0.3149047358083614245, -3.647329099369273742 ) ) ;
#1501 = CARTESIAN_POINT ( 'NONE',  ( 1.017788105676644683, -0.5876202367904156398, -2.854166666666682062 ) ) ;
#1502 =( BOUNDED_CURVE ( )  B_SPLINE_CURVE ( 2, ( #6140, #1533, #3516, #6738, #6098, #8023, #4911, #1022, #1658 ),
 .UNSPECIFIED., .F., .F. ) 
 B_SPLINE_CURVE_WITH_KNOTS ( ( 3, 2, 2, 2, 3 ),
 ( 0.3581081081081081141, 0.3603603603603603434, 0.3648648648648648574, 0.3693693693693693714, 0.3716216216216216561 ),
 .UNSPECIFIED. ) 
 CURVE ( )  GEOMETRIC_REPRESENTATION_ITEM ( )  RATIONAL_B_SPLINE_CURVE ( ( 0.9330127018922194093, 0.9330127018922201865, 1.000000000000000000, 0.8660254037844387076, 1.000000000000000000, 0.8660254037844387076, 1.000000000000000000, 0.9330127018922185211, 0.9330127018922194093 ) ) 
 REPRESENTATION_ITEM ( '' )  );
#1503 = CARTESIAN_POINT ( 'NONE',  ( 1.357050807568865203, 4.125744759050742171E-15, -0.8125000000000197620 ) ) ;
#1504 = EDGE_CURVE ( 'NONE', #4626, #1769, #4611, .T. ) ;
#1505 = EDGE_CURVE ( 'NONE', #6092, #2262, #4399, .T. ) ;
#1506 = CARTESIAN_POINT ( 'NONE',  ( 1.381975285269802426E-14, 1.175240473580829503, 1.312499999999975131 ) ) ;
#1507 = CARTESIAN_POINT ( 'NONE',  ( 0.000000000000000000, 1.175240473580829503, -5.750000000000009770 ) ) ;
#1508 = FACE_OUTER_BOUND ( 'NONE', #6796, .T. ) ;
#1509 = FACE_BOUND ( 'NONE', #3700, .T. ) ;
#1510 = CARTESIAN_POINT ( 'NONE',  ( -0.8816504037844300479, 1.527063293868253568, 0.08854166666664477214 ) ) ;
#1511 = CARTESIAN_POINT ( 'NONE',  ( -1.499999999999993783, -0.4019237886466829890, -4.790170900630756456 ) ) ;
#1512 = CARTESIAN_POINT ( 'NONE',  ( 1.499999999999995559, -1.600716141988073932E-14, 2.374999999999978240 ) ) ;
#1513 = ADVANCED_FACE ( 'NONE', ( #427 ), #5551, .T. ) ;
#1514 = CARTESIAN_POINT ( 'NONE',  ( 0.8816504037844299368, -1.527063293868245353, 10.30729166666662167 ) ) ;
#1515 = CARTESIAN_POINT ( 'NONE',  ( -1.175240473580823952, 1.728541024469880041E-14, 4.374999999999968026 ) ) ;
#1516 = CARTESIAN_POINT ( 'NONE',  ( 1.299038105676654675, 0.7500000000000013323, 6.416666666666637653 ) ) ;
#1517 = ORIENTED_EDGE ( 'NONE', *, *, #4819, .T. ) ;
#1518 = CARTESIAN_POINT ( 'NONE',  ( 1.322475605676646015, 0.7635316469341278944, -8.036458333333337478 ) ) ;
#1519 = VECTOR ( 'NONE', #3082, 1000.000000000000000 ) ;
#1520 = CARTESIAN_POINT ( 'NONE',  ( 0.6785254037844311581, -1.175240473580821732, -6.958333333333340143 ) ) ;
#1521 = ADVANCED_FACE ( 'NONE', ( #6457 ), #3000, .T. ) ;
#1522 = CARTESIAN_POINT ( 'NONE',  ( 1.499999999999995559, -1.600716141988073932E-14, 1.374999999999980904 ) ) ;
#1523 = CARTESIAN_POINT ( 'NONE',  ( -1.322475605676645793, -0.7635316469341201229, 3.182291666666638985 ) ) ;
#1524 = EDGE_LOOP ( 'NONE', ( #1305, #380, #5341, #3480 ) ) ;
#1525 = CARTESIAN_POINT ( 'NONE',  ( 1.017788105676648902, -0.5876202367904087565, 7.645833333333296622 ) ) ;
#1526 = FACE_OUTER_BOUND ( 'NONE', #2102, .T. ) ;
#1527 = ORIENTED_EDGE ( 'NONE', *, *, #2851, .F. ) ;
#1528 = ORIENTED_EDGE ( 'NONE', *, *, #3159, .T. ) ;
#1529 = CARTESIAN_POINT ( 'NONE',  ( -1.836970198721025250E-16, -1.499999999999991784, 4.812499999999961808 ) ) ;
#1530 = CARTESIAN_POINT ( 'NONE',  ( 1.499999999999996447, -6.042630808230842937E-15, -3.562500000000021316 ) ) ;
#1531 = CARTESIAN_POINT ( 'NONE',  ( 1.017788105676649346, 0.5876202367904160839, 3.666666666666637653 ) ) ;
#1532 = CARTESIAN_POINT ( 'NONE',  ( -1.499999999999995559, 4.561024215828087150E-15, 5.624999999999972466 ) ) ;
#1533 = CARTESIAN_POINT ( 'NONE',  ( -1.175240473580826839, -0.3149047358083346126, -1.602670900630757789 ) ) ;
#1534 = CARTESIAN_POINT ( 'NONE',  ( 0.8816504037844310471, 1.527063293868253124, 9.505208333333291293 ) ) ;
#1535 = LINE ( 'NONE', #5336, #919 ) ;
#1536 = CARTESIAN_POINT ( 'NONE',  ( 1.322475605676646238, 0.7635316469341281165, -6.567708333333340143 ) ) ;
#1537 = ORIENTED_EDGE ( 'NONE', *, *, #3261, .T. ) ;
#1538 = CARTESIAN_POINT ( 'NONE',  ( -1.499999999999996225, 4.561024215828087150E-15, 6.687499999999958256 ) ) ;
#1539 = AXIS2_PLACEMENT_3D ( 'NONE', #177, #6139, #5509 ) ;
#1540 = CARTESIAN_POINT ( 'NONE',  ( -1.000000000000005551, -0.5773502691896376104, 8.495000000000000995 ) ) ;
#1541 = DIRECTION ( 'NONE',  ( 0.000000000000000000, -1.000000000000000000, 0.000000000000000000 ) ) ;
#1542 = CARTESIAN_POINT ( 'NONE',  ( 1.175240473580832390, -0.3149047358083440495, 2.665170900630713380 ) ) ;
#1543 = CARTESIAN_POINT ( 'NONE',  ( 1.175240473580825284, 0.3149047358083530423, -3.290170900630753792 ) ) ;
#1544 = CARTESIAN_POINT ( 'NONE',  ( -1.017788105676640908, 0.5876202367904308499, 2.895833333333305948 ) ) ;
#1545 = ORIENTED_EDGE ( 'NONE', *, *, #3988, .T. ) ;
#1546 = CARTESIAN_POINT ( 'NONE',  ( -1.439254484199176806E-16, -1.175240473580820844, 0.06249999999997923883 ) ) ;
#1547 = CARTESIAN_POINT ( 'NONE',  ( -1.175240473580825062, 4.518956396636091433E-15, -8.000000000000000000 ) ) ;
#1548 = CARTESIAN_POINT ( 'NONE',  ( 0.6785254037844321573, -1.175240473580821066, -3.458333333333347248 ) ) ;
#1549 = CARTESIAN_POINT ( 'NONE',  ( -1.243478726641463769E-16, -1.154700538379266783, 8.495000000000000995 ) ) ;
#1550 = DIRECTION ( 'NONE',  ( -6.860497997771532351E-15, 1.000000000000000000, 0.000000000000000000 ) ) ;
#1551 =( BOUNDED_CURVE ( )  B_SPLINE_CURVE ( 2, ( #3579, #4132, #6122, #2186, #5445, #922, #7400, #7444, #6718 ),
 .UNSPECIFIED., .F., .T. ) 
 B_SPLINE_CURVE_WITH_KNOTS ( ( 3, 2, 2, 2, 3 ),
 ( 0.4932432432432433123, 0.4954954954954955415, 0.5000000000000000000, 0.5045045045045044585, 0.5067567567567567988 ),
 .UNSPECIFIED. ) 
 CURVE ( )  GEOMETRIC_REPRESENTATION_ITEM ( )  RATIONAL_B_SPLINE_CURVE ( ( 0.9330127018922194093, 0.9330127018922210747, 1.000000000000000000, 0.8660254037844388186, 1.000000000000000000, 0.8660254037844388186, 1.000000000000000000, 0.9330127018922177440, 0.9330127018922194093 ) ) 
 REPRESENTATION_ITEM ( '' )  );
#1552 = CARTESIAN_POINT ( 'NONE',  ( 1.763300807568860318, 4.051117844727701623E-15, -0.07812500000002263467 ) ) ;
#1553 = CARTESIAN_POINT ( 'NONE',  ( 0.8660254037844357100, -1.499999999999991562, -1.708333333333345028 ) ) ;
#1554 = EDGE_CURVE ( 'NONE', #521, #422, #1427, .T. ) ;
#1555 = DIRECTION ( 'NONE',  ( 0.000000000000000000, 0.000000000000000000, -1.000000000000000000 ) ) ;
#1556 = CARTESIAN_POINT ( 'NONE',  ( -1.870113174931165872E-16, -1.527063293868245131, 9.265624999999959144 ) ) ;
#1557 = APPLICATION_PROTOCOL_DEFINITION ( 'international standard', 'config_control_design', 1994, #3659 ) ;
#1558 = CARTESIAN_POINT ( 'NONE',  ( -0.8660254037844358210, 1.499999999999999778, 6.541666666666635876 ) ) ;
#1559 = VERTEX_POINT ( 'NONE', #512 ) ;
#1560 = CARTESIAN_POINT ( 'NONE',  ( -0.8816504037844300479, 1.527063293868253568, -6.411458333333342807 ) ) ;
#1561 = ADVANCED_FACE ( 'NONE', ( #4957 ), #2409, .T. ) ;
#1562 = CARTESIAN_POINT ( 'NONE',  ( 1.175240473580824840, -0.3149047358083505999, -3.834829099369272409 ) ) ;
#1563 = DIRECTION ( 'NONE',  ( -0.000000000000000000, -0.000000000000000000, 1.000000000000000000 ) ) ;
#1564 = CARTESIAN_POINT ( 'NONE',  ( 1.322475605676646238, 0.7635316469341281165, 2.932291666666640317 ) ) ;
#1565 = ORIENTED_EDGE ( 'NONE', *, *, #5603, .F. ) ;
#1566 = CARTESIAN_POINT ( 'NONE',  ( 0.000000000000000000, 1.175240473580829503, 7.812499999999961808 ) ) ;
#1567 =( BOUNDED_CURVE ( )  B_SPLINE_CURVE ( 2, ( #3745, #16, #1844, #5855, #2592, #1884, #6323, #6363, #2553 ),
 .UNSPECIFIED., .F., .F. ) 
 B_SPLINE_CURVE_WITH_KNOTS ( ( 3, 2, 2, 2, 3 ),
 ( 0.1148648648648648712, 0.1171171171171171144, 0.1216216216216216284, 0.1261261261261261146, 0.1283783783783783716 ),
 .UNSPECIFIED. ) 
 CURVE ( )  GEOMETRIC_REPRESENTATION_ITEM ( )  RATIONAL_B_SPLINE_CURVE ( ( 0.9330127018922194093, 0.9330127018922196314, 1.000000000000000000, 0.8660254037844387076, 1.000000000000000000, 0.8660254037844387076, 1.000000000000000000, 0.9330127018922194093, 0.9330127018922194093 ) ) 
 REPRESENTATION_ITEM ( '' )  );
#1568 = FACE_OUTER_BOUND ( 'NONE', #5627, .T. ) ;
#1569 = EDGE_CURVE ( 'NONE', #6052, #2485, #2449, .T. ) ;
#1570 = VERTEX_POINT ( 'NONE', #8188 ) ;
#1571 = VERTEX_POINT ( 'NONE', #7540 ) ;
#1572 = CARTESIAN_POINT ( 'NONE',  ( 1.499999999999996891, -8.599128457866967490E-15, -7.062500000000015099 ) ) ;
#1573 = DIRECTION ( 'NONE',  ( -0.000000000000000000, -0.000000000000000000, 1.000000000000000000 ) ) ;
#1574 = CARTESIAN_POINT ( 'NONE',  ( 1.357050807568865203, 4.125744759050742171E-15, 3.624999999999970246 ) ) ;
#1575 = AXIS2_PLACEMENT_3D ( 'NONE', #6931, #541, #1178 ) ;
#1576 = DIRECTION ( 'NONE',  ( 1.000000000000000000, 0.000000000000000000, 0.000000000000000000 ) ) ;
#1577 = CARTESIAN_POINT ( 'NONE',  ( -0.8660254037844362651, 1.500000000000000666, 7.604166666666620777 ) ) ;
#1578 = CARTESIAN_POINT ( 'NONE',  ( 1.322475605676646015, 0.7635316469341278944, 7.463541666666626995 ) ) ;
#1579 = CARTESIAN_POINT ( 'NONE',  ( 1.499999999999982014, -8.883419307613476875E-15, 12.24264068711923237 ) ) ;
#1580 = CARTESIAN_POINT ( 'NONE',  ( 1.322475605676645349, -0.7635316469341211221, -5.151041666666675845 ) ) ;
#1581 = ORIENTED_EDGE ( 'NONE', *, *, #5798, .F. ) ;
#1582 = VECTOR ( 'NONE', #2073, 1000.000000000000000 ) ;
#1583 = CARTESIAN_POINT ( 'NONE',  ( -1.499999999999996447, -7.814748497183156485E-15, -6.812500000000014211 ) ) ;
#1584 = ORIENTED_EDGE ( 'NONE', *, *, #6154, .T. ) ;
#1585 = FACE_OUTER_BOUND ( 'NONE', #7283, .T. ) ;
#1586 = CARTESIAN_POINT ( 'NONE',  ( 0.000000000000000000, -9.067116327485578019E-15, 12.24264068711923237 ) ) ;
#1587 = CARTESIAN_POINT ( 'NONE',  ( 1.175240473580825284, 0.3149047358083541526, -5.352670900630750239 ) ) ;
#1588 = VECTOR ( 'NONE', #3505, 1000.000000000000000 ) ;
#1589 = CARTESIAN_POINT ( 'NONE',  ( -0.6785254037844297148, 1.175240473580830836, 2.854166666666638541 ) ) ;
#1590 = ORIENTED_EDGE ( 'NONE', *, *, #6058, .F. ) ;
#1591 = CARTESIAN_POINT ( 'NONE',  ( 1.357050807568865203, 4.125744759050742171E-15, 1.187499999999976685 ) ) ;
#1592 = AXIS2_PLACEMENT_3D ( 'NONE', #1811, #7570, #2988 ) ;
#1593 = CARTESIAN_POINT ( 'NONE',  ( 1.133945183536920087, -0.8012543120327887403, -7.739352502582597104 ) ) ;
#1594 = CARTESIAN_POINT ( 'NONE',  ( -1.836970198721024757E-16, -1.499999999999991562, -3.250000000000008882 ) ) ;
#1595 = CARTESIAN_POINT ( 'NONE',  ( -0.8816504037844307140, -1.527063293868244465, 0.7552083333333091675 ) ) ;
#1596 = CARTESIAN_POINT ( 'NONE',  ( 0.000000000000000000, 1.500000000000000222, 3.499999999999977796 ) ) ;
#1597 = CARTESIAN_POINT ( 'NONE',  ( 1.175240473580826395, 1.278248824818062868E-15, 0.1874999999999786282 ) ) ;
#1598 = CIRCLE ( 'NONE', #3754, 1.499999999999982014 ) ;
#1599 = CARTESIAN_POINT ( 'NONE',  ( -1.017788105676648902, 0.5876202367904169721, -7.604166666666671404 ) ) ;
#1600 = DIRECTION ( 'NONE',  ( -0.000000000000000000, -0.000000000000000000, 1.000000000000000000 ) ) ;
#1601 = DIRECTION ( 'NONE',  ( -1.000000000000000000, 0.000000000000000000, 0.000000000000000000 ) ) ;
#1602 =( BOUNDED_CURVE ( )  B_SPLINE_CURVE ( 2, ( #115, #248, #1386, #4730, #798, #3454, #3410, #7224, #711 ),
 .UNSPECIFIED., .F., .T. ) 
 B_SPLINE_CURVE_WITH_KNOTS ( ( 3, 2, 2, 2, 3 ),
 ( 0.1418918918918919136, 0.1441441441441441429, 0.1486486486486486569, 0.1531531531531531432, 0.1554054054054053724 ),
 .UNSPECIFIED. ) 
 CURVE ( )  GEOMETRIC_REPRESENTATION_ITEM ( )  RATIONAL_B_SPLINE_CURVE ( ( 0.9330127018922194093, 0.9330127018922201865, 1.000000000000000000, 0.8660254037844387076, 1.000000000000000000, 0.8660254037844387076, 1.000000000000000000, 0.9330127018922202975, 0.9330127018922194093 ) ) 
 REPRESENTATION_ITEM ( '' )  );
#1603 = ORIENTED_EDGE ( 'NONE', *, *, #2524, .F. ) ;
#1604 = CARTESIAN_POINT ( 'NONE',  ( -1.763300807568860318, 4.483001982712331095E-15, -6.828125000000007105 ) ) ;
#1605 = CARTESIAN_POINT ( 'NONE',  ( -2.807273695284876294E-15, -1.175240473580820844, -7.000000000000006217 ) ) ;
#1606 = CARTESIAN_POINT ( 'NONE',  ( 0.000000000000000000, 1.500000000000000222, 6.999999999999970690 ) ) ;
#1607 = CARTESIAN_POINT ( 'NONE',  ( -1.322475605676645793, -0.7635316469341201229, 1.682291666666642760 ) ) ;
#1608 = ORIENTED_EDGE ( 'NONE', *, *, #2184, .F. ) ;
#1609 = CARTESIAN_POINT ( 'NONE',  ( -1.017788105676648902, -0.5876202367904079793, 8.479166666666628771 ) ) ;
#1610 = ADVANCED_FACE ( 'NONE', ( #7581 ), #6260, .T. ) ;
#1611 = CARTESIAN_POINT ( 'NONE',  ( -1.299038105676654675, 0.7500000000000027756, -1.354166666666691832 ) ) ;
#1612 = EDGE_CURVE ( 'NONE', #6144, #8165, #1784, .T. ) ;
#1613 = VERTEX_POINT ( 'NONE', #4595 ) ;
#1614 = VERTEX_POINT ( 'NONE', #6544 ) ;
#1615 = DIRECTION ( 'NONE',  ( 0.000000000000000000, 0.000000000000000000, -1.000000000000000000 ) ) ;
#1616 = CARTESIAN_POINT ( 'NONE',  ( -1.499999999999995781, -7.814748497183156485E-15, -6.375000000000000888 ) ) ;
#1617 = CARTESIAN_POINT ( 'NONE',  ( -0.6785254037844329345, -1.175240473580820622, 3.458333333333305060 ) ) ;
#1618 = CARTESIAN_POINT ( 'NONE',  ( 1.175240473580827949, -0.3149047358083613690, 3.602670900630711603 ) ) ;
#1619 = CARTESIAN_POINT ( 'NONE',  ( 1.500000000000000444, -0.4019237886466698884, -0.6473290993692736306 ) ) ;
#1620 = CARTESIAN_POINT ( 'NONE',  ( -1.322475605676645349, -0.7635316469341199008, 9.213541666666625218 ) ) ;
#1621 = CARTESIAN_POINT ( 'NONE',  ( -6.334174632669341311E-15, -1.175240473580820844, -4.500000000000011546 ) ) ;
#1622 = CARTESIAN_POINT ( 'NONE',  ( 1.322475605676646238, 0.7635316469341281165, -5.567708333333341919 ) ) ;
#1623 = EDGE_CURVE ( 'NONE', #7700, #184, #2293, .T. ) ;
#1624 = EDGE_LOOP ( 'NONE', ( #5406, #1865, #2404, #2405 ) ) ;
#1625 = CARTESIAN_POINT ( 'NONE',  ( -1.499999999999990452, -0.4019237886466874854, -5.852670900630741357 ) ) ;
#1626 = ORIENTED_EDGE ( 'NONE', *, *, #7571, .T. ) ;
#1627 = CARTESIAN_POINT ( 'NONE',  ( 1.499999999999995781, -0.4019237886466791032, -6.647329099369261307 ) ) ;
#1628 = CARTESIAN_POINT ( 'NONE',  ( 1.017788105676643573, -0.5876202367904177493, 1.145833333333309501 ) ) ;
#1629 = FACE_OUTER_BOUND ( 'NONE', #3709, .T. ) ;
#1630 = CARTESIAN_POINT ( 'NONE',  ( -0.7998595968367244735, -1.132292746815428908, 7.633492507100708480 ) ) ;
#1631 = ADVANCED_FACE ( 'NONE', ( #3322 ), #6498, .T. ) ;
#1632 = ORIENTED_EDGE ( 'NONE', *, *, #6489, .T. ) ;
#1633 = CARTESIAN_POINT ( 'NONE',  ( -0.6785254037844329345, -1.175240473580820622, 2.020833333333306836 ) ) ;
#1634 = VERTEX_POINT ( 'NONE', #7176 ) ;
#1635 = CARTESIAN_POINT ( 'NONE',  ( -1.017788105676647570, 0.5876202367904190815, -6.104166666666674068 ) ) ;
#1636 = CARTESIAN_POINT ( 'NONE',  ( 1.499999999999995559, 3.747593145489319422E-15, 3.874999999999976019 ) ) ;
#1637 = CARTESIAN_POINT ( 'NONE',  ( -1.322475605676645127, 0.7635316469341291157, 3.130208333333304171 ) ) ;
#1638 = CARTESIAN_POINT ( 'NONE',  ( -0.8660254037844363761, -1.499999999999990674, -1.791666666666677843 ) ) ;
#1639 = CARTESIAN_POINT ( 'NONE',  ( -1.499999999999995559, 4.561024215828087150E-15, 2.624999999999979128 ) ) ;
#1640 = CARTESIAN_POINT ( 'NONE',  ( -1.017788105676648902, -0.5876202367904079793, -4.520833333333345472 ) ) ;
#1641 = CARTESIAN_POINT ( 'NONE',  ( -0.8660254037844363761, -1.499999999999990674, 4.708333333333306392 ) ) ;
#1642 = CARTESIAN_POINT ( 'NONE',  ( 1.299038105676654009, -0.7499999999999942268, -4.166666666666673180 ) ) ;
#1643 = ORIENTED_EDGE ( 'NONE', *, *, #7683, .T. ) ;
#1644 = CARTESIAN_POINT ( 'NONE',  ( -1.763300807568860318, 4.483001982712331095E-15, -4.328125000000012434 ) ) ;
#1645 = CYLINDRICAL_SURFACE ( 'NONE', #7810, 1.499999999999982014 ) ;
#1646 = CARTESIAN_POINT ( 'NONE',  ( -1.499999999999993561, -0.4019237886466842102, -6.290170900630753792 ) ) ;
#1647 = CARTESIAN_POINT ( 'NONE',  ( 0.8816504037844299368, -1.527063293868245353, 3.807291666666637653 ) ) ;
#1648 = ORIENTED_EDGE ( 'NONE', *, *, #7356, .F. ) ;
#1649 = CARTESIAN_POINT ( 'NONE',  ( 0.6785254037844331565, 1.175240473580829059, 8.770833333333293069 ) ) ;
#1650 =( BOUNDED_CURVE ( )  B_SPLINE_CURVE ( 2, ( #5544, #7413, #3550, #1015, #3629, #7489, #1611, #6938, #4190 ),
 .UNSPECIFIED., .F., .T. ) 
 B_SPLINE_CURVE_WITH_KNOTS ( ( 3, 2, 2, 2, 3 ),
 ( 0.3716216216216216006, 0.3738738738738738854, 0.3783783783783783994, 0.3828828828828828579, 0.3851351351351351426 ),
 .UNSPECIFIED. ) 
 CURVE ( )  GEOMETRIC_REPRESENTATION_ITEM ( )  RATIONAL_B_SPLINE_CURVE ( ( 0.9330127018922194093, 0.9330127018922185211, 1.000000000000000000, 0.8660254037844387076, 1.000000000000000000, 0.8660254037844387076, 1.000000000000000000, 0.9330127018922185211, 0.9330127018922194093 ) ) 
 REPRESENTATION_ITEM ( '' )  );
#1651 = FACE_OUTER_BOUND ( 'NONE', #4144, .T. ) ;
#1652 =( BOUNDED_CURVE ( )  B_SPLINE_CURVE ( 2, ( #7655, #1853, #4436, #665, #5741, #114, #7697, #3958, #4641 ),
 .UNSPECIFIED., .F., .F. ) 
 B_SPLINE_CURVE_WITH_KNOTS ( ( 3, 2, 2, 2, 3 ),
 ( 0.5337837837837838828, 0.5360360360360360010, 0.5405405405405405705, 0.5450450450450450290, 0.5472972972972973693 ),
 .UNSPECIFIED. ) 
 CURVE ( )  GEOMETRIC_REPRESENTATION_ITEM ( )  RATIONAL_B_SPLINE_CURVE ( ( 0.9330127018922194093, 0.9330127018922226290, 1.000000000000000000, 0.8660254037844387076, 1.000000000000000000, 0.8660254037844387076, 1.000000000000000000, 0.9330127018922176330, 0.9330127018922192983 ) ) 
 REPRESENTATION_ITEM ( '' )  );
#1653 = ORIENTED_EDGE ( 'NONE', *, *, #4248, .F. ) ;
#1654 = ORIENTED_EDGE ( 'NONE', *, *, #4731, .F. ) ;
#1655 = FACE_OUTER_BOUND ( 'NONE', #7370, .T. ) ;
#1656 = CARTESIAN_POINT ( 'NONE',  ( 1.017788105676648902, -0.5876202367904087565, 2.583333333333305504 ) ) ;
#1657 = CARTESIAN_POINT ( 'NONE',  ( 0.000000000000000000, 1.500000000000000222, -6.500000000000001776 ) ) ;
#1658 = CARTESIAN_POINT ( 'NONE',  ( 1.175240473580824618, -2.295037662741521937E-15, -1.375000000000018208 ) ) ;
#1659 = CARTESIAN_POINT ( 'NONE',  ( 0.8816504037844296038, -1.527063293868245131, 7.838541666666626995 ) ) ;
#1660 = CARTESIAN_POINT ( 'NONE',  ( -1.175240473580820622, 0.3149047358083720272, 3.852670900630710715 ) ) ;
#1661 = EDGE_CURVE ( 'NONE', #809, #6754, #860, .T. ) ;
#1662 = CARTESIAN_POINT ( 'NONE',  ( 0.8816504037844311581, 1.527063293868253568, -5.526041666666675845 ) ) ;
#1663 = ADVANCED_FACE ( 'NONE', ( #1425 ), #2646, .T. ) ;
#1664 = EDGE_LOOP ( 'NONE', ( #1008, #212, #8183, #5458 ) ) ;
#1665 = DIRECTION ( 'NONE',  ( 0.000000000000000000, 0.000000000000000000, -1.000000000000000000 ) ) ;
#1666 = EDGE_CURVE ( 'NONE', #7499, #4920, #6612, .T. ) ;
#1667 = CARTESIAN_POINT ( 'NONE',  ( 1.175240473580825062, 4.375030948216173530E-15, -8.000000000000000000 ) ) ;
#1668 = DIRECTION ( 'NONE',  ( 0.000000000000000000, 0.000000000000000000, 1.000000000000000000 ) ) ;
#1669 = CARTESIAN_POINT ( 'NONE',  ( -0.6999637191842206230, 1.144925813370725631, -7.795322694613605385 ) ) ;
#1670 = DIRECTION ( 'NONE',  ( 0.000000000000000000, 0.000000000000000000, -1.000000000000000000 ) ) ;
#1671 = EDGE_CURVE ( 'NONE', #4564, #8063, #6663, .T. ) ;
#1672 = ORIENTED_EDGE ( 'NONE', *, *, #3893, .F. ) ;
#1673 = CARTESIAN_POINT ( 'NONE',  ( 0.6785254037844321573, -1.175240473580821066, 2.604166666666640317 ) ) ;
#1674 = EDGE_CURVE ( 'NONE', #7150, #901, #3450, .T. ) ;
#1675 = ORIENTED_EDGE ( 'NONE', *, *, #4461, .T. ) ;
#1676 = CARTESIAN_POINT ( 'NONE',  ( 1.069953466776303541, -0.8661766789955002155, -7.751228468727422438 ) ) ;
#1677 = LINE ( 'NONE', #6200, #5770 ) ;
#1678 = CARTESIAN_POINT ( 'NONE',  ( -1.322475605676645349, -0.7635316469341199008, 2.213541666666639873 ) ) ;
#1679 = CARTESIAN_POINT ( 'NONE',  ( 1.499999999999984901, -0.4019237886466975329, -1.647329099369273075 ) ) ;
#1680 = CARTESIAN_POINT ( 'NONE',  ( 0.000000000000000000, -9.797174393178815797E-16, 7.999999999999998224 ) ) ;
#1681 = CARTESIAN_POINT ( 'NONE',  ( -1.439254484199176806E-16, -1.175240473580820844, -4.937500000000011546 ) ) ;
#1682 = CARTESIAN_POINT ( 'NONE',  ( 1.499999999999991340, -0.4019237886466884291, 3.915170900630702722 ) ) ;
#1683 = FACE_OUTER_BOUND ( 'NONE', #2790, .T. ) ;
#1684 = ORIENTED_EDGE ( 'NONE', *, *, #1299, .T. ) ;
#1685 = CARTESIAN_POINT ( 'NONE',  ( 1.763300807568860318, 4.051117844727701623E-15, -3.578125000000014211 ) ) ;
#1686 = CARTESIAN_POINT ( 'NONE',  ( 1.175240473580825284, 3.428030939284804149E-15, -6.875000000000006217 ) ) ;
#1687 = CARTESIAN_POINT ( 'NONE',  ( -1.870113174931165872E-16, -1.527063293868245131, 5.765624999999967137 ) ) ;
#1688 = ORIENTED_EDGE ( 'NONE', *, *, #6535, .T. ) ;
#1689 = DIRECTION ( 'NONE',  ( -0.000000000000000000, -0.000000000000000000, 1.000000000000000000 ) ) ;
#1690 = LINE ( 'NONE', #382, #8214 ) ;
#1691 = VERTEX_POINT ( 'NONE', #7958 ) ;
#1692 = ORIENTED_EDGE ( 'NONE', *, *, #1867, .F. ) ;
#1693 = CYLINDRICAL_SURFACE ( 'NONE', #2995, 1.499999999999982014 ) ;
#1694 = DIRECTION ( 'NONE',  ( -0.000000000000000000, -0.000000000000000000, 1.000000000000000000 ) ) ;
#1695 = CARTESIAN_POINT ( 'NONE',  ( -1.357050807568865203, 4.458126344604650913E-15, 6.374999999999963585 ) ) ;
#1696 = CARTESIAN_POINT ( 'NONE',  ( 0.8660254037844359321, -1.499999999999992673, -0.6458333333333604598 ) ) ;
#1697 = CARTESIAN_POINT ( 'NONE',  ( 1.499999999999995781, -6.071681917885798082E-15, -2.125000000000011546 ) ) ;
#1698 = DIRECTION ( 'NONE',  ( 0.000000000000000000, 0.000000000000000000, -1.000000000000000000 ) ) ;
#1699 = CARTESIAN_POINT ( 'NONE',  ( 1.175240473580824174, 5.810221930991194676E-16, 6.187499999999966249 ) ) ;
#1700 = CARTESIAN_POINT ( 'NONE',  ( -1.870113174931165872E-16, -1.527063293868245131, -3.734375000000012879 ) ) ;
#1701 =( BOUNDED_CURVE ( )  B_SPLINE_CURVE ( 2, ( #1792, #8327, #6308, #2374, #5008 ),
 .UNSPECIFIED., .F., .T. ) 
 B_SPLINE_CURVE_WITH_KNOTS ( ( 3, 2, 3 ),
 ( 0.8716216216216216006, 0.8738738738738738299, 0.8750584851230627237 ),
 .UNSPECIFIED. ) 
 CURVE ( )  GEOMETRIC_REPRESENTATION_ITEM ( )  RATIONAL_B_SPLINE_CURVE ( ( 0.9330127018922194093, 0.9330127018922194093, 1.000000000000000000, 0.9647668653402868832, 0.9480652107225384650 ) ) 
 REPRESENTATION_ITEM ( '' )  );
#1702 = ORIENTED_EDGE ( 'NONE', *, *, #5126, .T. ) ;
#1703 =( BOUNDED_CURVE ( )  B_SPLINE_CURVE ( 2, ( #3618, #6355, #6203, #4457, #567, #3139, #2504, #733, #7851 ),
 .UNSPECIFIED., .F., .T. ) 
 B_SPLINE_CURVE_WITH_KNOTS ( ( 3, 2, 2, 2, 3 ),
 ( 0.7905405405405405705, 0.7927927927927927998, 0.7972972972972972583, 0.8018018018018018278, 0.8040540540540540571 ),
 .UNSPECIFIED. ) 
 CURVE ( )  GEOMETRIC_REPRESENTATION_ITEM ( )  RATIONAL_B_SPLINE_CURVE ( ( 0.9330127018922194093, 0.9330127018922194093, 1.000000000000000000, 0.8660254037844387076, 1.000000000000000000, 0.8660254037844387076, 1.000000000000000000, 0.9330127018922194093, 0.9330127018922194093 ) ) 
 REPRESENTATION_ITEM ( '' )  );
#1704 = CARTESIAN_POINT ( 'NONE',  ( 1.499999999999996447, -6.042630808230842937E-15, -5.062500000000018652 ) ) ;
#1705 = AXIS2_PLACEMENT_3D ( 'NONE', #7500, #1113, #7587 ) ;
#1706 = VERTEX_POINT ( 'NONE', #2143 ) ;
#1707 = ORIENTED_EDGE ( 'NONE', *, *, #7671, .T. ) ;
#1708 = CARTESIAN_POINT ( 'NONE',  ( 1.500000000000002220, 0.4019237886466776599, 4.959829099369224004 ) ) ;
#1709 = CARTESIAN_POINT ( 'NONE',  ( 0.6785254037844331565, 1.175240473580829059, -2.291666666666683394 ) ) ;
#1710 = CARTESIAN_POINT ( 'NONE',  ( 1.499999999999996447, -6.042630808230842937E-15, -1.562500000000025313 ) ) ;
#1711 = CARTESIAN_POINT ( 'NONE',  ( -1.099209457763259401, -0.9098514011845502125, -7.709559999036406097 ) ) ;
#1712 = DIRECTION ( 'NONE',  ( -0.000000000000000000, -0.000000000000000000, 1.000000000000000000 ) ) ;
#1713 = CARTESIAN_POINT ( 'NONE',  ( -1.017788105676641353, 0.5876202367904297397, 0.8333333333333091675 ) ) ;
#1714 = ORIENTED_EDGE ( 'NONE', *, *, #2018, .T. ) ;
#1715 = AXIS2_PLACEMENT_3D ( 'NONE', #5954, #5277, #7225 ) ;
#1716 = CARTESIAN_POINT ( 'NONE',  ( 1.357050807568865203, 4.125744759050742171E-15, 1.687499999999975575 ) ) ;
#1717 = EDGE_CURVE ( 'NONE', #2821, #1249, #4048, .T. ) ;
#1718 = ORIENTED_EDGE ( 'NONE', *, *, #6783, .T. ) ;
#1719 = CARTESIAN_POINT ( 'NONE',  ( -2.879236419494835561E-14, -1.175240473580820844, 5.562499999999967137 ) ) ;
#1720 = DIRECTION ( 'NONE',  ( 0.000000000000000000, -0.7071067811865466846, 0.7071067811865483499 ) ) ;
#1721 = CARTESIAN_POINT ( 'NONE',  ( 0.8816504037844310471, 1.527063293868253124, 4.005208333333303727 ) ) ;
#1722 = DIRECTION ( 'NONE',  ( 0.4999999999999998335, 0.8660254037844388186, 0.000000000000000000 ) ) ;
#1723 = FACE_OUTER_BOUND ( 'NONE', #835, .T. ) ;
#1724 = CARTESIAN_POINT ( 'NONE',  ( 1.357050807568865203, 4.125744759050742171E-15, -4.812500000000010658 ) ) ;
#1725 = EDGE_CURVE ( 'NONE', #1456, #7576, #7134, .T. ) ;
#1726 = VECTOR ( 'NONE', #5221, 1000.000000000000000 ) ;
#1727 = CARTESIAN_POINT ( 'NONE',  ( -1.499999999999995559, 4.561024215828087150E-15, 4.624999999999973355 ) ) ;
#1728 = DIRECTION ( 'NONE',  ( -0.000000000000000000, -0.000000000000000000, 1.000000000000000000 ) ) ;
#1729 = ORIENTED_EDGE ( 'NONE', *, *, #8302, .T. ) ;
#1730 = CARTESIAN_POINT ( 'NONE',  ( -0.8816504037844300479, 1.527063293868253568, -3.411458333333347692 ) ) ;
#1731 = AXIS2_PLACEMENT_3D ( 'NONE', #1409, #4582, #7892 ) ;
#1732 = DIRECTION ( 'NONE',  ( 0.000000000000000000, 0.000000000000000000, -1.000000000000000000 ) ) ;
#1733 = CARTESIAN_POINT ( 'NONE',  ( 0.000000000000000000, 1.527063293868253790, 5.515624999999967137 ) ) ;
#1734 = EDGE_CURVE ( 'NONE', #6980, #2905, #2095, .T. ) ;
#1735 = CARTESIAN_POINT ( 'NONE',  ( -1.357050807568865203, 4.458126344604650913E-15, 9.437499999999960920 ) ) ;
#1736 = AXIS2_PLACEMENT_3D ( 'NONE', #1097, #2402, #2952 ) ;
#1737 = CARTESIAN_POINT ( 'NONE',  ( 0.000000000000000000, -9.067116327485578019E-15, 12.24264068711923237 ) ) ;
#1738 = ORIENTED_EDGE ( 'NONE', *, *, #6420, .T. ) ;
#1739 = EDGE_LOOP ( 'NONE', ( #2199, #160, #3426, #1331 ) ) ;
#1740 = DIRECTION ( 'NONE',  ( -1.000000000000000000, 0.000000000000000000, 0.000000000000000000 ) ) ;
#1741 = CARTESIAN_POINT ( 'NONE',  ( -0.8419752161881604025, -0.6685859206620392570, 9.566536875587615896 ) ) ;
#1742 = CARTESIAN_POINT ( 'NONE',  ( 0.000000000000000000, 1.175240473580829503, 7.249999999999962697 ) ) ;
#1743 = CARTESIAN_POINT ( 'NONE',  ( -0.6785254037844147268, 1.175240473580839717, -0.2083333333333537984 ) ) ;
#1744 = CARTESIAN_POINT ( 'NONE',  ( -1.499999999999995559, -5.258250847547031143E-15, -5.375000000000004441 ) ) ;
#1745 = LINE ( 'NONE', #4320, #77 ) ;
#1746 = CARTESIAN_POINT ( 'NONE',  ( -1.017788105676662669, -0.5876202367903842205, 5.916666666666632324 ) ) ;
#1747 = CARTESIAN_POINT ( 'NONE',  ( 1.322475605676646238, 0.7635316469341281165, -2.567708333333349024 ) ) ;
#1748 = ORIENTED_EDGE ( 'NONE', *, *, #2495, .T. ) ;
#1749 = EDGE_LOOP ( 'NONE', ( #5072, #1275, #953, #4062 ) ) ;
#1750 = CARTESIAN_POINT ( 'NONE',  ( -1.299038105676654675, 0.7500000000000027756, -0.3541666666666944963 ) ) ;
#1751 = CARTESIAN_POINT ( 'NONE',  ( 1.175240473580825284, 4.357666448243396402E-15, -7.875000000000005329 ) ) ;
#1752 = CARTESIAN_POINT ( 'NONE',  ( 1.357050807568865203, 4.125744759050742171E-15, -0.8750000000000197620 ) ) ;
#1753 = DIRECTION ( 'NONE',  ( 0.7071067811865487940, 0.000000000000000000, 0.7071067811865463515 ) ) ;
#1754 = CARTESIAN_POINT ( 'NONE',  ( 1.175240473580824174, 2.963213184805509206E-15, 2.124999999999975131 ) ) ;
#1755 =( BOUNDED_CURVE ( )  B_SPLINE_CURVE ( 2, ( #8230, #2406, #2363, #6296, #1190, #6339, #4953, #3037, #7537 ),
 .UNSPECIFIED., .F., .T. ) 
 B_SPLINE_CURVE_WITH_KNOTS ( ( 3, 2, 2, 2, 3 ),
 ( 0.8851351351351350871, 0.8873873873873874274, 0.8918918918918918859, 0.8963963963963963444, 0.8986486486486486847 ),
 .UNSPECIFIED. ) 
 CURVE ( )  GEOMETRIC_REPRESENTATION_ITEM ( )  RATIONAL_B_SPLINE_CURVE ( ( 0.9330127018922194093, 0.9330127018922177440, 1.000000000000000000, 0.8660254037844388186, 1.000000000000000000, 0.8660254037844388186, 1.000000000000000000, 0.9330127018922177440, 0.9330127018922194093 ) ) 
 REPRESENTATION_ITEM ( '' )  );
#1756 = CARTESIAN_POINT ( 'NONE',  ( 1.499999999999995559, -1.600716141988073932E-14, 2.374999999999978240 ) ) ;
#1757 = CARTESIAN_POINT ( 'NONE',  ( -1.175240473580825284, -0.3149047358083423842, -3.540170900630752460 ) ) ;
#1758 = ORIENTED_EDGE ( 'NONE', *, *, #3578, .T. ) ;
#1759 = CARTESIAN_POINT ( 'NONE',  ( 0.6785254037844321573, -1.175240473580821066, 1.104166666666642316 ) ) ;
#1760 = ORIENTED_EDGE ( 'NONE', *, *, #4407, .T. ) ;
#1761 = CARTESIAN_POINT ( 'NONE',  ( 1.175240473580826395, 1.917373237227094007E-15, -0.8125000000000192069 ) ) ;
#1762 = CARTESIAN_POINT ( 'NONE',  ( 0.000000000000000000, -9.067116327485578019E-15, 12.24264068711923237 ) ) ;
#1763 = CARTESIAN_POINT ( 'NONE',  ( -1.175240473580824174, -0.3149047358083417181, 5.959829099369225780 ) ) ;
#1764 = CARTESIAN_POINT ( 'NONE',  ( 1.322475605676645127, -0.7635316469341209000, 4.380208333333301951 ) ) ;
#1765 = EDGE_CURVE ( 'NONE', #3463, #1135, #7481, .T. ) ;
#1766 = CARTESIAN_POINT ( 'NONE',  ( -1.357050807568865203, 4.458126344604650913E-15, -5.562500000000009770 ) ) ;
#1767 = EDGE_CURVE ( 'NONE', #3974, #3640, #5483, .T. ) ;
#1768 = DIRECTION ( 'NONE',  ( -0.000000000000000000, -0.000000000000000000, 1.000000000000000000 ) ) ;
#1769 = VERTEX_POINT ( 'NONE', #6241 ) ;
#1770 = EDGE_CURVE ( 'NONE', #8375, #4008, #4840, .T. ) ;
#1771 = CARTESIAN_POINT ( 'NONE',  ( 0.8816504037844310471, 1.527063293868253124, -3.994791666666680285 ) ) ;
#1772 = CARTESIAN_POINT ( 'NONE',  ( -0.6785254037844254960, 1.175240473580833056, -4.708333333333344584 ) ) ;
#1773 = CARTESIAN_POINT ( 'NONE',  ( -1.870113174931165872E-16, -1.527063293868245131, 4.265624999999970690 ) ) ;
#1774 =( BOUNDED_CURVE ( )  B_SPLINE_CURVE ( 2, ( #7886, #1447, #4024, #5252, #6603 ),
 .UNSPECIFIED., .F., .F. ) 
 B_SPLINE_CURVE_WITH_KNOTS ( ( 3, 2, 3 ),
 ( 0.04386043379585945895, 0.04504504504504504292, 0.04729729729729725829 ),
 .UNSPECIFIED. ) 
 CURVE ( )  GEOMETRIC_REPRESENTATION_ITEM ( )  RATIONAL_B_SPLINE_CURVE ( ( 0.9480652107226312797, 0.9647668653403848049, 1.000000000000000000, 0.9330127018922204085, 0.9330127018922191873 ) ) 
 REPRESENTATION_ITEM ( '' )  );
#1775 = CARTESIAN_POINT ( 'NONE',  ( 0.000000000000000000, 1.175240473580829503, 9.312499999999959144 ) ) ;
#1776 = CARTESIAN_POINT ( 'NONE',  ( 0.6785254037844343777, 1.175240473580828393, -7.229166666666674068 ) ) ;
#1777 = CYLINDRICAL_SURFACE ( 'NONE', #4542, 1.499999999999982014 ) ;
#1778 = ORIENTED_EDGE ( 'NONE', *, *, #1038, .T. ) ;
#1779 = ORIENTED_EDGE ( 'NONE', *, *, #3058, .F. ) ;
#1780 = CARTESIAN_POINT ( 'NONE',  ( -1.499999999999996447, -5.258250847547031931E-15, -0.8125000000000263123 ) ) ;
#1781 = ADVANCED_FACE ( 'NONE', ( #4853 ), #7439, .F. ) ;
#1782 = CARTESIAN_POINT ( 'NONE',  ( -0.6785254037844159480, 1.175240473580838829, -2.145833333333350357 ) ) ;
#1783 = CARTESIAN_POINT ( 'NONE',  ( 0.6785254037844331565, 1.175240473580829059, 6.708333333333296622 ) ) ;
#1784 = LINE ( 'NONE', #4360, #7903 ) ;
#1785 = CARTESIAN_POINT ( 'NONE',  ( 0.000000000000000000, 1.500000000000000666, -6.437500000000014211 ) ) ;
#1786 = CARTESIAN_POINT ( 'NONE',  ( 1.175240473580825062, 4.375030948216173530E-15, -8.000000000000000000 ) ) ;
#1787 = CARTESIAN_POINT ( 'NONE',  ( -1.175240473580825951, 0.3149047358083591486, -4.584829099369271077 ) ) ;
#1788 = CARTESIAN_POINT ( 'NONE',  ( -1.322475605676645793, -0.7635316469341201229, -2.817708333333348136 ) ) ;
#1789 = VERTEX_POINT ( 'NONE', #6202 ) ;
#1790 = DIRECTION ( 'NONE',  ( -0.000000000000000000, -0.000000000000000000, 1.000000000000000000 ) ) ;
#1791 = EDGE_LOOP ( 'NONE', ( #6166, #3860, #7465, #3739 ) ) ;
#1792 = CARTESIAN_POINT ( 'NONE',  ( -1.499999999999996225, 4.561024215828087150E-15, 7.687499999999954703 ) ) ;
#1793 = CARTESIAN_POINT ( 'NONE',  ( -0.8660254037844362651, 1.500000000000000666, 4.604166666666628771 ) ) ;
#1794 = CARTESIAN_POINT ( 'NONE',  ( -1.017788105676648902, 0.5876202367904169721, -0.6666666666666869467 ) ) ;
#1795 = CARTESIAN_POINT ( 'NONE',  ( 0.000000000000000000, 1.500000000000000666, 7.062499999999956479 ) ) ;
#1796 = CARTESIAN_POINT ( 'NONE',  ( -1.499999999999995559, 4.561024215828087150E-15, 5.124999999999973355 ) ) ;
#1797 = CARTESIAN_POINT ( 'NONE',  ( 1.175240473580823952, 1.926088570123581023E-14, 1.687499999999977129 ) ) ;
#1798 = CARTESIAN_POINT ( 'NONE',  ( -1.017788105676657784, -0.5876202367903932133, 2.416666666666639873 ) ) ;
#1799 = ORIENTED_EDGE ( 'NONE', *, *, #1407, .F. ) ;
#1800 = CARTESIAN_POINT ( 'NONE',  ( 1.017788105676649346, 0.5876202367904160839, 4.229166666666635876 ) ) ;
#1801 = ORIENTED_EDGE ( 'NONE', *, *, #6795, .T. ) ;
#1802 = LINE ( 'NONE', #6923, #5899 ) ;
#1803 = FACE_OUTER_BOUND ( 'NONE', #2045, .T. ) ;
#1804 = CARTESIAN_POINT ( 'NONE',  ( -1.175240473580825062, 4.518956396636091433E-15, -8.000000000000000000 ) ) ;
#1805 = CYLINDRICAL_SURFACE ( 'NONE', #4643, 1.499999999999982014 ) ;
#1806 = VECTOR ( 'NONE', #5641, 1000.000000000000000 ) ;
#1807 = CARTESIAN_POINT ( 'NONE',  ( -1.439254484199176806E-16, -1.175240473580820844, -4.437500000000011546 ) ) ;
#1808 = CARTESIAN_POINT ( 'NONE',  ( -0.8660254037844358210, 1.499999999999999778, 1.541666666666647867 ) ) ;
#1809 = CARTESIAN_POINT ( 'NONE',  ( 0.000000000000000000, 1.175240473580829503, -8.250000000000003553 ) ) ;
#1810 = CARTESIAN_POINT ( 'NONE',  ( -1.870113174931165379E-16, -1.527063293868244687, -4.203125000000013323 ) ) ;
#1811 = CARTESIAN_POINT ( 'NONE',  ( 0.000000000000000000, -9.067116327485578019E-15, 12.24264068711923237 ) ) ;
#1812 = CARTESIAN_POINT ( 'NONE',  ( -1.322475605676645793, -0.7635316469341201229, 6.182291666666633212 ) ) ;
#1813 = CARTESIAN_POINT ( 'NONE',  ( -1.439254484199176806E-16, -1.175240473580820844, 9.062499999999959144 ) ) ;
#1814 = CARTESIAN_POINT ( 'NONE',  ( -1.836970198721024757E-16, -1.499999999999991562, 0.7499999999999837907 ) ) ;
#1815 = CARTESIAN_POINT ( 'NONE',  ( -1.499999999999990452, -0.4019237886466874854, 3.147329099369239103 ) ) ;
#1816 = ORIENTED_EDGE ( 'NONE', *, *, #3063, .T. ) ;
#1817 = VERTEX_POINT ( 'NONE', #1087 ) ;
#1818 = EDGE_CURVE ( 'NONE', #1571, #394, #3962, .T. ) ;
#1819 = CYLINDRICAL_SURFACE ( 'NONE', #312, 1.175240473580825062 ) ;
#1820 = DIRECTION ( 'NONE',  ( -0.000000000000000000, -0.000000000000000000, 1.000000000000000000 ) ) ;
#1821 = CARTESIAN_POINT ( 'NONE',  ( 1.017788105676648902, -0.5876202367904087565, 6.583333333333296622 ) ) ;
#1822 = CARTESIAN_POINT ( 'NONE',  ( -0.6785254037844533626, -1.175240473580808853, 0.02083333333331195691 ) ) ;
#1823 = CARTESIAN_POINT ( 'NONE',  ( 1.175240473580826173, -0.3149047358083542081, 0.6026709006307172656 ) ) ;
#1824 = FACE_OUTER_BOUND ( 'NONE', #3035, .T. ) ;
#1825 =( BOUNDED_CURVE ( )  B_SPLINE_CURVE ( 2, ( #2752, #3637, #1067, #6220, #6859, #6778, #3474, #7375, #5510 ),
 .UNSPECIFIED., .F., .F. ) 
 B_SPLINE_CURVE_WITH_KNOTS ( ( 3, 2, 2, 2, 3 ),
 ( 0.1689189189189189422, 0.1711711711711711714, 0.1756756756756756854, 0.1801801801801801717, 0.1824324324324324564 ),
 .UNSPECIFIED. ) 
 CURVE ( )  GEOMETRIC_REPRESENTATION_ITEM ( )  RATIONAL_B_SPLINE_CURVE ( ( 0.9330127018922194093, 0.9330127018922201865, 1.000000000000000000, 0.8660254037844387076, 1.000000000000000000, 0.8660254037844387076, 1.000000000000000000, 0.9330127018922185211, 0.9330127018922194093 ) ) 
 REPRESENTATION_ITEM ( '' )  );
#1826 = CARTESIAN_POINT ( 'NONE',  ( -0.8816504037844302699, 1.527063293868253790, -2.942708333333347692 ) ) ;
#1827 = EDGE_LOOP ( 'NONE', ( #7415, #141, #6286, #1590 ) ) ;
#1828 = EDGE_CURVE ( 'NONE', #464, #3468, #5700, .T. ) ;
#1829 = CARTESIAN_POINT ( 'NONE',  ( 0.000000000000000000, 4.375030948216173530E-15, -8.000000000000000000 ) ) ;
#1830 = ORIENTED_EDGE ( 'NONE', *, *, #1292, .T. ) ;
#1831 = CARTESIAN_POINT ( 'NONE',  ( 1.175240473580825951, -0.3149047358083604253, 4.102670900630710271 ) ) ;
#1832 = CARTESIAN_POINT ( 'NONE',  ( 1.500000000000000444, -0.4019237886466698884, -4.647329099369264860 ) ) ;
#1833 = CARTESIAN_POINT ( 'NONE',  ( 1.017788105676648902, -0.5876202367904087565, -0.9166666666666862806 ) ) ;
#1834 = CARTESIAN_POINT ( 'NONE',  ( 1.175240473580825284, 3.428030939284804149E-15, -6.812500000000007105 ) ) ;
#1835 = CARTESIAN_POINT ( 'NONE',  ( -1.017788105676653121, -0.5876202367904007628, 1.916666666666641206 ) ) ;
#1836 = CARTESIAN_POINT ( 'NONE',  ( 1.175240473580825284, 5.810221930991195465E-15, -4.375000000000012434 ) ) ;
#1837 = CARTESIAN_POINT ( 'NONE',  ( -0.06433510905491453269, -1.195124588169860669, -7.929875411830109577 ) ) ;
#1838 = EDGE_LOOP ( 'NONE', ( #5963, #3586, #7109, #8251 ) ) ;
#1839 = CARTESIAN_POINT ( 'NONE',  ( 0.000000000000000000, 1.175240473580829503, 5.812499999999967137 ) ) ;
#1840 =( BOUNDED_CURVE ( )  B_SPLINE_CURVE ( 2, ( #4579, #6522, #688, #5887, #218, #2709, #3259, #2119, #89 ),
 .UNSPECIFIED., .F., .F. ) 
 B_SPLINE_CURVE_WITH_KNOTS ( ( 3, 2, 2, 2, 3 ),
 ( 0.6689189189189189699, 0.6711711711711711992, 0.6756756756756756577, 0.6801801801801802272, 0.6824324324324324564 ),
 .UNSPECIFIED. ) 
 CURVE ( )  GEOMETRIC_REPRESENTATION_ITEM ( )  RATIONAL_B_SPLINE_CURVE ( ( 0.9330127018922192983, 0.9330127018922209636, 1.000000000000000000, 0.8660254037844387076, 1.000000000000000000, 0.8660254037844387076, 1.000000000000000000, 0.9330127018922194093, 0.9330127018922194093 ) ) 
 REPRESENTATION_ITEM ( '' )  );
#1841 = ORIENTED_EDGE ( 'NONE', *, *, #1460, .F. ) ;
#1842 = CARTESIAN_POINT ( 'NONE',  ( 1.499999999999996447, -6.042630808230842937E-15, -2.062500000000024425 ) ) ;
#1843 = CYLINDRICAL_SURFACE ( 'NONE', #5724, 1.175240473580825062 ) ;
#1844 = CARTESIAN_POINT ( 'NONE',  ( -1.017788105676650900, -0.5876202367904047597, -6.020833333333341919 ) ) ;
#1845 = VECTOR ( 'NONE', #1142, 1000.000000000000000 ) ;
#1846 = CARTESIAN_POINT ( 'NONE',  ( 0.000000000000000000, -9.067116327485578019E-15, 7.749999999999998224 ) ) ;
#1847 = CARTESIAN_POINT ( 'NONE',  ( 0.6785254037844331565, 1.175240473580829059, -3.729166666666679841 ) ) ;
#1848 = CARTESIAN_POINT ( 'NONE',  ( 1.727105381039012266E-15, 1.175240473580829503, -5.187500000000009770 ) ) ;
#1849 = CARTESIAN_POINT ( 'NONE',  ( -1.017788105676648902, 0.5876202367904169721, -8.166666666666671404 ) ) ;
#1850 = CARTESIAN_POINT ( 'NONE',  ( 0.8816504037844310471, 1.527063293868253124, -2.994791666666682062 ) ) ;
#1851 = CARTESIAN_POINT ( 'NONE',  ( 1.499999999999995781, -6.071681917885798082E-15, -4.625000000000006217 ) ) ;
#1852 = CARTESIAN_POINT ( 'NONE',  ( 0.8816504037844311581, 1.527063293868253568, 6.473958333333298398 ) ) ;
#1853 = CARTESIAN_POINT ( 'NONE',  ( 1.175240473580820177, 0.3149047358083565396, 1.709829099369236216 ) ) ;
#1854 = CARTESIAN_POINT ( 'NONE',  ( -1.204246824526845172, -7.506806734840624058E-14, 7.454246824526863158 ) ) ;
#1855 = LINE ( 'NONE', #4560, #895 ) ;
#1856 = ORIENTED_EDGE ( 'NONE', *, *, #3942, .T. ) ;
#1857 = ORIENTED_EDGE ( 'NONE', *, *, #2024, .F. ) ;
#1858 = DIRECTION ( 'NONE',  ( -1.000000000000000000, 0.000000000000000000, 0.000000000000000000 ) ) ;
#1859 = CARTESIAN_POINT ( 'NONE',  ( 1.175240473580822176, -0.3149047358083598147, -2.334829099369276850 ) ) ;
#1860 = CARTESIAN_POINT ( 'NONE',  ( 0.000000000000000000, 1.175240473580829503, 8.249999999999962697 ) ) ;
#1861 = DIRECTION ( 'NONE',  ( -0.000000000000000000, -0.000000000000000000, 1.000000000000000000 ) ) ;
#1862 = DIRECTION ( 'NONE',  ( -0.000000000000000000, -0.000000000000000000, 1.000000000000000000 ) ) ;
#1863 = CARTESIAN_POINT ( 'NONE',  ( -1.836970198721024757E-16, -1.499999999999991562, -1.250000000000012879 ) ) ;
#1864 = CARTESIAN_POINT ( 'NONE',  ( -1.763300807568860762, 4.483001982712331095E-15, -1.859375000000016431 ) ) ;
#1865 = ORIENTED_EDGE ( 'NONE', *, *, #5383, .F. ) ;
#1866 = VECTOR ( 'NONE', #1689, 1000.000000000000000 ) ;
#1867 = EDGE_CURVE ( 'NONE', #1613, #933, #8171, .T. ) ;
#1868 = CARTESIAN_POINT ( 'NONE',  ( 1.175240473580824618, 6.885112988224566599E-15, -2.812500000000015099 ) ) ;
#1869 = ORIENTED_EDGE ( 'NONE', *, *, #3103, .T. ) ;
#1870 =( BOUNDED_CURVE ( )  B_SPLINE_CURVE ( 2, ( #2306, #7392, #954, #6797, #6878, #2345, #1635, #2218, #8210 ),
 .UNSPECIFIED., .F., .F. ) 
 B_SPLINE_CURVE_WITH_KNOTS ( ( 3, 2, 2, 2, 3 ),
 ( 0.1013513513513513570, 0.1036036036036036001, 0.1081081081081081141, 0.1126126126126126142, 0.1148648648648648712 ),
 .UNSPECIFIED. ) 
 CURVE ( )  GEOMETRIC_REPRESENTATION_ITEM ( )  RATIONAL_B_SPLINE_CURVE ( ( 0.9330127018922194093, 0.9330127018922196314, 1.000000000000000000, 0.8660254037844387076, 1.000000000000000000, 0.8660254037844387076, 1.000000000000000000, 0.9330127018922191873, 0.9330127018922194093 ) ) 
 REPRESENTATION_ITEM ( '' )  );
#1871 = CARTESIAN_POINT ( 'NONE',  ( -1.017788105676649346, -0.5876202367904073132, -7.583333333333338366 ) ) ;
#1872 = DIRECTION ( 'NONE',  ( -0.000000000000000000, -7.531071187239187305E-16, 1.000000000000000000 ) ) ;
#1873 = CARTESIAN_POINT ( 'NONE',  ( 0.6785254037844321573, -1.175240473580821066, -2.958333333333348136 ) ) ;
#1874 = CARTESIAN_POINT ( 'NONE',  ( -1.499999999999993783, -0.4019237886466829890, -1.790170900630764006 ) ) ;
#1875 = CARTESIAN_POINT ( 'NONE',  ( -1.499999999999995559, 4.561024215828087150E-15, 4.624999999999973355 ) ) ;
#1876 = EDGE_CURVE ( 'NONE', #6337, #6091, #6013, .T. ) ;
#1877 = CARTESIAN_POINT ( 'NONE',  ( -1.175240473580823952, -2.759855417220816880E-15, 6.937499999999966249 ) ) ;
#1878 = CARTESIAN_POINT ( 'NONE',  ( -0.8660254037844358210, 1.499999999999999778, 4.041666666666642982 ) ) ;
#1879 = CARTESIAN_POINT ( 'NONE',  ( -0.1279041153220164817, -1.180373547802411771, -7.939512695553794686 ) ) ;
#1880 = ORIENTED_EDGE ( 'NONE', *, *, #323, .F. ) ;
#1881 = ORIENTED_EDGE ( 'NONE', *, *, #3148, .F. ) ;
#1882 = CARTESIAN_POINT ( 'NONE',  ( -0.8660254037844369313, -1.499999999999991562, -2.229166666666690055 ) ) ;
#1883 = LINE ( 'NONE', #5772, #1130 ) ;
#1884 = CARTESIAN_POINT ( 'NONE',  ( 0.6785254037844304920, -1.175240473580821732, -5.895833333333341919 ) ) ;
#1885 = EDGE_CURVE ( 'NONE', #1237, #4646, #8366, .T. ) ;
#1886 = DIRECTION ( 'NONE',  ( 0.000000000000000000, 0.000000000000000000, -1.000000000000000000 ) ) ;
#1887 = CARTESIAN_POINT ( 'NONE',  ( 1.357050807568865203, 4.125744759050742171E-15, -3.812500000000012879 ) ) ;
#1888 = CARTESIAN_POINT ( 'NONE',  ( -1.499999999999982014, -9.067116327485578019E-15, 12.24264068711923237 ) ) ;
#1889 = CARTESIAN_POINT ( 'NONE',  ( 0.6785254037844321573, -1.175240473580821066, -6.958333333333340143 ) ) ;
#1890 = CARTESIAN_POINT ( 'NONE',  ( -1.322475605676645349, -0.7635316469341199008, -1.786458333333351689 ) ) ;
#1891 = CARTESIAN_POINT ( 'NONE',  ( 1.175240473580827283, 0.3149047358083479908, 5.147329099369230221 ) ) ;
#1892 = CARTESIAN_POINT ( 'NONE',  ( 1.763300807568860762, 4.051117844727701623E-15, 8.890624999999959144 ) ) ;
#1893 = CARTESIAN_POINT ( 'NONE',  ( -0.6785254037844021813, 1.175240473580846823, 7.354166666666628771 ) ) ;
#1894 = CARTESIAN_POINT ( 'NONE',  ( 1.499999999999982014, -8.883419307613476875E-15, 12.24264068711923237 ) ) ;
#1895 = CARTESIAN_POINT ( 'NONE',  ( -1.836970198721024757E-16, -1.499999999999991562, 3.249999999999977351 ) ) ;
#1896 = VERTEX_POINT ( 'NONE', #3747 ) ;
#1897 = VERTEX_POINT ( 'NONE', #495 ) ;
#1898 = CARTESIAN_POINT ( 'NONE',  ( -0.8660254037844363761, -1.499999999999990674, 2.708333333333311721 ) ) ;
#1899 = CARTESIAN_POINT ( 'NONE',  ( -0.9218689959748802565, -0.6224592253955998356, 9.604891043794040684 ) ) ;
#1900 = CARTESIAN_POINT ( 'NONE',  ( 0.6785254037844321573, -1.175240473580821066, 8.041666666666628771 ) ) ;
#1901 = CARTESIAN_POINT ( 'NONE',  ( 0.000000000000000000, 4.375030948216173530E-15, -8.000000000000000000 ) ) ;
#1902 = CARTESIAN_POINT ( 'NONE',  ( -1.017788105676645793, 0.5876202367904224122, 0.3333333333333104997 ) ) ;
#1903 = CARTESIAN_POINT ( 'NONE',  ( 1.017788105676656452, 0.5876202367904038715, 5.666666666666632324 ) ) ;
#1904 = CARTESIAN_POINT ( 'NONE',  ( -1.322475605676645793, -0.7635316469341201229, -1.317708333333351245 ) ) ;
#1905 = ORIENTED_EDGE ( 'NONE', *, *, #5894, .T. ) ;
#1906 = CARTESIAN_POINT ( 'NONE',  ( -1.499999999999996225, 4.561024215828087150E-15, 4.187499999999962697 ) ) ;
#1907 = VERTEX_POINT ( 'NONE', #7646 ) ;
#1908 = CARTESIAN_POINT ( 'NONE',  ( -0.8660254037844362651, 1.500000000000000666, -0.3958333333333600157 ) ) ;
#1909 = CARTESIAN_POINT ( 'NONE',  ( 1.499999999999982014, -9.250813347357679164E-15, 7.749999999999998224 ) ) ;
#1910 = CARTESIAN_POINT ( 'NONE',  ( 1.357050807568865203, 4.125744759050742171E-15, 0.1249999999999775457 ) ) ;
#1911 = CARTESIAN_POINT ( 'NONE',  ( 2.303389135595868196E-14, 1.175240473580829503, 2.749999999999972911 ) ) ;
#1912 = EDGE_CURVE ( 'NONE', #6234, #4564, #2556, .T. ) ;
#1913 = DIRECTION ( 'NONE',  ( 1.000000000000000000, 0.000000000000000000, 0.000000000000000000 ) ) ;
#1914 = CARTESIAN_POINT ( 'NONE',  ( 0.000000000000000000, 1.527063293868253568, 4.046874999999968914 ) ) ;
#1915 = ADVANCED_FACE ( 'NONE', ( #7729 ), #2750, .T. ) ;
#1916 = CARTESIAN_POINT ( 'NONE',  ( 1.017788105676655119, 0.5876202367904063140, 0.7291666666666436480 ) ) ;
#1917 = DIRECTION ( 'NONE',  ( -0.000000000000000000, -0.000000000000000000, 1.000000000000000000 ) ) ;
#1918 = VERTEX_POINT ( 'NONE', #6452 ) ;
#1919 =( BOUNDED_CURVE ( )  B_SPLINE_CURVE ( 2, ( #5913, #5868, #2774, #4598, #1978, #7180, #7781, #3959, #1515 ),
 .UNSPECIFIED., .F., .T. ) 
 B_SPLINE_CURVE_WITH_KNOTS ( ( 3, 2, 2, 2, 3 ),
 ( 0.6689189189189189699, 0.6711711711711711992, 0.6756756756756756577, 0.6801801801801802272, 0.6824324324324324564 ),
 .UNSPECIFIED. ) 
 CURVE ( )  GEOMETRIC_REPRESENTATION_ITEM ( )  RATIONAL_B_SPLINE_CURVE ( ( 0.9330127018922192983, 0.9330127018922209636, 1.000000000000000000, 0.8660254037844387076, 1.000000000000000000, 0.8660254037844387076, 1.000000000000000000, 0.9330127018922194093, 0.9330127018922194093 ) ) 
 REPRESENTATION_ITEM ( '' )  );
#1920 =( BOUNDED_CURVE ( )  B_SPLINE_CURVE ( 2, ( #4276, #4960, #3680, #309, #1621, #2920, #3004, #6262, #3600 ),
 .UNSPECIFIED., .F., .T. ) 
 B_SPLINE_CURVE_WITH_KNOTS ( ( 3, 2, 2, 2, 3 ),
 ( 0.1959459459459459707, 0.1981981981981981999, 0.2027027027027027140, 0.2072072072072072002, 0.2094594594594594850 ),
 .UNSPECIFIED. ) 
 CURVE ( )  GEOMETRIC_REPRESENTATION_ITEM ( )  RATIONAL_B_SPLINE_CURVE ( ( 0.9330127018922194093, 0.9330127018922201865, 1.000000000000000000, 0.8660254037844387076, 1.000000000000000000, 0.8660254037844387076, 1.000000000000000000, 0.9330127018922185211, 0.9330127018922194093 ) ) 
 REPRESENTATION_ITEM ( '' )  );
#1921 = ORIENTED_EDGE ( 'NONE', *, *, #6515, .T. ) ;
#1922 = CARTESIAN_POINT ( 'NONE',  ( 1.017788105676649790, 0.5876202367904153068, -2.833333333333349024 ) ) ;
#1923 = AXIS2_PLACEMENT_3D ( 'NONE', #43, #3217, #5801 ) ;
#1924 = CARTESIAN_POINT ( 'NONE',  ( -0.8660254037844369313, -1.499999999999991562, 3.270833333333298398 ) ) ;
#1925 = ADVANCED_FACE ( 'NONE', ( #7690 ), #6967, .T. ) ;
#1926 = FACE_OUTER_BOUND ( 'NONE', #5318, .T. ) ;
#1927 = CARTESIAN_POINT ( 'NONE',  ( 1.017788105676660448, 0.5876202367903968771, 5.229166666666634100 ) ) ;
#1928 = CARTESIAN_POINT ( 'NONE',  ( 0.6785254037844331565, 1.175240473580829059, -3.229166666666681174 ) ) ;
#1929 = EDGE_CURVE ( 'NONE', #801, #2493, #6402, .T. ) ;
#1930 = CARTESIAN_POINT ( 'NONE',  ( -0.6785254037844136166, 1.175240473580840606, 1.791666666666641206 ) ) ;
#1931 = ADVANCED_FACE ( 'NONE', ( #4982 ), #6324, .T. ) ;
#1932 = CARTESIAN_POINT ( 'NONE',  ( 1.017788105676649346, 0.5876202367904160839, -7.333333333333339255 ) ) ;
#1933 = CARTESIAN_POINT ( 'NONE',  ( 0.8816504037844296038, -1.527063293868245131, -1.161458333333352799 ) ) ;
#1934 = SPHERICAL_SURFACE ( 'NONE', #3337, 3.171922267359732928 ) ;
#1935 = CARTESIAN_POINT ( 'NONE',  ( -0.8816504037844302699, 1.527063293868253790, 7.057291666666630547 ) ) ;
#1936 = DIRECTION ( 'NONE',  ( 0.000000000000000000, 1.000000000000000000, 1.156482317317885333E-15 ) ) ;
#1937 = CARTESIAN_POINT ( 'NONE',  ( -1.175240473580825062, 4.518956396636091433E-15, -8.000000000000000000 ) ) ;
#1938 = FACE_OUTER_BOUND ( 'NONE', #4149, .T. ) ;
#1939 = VERTEX_POINT ( 'NONE', #8379 ) ;
#1940 = VERTEX_POINT ( 'NONE', #2554 ) ;
#1941 = CARTESIAN_POINT ( 'NONE',  ( -1.439254484199176806E-16, -1.175240473580820844, 9.499999999999955591 ) ) ;
#1942 = CARTESIAN_POINT ( 'NONE',  ( -1.017788105676648014, 0.5876202367904188595, -6.666666666666674068 ) ) ;
#1943 = CARTESIAN_POINT ( 'NONE',  ( -1.175240473580825284, 5.635915273061458284E-15, -6.125000000000006217 ) ) ;
#1944 = CARTESIAN_POINT ( 'NONE',  ( -1.175240473580823952, -2.759855417220817274E-15, 6.874999999999966249 ) ) ;
#1945 = CARTESIAN_POINT ( 'NONE',  ( 1.763300807568860762, 4.051117844727701623E-15, 0.3906249999999778511 ) ) ;
#1946 = ORIENTED_EDGE ( 'NONE', *, *, #6892, .T. ) ;
#1947 = CARTESIAN_POINT ( 'NONE',  ( -1.499999999999995559, -5.258250847547031143E-15, 0.1249999999999849010 ) ) ;
#1948 = ORIENTED_EDGE ( 'NONE', *, *, #4717, .F. ) ;
#1949 = CARTESIAN_POINT ( 'NONE',  ( -1.499999999999996447, -5.258250847547031931E-15, -4.312500000000018652 ) ) ;
#1950 = CARTESIAN_POINT ( 'NONE',  ( 1.499999999999996225, 0.4019237886466866527, -7.602670900630737805 ) ) ;
#1951 = CARTESIAN_POINT ( 'NONE',  ( 0.000000000000000000, 1.175240473580829503, 0.2499999999999776845 ) ) ;
#1952 = CARTESIAN_POINT ( 'NONE',  ( 1.499999999999996447, 3.776644255144276145E-15, 7.437499999999954703 ) ) ;
#1953 = CARTESIAN_POINT ( 'NONE',  ( 1.499999999999995781, -6.071681917885798082E-15, -4.125000000000007105 ) ) ;
#1954 = CARTESIAN_POINT ( 'NONE',  ( -1.870113174931165379E-16, -1.527063293868244687, 5.296874999999966249 ) ) ;
#1955 = CARTESIAN_POINT ( 'NONE',  ( 1.499999999999996447, -6.042630808230842937E-15, -4.062500000000020428 ) ) ;
#1956 = DIRECTION ( 'NONE',  ( 0.000000000000000000, -1.000000000000000000, -1.476058317402310498E-15 ) ) ;
#1957 = CARTESIAN_POINT ( 'NONE',  ( -0.8660254037844358210, 1.499999999999999778, -4.458333333333338366 ) ) ;
#1958 = ORIENTED_EDGE ( 'NONE', *, *, #4137, .T. ) ;
#1959 = ORIENTED_EDGE ( 'NONE', *, *, #7779, .F. ) ;
#1960 = DIRECTION ( 'NONE',  ( -0.000000000000000000, -0.000000000000000000, 1.000000000000000000 ) ) ;
#1961 = CARTESIAN_POINT ( 'NONE',  ( 1.017788105676649346, 0.5876202367904157509, -7.333333333333339255 ) ) ;
#1962 = CARTESIAN_POINT ( 'NONE',  ( -1.499999999999996225, 4.561024215828087150E-15, 5.187499999999960032 ) ) ;
#1963 = CARTESIAN_POINT ( 'NONE',  ( -1.000000000000005551, -0.5773502691896376104, 8.495000000000000995 ) ) ;
#1964 = CARTESIAN_POINT ( 'NONE',  ( -0.6785254037844324904, 1.175240473580829281, -4.145833333333346360 ) ) ;
#1965 =( BOUNDED_CURVE ( )  B_SPLINE_CURVE ( 2, ( #5168, #2747, #1361, #4659, #7752, #7239, #5330, #5208, #1949 ),
 .UNSPECIFIED., .F., .T. ) 
 B_SPLINE_CURVE_WITH_KNOTS ( ( 3, 2, 2, 2, 3 ),
 ( 0.2094594594594594295, 0.2117117117117117142, 0.2162162162162162282, 0.2207207207207207145, 0.2229729729729729992 ),
 .UNSPECIFIED. ) 
 CURVE ( )  GEOMETRIC_REPRESENTATION_ITEM ( )  RATIONAL_B_SPLINE_CURVE ( ( 0.9330127018922194093, 0.9330127018922185211, 1.000000000000000000, 0.8660254037844387076, 1.000000000000000000, 0.8660254037844387076, 1.000000000000000000, 0.9330127018922185211, 0.9330127018922194093 ) ) 
 REPRESENTATION_ITEM ( '' )  );
#1966 = AXIS2_PLACEMENT_3D ( 'NONE', #4390, #6292, #7058 ) ;
#1967 = EDGE_CURVE ( 'NONE', #5207, #4615, #6566, .T. ) ;
#1968 = EDGE_CURVE ( 'NONE', #4798, #1122, #7558, .T. ) ;
#1969 =( BOUNDED_CURVE ( )  B_SPLINE_CURVE ( 2, ( #2193, #1646, #296, #2865, #4186, #6768, #378, #8056, #4224 ),
 .UNSPECIFIED., .F., .F. ) 
 B_SPLINE_CURVE_WITH_KNOTS ( ( 3, 2, 2, 2, 3 ),
 ( 0.1148648648648648990, 0.1171171171171171144, 0.1216216216216216284, 0.1261261261261261146, 0.1283783783783783439 ),
 .UNSPECIFIED. ) 
 CURVE ( )  GEOMETRIC_REPRESENTATION_ITEM ( )  RATIONAL_B_SPLINE_CURVE ( ( 0.9330127018922192983, 0.9330127018922202975, 1.000000000000000000, 0.8660254037844387076, 1.000000000000000000, 0.8660254037844387076, 1.000000000000000000, 0.9330127018922202975, 0.9330127018922194093 ) ) 
 REPRESENTATION_ITEM ( '' )  );
#1970 = CARTESIAN_POINT ( 'NONE',  ( -1.499999999999982014, -9.067116327485578019E-15, 12.24264068711923237 ) ) ;
#1971 = CARTESIAN_POINT ( 'NONE',  ( -1.017788105676648902, -0.5876202367904079793, -7.083333333333340143 ) ) ;
#1972 = CARTESIAN_POINT ( 'NONE',  ( -1.322475605676645349, -0.7635316469341199008, -2.286458333333350357 ) ) ;
#1973 = CARTESIAN_POINT ( 'NONE',  ( -1.175240473580823286, 0.3149047358083656434, -0.1473290993692812079 ) ) ;
#1974 = DIRECTION ( 'NONE',  ( 0.000000000000000000, 0.000000000000000000, -1.000000000000000000 ) ) ;
#1975 = ADVANCED_FACE ( 'NONE', ( #8255 ), #1805, .T. ) ;
#1976 = CARTESIAN_POINT ( 'NONE',  ( -0.8816504037844309360, -1.527063293868244909, 7.223958333333297510 ) ) ;
#1977 = CARTESIAN_POINT ( 'NONE',  ( 1.727396361477604761E-14, 1.175240473580829503, 7.312499999999962697 ) ) ;
#1978 = CARTESIAN_POINT ( 'NONE',  ( 3.224802985921934281E-14, 1.175240473580829503, 4.249999999999968914 ) ) ;
#1979 = CARTESIAN_POINT ( 'NONE',  ( -1.299038105676654453, -0.7499999999999933387, 3.166666666666644758 ) ) ;
#1980 = B_SPLINE_CURVE_WITH_KNOTS ( 'NONE', 3,
 ( #2368, #554, #7027, #8317, #4275, #3002, #4959, #2490 ),
 .UNSPECIFIED., .F., .F.,
 ( 4, 2, 2, 4 ),
 ( 2.544396950727874464E-07, 0.0002984430161323473724, 0.0005966315925696219795, 0.001193008745444171194 ),
 .UNSPECIFIED. ) ;
#1981 = ORIENTED_EDGE ( 'NONE', *, *, #5037, .F. ) ;
#1982 = ORIENTED_EDGE ( 'NONE', *, *, #3313, .T. ) ;
#1983 = CARTESIAN_POINT ( 'NONE',  ( 1.017788105676645127, -0.5876202367904150847, -4.354166666666678509 ) ) ;
#1984 = CARTESIAN_POINT ( 'NONE',  ( -1.017788105676648902, -0.5876202367904079793, 7.416666666666630547 ) ) ;
#1985 = AXIS2_PLACEMENT_3D ( 'NONE', #4648, #5959, #163 ) ;
#1986 = CARTESIAN_POINT ( 'NONE',  ( 6.322682138062729176E-18, 1.154700538379250352, 9.650000000000000355 ) ) ;
#1987 = CARTESIAN_POINT ( 'NONE',  ( 1.499999999999996447, 3.776644255144276145E-15, 1.437499999999968692 ) ) ;
#1988 = EDGE_CURVE ( 'NONE', #5672, #6155, #5530, .T. ) ;
#1989 = CARTESIAN_POINT ( 'NONE',  ( 1.175240473580824840, -0.3149047358083497672, -5.397329099369270189 ) ) ;
#1990 = CARTESIAN_POINT ( 'NONE',  ( -0.8816504037844309360, -1.527063293868244909, 0.2239583333333121373 ) ) ;
#1991 = ORIENTED_EDGE ( 'NONE', *, *, #7135, .T. ) ;
#1992 = CARTESIAN_POINT ( 'NONE',  ( 1.017788105676649346, 0.5876202367904160839, 5.729166666666632324 ) ) ;
#1993 = VECTOR ( 'NONE', #7848, 1000.000000000000000 ) ;
#1994 = CARTESIAN_POINT ( 'NONE',  ( -1.175240473580823730, 0.3149047358083594261, -2.584829099369275962 ) ) ;
#1995 = VERTEX_POINT ( 'NONE', #2719 ) ;
#1996 = DIRECTION ( 'NONE',  ( 0.000000000000000000, 0.000000000000000000, -1.000000000000000000 ) ) ;
#1997 = CARTESIAN_POINT ( 'NONE',  ( -1.299038105676654231, 0.7500000000000025535, -2.416666666666677177 ) ) ;
#1998 = CARTESIAN_POINT ( 'NONE',  ( -1.017788105676648902, -0.5876202367904079793, -0.08333333333335538051 ) ) ;
#1999 = CYLINDRICAL_SURFACE ( 'NONE', #2475, 1.175240473580825062 ) ;
#2000 = CARTESIAN_POINT ( 'NONE',  ( -1.500000000000006217, 0.4019237886466690557, 0.1026709006307252869 ) ) ;
#2001 = CARTESIAN_POINT ( 'NONE',  ( 1.763300807568860318, 4.051117844727701623E-15, 6.921874999999962697 ) ) ;
#2002 = AXIS2_PLACEMENT_3D ( 'NONE', #3576, #4728, #366 ) ;
#2003 = CARTESIAN_POINT ( 'NONE',  ( -1.175240473580825284, 3.369928719974892676E-15, -4.125000000000012434 ) ) ;
#2004 = CYLINDRICAL_SURFACE ( 'NONE', #1731, 1.175240473580825062 ) ;
#2005 = CARTESIAN_POINT ( 'NONE',  ( -0.8816504037844302699, 1.527063293868253790, -7.942708333333336590 ) ) ;
#2006 = VERTEX_POINT ( 'NONE', #5184 ) ;
#2007 = VERTEX_POINT ( 'NONE', #2134 ) ;
#2008 = CARTESIAN_POINT ( 'NONE',  ( 4.605614349437365780E-15, 1.175240473580829503, -0.1875000000000209832 ) ) ;
#2009 = CARTESIAN_POINT ( 'NONE',  ( 1.017788105676653787, 0.5876202367904086454, -3.833333333333346360 ) ) ;
#2010 = CARTESIAN_POINT ( 'NONE',  ( -1.499999999999996447, -1.519373034954197633E-14, 1.687499999999968914 ) ) ;
#2011 = CARTESIAN_POINT ( 'NONE',  ( 1.017788105676649346, 0.5876202367904160839, -1.770833333333350801 ) ) ;
#2012 = FACE_OUTER_BOUND ( 'NONE', #7766, .T. ) ;
#2013 = CARTESIAN_POINT ( 'NONE',  ( -1.017788105676648902, -0.5876202367904079793, -5.083333333333344584 ) ) ;
#2014 = CARTESIAN_POINT ( 'NONE',  ( 1.499999999999996225, 0.4019237886466866527, -3.102670900630748907 ) ) ;
#2015 = CARTESIAN_POINT ( 'NONE',  ( 0.8816504037844310471, 1.527063293868253124, -1.994791666666684726 ) ) ;
#2016 = CARTESIAN_POINT ( 'NONE',  ( -0.6785254037844192787, 1.175240473580837053, 6.354166666666631436 ) ) ;
#2017 = EDGE_CURVE ( 'NONE', #4798, #476, #5944, .T. ) ;
#2018 = EDGE_CURVE ( 'NONE', #8269, #6611, #6891, .T. ) ;
#2019 =( BOUNDED_CURVE ( )  B_SPLINE_CURVE ( 2, ( #3932, #7928, #86, #768, #3849, #3470, #7285, #847, #7456 ),
 .UNSPECIFIED., .F., .T. ) 
 B_SPLINE_CURVE_WITH_KNOTS ( ( 3, 2, 2, 2, 3 ),
 ( 0.8581081081081081141, 0.8603603603603603434, 0.8648648648648649129, 0.8693693693693693714, 0.8716216216216217116 ),
 .UNSPECIFIED. ) 
 CURVE ( )  GEOMETRIC_REPRESENTATION_ITEM ( )  RATIONAL_B_SPLINE_CURVE ( ( 0.9330127018922194093, 0.9330127018922194093, 1.000000000000000000, 0.8660254037844388186, 1.000000000000000000, 0.8660254037844388186, 1.000000000000000000, 0.9330127018922160786, 0.9330127018922194093 ) ) 
 REPRESENTATION_ITEM ( '' )  );
#2020 = CARTESIAN_POINT ( 'NONE',  ( -1.322475605676645793, -0.7635316469341201229, 6.682291666666631436 ) ) ;
#2021 = CARTESIAN_POINT ( 'NONE',  ( -9.135222912987789366E-13, -1.460376587736470277, -7.664623412263503077 ) ) ;
#2022 = CARTESIAN_POINT ( 'NONE',  ( 1.278288646331096734, 0.3628895865855453762, 7.566479068317177870 ) ) ;
#2023 = CARTESIAN_POINT ( 'NONE',  ( -1.175240473580823952, -0.3149047358083449377, -5.040170900630749351 ) ) ;
#2024 = EDGE_CURVE ( 'NONE', #5672, #5300, #8322, .T. ) ;
#2025 = VERTEX_POINT ( 'NONE', #4674 ) ;
#2026 = ORIENTED_EDGE ( 'NONE', *, *, #620, .F. ) ;
#2027 = CARTESIAN_POINT ( 'NONE',  ( -1.017788105676648902, 0.5876202367904169721, 9.833333333333291293 ) ) ;
#2028 = DIRECTION ( 'NONE',  ( -0.000000000000000000, -0.000000000000000000, 1.000000000000000000 ) ) ;
#2029 = CARTESIAN_POINT ( 'NONE',  ( -1.175240473580829503, 0.3149047358083592596, 0.3526709006307179872 ) ) ;
#2030 = CARTESIAN_POINT ( 'NONE',  ( -5.758472838989670490E-15, -1.175240473580820844, -5.500000000000009770 ) ) ;
#2031 = CARTESIAN_POINT ( 'NONE',  ( 0.8816504037844311581, 1.527063293868253568, 0.4739583333333123316 ) ) ;
#2032 = ORIENTED_EDGE ( 'NONE', *, *, #1141, .F. ) ;
#2033 = CARTESIAN_POINT ( 'NONE',  ( 0.000000000000000000, 1.175240473580829503, 4.312499999999968914 ) ) ;
#2034 = FACE_OUTER_BOUND ( 'NONE', #5789, .T. ) ;
#2035 = EDGE_CURVE ( 'NONE', #3339, #4543, #4942, .T. ) ;
#2036 = VERTEX_POINT ( 'NONE', #1375 ) ;
#2037 = CARTESIAN_POINT ( 'NONE',  ( -1.175240473580825284, 7.378981852358816687E-15, -3.562500000000013323 ) ) ;
#2038 = LINE ( 'NONE', #811, #7666 ) ;
#2039 = CARTESIAN_POINT ( 'NONE',  ( 1.017788105676649346, 0.5876202367904160839, 1.666666666666640984 ) ) ;
#2040 = CARTESIAN_POINT ( 'NONE',  ( 1.499999999999996225, 0.4019237886466866527, 4.897329099369233774 ) ) ;
#2041 = CARTESIAN_POINT ( 'NONE',  ( 1.322475605676646015, 0.7635316469341278944, 5.463541666666632324 ) ) ;
#2042 = CARTESIAN_POINT ( 'NONE',  ( -1.175240473580824174, 9.790223953720163148E-15, 3.937499999999971578 ) ) ;
#2043 = CARTESIAN_POINT ( 'NONE',  ( -1.175240473580825062, 4.518956396636091433E-15, -8.000000000000000000 ) ) ;
#2044 = CARTESIAN_POINT ( 'NONE',  ( 1.322475605676646238, 0.7635316469341281165, -7.567708333333337478 ) ) ;
#2045 = EDGE_LOOP ( 'NONE', ( #3490, #3419, #1433, #1581 ) ) ;
#2046 =( BOUNDED_CURVE ( )  B_SPLINE_CURVE ( 2, ( #2769, #6712, #4046, #8041, #195, #2608, #3839, #5790, #4127 ),
 .UNSPECIFIED., .F., .F. ) 
 B_SPLINE_CURVE_WITH_KNOTS ( ( 3, 2, 2, 2, 3 ),
 ( 0.3851351351351351426, 0.3873873873873873719, 0.3918918918918918859, 0.3963963963963963999, 0.3986486486486486847 ),
 .UNSPECIFIED. ) 
 CURVE ( )  GEOMETRIC_REPRESENTATION_ITEM ( )  RATIONAL_B_SPLINE_CURVE ( ( 0.9330127018922194093, 0.9330127018922201865, 1.000000000000000000, 0.8660254037844387076, 1.000000000000000000, 0.8660254037844387076, 1.000000000000000000, 0.9330127018922185211, 0.9330127018922194093 ) ) 
 REPRESENTATION_ITEM ( '' )  );
#2047 = ORIENTED_EDGE ( 'NONE', *, *, #2479, .F. ) ;
#2048 = CYLINDRICAL_SURFACE ( 'NONE', #4005, 1.175240473580825062 ) ;
#2049 = CARTESIAN_POINT ( 'NONE',  ( 1.499999999999995781, -6.071681917885798082E-15, -3.625000000000007105 ) ) ;
#2050 = CARTESIAN_POINT ( 'NONE',  ( -1.439254484199176806E-16, -1.175240473580820844, -1.437500000000018652 ) ) ;
#2051 = DIRECTION ( 'NONE',  ( 0.000000000000000000, 0.000000000000000000, -1.000000000000000000 ) ) ;
#2052 = CARTESIAN_POINT ( 'NONE',  ( -1.017788105676648902, -0.5876202367904079793, -4.583333333333345472 ) ) ;
#2053 = CARTESIAN_POINT ( 'NONE',  ( -1.017788105676657340, -0.5876202367903936574, 1.416666666666642538 ) ) ;
#2054 = CARTESIAN_POINT ( 'NONE',  ( -0.8816504037844307140, -1.527063293868244465, 0.2552083333333104442 ) ) ;
#2055 = CARTESIAN_POINT ( 'NONE',  ( -1.499999999999996447, -1.519373034954197633E-14, -2.312500000000022204 ) ) ;
#2056 = CARTESIAN_POINT ( 'NONE',  ( 0.000000000000000000, -9.067116327485578019E-15, 12.24264068711923237 ) ) ;
#2057 = AXIS2_PLACEMENT_3D ( 'NONE', #7663, #5628, #3762 ) ;
#2058 = CARTESIAN_POINT ( 'NONE',  ( 0.000000000000000000, 1.527063293868253790, 10.01562499999995737 ) ) ;
#2059 = CARTESIAN_POINT ( 'NONE',  ( 1.499999999999982014, -8.883419307613476875E-15, 12.24264068711923237 ) ) ;
#2060 = CARTESIAN_POINT ( 'NONE',  ( 1.000000000000006217, 0.5773502691896216232, 9.650000000000000355 ) ) ;
#2061 = EDGE_LOOP ( 'NONE', ( #7853, #4021, #6517 ) ) ;
#2062 = ORIENTED_EDGE ( 'NONE', *, *, #1767, .T. ) ;
#2063 = CARTESIAN_POINT ( 'NONE',  ( 1.017788105676648902, -0.5876202367904087565, 10.08333333333329129 ) ) ;
#2064 = CARTESIAN_POINT ( 'NONE',  ( -1.175240473580828615, -5.403506395821810812E-15, 3.374999999999972911 ) ) ;
#2065 = CARTESIAN_POINT ( 'NONE',  ( 1.175240473580825062, 4.375030948216173530E-15, -8.000000000000000000 ) ) ;
#2066 = CARTESIAN_POINT ( 'NONE',  ( -0.8816504037844309360, -1.527063293868244909, 0.7239583333333108328 ) ) ;
#2067 = VERTEX_POINT ( 'NONE', #1418 ) ;
#2068 = CARTESIAN_POINT ( 'NONE',  ( -1.017788105676648902, -0.5876202367904079793, 4.479166666666634988 ) ) ;
#2069 = EDGE_CURVE ( 'NONE', #1, #5568, #865, .T. ) ;
#2070 = FACE_OUTER_BOUND ( 'NONE', #5929, .T. ) ;
#2071 = VERTEX_POINT ( 'NONE', #5983 ) ;
#2072 = VERTEX_POINT ( 'NONE', #4040 ) ;
#2073 = DIRECTION ( 'NONE',  ( 0.000000000000000000, 0.000000000000000000, -1.000000000000000000 ) ) ;
#2074 = CARTESIAN_POINT ( 'NONE',  ( -1.439254484199176806E-16, -1.175240473580820844, 0.9999999999999765743 ) ) ;
#2075 = AXIS2_PLACEMENT_3D ( 'NONE', #2929, #1712, #7342 ) ;
#2076 = DIRECTION ( 'NONE',  ( -0.000000000000000000, -0.000000000000000000, 1.000000000000000000 ) ) ;
#2077 = CARTESIAN_POINT ( 'NONE',  ( -1.299038105676654453, -0.7499999999999933387, 4.166666666666642094 ) ) ;
#2078 = CARTESIAN_POINT ( 'NONE',  ( 0.000000000000000000, 1.527063293868253568, 6.546874999999964473 ) ) ;
#2079 = CARTESIAN_POINT ( 'NONE',  ( 0.8660254037844359321, -1.499999999999992673, -4.145833333333352577 ) ) ;
#2080 = CARTESIAN_POINT ( 'NONE',  ( -1.299038105676654675, 0.7500000000000027756, 3.145833333333298398 ) ) ;
#2081 = CARTESIAN_POINT ( 'NONE',  ( -1.299038105676654231, 0.7500000000000025535, -4.416666666666673180 ) ) ;
#2082 = ADVANCED_FACE ( 'NONE', ( #1335 ), #3443, .T. ) ;
#2083 = ORIENTED_EDGE ( 'NONE', *, *, #1349, .T. ) ;
#2084 = EDGE_LOOP ( 'NONE', ( #403, #7251, #4994, #2714 ) ) ;
#2085 = CARTESIAN_POINT ( 'NONE',  ( 0.000000000000000000, -7.267483695685816380E-15, 9.650000000000000355 ) ) ;
#2086 = CARTESIAN_POINT ( 'NONE',  ( 1.499999999999996447, 3.776644255144276145E-15, 1.437499999999968692 ) ) ;
#2087 = DIRECTION ( 'NONE',  ( 0.000000000000000000, 0.000000000000000000, -1.000000000000000000 ) ) ;
#2088 = CARTESIAN_POINT ( 'NONE',  ( 0.6892176704427538381, -0.9519291851245749170, -7.949759526419174271 ) ) ;
#2089 =( BOUNDED_CURVE ( )  B_SPLINE_CURVE ( 2, ( #3109, #8295, #1173, #5815, #6492, #7689, #2430, #4427, #5062 ),
 .UNSPECIFIED., .F., .F. ) 
 B_SPLINE_CURVE_WITH_KNOTS ( ( 3, 2, 2, 2, 3 ),
 ( 0.7635135135135134865, 0.7657657657657657158, 0.7702702702702702853, 0.7747747747747747438, 0.7770270270270269730 ),
 .UNSPECIFIED. ) 
 CURVE ( )  GEOMETRIC_REPRESENTATION_ITEM ( )  RATIONAL_B_SPLINE_CURVE ( ( 0.9330127018922194093, 0.9330127018922194093, 1.000000000000000000, 0.8660254037844387076, 1.000000000000000000, 0.8660254037844387076, 1.000000000000000000, 0.9330127018922209636, 0.9330127018922192983 ) ) 
 REPRESENTATION_ITEM ( '' )  );
#2090 = CARTESIAN_POINT ( 'NONE',  ( 1.017788105676649346, 0.5876202367904160839, 0.2291666666666448970 ) ) ;
#2091 = CARTESIAN_POINT ( 'NONE',  ( 0.000000000000000000, -9.067116327485578019E-15, 12.24264068711923237 ) ) ;
#2092 = CARTESIAN_POINT ( 'NONE',  ( -1.017788105676648902, 0.5876202367904169721, -5.166666666666676733 ) ) ;
#2093 = CARTESIAN_POINT ( 'NONE',  ( 1.017788105676644017, -0.5876202367904166390, -0.9166666666666862806 ) ) ;
#2094 = CARTESIAN_POINT ( 'NONE',  ( -1.763300807568860318, 4.483001982712331095E-15, 0.1718749999999775735 ) ) ;
#2095 = LINE ( 'NONE', #1340, #4784 ) ;
#2096 = CARTESIAN_POINT ( 'NONE',  ( 1.500000000000000888, 0.4019237886466774379, 4.397329099369234662 ) ) ;
#2097 = CARTESIAN_POINT ( 'NONE',  ( -1.322475605676645571, 0.7635316469341293377, 9.598958333333291293 ) ) ;
#2098 = APPROVAL_ROLE ( '' ) ;
#2099 = CARTESIAN_POINT ( 'NONE',  ( 1.499999999999996447, -6.042630808230842937E-15, -4.062500000000020428 ) ) ;
#2100 = AXIS2_PLACEMENT_3D ( 'NONE', #4896, #1600, #2227 ) ;
#2101 = CARTESIAN_POINT ( 'NONE',  ( 1.000000000000006217, -0.5773502691896372774, 8.495000000000000995 ) ) ;
#2102 = EDGE_LOOP ( 'NONE', ( #6224, #3944, #6295, #4624 ) ) ;
#2103 = ORIENTED_EDGE ( 'NONE', *, *, #1037, .T. ) ;
#2104 = CARTESIAN_POINT ( 'NONE',  ( 1.322475605676646015, 0.7635316469341278944, -7.036458333333341031 ) ) ;
#2105 = CARTESIAN_POINT ( 'NONE',  ( -2.301352272525719822E-15, -1.175240473580820844, 3.062499999999971578 ) ) ;
#2106 = CARTESIAN_POINT ( 'NONE',  ( 1.175240473580824174, -2.876059855840641404E-15, -0.3750000000000200950 ) ) ;
#2107 = AXIS2_PLACEMENT_3D ( 'NONE', #2942, #1728, #6889 ) ;
#2108 = CARTESIAN_POINT ( 'NONE',  ( 1.299038105676655563, 0.7500000000000016653, -7.520833333333345472 ) ) ;
#2109 = CARTESIAN_POINT ( 'NONE',  ( -1.763300807568860762, 4.483001982712331095E-15, 1.140624999999976685 ) ) ;
#2110 = ORIENTED_EDGE ( 'NONE', *, *, #2479, .T. ) ;
#2111 = CARTESIAN_POINT ( 'NONE',  ( -0.6785254037844324904, 1.175240473580829281, 6.354166666666630547 ) ) ;
#2112 = CARTESIAN_POINT ( 'NONE',  ( 0.000000000000000000, 4.375030948216173530E-15, -8.000000000000000000 ) ) ;
#2113 = ORIENTED_EDGE ( 'NONE', *, *, #4050, .F. ) ;
#2114 = VERTEX_POINT ( 'NONE', #2680 ) ;
#2115 = CARTESIAN_POINT ( 'NONE',  ( 0.8660254037844371533, 1.500000000000000222, 3.520833333333296622 ) ) ;
#2116 = CARTESIAN_POINT ( 'NONE',  ( -1.017788105676650678, -0.5876202367904049817, -6.520833333333340143 ) ) ;
#2117 = CARTESIAN_POINT ( 'NONE',  ( 1.017788105676648902, -0.5876202367904087565, 2.083333333333306836 ) ) ;
#2118 = CARTESIAN_POINT ( 'NONE',  ( 1.299038105676654009, -0.7499999999999942268, 2.333333333333312609 ) ) ;
#2119 = CARTESIAN_POINT ( 'NONE',  ( -1.175240473580818179, 0.3149047358083711945, 4.415170900630709383 ) ) ;
#2120 = CARTESIAN_POINT ( 'NONE',  ( 1.322475605676645127, -0.7635316469341209000, 9.880208333333291293 ) ) ;
#2121 = CARTESIAN_POINT ( 'NONE',  ( -0.6785254037844425934, -1.175240473580814848, -4.041666666666679397 ) ) ;
#2122 = CARTESIAN_POINT ( 'NONE',  ( -1.175240473580825062, 4.518956396636091433E-15, -8.000000000000000000 ) ) ;
#2123 = EDGE_CURVE ( 'NONE', #5635, #4777, #787, .T. ) ;
#2124 = CARTESIAN_POINT ( 'NONE',  ( 1.763300807568860762, 4.051117844727701623E-15, -5.109375000000009770 ) ) ;
#2125 = ORIENTED_EDGE ( 'NONE', *, *, #620, .T. ) ;
#2126 = CIRCLE ( 'NONE', #3330, 1.154700538379258568 ) ;
#2127 = CARTESIAN_POINT ( 'NONE',  ( -0.8660254037844362651, 1.500000000000000666, 5.604166666666626107 ) ) ;
#2128 = EDGE_CURVE ( 'NONE', #1122, #476, #5058, .T. ) ;
#2129 = ORIENTED_EDGE ( 'NONE', *, *, #4507, .T. ) ;
#2130 = CIRCLE ( 'NONE', #8368, 2.850000000000009415 ) ;
#2131 = DIRECTION ( 'NONE',  ( -1.000000000000000000, 0.000000000000000000, 0.000000000000000000 ) ) ;
#2132 = CARTESIAN_POINT ( 'NONE',  ( -1.175240473580824174, 1.040029725647423855E-14, 2.874999999999974243 ) ) ;
#2133 = CARTESIAN_POINT ( 'NONE',  ( 1.499999999999995781, -6.071681917885798082E-15, 0.3749999999999832356 ) ) ;
#2134 = CARTESIAN_POINT ( 'NONE',  ( 1.175240473580824174, -1.772117688952314534E-15, -2.375000000000015987 ) ) ;
#2135 = CARTESIAN_POINT ( 'NONE',  ( 0.6785254037844321573, -1.175240473580821066, -0.3958333333333539095 ) ) ;
#2136 = CARTESIAN_POINT ( 'NONE',  ( -1.499999999999996447, -5.258250847547031931E-15, 0.1874999999999720224 ) ) ;
#2137 = CARTESIAN_POINT ( 'NONE',  ( -1.017788105676648902, -0.5876202367904079793, -4.083333333333346360 ) ) ;
#2138 = EDGE_CURVE ( 'NONE', #2733, #4165, #7386, .T. ) ;
#2139 = CARTESIAN_POINT ( 'NONE',  ( -1.299038105676654231, 0.7500000000000025535, -2.916666666666675845 ) ) ;
#2140 = DIRECTION ( 'NONE',  ( 0.000000000000000000, 1.000000000000000000, 7.531071187239187305E-16 ) ) ;
#2141 =( BOUNDED_CURVE ( )  B_SPLINE_CURVE ( 2, ( #7290, #4352, #1185, #1776, #6333, #3878, #6937, #7096, #8267 ),
 .UNSPECIFIED., .F., .T. ) 
 B_SPLINE_CURVE_WITH_KNOTS ( ( 3, 2, 2, 2, 3 ),
 ( 0.04729729729729729992, 0.04954954954954954999, 0.05405405405405405705, 0.05855855855855855718, 0.06081081081081081419 ),
 .UNSPECIFIED. ) 
 CURVE ( )  GEOMETRIC_REPRESENTATION_ITEM ( )  RATIONAL_B_SPLINE_CURVE ( ( 0.9330127018922192983, 0.9330127018922194093, 1.000000000000000000, 0.8660254037844387076, 1.000000000000000000, 0.8660254037844387076, 1.000000000000000000, 0.9330127018922191873, 0.9330127018922194093 ) ) 
 REPRESENTATION_ITEM ( '' )  );
#2142 = CARTESIAN_POINT ( 'NONE',  ( -1.322475605676645127, 0.7635316469341291157, 1.130208333333309501 ) ) ;
#2143 = CARTESIAN_POINT ( 'NONE',  ( 1.175240473580826395, 1.278248824818062868E-15, 0.1874999999999786282 ) ) ;
#2144 = VECTOR ( 'NONE', #4664, 1000.000000000000000 ) ;
#2145 = CARTESIAN_POINT ( 'NONE',  ( 0.000000000000000000, -9.067116327485578019E-15, 12.24264068711923237 ) ) ;
#2146 = CARTESIAN_POINT ( 'NONE',  ( 1.322475605676646238, 0.7635316469341281165, 9.932291666666625218 ) ) ;
#2147 = CARTESIAN_POINT ( 'NONE',  ( 1.301882938682594970, -9.932574391029448723E-14, 7.551882938682609847 ) ) ;
#2148 = CARTESIAN_POINT ( 'NONE',  ( 0.000000000000000000, 4.375030948216173530E-15, -8.000000000000000000 ) ) ;
#2149 = DESIGN_CONTEXT ( 'detailed design', #3659, 'design' ) ;
#2150 = ORIENTED_EDGE ( 'NONE', *, *, #3412, .F. ) ;
#2151 = CARTESIAN_POINT ( 'NONE',  ( 1.322475605676645127, -0.7635316469341209000, -7.619791666666672292 ) ) ;
#2152 = CARTESIAN_POINT ( 'NONE',  ( -1.017788105676651345, -0.5876202367904036494, -4.020833333333345472 ) ) ;
#2153 = CARTESIAN_POINT ( 'NONE',  ( 1.175240473580824174, 1.249197715163106737E-15, 7.124999999999964473 ) ) ;
#2154 = CARTESIAN_POINT ( 'NONE',  ( -1.322475605676645571, 0.7635316469341293377, 2.598958333333307280 ) ) ;
#2155 = ORIENTED_EDGE ( 'NONE', *, *, #5902, .T. ) ;
#2156 = CARTESIAN_POINT ( 'NONE',  ( 0.6785254037844321573, -1.175240473580821066, 6.604166666666631436 ) ) ;
#2157 = DIRECTION ( 'NONE',  ( 0.000000000000000000, 0.000000000000000000, -1.000000000000000000 ) ) ;
#2158 = ORIENTED_EDGE ( 'NONE', *, *, #7261, .T. ) ;
#2159 = ORIENTED_EDGE ( 'NONE', *, *, #5436, .F. ) ;
#2160 = CARTESIAN_POINT ( 'NONE',  ( -0.8660254037844362651, 1.500000000000000666, -6.895833333333346360 ) ) ;
#2161 = CARTESIAN_POINT ( 'NONE',  ( 1.499999999999990452, 0.4019237886466957566, -2.602670900630748463 ) ) ;
#2162 = CARTESIAN_POINT ( 'NONE',  ( -0.6785254037844324904, 1.175240473580829281, 2.291666666666639873 ) ) ;
#2163 = CARTESIAN_POINT ( 'NONE',  ( -1.017788105676657118, -0.5876202367903942125, 0.4791666666666450913 ) ) ;
#2164 = CARTESIAN_POINT ( 'NONE',  ( 0.000000000000000000, 1.527063293868253568, 7.546874999999961808 ) ) ;
#2165 = CARTESIAN_POINT ( 'NONE',  ( 1.500000000000002220, 0.4019237886466776599, 2.959829099369225780 ) ) ;
#2166 = CARTESIAN_POINT ( 'NONE',  ( -1.763300807568860762, 4.483001982712331095E-15, -6.859375000000006217 ) ) ;
#2167 = ORIENTED_EDGE ( 'NONE', *, *, #4146, .F. ) ;
#2168 = CARTESIAN_POINT ( 'NONE',  ( -1.175240473580825062, 4.518956396636091433E-15, -8.000000000000000000 ) ) ;
#2169 = ADVANCED_FACE ( 'NONE', ( #7509 ), #991, .T. ) ;
#2170 = VERTEX_POINT ( 'NONE', #7470 ) ;
#2171 = CARTESIAN_POINT ( 'NONE',  ( 0.8660254037844359321, -1.499999999999992673, 2.354166666666633656 ) ) ;
#2172 = CARTESIAN_POINT ( 'NONE',  ( 1.175240473580828615, 1.867986350813668840E-14, 2.687499999999974687 ) ) ;
#2173 = ORIENTED_EDGE ( 'NONE', *, *, #3415, .F. ) ;
#2174 = CARTESIAN_POINT ( 'NONE',  ( -1.439254484199176806E-16, -1.175240473580820844, -0.9375000000000190958 ) ) ;
#2175 = CARTESIAN_POINT ( 'NONE',  ( 0.8660254037844368202, 1.499999999999999334, -1.541666666666678509 ) ) ;
#2176 = ADVANCED_FACE ( 'NONE', ( #4286 ), #232, .T. ) ;
#2177 = CARTESIAN_POINT ( 'NONE',  ( -1.017788105676648902, -0.5876202367904079793, -3.583333333333347248 ) ) ;
#2178 = CARTESIAN_POINT ( 'NONE',  ( -0.6785254037844217212, 1.175240473580835499, 2.291666666666639873 ) ) ;
#2179 = CARTESIAN_POINT ( 'NONE',  ( -2.059984127722458425E-15, -1.154700538379265895, 9.650000000000000355 ) ) ;
#2180 = CARTESIAN_POINT ( 'NONE',  ( 1.763300807568860318, 4.051117844727701623E-15, 0.4218749999999760747 ) ) ;
#2181 = CARTESIAN_POINT ( 'NONE',  ( 1.499999999999982014, -8.883419307613476875E-15, 12.24264068711923237 ) ) ;
#2182 = CARTESIAN_POINT ( 'NONE',  ( -1.017788105676636912, 0.5876202367904378443, 2.395833333333307280 ) ) ;
#2183 = CARTESIAN_POINT ( 'NONE',  ( -0.8816504037844309360, -1.527063293868244909, 9.223958333333293069 ) ) ;
#2184 = EDGE_CURVE ( 'NONE', #4973, #642, #7991, .T. ) ;
#2185 = PERSON_AND_ORGANIZATION_ROLE ( 'creator' ) ;
#2186 = CARTESIAN_POINT ( 'NONE',  ( 0.8660254037844357100, -1.499999999999991562, 1.291666666666647645 ) ) ;
#2187 = CARTESIAN_POINT ( 'NONE',  ( -1.499999999999996225, 4.561024215828087150E-15, 3.187499999999964473 ) ) ;
#2188 =( BOUNDED_CURVE ( )  B_SPLINE_CURVE ( 2, ( #3008, #5005, #5595, #3091, #8238, #5046, #3492, #6911, #2416 ),
 .UNSPECIFIED., .F., .T. ) 
 B_SPLINE_CURVE_WITH_KNOTS ( ( 3, 2, 2, 2, 3 ),
 ( 0.8175675675675676546, 0.8198198198198197728, 0.8243243243243243423, 0.8288288288288288008, 0.8310810810810811411 ),
 .UNSPECIFIED. ) 
 CURVE ( )  GEOMETRIC_REPRESENTATION_ITEM ( )  RATIONAL_B_SPLINE_CURVE ( ( 0.9330127018922194093, 0.9330127018922226290, 1.000000000000000000, 0.8660254037844387076, 1.000000000000000000, 0.8660254037844387076, 1.000000000000000000, 0.9330127018922176330, 0.9330127018922192983 ) ) 
 REPRESENTATION_ITEM ( '' )  );
#2189 = VERTEX_POINT ( 'NONE', #1078 ) ;
#2190 = CARTESIAN_POINT ( 'NONE',  ( 0.8816504037844296038, -1.527063293868245131, -6.661458333333341919 ) ) ;
#2191 = AXIS2_PLACEMENT_3D ( 'NONE', #509, #8312, #5585 ) ;
#2192 = CARTESIAN_POINT ( 'NONE',  ( -1.499999999999995781, -0.4019237886466783261, -0.3526709006307546801 ) ) ;
#2193 = CARTESIAN_POINT ( 'NONE',  ( -1.499999999999996447, -7.814748497183156485E-15, -6.312500000000014211 ) ) ;
#2194 = CARTESIAN_POINT ( 'NONE',  ( -0.8816504037844309360, -1.527063293868244909, 1.223958333333309501 ) ) ;
#2195 = ORIENTED_EDGE ( 'NONE', *, *, #2483, .F. ) ;
#2196 = CARTESIAN_POINT ( 'NONE',  ( -0.6785254037844324904, 1.175240473580829281, 6.854166666666629659 ) ) ;
#2197 = CARTESIAN_POINT ( 'NONE',  ( -1.017788105676640242, 0.5876202367904318491, 4.895833333333301063 ) ) ;
#2198 = ORIENTED_EDGE ( 'NONE', *, *, #1465, .T. ) ;
#2199 = ORIENTED_EDGE ( 'NONE', *, *, #5387, .F. ) ;
#2200 = CARTESIAN_POINT ( 'NONE',  ( -1.175240473580826395, 1.118467721715805113E-14, -1.625000000000017542 ) ) ;
#2201 = DIRECTION ( 'NONE',  ( 0.8660254037844385966, 0.4999999999999999445, 0.000000000000000000 ) ) ;
#2202 = CARTESIAN_POINT ( 'NONE',  ( -1.357050807568865203, 4.458126344604650913E-15, 3.374999999999972022 ) ) ;
#2203 = FACE_OUTER_BOUND ( 'NONE', #3340, .T. ) ;
#2204 = CARTESIAN_POINT ( 'NONE',  ( -1.175240473580826395, 1.118467721715805113E-14, -1.625000000000017542 ) ) ;
#2205 = CARTESIAN_POINT ( 'NONE',  ( -1.763300807568860318, 4.483001982712331095E-15, 8.171874999999959144 ) ) ;
#2206 = CARTESIAN_POINT ( 'NONE',  ( -2.072962927904703482E-14, -1.175240473580820844, 5.999999999999965361 ) ) ;
#2207 = CARTESIAN_POINT ( 'NONE',  ( -1.322475605676645571, 0.7635316469341293377, -4.901041666666676733 ) ) ;
#2208 = ORIENTED_EDGE ( 'NONE', *, *, #2526, .T. ) ;
#2209 = CARTESIAN_POINT ( 'NONE',  ( 1.499999999999984901, -0.4019237886466975329, -5.647329099369264860 ) ) ;
#2210 = CIRCLE ( 'NONE', #594, 1.175240473580825062 ) ;
#2211 = ORIENTED_EDGE ( 'NONE', *, *, #3872, .T. ) ;
#2212 = CARTESIAN_POINT ( 'NONE',  ( 0.8660254037844357100, -1.499999999999991562, -6.708333333333333037 ) ) ;
#2213 = CYLINDRICAL_SURFACE ( 'NONE', #2599, 1.499999999999982014 ) ;
#2214 = CARTESIAN_POINT ( 'NONE',  ( -1.175240473580825284, 5.403506395821810812E-15, -6.625000000000007105 ) ) ;
#2215 = CARTESIAN_POINT ( 'NONE',  ( 0.000000000000000000, -9.067116327485578019E-15, 7.749999999999998224 ) ) ;
#2216 = ORIENTED_EDGE ( 'NONE', *, *, #3568, .F. ) ;
#2217 = CARTESIAN_POINT ( 'NONE',  ( 0.000000000000000000, 1.175240473580829503, -0.6875000000000196509 ) ) ;
#2218 = CARTESIAN_POINT ( 'NONE',  ( -1.175240473580824840, 0.3149047358083585935, -6.084829099369267524 ) ) ;
#2219 = CARTESIAN_POINT ( 'NONE',  ( 0.07813100402512555831, -1.109591582173305113, 9.604891043794040684 ) ) ;
#2220 = CARTESIAN_POINT ( 'NONE',  ( -1.322475605676645349, -0.7635316469341199008, 0.7135416666666436480 ) ) ;
#2221 = CARTESIAN_POINT ( 'NONE',  ( 1.017788105676650012, 0.5876202367904148627, -1.770833333333350801 ) ) ;
#2222 = CARTESIAN_POINT ( 'NONE',  ( 1.500000000000000888, 0.4019237886466774379, 2.397329099369238659 ) ) ;
#2223 = ADVANCED_FACE ( 'NONE', ( #6750 ), #188, .T. ) ;
#2224 = CARTESIAN_POINT ( 'NONE',  ( -1.870113174931165872E-16, -1.527063293868245131, 9.765624999999957367 ) ) ;
#2225 = ADVANCED_FACE ( 'NONE', ( #8122 ), #2259, .T. ) ;
#2226 = MECHANICAL_CONTEXT ( 'NONE', #1341, 'mechanical' ) ;
#2227 = DIRECTION ( 'NONE',  ( 1.000000000000000000, 0.000000000000000000, 0.000000000000000000 ) ) ;
#2228 = LINE ( 'NONE', #6246, #622 ) ;
#2229 = UNCERTAINTY_MEASURE_WITH_UNIT (LENGTH_MEASURE( 1.000000000000000082E-05 ), #7095, 'distance_accuracy_value', 'NONE');
#2230 = EDGE_LOOP ( 'NONE', ( #7360, #969, #951, #1013, #808 ) ) ;
#2231 = EDGE_CURVE ( 'NONE', #7166, #7414, #4199, .T. ) ;
#2232 = CARTESIAN_POINT ( 'NONE',  ( 1.322475605676645127, -0.7635316469341209000, -6.119791666666675845 ) ) ;
#2233 = CARTESIAN_POINT ( 'NONE',  ( -1.175240473580825284, 3.369928719974892676E-15, -4.062500000000012434 ) ) ;
#2234 = LINE ( 'NONE', #4821, #2671 ) ;
#2235 = CARTESIAN_POINT ( 'NONE',  ( 0.000000000000000000, 1.527063293868253790, 2.015624999999974243 ) ) ;
#2236 = ORIENTED_EDGE ( 'NONE', *, *, #8162, .F. ) ;
#2237 = VECTOR ( 'NONE', #7111, 1000.000000000000114 ) ;
#2238 = CARTESIAN_POINT ( 'NONE',  ( -1.017788105676648902, 0.5876202367904169721, 6.895833333333297510 ) ) ;
#2239 =( BOUNDED_CURVE ( )  B_SPLINE_CURVE ( 2, ( #5814, #15, #1961, #4544, #7127, #7899, #7255, #1333, #5854 ),
 .UNSPECIFIED., .F., .T. ) 
 B_SPLINE_CURVE_WITH_KNOTS ( ( 3, 2, 2, 2, 3 ),
 ( 0.04729729729729729992, 0.04954954954954954999, 0.05405405405405405705, 0.05855855855855855718, 0.06081081081081081419 ),
 .UNSPECIFIED. ) 
 CURVE ( )  GEOMETRIC_REPRESENTATION_ITEM ( )  RATIONAL_B_SPLINE_CURVE ( ( 0.9330127018922192983, 0.9330127018922194093, 1.000000000000000000, 0.8660254037844387076, 1.000000000000000000, 0.8660254037844387076, 1.000000000000000000, 0.9330127018922191873, 0.9330127018922194093 ) ) 
 REPRESENTATION_ITEM ( '' )  );
#2240 = CARTESIAN_POINT ( 'NONE',  ( 1.299038105676655563, 0.7500000000000016653, -5.520833333333349913 ) ) ;
#2241 =( BOUNDED_CURVE ( )  B_SPLINE_CURVE ( 2, ( #3201, #1263, #6501, #5194, #3282, #7223, #6460, #7179, #3833 ),
 .UNSPECIFIED., .F., .F. ) 
 B_SPLINE_CURVE_WITH_KNOTS ( ( 3, 2, 2, 2, 3 ),
 ( 0.7770270270270270840, 0.7792792792792793133, 0.7837837837837837718, 0.7882882882882883413, 0.7905405405405406816 ),
 .UNSPECIFIED. ) 
 CURVE ( )  GEOMETRIC_REPRESENTATION_ITEM ( )  RATIONAL_B_SPLINE_CURVE ( ( 0.9330127018922192983, 0.9330127018922209636, 1.000000000000000000, 0.8660254037844387076, 1.000000000000000000, 0.8660254037844387076, 1.000000000000000000, 0.9330127018922160786, 0.9330127018922194093 ) ) 
 REPRESENTATION_ITEM ( '' )  );
#2242 = EDGE_LOOP ( 'NONE', ( #3782, #4869, #7672, #1565 ) ) ;
#2243 = ORIENTED_EDGE ( 'NONE', *, *, #7371, .T. ) ;
#2244 = CYLINDRICAL_SURFACE ( 'NONE', #6929, 1.175240473580825062 ) ;
#2245 = ADVANCED_FACE ( 'NONE', ( #3488 ), #4170, .T. ) ;
#2246 = DIRECTION ( 'NONE',  ( -0.000000000000000000, -0.000000000000000000, 1.000000000000000000 ) ) ;
#2247 = CARTESIAN_POINT ( 'NONE',  ( 1.017788105676648902, -0.5876202367904087565, 3.583333333333304616 ) ) ;
#2248 = CARTESIAN_POINT ( 'NONE',  ( -1.175240473580826395, -3.137519842735245204E-15, 0.4374999999999794609 ) ) ;
#2249 = CARTESIAN_POINT ( 'NONE',  ( 1.322475605676646015, 0.7635316469341278944, 8.963541666666625218 ) ) ;
#2250 = CARTESIAN_POINT ( 'NONE',  ( 6.908421524156049065E-15, 1.175240473580829503, 3.749999999999970246 ) ) ;
#2251 = CARTESIAN_POINT ( 'NONE',  ( -1.322475605676645571, 0.7635316469341293377, -5.901041666666674068 ) ) ;
#2252 = VERTEX_POINT ( 'NONE', #2809 ) ;
#2253 = CARTESIAN_POINT ( 'NONE',  ( -0.8660254037844363761, -1.499999999999990674, -5.791666666666669627 ) ) ;
#2254 = VERTEX_POINT ( 'NONE', #8161 ) ;
#2255 = CARTESIAN_POINT ( 'NONE',  ( 1.499999999999990008, -0.4019237886466882625, 7.352670900630707607 ) ) ;
#2256 = CARTESIAN_POINT ( 'NONE',  ( -1.175240473580824174, 8.105259593732717402E-15, 0.9374999999999771294 ) ) ;
#2257 = CARTESIAN_POINT ( 'NONE',  ( -0.3626809508743343846, 1.277203190416754008, -7.809696661640119331 ) ) ;
#2258 = VECTOR ( 'NONE', #7144, 1000.000000000000000 ) ;
#2259 = CYLINDRICAL_SURFACE ( 'NONE', #6027, 1.175240473580825062 ) ;
#2260 = ORIENTED_EDGE ( 'NONE', *, *, #6113, .F. ) ;
#2261 = CARTESIAN_POINT ( 'NONE',  ( 0.6785254037844321573, -1.175240473580821066, 2.104166666666641650 ) ) ;
#2262 = VERTEX_POINT ( 'NONE', #909 ) ;
#2263 = CARTESIAN_POINT ( 'NONE',  ( 1.017788105676638022, -0.5876202367904270751, 5.645833333333299286 ) ) ;
#2264 = CARTESIAN_POINT ( 'NONE',  ( -1.299038105676654453, -0.7499999999999933387, -3.333333333333341919 ) ) ;
#2265 = CARTESIAN_POINT ( 'NONE',  ( 0.8816504037844296038, -1.527063293868245131, 2.338541666666640317 ) ) ;
#2266 = CARTESIAN_POINT ( 'NONE',  ( -0.6785254037844239416, 1.175240473580834166, -1.645833333333351467 ) ) ;
#2267 = CARTESIAN_POINT ( 'NONE',  ( 2.302807174718682890E-15, 1.175240473580829503, -4.187500000000012434 ) ) ;
#2268 = AXIS2_PLACEMENT_3D ( 'NONE', #7314, #4773, #6121 ) ;
#2269 = CARTESIAN_POINT ( 'NONE',  ( -1.357050807568865203, 4.458126344604650913E-15, -4.562500000000010658 ) ) ;
#2270 = DIRECTION ( 'NONE',  ( 0.000000000000000000, 0.000000000000000000, -1.000000000000000000 ) ) ;
#2271 = CARTESIAN_POINT ( 'NONE',  ( -1.499999999999995559, -5.258250847547031143E-15, 0.1249999999999849010 ) ) ;
#2272 = VERTEX_POINT ( 'NONE', #6069 ) ;
#2273 = ADVANCED_FACE ( 'NONE', ( #3609 ), #276, .T. ) ;
#2274 = ADVANCED_FACE ( 'NONE', ( #400 ), #7431, .F. ) ;
#2275 = CARTESIAN_POINT ( 'NONE',  ( -1.870113174931165379E-16, -1.527063293868244687, -5.703125000000010658 ) ) ;
#2276 = CARTESIAN_POINT ( 'NONE',  ( -1.000000000000005551, -0.5773502691896371664, 9.650000000000000355 ) ) ;
#2277 = CARTESIAN_POINT ( 'NONE',  ( -1.175240473580824174, 8.105259593732717402E-15, 0.8749999999999770184 ) ) ;
#2278 = CARTESIAN_POINT ( 'NONE',  ( -1.322475605676645571, 0.7635316469341293377, 3.598958333333304616 ) ) ;
#2279 = VERTEX_POINT ( 'NONE', #5565 ) ;
#2280 = CARTESIAN_POINT ( 'NONE',  ( 1.017788105676648902, -0.5876202367904087565, 8.645833333333293069 ) ) ;
#2281 = DIRECTION ( 'NONE',  ( 0.000000000000000000, 0.000000000000000000, -1.000000000000000000 ) ) ;
#2282 = ORIENTED_EDGE ( 'NONE', *, *, #7469, .T. ) ;
#2283 = ORIENTED_EDGE ( 'NONE', *, *, #4865, .F. ) ;
#2284 = EDGE_CURVE ( 'NONE', #6111, #4754, #6632, .T. ) ;
#2285 = FACE_OUTER_BOUND ( 'NONE', #1082, .T. ) ;
#2286 = CARTESIAN_POINT ( 'NONE',  ( 1.990144363140589168E-14, -2.850000000000010303, 8.247499999999996945 ) ) ;
#2287 = CARTESIAN_POINT ( 'NONE',  ( 0.000000000000000000, 1.175240473580829503, 2.249999999999974243 ) ) ;
#2288 = CARTESIAN_POINT ( 'NONE',  ( -0.8660254037844363761, -1.499999999999990674, 5.708333333333304616 ) ) ;
#2289 = CARTESIAN_POINT ( 'NONE',  ( 0.8660254037844357100, -1.499999999999991562, -0.7083333333333468040 ) ) ;
#2290 = CARTESIAN_POINT ( 'NONE',  ( -0.8816504037844307140, -1.527063293868244465, 9.755208333333291293 ) ) ;
#2291 = CARTESIAN_POINT ( 'NONE',  ( -1.175240473580828837, 1.240482382266620036E-14, 7.374999999999964473 ) ) ;
#2292 = CARTESIAN_POINT ( 'NONE',  ( -1.322475605676645571, 0.7635316469341293377, -6.401041666666674068 ) ) ;
#2293 =( BOUNDED_CURVE ( )  B_SPLINE_CURVE ( 2, ( #5400, #6669, #5990, #5354, #3279, #2016, #7824, #751, #873 ),
 .UNSPECIFIED., .F., .T. ) 
 B_SPLINE_CURVE_WITH_KNOTS ( ( 3, 2, 2, 2, 3 ),
 ( 0.7770270270270270840, 0.7792792792792793133, 0.7837837837837837718, 0.7882882882882883413, 0.7905405405405406816 ),
 .UNSPECIFIED. ) 
 CURVE ( )  GEOMETRIC_REPRESENTATION_ITEM ( )  RATIONAL_B_SPLINE_CURVE ( ( 0.9330127018922192983, 0.9330127018922209636, 1.000000000000000000, 0.8660254037844387076, 1.000000000000000000, 0.8660254037844387076, 1.000000000000000000, 0.9330127018922160786, 0.9330127018922194093 ) ) 
 REPRESENTATION_ITEM ( '' )  );
#2294 = VERTEX_POINT ( 'NONE', #3015 ) ;
#2295 =( BOUNDED_CURVE ( )  B_SPLINE_CURVE ( 2, ( #5591, #7542, #1746, #4321, #2206, #4796, #7377, #8395, #5716 ),
 .UNSPECIFIED., .F., .T. ) 
 B_SPLINE_CURVE_WITH_KNOTS ( ( 3, 2, 2, 2, 3 ),
 ( 0.7635135135135135975, 0.7657657657657657158, 0.7702702702702702853, 0.7747747747747747438, 0.7770270270270270840 ),
 .UNSPECIFIED. ) 
 CURVE ( )  GEOMETRIC_REPRESENTATION_ITEM ( )  RATIONAL_B_SPLINE_CURVE ( ( 0.9330127018922194093, 0.9330127018922226290, 1.000000000000000000, 0.8660254037844387076, 1.000000000000000000, 0.8660254037844387076, 1.000000000000000000, 0.9330127018922176330, 0.9330127018922192983 ) ) 
 REPRESENTATION_ITEM ( '' )  );
#2296 = EDGE_CURVE ( 'NONE', #1559, #2294, #2508, .T. ) ;
#2297 = CARTESIAN_POINT ( 'NONE',  ( 0.000000000000000000, -1.166111451202051126E-15, 8.247499999999998721 ) ) ;
#2298 = FACE_OUTER_BOUND ( 'NONE', #3286, .T. ) ;
#2299 = CARTESIAN_POINT ( 'NONE',  ( 0.000000000000000000, 4.375030948216173530E-15, -8.000000000000000000 ) ) ;
#2300 = FACE_OUTER_BOUND ( 'NONE', #4479, .T. ) ;
#2301 = CARTESIAN_POINT ( 'NONE',  ( -0.8374356494219479252, -1.160928778933668859, -7.696385228430301595 ) ) ;
#2302 = CARTESIAN_POINT ( 'NONE',  ( 1.175240473580824618, 0.3149047358083482129, 2.709829099369234218 ) ) ;
#2303 = ORIENTED_EDGE ( 'NONE', *, *, #8170, .F. ) ;
#2304 = CARTESIAN_POINT ( 'NONE',  ( -1.439254484199176806E-16, -1.175240473580820844, 2.062499999999974243 ) ) ;
#2305 = ORIENTED_EDGE ( 'NONE', *, *, #6169, .T. ) ;
#2306 = CARTESIAN_POINT ( 'NONE',  ( 1.175240473580825284, 3.195622062045156283E-15, -6.312500000000007105 ) ) ;
#2307 = CARTESIAN_POINT ( 'NONE',  ( 0.6785254037843986286, -1.175240473580840161, 6.104166666666632324 ) ) ;
#2308 = CARTESIAN_POINT ( 'NONE',  ( -0.8816504037844307140, -1.527063293868244465, 2.255208333333306836 ) ) ;
#2309 = CARTESIAN_POINT ( 'NONE',  ( 1.175240473580824174, 2.963213184805509206E-15, 2.187499999999975131 ) ) ;
#2310 = CARTESIAN_POINT ( 'NONE',  ( 1.017788105676649346, 0.5876202367904160839, -6.770833333333340143 ) ) ;
#2311 = CARTESIAN_POINT ( 'NONE',  ( -1.836970198721025250E-16, -1.499999999999991784, 3.812499999999964029 ) ) ;
#2312 = CARTESIAN_POINT ( 'NONE',  ( 1.499999999999982014, -8.883419307613476875E-15, 12.24264068711923237 ) ) ;
#2313 = ORIENTED_EDGE ( 'NONE', *, *, #5182, .F. ) ;
#2314 = CARTESIAN_POINT ( 'NONE',  ( 1.763300807568860318, 4.051117844727701623E-15, -4.078125000000013323 ) ) ;
#2315 = CARTESIAN_POINT ( 'NONE',  ( 0.6785254037844293817, -1.175240473580822398, -3.895833333333346804 ) ) ;
#2316 = CARTESIAN_POINT ( 'NONE',  ( -1.763300807568860762, 4.483001982712331095E-15, 6.140624999999966249 ) ) ;
#2317 = ORIENTED_EDGE ( 'NONE', *, *, #4405, .T. ) ;
#2318 = CARTESIAN_POINT ( 'NONE',  ( -0.6785254037844329345, -1.175240473580820622, 9.020833333333293069 ) ) ;
#2319 = CARTESIAN_POINT ( 'NONE',  ( 1.377727649040751435E-16, 1.124999999999994005, -7.999999999999998224 ) ) ;
#2320 = ORIENTED_EDGE ( 'NONE', *, *, #3261, .F. ) ;
#2321 = VECTOR ( 'NONE', #1665, 1000.000000000000000 ) ;
#2322 = ORIENTED_EDGE ( 'NONE', *, *, #7660, .F. ) ;
#2323 = LINE ( 'NONE', #1063, #1519 ) ;
#2324 = DIRECTION ( 'NONE',  ( 1.000000000000000000, 0.000000000000000000, 0.000000000000000000 ) ) ;
#2325 = CARTESIAN_POINT ( 'NONE',  ( -1.439254484199176806E-16, -1.175240473580820844, 6.999999999999962697 ) ) ;
#2326 = DIRECTION ( 'NONE',  ( 0.000000000000000000, 0.000000000000000000, -1.000000000000000000 ) ) ;
#2327 = CARTESIAN_POINT ( 'NONE',  ( 1.499999999999996447, 3.776644255144276145E-15, 7.437499999999954703 ) ) ;
#2328 = DIRECTION ( 'NONE',  ( 1.000000000000000000, 0.000000000000000000, 0.000000000000000000 ) ) ;
#2329 = CARTESIAN_POINT ( 'NONE',  ( 1.175240473580820622, 0.3149047358083463810, 3.647329099369231997 ) ) ;
#2330 = CARTESIAN_POINT ( 'NONE',  ( 1.322475605676645349, -0.7635316469341211221, -2.651041666666681618 ) ) ;
#2331 = ORIENTED_EDGE ( 'NONE', *, *, #3423, .F. ) ;
#2332 = EDGE_CURVE ( 'NONE', #6688, #5115, #738, .T. ) ;
#2333 = FACE_OUTER_BOUND ( 'NONE', #1524, .T. ) ;
#2334 = ORIENTED_EDGE ( 'NONE', *, *, #7879, .T. ) ;
#2335 = CARTESIAN_POINT ( 'NONE',  ( 0.000000000000000000, 1.500000000000000222, 1.999999999999979572 ) ) ;
#2336 = DIRECTION ( 'NONE',  ( -0.000000000000000000, -0.000000000000000000, 1.000000000000000000 ) ) ;
#2337 = CARTESIAN_POINT ( 'NONE',  ( 0.6785254037844331565, 1.175240473580829059, -3.291666666666682062 ) ) ;
#2338 = CARTESIAN_POINT ( 'NONE',  ( 0.8660254037844359321, -1.499999999999992673, -1.645833333333357906 ) ) ;
#2339 = DIRECTION ( 'NONE',  ( 0.000000000000000000, 0.000000000000000000, -1.000000000000000000 ) ) ;
#2340 = ADVANCED_FACE ( 'NONE', ( #1120 ), #6232, .T. ) ;
#2341 = CARTESIAN_POINT ( 'NONE',  ( -0.5886582637311080779, -1.296055917585378969, 7.670702640055654165 ) ) ;
#2342 = EDGE_LOOP ( 'NONE', ( #3760, #5279, #6600, #3931 ) ) ;
#2343 = CARTESIAN_POINT ( 'NONE',  ( 1.017788105676649346, 0.5876202367904160839, 1.729166666666640984 ) ) ;
#2344 = ORIENTED_EDGE ( 'NONE', *, *, #6524, .F. ) ;
#2345 = CARTESIAN_POINT ( 'NONE',  ( -0.6785254037844308250, 1.175240473580830614, -6.145833333333342807 ) ) ;
#2346 = CARTESIAN_POINT ( 'NONE',  ( 0.8660254037844359321, -1.499999999999992673, -2.645833333333355686 ) ) ;
#2347 = EDGE_CURVE ( 'NONE', #3213, #1051, #7720, .T. ) ;
#2348 = CARTESIAN_POINT ( 'NONE',  ( 0.8816504037844296038, -1.527063293868245131, 3.338541666666637209 ) ) ;
#2349 = DIRECTION ( 'NONE',  ( -0.000000000000000000, -0.000000000000000000, 1.000000000000000000 ) ) ;
#2350 = AXIS2_PLACEMENT_3D ( 'NONE', #7563, #538, #7010 ) ;
#2351 = DIRECTION ( 'NONE',  ( -0.000000000000000000, -0.000000000000000000, 1.000000000000000000 ) ) ;
#2352 = CARTESIAN_POINT ( 'NONE',  ( 0.000000000000000000, 1.175240473580829503, -5.687500000000009770 ) ) ;
#2353 = CARTESIAN_POINT ( 'NONE',  ( -1.299038105676654897, -0.7499999999999935607, 3.729166666666629659 ) ) ;
#2354 = CARTESIAN_POINT ( 'NONE',  ( -1.499999999999996225, 0.4019237886466875964, 2.165170900630706718 ) ) ;
#2355 = VERTEX_POINT ( 'NONE', #1756 ) ;
#2356 = CARTESIAN_POINT ( 'NONE',  ( 0.8816504037844296038, -1.527063293868245131, -3.661458333333347248 ) ) ;
#2357 = CARTESIAN_POINT ( 'NONE',  ( 0.8816504037844299368, -1.527063293868245353, 4.807291666666634988 ) ) ;
#2358 =( BOUNDED_CURVE ( )  B_SPLINE_CURVE ( 2, ( #6958, #5686, #8287, #2462, #5053, #7636, #3432, #2669, #6014 ),
 .UNSPECIFIED., .F., .F. ) 
 B_SPLINE_CURVE_WITH_KNOTS ( ( 3, 2, 2, 2, 3 ),
 ( 0.7770270270270269730, 0.7792792792792793133, 0.7837837837837837718, 0.7882882882882883413, 0.7905405405405405705 ),
 .UNSPECIFIED. ) 
 CURVE ( )  GEOMETRIC_REPRESENTATION_ITEM ( )  RATIONAL_B_SPLINE_CURVE ( ( 0.9330127018922192983, 0.9330127018922176330, 1.000000000000000000, 0.8660254037844387076, 1.000000000000000000, 0.8660254037844387076, 1.000000000000000000, 0.9330127018922194093, 0.9330127018922194093 ) ) 
 REPRESENTATION_ITEM ( '' )  );
#2359 = CARTESIAN_POINT ( 'NONE',  ( 0.000000000000000000, 1.175240473580829503, 10.31249999999995737 ) ) ;
#2360 = DIRECTION ( 'NONE',  ( -0.000000000000000000, -0.000000000000000000, 1.000000000000000000 ) ) ;
#2361 = ORIENTED_EDGE ( 'NONE', *, *, #888, .T. ) ;
#2362 = EDGE_LOOP ( 'NONE', ( #3511, #6912, #4743, #2150 ) ) ;
#2363 = CARTESIAN_POINT ( 'NONE',  ( -1.299038105676654231, 0.7500000000000025535, -5.916666666666668739 ) ) ;
#2364 = CARTESIAN_POINT ( 'NONE',  ( -1.017788105676642241, 0.5876202367904284074, -2.104166666666683838 ) ) ;
#2365 = CARTESIAN_POINT ( 'NONE',  ( -1.017788105676648902, 0.5876202367904169721, 6.833333333333297510 ) ) ;
#2366 = CARTESIAN_POINT ( 'NONE',  ( 4.605614349437365780E-15, 1.175240473580829503, -0.2500000000000210387 ) ) ;
#2367 = CARTESIAN_POINT ( 'NONE',  ( -0.8660254037844363761, -1.499999999999990674, -0.7916666666666805074 ) ) ;
#2368 = CARTESIAN_POINT ( 'NONE',  ( 6.322682138062729176E-18, 1.154700538379250352, 9.650000000000000355 ) ) ;
#2369 = CARTESIAN_POINT ( 'NONE',  ( -0.8816504037844302699, 1.527063293868253790, -1.942708333333350135 ) ) ;
#2370 = ORIENTED_EDGE ( 'NONE', *, *, #1666, .F. ) ;
#2371 = DIRECTION ( 'NONE',  ( 0.000000000000000000, 0.000000000000000000, -1.000000000000000000 ) ) ;
#2372 = VECTOR ( 'NONE', #4549, 1000.000000000000000 ) ;
#2373 = ORIENTED_EDGE ( 'NONE', *, *, #5745, .T. ) ;
#2374 = CARTESIAN_POINT ( 'NONE',  ( -1.196817672909004759, -0.9270509831252429223, 7.739002832395801335 ) ) ;
#2375 = CARTESIAN_POINT ( 'NONE',  ( -1.842682210432835153E-14, -1.175240473580820844, 2.062499999999974243 ) ) ;
#2376 = CARTESIAN_POINT ( 'NONE',  ( 0.6785254037844331565, 1.175240473580829059, -2.791666666666681618 ) ) ;
#2377 = DIRECTION ( 'NONE',  ( 0.000000000000000000, 0.000000000000000000, -1.000000000000000000 ) ) ;
#2378 = EDGE_CURVE ( 'NONE', #8397, #7544, #460, .T. ) ;
#2379 = CYLINDRICAL_SURFACE ( 'NONE', #2800, 1.499999999999982014 ) ;
#2380 = ADVANCED_FACE ( 'NONE', ( #2422 ), #3098, .T. ) ;
#2381 = CARTESIAN_POINT ( 'NONE',  ( 1.175240473580827283, -0.3149047358083624237, 5.602670900630706718 ) ) ;
#2382 = ORIENTED_EDGE ( 'NONE', *, *, #6062, .T. ) ;
#2383 = AXIS2_PLACEMENT_3D ( 'NONE', #8309, #2482, #5071 ) ;
#2384 = CARTESIAN_POINT ( 'NONE',  ( -1.017788105676648902, -0.5876202367904079793, 1.979166666666641206 ) ) ;
#2385 = EDGE_CURVE ( 'NONE', #1907, #4192, #5054, .T. ) ;
#2386 = VERTEX_POINT ( 'NONE', #1836 ) ;
#2387 = LINE ( 'NONE', #2893, #83 ) ;
#2388 = DIRECTION ( 'NONE',  ( -0.000000000000000000, -0.000000000000000000, 1.000000000000000000 ) ) ;
#2389 = CARTESIAN_POINT ( 'NONE',  ( 1.499999999999982014, -8.883419307613476875E-15, 12.24264068711923237 ) ) ;
#2390 = CARTESIAN_POINT ( 'NONE',  ( -1.870113174931165379E-16, -1.527063293868244687, 4.296874999999968914 ) ) ;
#2391 = CARTESIAN_POINT ( 'NONE',  ( 0.8660254037844359321, -1.499999999999992673, 0.8541666666666359875 ) ) ;
#2392 = CARTESIAN_POINT ( 'NONE',  ( 0.6785254037844321573, -1.175240473580821066, -5.395833333333342807 ) ) ;
#2393 = AXIS2_PLACEMENT_3D ( 'NONE', #7664, #4481, #5675 ) ;
#2394 = CARTESIAN_POINT ( 'NONE',  ( 1.017788105676655341, 0.5876202367904059809, 1.666666666666640984 ) ) ;
#2395 = EDGE_CURVE ( 'NONE', #558, #1, #8332, .T. ) ;
#2396 = CARTESIAN_POINT ( 'NONE',  ( -0.8660254037844362651, 1.500000000000000666, 2.104166666666633656 ) ) ;
#2397 = ORIENTED_EDGE ( 'NONE', *, *, #2548, .F. ) ;
#2398 = CARTESIAN_POINT ( 'NONE',  ( -0.8816504037844300479, 1.527063293868253568, -4.911458333333344584 ) ) ;
#2399 = AXIS2_PLACEMENT_3D ( 'NONE', #1045, #3901, #3780 ) ;
#2400 = CARTESIAN_POINT ( 'NONE',  ( -1.175240473580825284, 3.050366513770377797E-15, -4.625000000000009770 ) ) ;
#2401 = CARTESIAN_POINT ( 'NONE',  ( -1.763300807568860762, 4.483001982712331095E-15, 4.140624999999970690 ) ) ;
#2402 = DIRECTION ( 'NONE',  ( -0.5000000000000003331, -0.8660254037844385966, 0.000000000000000000 ) ) ;
#2403 = CARTESIAN_POINT ( 'NONE',  ( 0.000000000000000000, -2.850000000000009859, 7.999999999999996447 ) ) ;
#2404 = ORIENTED_EDGE ( 'NONE', *, *, #1505, .T. ) ;
#2405 = ORIENTED_EDGE ( 'NONE', *, *, #6405, .F. ) ;
#2406 = CARTESIAN_POINT ( 'NONE',  ( -1.500000000000000888, 0.4019237886466782705, -5.897329099369261307 ) ) ;
#2407 = CARTESIAN_POINT ( 'NONE',  ( -0.6785254037844388186, -1.175240473580817069, 4.020833333333303727 ) ) ;
#2408 = CARTESIAN_POINT ( 'NONE',  ( -1.357050807568865203, 4.458126344604650913E-15, 5.874999999999965361 ) ) ;
#2409 = CYLINDRICAL_SURFACE ( 'NONE', #3155, 1.175240473580825062 ) ;
#2410 = CARTESIAN_POINT ( 'NONE',  ( 0.6785254037844434816, 1.175240473580823064, 4.708333333333301951 ) ) ;
#2411 = DIRECTION ( 'NONE',  ( 0.000000000000000000, 0.000000000000000000, -1.000000000000000000 ) ) ;
#2412 =( BOUNDED_CURVE ( )  B_SPLINE_CURVE ( 2, ( #788, #4591, #5985, #4678, #1506, #7131, #147, #7172, #4080 ),
 .UNSPECIFIED., .F., .T. ) 
 B_SPLINE_CURVE_WITH_KNOTS ( ( 3, 2, 2, 2, 3 ),
 ( 0.5067567567567567988, 0.5090090090090090280, 0.5135135135135134865, 0.5180180180180180560, 0.5202702702702703963 ),
 .UNSPECIFIED. ) 
 CURVE ( )  GEOMETRIC_REPRESENTATION_ITEM ( )  RATIONAL_B_SPLINE_CURVE ( ( 0.9330127018922192983, 0.9330127018922209636, 1.000000000000000000, 0.8660254037844387076, 1.000000000000000000, 0.8660254037844387076, 1.000000000000000000, 0.9330127018922160786, 0.9330127018922194093 ) ) 
 REPRESENTATION_ITEM ( '' )  );
#2413 = CARTESIAN_POINT ( 'NONE',  ( 1.299038105676654675, 0.7500000000000013323, -0.5833333333333478032 ) ) ;
#2414 = CARTESIAN_POINT ( 'NONE',  ( 1.763300807568860762, 4.051117844727701623E-15, -2.609375000000015543 ) ) ;
#2415 = ORIENTED_EDGE ( 'NONE', *, *, #903, .T. ) ;
#2416 = CARTESIAN_POINT ( 'NONE',  ( 1.175240473580824174, 1.249197715163106737E-15, 7.187499999999963585 ) ) ;
#2417 = ORIENTED_EDGE ( 'NONE', *, *, #6637, .T. ) ;
#2418 = CARTESIAN_POINT ( 'NONE',  ( 0.000000000000000000, 4.375030948216173530E-15, -8.000000000000000000 ) ) ;
#2419 = CARTESIAN_POINT ( 'NONE',  ( -0.6785254037844324904, 1.175240473580829281, -2.708333333333348580 ) ) ;
#2420 = LINE ( 'NONE', #1118, #7896 ) ;
#2421 = DIRECTION ( 'NONE',  ( -0.000000000000000000, -0.000000000000000000, 1.000000000000000000 ) ) ;
#2422 = FACE_OUTER_BOUND ( 'NONE', #8247, .T. ) ;
#2423 = CARTESIAN_POINT ( 'NONE',  ( 1.175240473580828615, 1.867986350813668840E-14, 2.624999999999975131 ) ) ;
#2424 = VERTEX_POINT ( 'NONE', #1877 ) ;
#2425 = CARTESIAN_POINT ( 'NONE',  ( -1.439254484199176806E-16, -1.175240473580820844, 2.562499999999972911 ) ) ;
#2426 =( BOUNDED_CURVE ( )  B_SPLINE_CURVE ( 2, ( #6277, #5692, #1922, #4379, #1250, #535, #3784, #4463, #8337 ),
 .UNSPECIFIED., .F., .T. ) 
 B_SPLINE_CURVE_WITH_KNOTS ( ( 3, 2, 2, 2, 3 ),
 ( 0.2905405405405405705, 0.2927927927927927998, 0.2972972972972973138, 0.3018018018018018278, 0.3040540540540540571 ),
 .UNSPECIFIED. ) 
 CURVE ( )  GEOMETRIC_REPRESENTATION_ITEM ( )  RATIONAL_B_SPLINE_CURVE ( ( 0.9330127018922194093, 0.9330127018922201865, 1.000000000000000000, 0.8660254037844387076, 1.000000000000000000, 0.8660254037844387076, 1.000000000000000000, 0.9330127018922194093, 0.9330127018922194093 ) ) 
 REPRESENTATION_ITEM ( '' )  );
#2427 = ORIENTED_EDGE ( 'NONE', *, *, #5644, .T. ) ;
#2428 = FACE_OUTER_BOUND ( 'NONE', #8163, .T. ) ;
#2429 = LINE ( 'NONE', #7599, #1264 ) ;
#2430 = CARTESIAN_POINT ( 'NONE',  ( 1.299038105676654675, -0.7499999999999944489, 5.895833333333291293 ) ) ;
#2431 = CARTESIAN_POINT ( 'NONE',  ( 1.322475605676646015, 0.7635316469341278944, 4.463541666666634988 ) ) ;
#2432 = CARTESIAN_POINT ( 'NONE',  ( 1.175240473580824840, -0.3149047358083507664, -3.397329099369273742 ) ) ;
#2433 = CARTESIAN_POINT ( 'NONE',  ( -1.357050807568865203, 4.458126344604650913E-15, -5.062500000000010658 ) ) ;
#2434 = EDGE_CURVE ( 'NONE', #6186, #3742, #4456, .T. ) ;
#2435 = DIRECTION ( 'NONE',  ( -0.000000000000000000, -0.000000000000000000, 1.000000000000000000 ) ) ;
#2436 = CARTESIAN_POINT ( 'NONE',  ( 1.151403587359341445E-15, 1.175240473580829503, -6.250000000000007994 ) ) ;
#2437 = CARTESIAN_POINT ( 'NONE',  ( 1.322475605676645127, -0.7635316469341209000, -5.619791666666676733 ) ) ;
#2438 = CARTESIAN_POINT ( 'NONE',  ( 1.499999999999996447, 3.776644255144276145E-15, 2.437499999999966693 ) ) ;
#2439 = EDGE_CURVE ( 'NONE', #4626, #3533, #690, .T. ) ;
#2440 = CARTESIAN_POINT ( 'NONE',  ( -0.8816504037844309360, -1.527063293868244909, 5.723958333333300175 ) ) ;
#2441 = CARTESIAN_POINT ( 'NONE',  ( -1.500000000000000888, 0.4019237886466782705, -6.897329099369261307 ) ) ;
#2442 = CARTESIAN_POINT ( 'NONE',  ( 0.000000000000000000, 4.375030948216173530E-15, -8.000000000000000000 ) ) ;
#2443 = CARTESIAN_POINT ( 'NONE',  ( -1.299038105676654231, 0.7500000000000025535, 0.5833333333333162729 ) ) ;
#2444 = ORIENTED_EDGE ( 'NONE', *, *, #5851, .T. ) ;
#2445 = ORIENTED_EDGE ( 'NONE', *, *, #5848, .F. ) ;
#2446 = DIRECTION ( 'NONE',  ( 0.000000000000000000, 0.000000000000000000, -1.000000000000000000 ) ) ;
#2447 = CARTESIAN_POINT ( 'NONE',  ( -0.1571845235116809125, -1.063950011417354791, 9.559249473037189304 ) ) ;
#2448 = CARTESIAN_POINT ( 'NONE',  ( -0.6785254037844324904, 1.175240473580829281, 5.291666666666634100 ) ) ;
#2449 = LINE ( 'NONE', #6181, #6538 ) ;
#2450 = DIRECTION ( 'NONE',  ( -1.000000000000000000, 0.000000000000000000, 0.000000000000000000 ) ) ;
#2451 = LINE ( 'NONE', #8234, #7792 ) ;
#2452 = CARTESIAN_POINT ( 'NONE',  ( -1.175240473580824396, 7.030368536499346268E-15, -1.125000000000018652 ) ) ;
#2453 = CARTESIAN_POINT ( 'NONE',  ( 0.8816504037844299368, -1.527063293868245353, -2.192708333333349469 ) ) ;
#2454 = EDGE_LOOP ( 'NONE', ( #167, #1475, #7005, #945 ) ) ;
#2455 = CARTESIAN_POINT ( 'NONE',  ( 1.000000000000006217, -0.5773502691896372774, 8.495000000000000995 ) ) ;
#2456 = ORIENTED_EDGE ( 'NONE', *, *, #2332, .F. ) ;
#2457 =( BOUNDED_CURVE ( )  B_SPLINE_CURVE ( 2, ( #2558, #8301, #7012, #3707, #5734, #3827, #8217, #5104, #5024 ),
 .UNSPECIFIED., .F., .T. ) 
 B_SPLINE_CURVE_WITH_KNOTS ( ( 3, 2, 2, 2, 3 ),
 ( 0.6013513513513514264, 0.6036036036036036556, 0.6081081081081081141, 0.6126126126126125726, 0.6148648648648648019 ),
 .UNSPECIFIED. ) 
 CURVE ( )  GEOMETRIC_REPRESENTATION_ITEM ( )  RATIONAL_B_SPLINE_CURVE ( ( 0.9330127018922192983, 0.9330127018922209636, 1.000000000000000000, 0.8660254037844387076, 1.000000000000000000, 0.8660254037844387076, 1.000000000000000000, 0.9330127018922209636, 0.9330127018922192983 ) ) 
 REPRESENTATION_ITEM ( '' )  );
#2458 = CARTESIAN_POINT ( 'NONE',  ( 0.000000000000000000, -9.067116327485578019E-15, 12.24264068711923237 ) ) ;
#2459 = CARTESIAN_POINT ( 'NONE',  ( 1.175240473580824174, 2.963213184805509206E-15, 2.187499999999975131 ) ) ;
#2460 = CARTESIAN_POINT ( 'NONE',  ( -1.357050807568865203, 4.458126344604650913E-15, -3.125000000000014655 ) ) ;
#2461 = CARTESIAN_POINT ( 'NONE',  ( 1.499999999999996669, -1.597811031022578733E-14, 4.937499999999961808 ) ) ;
#2462 = CARTESIAN_POINT ( 'NONE',  ( 0.8660254037844371533, 1.500000000000000222, 6.020833333333292181 ) ) ;
#2463 = DIRECTION ( 'NONE',  ( -1.000000000000000000, 0.000000000000000000, 0.000000000000000000 ) ) ;
#2464 = FACE_OUTER_BOUND ( 'NONE', #1838, .T. ) ;
#2465 = ORIENTED_EDGE ( 'NONE', *, *, #888, .F. ) ;
#2466 = CARTESIAN_POINT ( 'NONE',  ( -1.357050807568865203, 4.458126344604650913E-15, 5.437499999999967137 ) ) ;
#2467 = ORIENTED_EDGE ( 'NONE', *, *, #6359, .T. ) ;
#2468 = CARTESIAN_POINT ( 'NONE',  ( -1.499999999999996447, -1.519373034954197633E-14, -2.312500000000022204 ) ) ;
#2469 = CYLINDRICAL_SURFACE ( 'NONE', #322, 1.499999999999982014 ) ;
#2470 = CARTESIAN_POINT ( 'NONE',  ( -1.499999999999998446, 0.4019237886466830445, -4.834829099369277294 ) ) ;
#2471 = CARTESIAN_POINT ( 'NONE',  ( 1.499999999999991340, -0.4019237886466884291, 0.9151709006307094940 ) ) ;
#2472 = CARTESIAN_POINT ( 'NONE',  ( 1.017788105676648902, -0.5876202367904087565, -4.354166666666678509 ) ) ;
#2473 = CARTESIAN_POINT ( 'NONE',  ( 1.175240473580825951, 0.3149047358083474357, -1.290170900630758011 ) ) ;
#2474 = CARTESIAN_POINT ( 'NONE',  ( -1.175240473580824174, -1.423504373092842538E-15, -2.062500000000015543 ) ) ;
#2475 = AXIS2_PLACEMENT_3D ( 'NONE', #7717, #6521, #5885 ) ;
#2476 = CARTESIAN_POINT ( 'NONE',  ( -1.322475605676645127, 0.7635316469341291157, -1.869791666666684504 ) ) ;
#2477 = EDGE_CURVE ( 'NONE', #6215, #3904, #5106, .T. ) ;
#2478 = CARTESIAN_POINT ( 'NONE',  ( 0.000000000000000000, -9.067116327485578019E-15, 12.24264068711923237 ) ) ;
#2479 = EDGE_CURVE ( 'NONE', #1789, #521, #1278, .T. ) ;
#2480 = CARTESIAN_POINT ( 'NONE',  ( -0.8816504037844309360, -1.527063293868244909, 4.223958333333303727 ) ) ;
#2481 = CARTESIAN_POINT ( 'NONE',  ( -1.499999999999995559, -5.258250847547031143E-15, 0.6249999999999841238 ) ) ;
#2482 = DIRECTION ( 'NONE',  ( 0.000000000000000000, 0.000000000000000000, -1.000000000000000000 ) ) ;
#2483 = EDGE_CURVE ( 'NONE', #8155, #5370, #5378, .T. ) ;
#2484 = EDGE_LOOP ( 'NONE', ( #6989, #2125, #5811, #3174 ) ) ;
#2485 = VERTEX_POINT ( 'NONE', #2582 ) ;
#2486 = CARTESIAN_POINT ( 'NONE',  ( -1.175240473580825284, 2.469344320671257935E-15, -5.562500000000007994 ) ) ;
#2487 = CARTESIAN_POINT ( 'NONE',  ( 3.454210762078024532E-15, 1.175240473580829503, -2.187500000000016875 ) ) ;
#2488 = CARTESIAN_POINT ( 'NONE',  ( 0.6785254037844331565, 1.175240473580829059, 5.208333333333300175 ) ) ;
#2489 = CARTESIAN_POINT ( 'NONE',  ( 1.499999999999996891, -8.599128457866967490E-15, -6.562500000000015099 ) ) ;
#2490 = CARTESIAN_POINT ( 'NONE',  ( -1.000000000000006439, 0.5773502691896210681, 9.650000000000000355 ) ) ;
#2491 = CARTESIAN_POINT ( 'NONE',  ( 1.499999999999995781, -6.071681917885798082E-15, -1.125000000000013323 ) ) ;
#2492 = CARTESIAN_POINT ( 'NONE',  ( 0.000000000000000000, 1.527063293868253790, -3.484375000000013323 ) ) ;
#2493 = VERTEX_POINT ( 'NONE', #7806 ) ;
#2494 = CARTESIAN_POINT ( 'NONE',  ( -1.836970198721025250E-16, -1.499999999999991784, 4.312499999999962697 ) ) ;
#2495 = EDGE_CURVE ( 'NONE', #4165, #933, #6242, .T. ) ;
#2496 = VERTEX_POINT ( 'NONE', #3982 ) ;
#2497 = CARTESIAN_POINT ( 'NONE',  ( 0.000000000000000000, 4.375030948216173530E-15, -8.000000000000000000 ) ) ;
#2498 = CYLINDRICAL_SURFACE ( 'NONE', #360, 1.175240473580825062 ) ;
#2499 = CARTESIAN_POINT ( 'NONE',  ( -1.439254484199176806E-16, -1.175240473580820844, -1.500000000000018652 ) ) ;
#2500 = PRODUCT_DEFINITION ( 'UNKNOWN', '', #7548, #2149 ) ;
#2501 = CARTESIAN_POINT ( 'NONE',  ( -1.499999999999996447, -1.519373034954197633E-14, 7.187499999999959144 ) ) ;
#2502 = CARTESIAN_POINT ( 'NONE',  ( 1.175240473580825062, 4.375030948216173530E-15, -8.000000000000000000 ) ) ;
#2503 = CARTESIAN_POINT ( 'NONE',  ( 1.175240473580823952, 1.205621050680672915E-14, 0.6874999999999782396 ) ) ;
#2504 = CARTESIAN_POINT ( 'NONE',  ( 1.299038105676654675, -0.7499999999999944489, 6.395833333333290405 ) ) ;
#2505 = CARTESIAN_POINT ( 'NONE',  ( -1.017788105676651567, -0.5876202367904034274, -3.520833333333347248 ) ) ;
#2506 = EDGE_LOOP ( 'NONE', ( #292, #373, #4520, #3122 ) ) ;
#2507 = VECTOR ( 'NONE', #6812, 1000.000000000000114 ) ;
#2508 =( BOUNDED_CURVE ( )  B_SPLINE_CURVE ( 2, ( #483, #6959, #3693, #2545, #3057, #5136, #6354, #7553, #1797 ),
 .UNSPECIFIED., .F., .T. ) 
 B_SPLINE_CURVE_WITH_KNOTS ( ( 3, 2, 2, 2, 3 ),
 ( 0.5202702702702703963, 0.5225225225225225145, 0.5270270270270269730, 0.5315315315315315425, 0.5337837837837838828 ),
 .UNSPECIFIED. ) 
 CURVE ( )  GEOMETRIC_REPRESENTATION_ITEM ( )  RATIONAL_B_SPLINE_CURVE ( ( 0.9330127018922194093, 0.9330127018922226290, 1.000000000000000000, 0.8660254037844387076, 1.000000000000000000, 0.8660254037844387076, 1.000000000000000000, 0.9330127018922160786, 0.9330127018922194093 ) ) 
 REPRESENTATION_ITEM ( '' )  );
#2509 =( BOUNDED_CURVE ( )  B_SPLINE_CURVE ( 2, ( #2233, #4735, #2152, #295, #966, #2315, #926, #1562, #4820 ),
 .UNSPECIFIED., .F., .T. ) 
 B_SPLINE_CURVE_WITH_KNOTS ( ( 3, 2, 2, 2, 3 ),
 ( 0.2229729729729729992, 0.2252252252252252285, 0.2297297297297297425, 0.2342342342342342287, 0.2364864864864865135 ),
 .UNSPECIFIED. ) 
 CURVE ( )  GEOMETRIC_REPRESENTATION_ITEM ( )  RATIONAL_B_SPLINE_CURVE ( ( 0.9330127018922194093, 0.9330127018922201865, 1.000000000000000000, 0.8660254037844387076, 1.000000000000000000, 0.8660254037844387076, 1.000000000000000000, 0.9330127018922185211, 0.9330127018922194093 ) ) 
 REPRESENTATION_ITEM ( '' )  );
#2510 = ORIENTED_EDGE ( 'NONE', *, *, #6751, .T. ) ;
#2511 = CARTESIAN_POINT ( 'NONE',  ( -1.499999999999996447, -4.357666448243395021E-16, -3.812500000000019984 ) ) ;
#2512 = CARTESIAN_POINT ( 'NONE',  ( -1.017788105676656896, -0.5876202367903947676, -0.5833333333333541315 ) ) ;
#2513 = LINE ( 'NONE', #1804, #1455 ) ;
#2514 = CARTESIAN_POINT ( 'NONE',  ( 1.242400020166678054, -0.09810700055249467477, -7.906518860037357044 ) ) ;
#2515 = CARTESIAN_POINT ( 'NONE',  ( 0.6785254037844331565, 1.175240473580829059, -2.729166666666682062 ) ) ;
#2516 = CARTESIAN_POINT ( 'NONE',  ( 0.000000000000000000, 4.375030948216173530E-15, -8.000000000000000000 ) ) ;
#2517 = CARTESIAN_POINT ( 'NONE',  ( 0.6785254037844331565, 1.175240473580829059, -7.291666666666672292 ) ) ;
#2518 = CARTESIAN_POINT ( 'NONE',  ( 0.8816504037844310471, 1.527063293868253124, -0.9947916666666862806 ) ) ;
#2519 = CARTESIAN_POINT ( 'NONE',  ( 1.499999999999996669, -1.597811031022578733E-14, 0.9374999999999689138 ) ) ;
#2520 = AXIS2_PLACEMENT_3D ( 'NONE', #5464, #897, #264 ) ;
#2521 = CARTESIAN_POINT ( 'NONE',  ( -1.870113174931165872E-16, -1.527063293868245131, 8.265624999999962697 ) ) ;
#2522 = CARTESIAN_POINT ( 'NONE',  ( -1.499999999999996447, -7.814748497183156485E-15, -7.312500000000012434 ) ) ;
#2523 = CARTESIAN_POINT ( 'NONE',  ( -1.499999999999995781, -0.4019237886466783261, 6.647329099369231109 ) ) ;
#2524 = EDGE_CURVE ( 'NONE', #1495, #5360, #3939, .T. ) ;
#2525 = DIRECTION ( 'NONE',  ( -0.000000000000000000, -0.000000000000000000, 1.000000000000000000 ) ) ;
#2526 = EDGE_CURVE ( 'NONE', #4016, #6890, #732, .T. ) ;
#2527 = ORIENTED_EDGE ( 'NONE', *, *, #5737, .F. ) ;
#2528 = ORIENTED_EDGE ( 'NONE', *, *, #7997, .F. ) ;
#2529 = CARTESIAN_POINT ( 'NONE',  ( -1.499999999999995781, -0.4019237886466783261, 2.647329099369239103 ) ) ;
#2530 = CARTESIAN_POINT ( 'NONE',  ( -1.175240473580826173, 9.412559528205735218E-15, -2.625000000000015987 ) ) ;
#2531 = CARTESIAN_POINT ( 'NONE',  ( -1.439254484199176806E-16, -1.175240473580820844, 7.999999999999961808 ) ) ;
#2532 = CARTESIAN_POINT ( 'NONE',  ( 1.499999999999991340, -0.4019237886466884291, 6.915170900630696060 ) ) ;
#2533 = CARTESIAN_POINT ( 'NONE',  ( 1.175240473580825284, 0.3149047358083538750, -4.790170900630749351 ) ) ;
#2534 = CARTESIAN_POINT ( 'NONE',  ( 0.8816504037844311581, 1.527063293868253568, -1.026041666666685392 ) ) ;
#2535 = ORIENTED_EDGE ( 'NONE', *, *, #6620, .F. ) ;
#2536 = LOCAL_TIME ( 16, 7, 20.00000000000000000, #7399 ) ;
#2537 = EDGE_CURVE ( 'NONE', #6754, #809, #6876, .T. ) ;
#2538 = CARTESIAN_POINT ( 'NONE',  ( 1.499999999999993561, -0.4019237886466838217, -0.08482909936928860473 ) ) ;
#2539 = VERTEX_POINT ( 'NONE', #7246 ) ;
#2540 = CARTESIAN_POINT ( 'NONE',  ( 0.000000000000000000, 1.106999646026481692E-14, -7.999999999999998224 ) ) ;
#2541 = CARTESIAN_POINT ( 'NONE',  ( -1.499999999999996225, 0.4019237886466875964, 4.665170900630700501 ) ) ;
#2542 = CARTESIAN_POINT ( 'NONE',  ( -1.439254484199176806E-16, -1.175240473580820844, -2.081668171172168513E-14 ) ) ;
#2543 = CARTESIAN_POINT ( 'NONE',  ( -0.8660254037844369313, -1.499999999999991562, 7.270833333333290405 ) ) ;
#2544 = CARTESIAN_POINT ( 'NONE',  ( -1.017788105676652011, -0.5876202367904026502, -2.020833333333350357 ) ) ;
#2545 = CARTESIAN_POINT ( 'NONE',  ( -0.6785254037844459241, -1.175240473580813072, 1.520833333333308390 ) ) ;
#2546 = CARTESIAN_POINT ( 'NONE',  ( 1.499999999999996447, -6.042630808230842937E-15, -2.562500000000023537 ) ) ;
#2547 = CARTESIAN_POINT ( 'NONE',  ( 0.000000000000000000, -9.067116327485578019E-15, 12.24264068711923237 ) ) ;
#2548 = EDGE_CURVE ( 'NONE', #3213, #7432, #5064, .T. ) ;
#2549 = ORIENTED_EDGE ( 'NONE', *, *, #1349, .F. ) ;
#2550 = ORIENTED_EDGE ( 'NONE', *, *, #2808, .T. ) ;
#2551 = CARTESIAN_POINT ( 'NONE',  ( -1.299038105676654897, -0.7499999999999935607, -2.270833333333356574 ) ) ;
#2552 = FACE_OUTER_BOUND ( 'NONE', #6227, .T. ) ;
#2553 = CARTESIAN_POINT ( 'NONE',  ( 1.175240473580825284, 9.005843993036349382E-16, -5.812500000000008882 ) ) ;
#2554 = CARTESIAN_POINT ( 'NONE',  ( 1.000000000000006217, 0.5773502691896212902, 8.495000000000000995 ) ) ;
#2555 = CARTESIAN_POINT ( 'NONE',  ( -1.017788105676648902, 0.5876202367904169721, -3.104166666666681174 ) ) ;
#2556 =( BOUNDED_CURVE ( )  B_SPLINE_CURVE ( 2, ( #4466, #5101, #1174, #612, #7085, #5816, #5063, #2432, #1291 ),
 .UNSPECIFIED., .F., .T. ) 
 B_SPLINE_CURVE_WITH_KNOTS ( ( 3, 2, 2, 2, 3 ),
 ( 0.2500000000000000000, 0.2522522522522522292, 0.2567567567567567433, 0.2612612612612612573, 0.2635135135135135420 ),
 .UNSPECIFIED. ) 
 CURVE ( )  GEOMETRIC_REPRESENTATION_ITEM ( )  RATIONAL_B_SPLINE_CURVE ( ( 0.9330127018922194093, 0.9330127018922198534, 1.000000000000000000, 0.8660254037844387076, 1.000000000000000000, 0.8660254037844387076, 1.000000000000000000, 0.9330127018922185211, 0.9330127018922194093 ) ) 
 REPRESENTATION_ITEM ( '' )  );
#2557 =( BOUNDED_CURVE ( )  B_SPLINE_CURVE ( 2, ( #5363, #2907, #4860, #7448, #6680, #3459, #6044, #4348, #4473 ),
 .UNSPECIFIED., .F., .T. ) 
 B_SPLINE_CURVE_WITH_KNOTS ( ( 3, 2, 2, 2, 3 ),
 ( 0.5878378378378378288, 0.5900900900900900581, 0.5945945945945946276, 0.5990990990990990861, 0.6013513513513514264 ),
 .UNSPECIFIED. ) 
 CURVE ( )  GEOMETRIC_REPRESENTATION_ITEM ( )  RATIONAL_B_SPLINE_CURVE ( ( 0.9330127018922194093, 0.9330127018922194093, 1.000000000000000000, 0.8660254037844387076, 1.000000000000000000, 0.8660254037844387076, 1.000000000000000000, 0.9330127018922176330, 0.9330127018922192983 ) ) 
 REPRESENTATION_ITEM ( '' )  );
#2558 = CARTESIAN_POINT ( 'NONE',  ( -1.499999999999996447, -1.519373034954197633E-14, 2.687499999999967137 ) ) ;
#2559 = CARTESIAN_POINT ( 'NONE',  ( -1.017788105676648902, 0.5876202367904169721, -6.666666666666674068 ) ) ;
#2560 = CARTESIAN_POINT ( 'NONE',  ( -1.763300807568860318, 4.483001982712331095E-15, -2.328125000000017319 ) ) ;
#2561 = CARTESIAN_POINT ( 'NONE',  ( 0.000000000000000000, 1.500000000000000222, -1.000000000000012879 ) ) ;
#2562 = CARTESIAN_POINT ( 'NONE',  ( -0.8816504037844309360, -1.527063293868244909, 6.723958333333299286 ) ) ;
#2563 = CARTESIAN_POINT ( 'NONE',  ( 1.175240473580821954, -0.3149047358083608694, -0.3348290993692804030 ) ) ;
#2564 = CYLINDRICAL_SURFACE ( 'NONE', #2954, 1.499999999999982014 ) ;
#2565 = CARTESIAN_POINT ( 'NONE',  ( -1.500000000000000888, 0.4019237886466782705, 0.6026709006307234828 ) ) ;
#2566 = ORIENTED_EDGE ( 'NONE', *, *, #943, .F. ) ;
#2567 = ORIENTED_EDGE ( 'NONE', *, *, #5847, .T. ) ;
#2568 = CARTESIAN_POINT ( 'NONE',  ( -1.175240473580823952, -2.759855417220817274E-15, 6.937499999999966249 ) ) ;
#2569 = CARTESIAN_POINT ( 'NONE',  ( 1.017788105676648902, -0.5876202367904087565, 9.083333333333294846 ) ) ;
#2570 = CARTESIAN_POINT ( 'NONE',  ( 1.499999999999990008, -0.4019237886466882625, -0.1473290993692755180 ) ) ;
#2571 = DIRECTION ( 'NONE',  ( 1.000000000000000000, 0.000000000000000000, 0.000000000000000000 ) ) ;
#2572 = CARTESIAN_POINT ( 'NONE',  ( 0.000000000000000000, 1.527063293868253790, -1.484375000000017764 ) ) ;
#2573 = EDGE_LOOP ( 'NONE', ( #1411, #6274, #3882, #596 ) ) ;
#2574 = CARTESIAN_POINT ( 'NONE',  ( -0.6785254037844244968, 1.175240473580833722, -2.645833333333349024 ) ) ;
#2575 = VERTEX_POINT ( 'NONE', #1492 ) ;
#2576 = DIRECTION ( 'NONE',  ( 1.000000000000000000, 0.000000000000000000, 0.000000000000000000 ) ) ;
#2577 = CARTESIAN_POINT ( 'NONE',  ( 1.499999999999996225, 2.663986755359462850E-14, -7.624999999999997335 ) ) ;
#2578 = CARTESIAN_POINT ( 'NONE',  ( -1.357050807568865203, 4.458126344604650913E-15, 0.3749999999999778511 ) ) ;
#2579 = CARTESIAN_POINT ( 'NONE',  ( 1.299038105676654675, -0.7499999999999944489, 7.395833333333289517 ) ) ;
#2580 = CARTESIAN_POINT ( 'NONE',  ( 1.299038105676654675, 0.7500000000000013323, -4.083333333333340143 ) ) ;
#2581 = CARTESIAN_POINT ( 'NONE',  ( -0.8816504037844307140, -1.527063293868244465, 5.755208333333297510 ) ) ;
#2582 = CARTESIAN_POINT ( 'NONE',  ( 1.499999999999995559, 3.747593145489319422E-15, 3.874999999999976019 ) ) ;
#2583 = CARTESIAN_POINT ( 'NONE',  ( -1.299038105676654231, 0.7500000000000025535, 4.083333333333309056 ) ) ;
#2584 = EDGE_CURVE ( 'NONE', #7455, #2036, #6651, .T. ) ;
#2585 = CARTESIAN_POINT ( 'NONE',  ( 2.878508968398353613E-16, 1.175240473580829503, -7.750000000000005329 ) ) ;
#2586 = VERTEX_POINT ( 'NONE', #7982 ) ;
#2587 = EDGE_CURVE ( 'NONE', #8269, #8118, #854, .T. ) ;
#2588 = ORIENTED_EDGE ( 'NONE', *, *, #4095, .T. ) ;
#2589 = DIRECTION ( 'NONE',  ( 0.000000000000000000, 0.000000000000000000, -1.000000000000000000 ) ) ;
#2590 = CIRCLE ( 'NONE', #5435, 1.124999999999982903 ) ;
#2591 = CARTESIAN_POINT ( 'NONE',  ( 0.6785254037844405950, 1.175240473580824618, -0.2291666666666882790 ) ) ;
#2592 = CARTESIAN_POINT ( 'NONE',  ( -5.470621942149835474E-15, -1.175240473580820844, -5.937500000000008882 ) ) ;
#2593 = CARTESIAN_POINT ( 'NONE',  ( 1.017788105676648902, -0.5876202367904087565, -2.354166666666683394 ) ) ;
#2594 = CARTESIAN_POINT ( 'NONE',  ( 1.499999999999995781, -6.071681917885798082E-15, 0.8749999999999819034 ) ) ;
#2595 = CARTESIAN_POINT ( 'NONE',  ( 1.017788105676649346, 0.5876202367904160839, -7.833333333333338366 ) ) ;
#2596 = EDGE_CURVE ( 'NONE', #678, #2692, #2141, .T. ) ;
#2597 = CARTESIAN_POINT ( 'NONE',  ( -1.322475605676645349, -0.7635316469341199008, -0.7864583333333542425 ) ) ;
#2598 = DIRECTION ( 'NONE',  ( -0.000000000000000000, -0.000000000000000000, 1.000000000000000000 ) ) ;
#2599 = AXIS2_PLACEMENT_3D ( 'NONE', #2926, #2806, #8120 ) ;
#2600 = CARTESIAN_POINT ( 'NONE',  ( 1.175240473580826617, 8.570077348212010767E-15, 1.124999999999977573 ) ) ;
#2601 =( BOUNDED_CURVE ( )  B_SPLINE_CURVE ( 2, ( #560, #7676, #1871, #6913, #4451, #1238, #3644, #6866, #8240 ),
 .UNSPECIFIED., .F., .F. ) 
 B_SPLINE_CURVE_WITH_KNOTS ( ( 3, 2, 2, 2, 3 ),
 ( 0.03378378378378378566, 0.03603603603603603572, 0.04054054054054054279, 0.04504504504504504292, 0.04729729729729729992 ),
 .UNSPECIFIED. ) 
 CURVE ( )  GEOMETRIC_REPRESENTATION_ITEM ( )  RATIONAL_B_SPLINE_CURVE ( ( 0.9330127018922192983, 0.9330127018922194093, 1.000000000000000000, 0.8660254037844387076, 1.000000000000000000, 0.8660254037844387076, 1.000000000000000000, 0.9330127018922191873, 0.9330127018922192983 ) ) 
 REPRESENTATION_ITEM ( '' )  );
#2602 = CARTESIAN_POINT ( 'NONE',  ( -1.763300807568860762, 4.483001982712331095E-15, 6.640624999999964473 ) ) ;
#2603 = CARTESIAN_POINT ( 'NONE',  ( 1.175240473580824174, -2.876059855840641404E-15, -0.3125000000000200395 ) ) ;
#2604 = CARTESIAN_POINT ( 'NONE',  ( 0.000000000000000000, -9.067116327485578019E-15, 12.24264068711923237 ) ) ;
#2605 = LINE ( 'NONE', #4519, #3999 ) ;
#2606 = EDGE_LOOP ( 'NONE', ( #5415, #6430, #1347, #5892 ) ) ;
#2607 = ORIENTED_EDGE ( 'NONE', *, *, #6049, .F. ) ;
#2608 = CARTESIAN_POINT ( 'NONE',  ( 0.6785254037844192787, -1.175240473580828393, -0.8958333333333525772 ) ) ;
#2609 = CARTESIAN_POINT ( 'NONE',  ( 0.000000000000000000, 1.175240473580829503, 9.249999999999959144 ) ) ;
#2610 = CARTESIAN_POINT ( 'NONE',  ( -0.6785254037844439257, -1.175240473580813960, -1.479166666666684948 ) ) ;
#2611 = CARTESIAN_POINT ( 'NONE',  ( -1.499999999999996225, 4.561024215828087150E-15, 1.187499999999969136 ) ) ;
#2612 = CARTESIAN_POINT ( 'NONE',  ( 0.000000000000000000, 1.500000000000000666, -7.437500000000012434 ) ) ;
#2613 = CARTESIAN_POINT ( 'NONE',  ( -1.763300807568860762, 4.483001982712331095E-15, -0.3593750000000203171 ) ) ;
#2614 = ORIENTED_EDGE ( 'NONE', *, *, #171, .T. ) ;
#2615 = CARTESIAN_POINT ( 'NONE',  ( -1.017788105676648902, -0.5876202367904079793, 3.979166666666635876 ) ) ;
#2616 = DIRECTION ( 'NONE',  ( -0.000000000000000000, -0.000000000000000000, 1.000000000000000000 ) ) ;
#2617 = ORIENTED_EDGE ( 'NONE', *, *, #7469, .F. ) ;
#2618 = CARTESIAN_POINT ( 'NONE',  ( -0.6785254037844253849, 1.175240473580833500, -4.208333333333346360 ) ) ;
#2619 = CARTESIAN_POINT ( 'NONE',  ( 0.8660254037844368202, 1.499999999999999334, -7.541666666666664298 ) ) ;
#2620 = CARTESIAN_POINT ( 'NONE',  ( 0.6785254037844321573, -1.175240473580821066, -0.4583333333333539650 ) ) ;
#2621 = FACE_OUTER_BOUND ( 'NONE', #1791, .T. ) ;
#2622 = CARTESIAN_POINT ( 'NONE',  ( -9.212683601067695417E-15, -1.175240473580820844, 0.5624999999999779066 ) ) ;
#2623 = CARTESIAN_POINT ( 'NONE',  ( -0.8816504037844300479, 1.527063293868253568, 5.588541666666632324 ) ) ;
#2624 = CARTESIAN_POINT ( 'NONE',  ( 1.299038105676655563, 0.7500000000000016653, -1.020833333333359683 ) ) ;
#2625 = CARTESIAN_POINT ( 'NONE',  ( 1.017788105676654009, 0.5876202367904078683, -2.333333333333349469 ) ) ;
#2626 = CARTESIAN_POINT ( 'NONE',  ( -1.499999999999995559, -5.258250847547031143E-15, -4.375000000000005329 ) ) ;
#2627 = EDGE_LOOP ( 'NONE', ( #3328, #2373, #2607, #800 ) ) ;
#2628 = PERSON ( 'UNSPECIFIED', 'UNSPECIFIED', 'UNSPECIFIED', ('UNSPECIFIED'), ('UNSPECIFIED'), ('UNSPECIFIED') ) ;
#2629 =( BOUNDED_CURVE ( )  B_SPLINE_CURVE ( 2, ( #7169, #3442, #4757, #6025, #2807, #3312, #5391, #6704, #7990 ),
 .UNSPECIFIED., .F., .F. ) 
 B_SPLINE_CURVE_WITH_KNOTS ( ( 3, 2, 2, 2, 3 ),
 ( 0.4797297297297297147, 0.4819819819819819995, 0.4864864864864865135, 0.4909909909909909720, 0.4932432432432432567 ),
 .UNSPECIFIED. ) 
 CURVE ( )  GEOMETRIC_REPRESENTATION_ITEM ( )  RATIONAL_B_SPLINE_CURVE ( ( 0.9330127018922194093, 0.9330127018922185211, 1.000000000000000000, 0.8660254037844387076, 1.000000000000000000, 0.8660254037844387076, 1.000000000000000000, 0.9330127018922185211, 0.9330127018922194093 ) ) 
 REPRESENTATION_ITEM ( '' )  );
#2630 = EDGE_CURVE ( 'NONE', #7536, #6559, #683, .T. ) ;
#2631 = ADVANCED_FACE ( 'NONE', ( #3713 ), #4476, .T. ) ;
#2632 = ORIENTED_EDGE ( 'NONE', *, *, #2786, .T. ) ;
#2633 = CARTESIAN_POINT ( 'NONE',  ( 0.8660254037844371533, 1.500000000000000222, -1.979166666666691166 ) ) ;
#2634 = CARTESIAN_POINT ( 'NONE',  ( 1.499999999999996891, 0.4019237886466868193, 1.459829099369228667 ) ) ;
#2635 = CARTESIAN_POINT ( 'NONE',  ( 1.499999999999991340, -0.4019237886466884291, 1.915170900630707163 ) ) ;
#2636 = AXIS2_PLACEMENT_3D ( 'NONE', #7881, #2702, #844 ) ;
#2637 = CARTESIAN_POINT ( 'NONE',  ( -1.439254484199176806E-16, -1.175240473580820844, -1.937500000000017319 ) ) ;
#2638 = ADVANCED_FACE ( 'NONE', ( #666 ), #3078, .T. ) ;
#2639 = DIRECTION ( 'NONE',  ( -0.000000000000000000, -0.000000000000000000, 1.000000000000000000 ) ) ;
#2640 = VECTOR ( 'NONE', #4416, 1000.000000000000000 ) ;
#2641 = CARTESIAN_POINT ( 'NONE',  ( -0.6785254037844324904, 1.175240473580829281, -6.208333333333341031 ) ) ;
#2642 = AXIS2_PLACEMENT_3D ( 'NONE', #5042, #7624, #6221 ) ;
#2643 = CARTESIAN_POINT ( 'NONE',  ( -1.204246824526845172, -7.506806734840624058E-14, 7.454246824526863158 ) ) ;
#2644 = B_SPLINE_CURVE_WITH_KNOTS ( 'NONE', 3,
 ( #1165, #1837, #1879, #7002 ),
 .UNSPECIFIED., .F., .F.,
 ( 4, 4 ),
 ( 0.002157844745330715457, 0.002355141292716489768 ),
 .UNSPECIFIED. ) ;
#2645 = CARTESIAN_POINT ( 'NONE',  ( 1.322475605676645127, -0.7635316469341209000, -2.619791666666683394 ) ) ;
#2646 = CYLINDRICAL_SURFACE ( 'NONE', #3697, 1.499999999999982014 ) ;
#2647 = CARTESIAN_POINT ( 'NONE',  ( -0.8816504037844302699, 1.527063293868253790, 8.557291666666628771 ) ) ;
#2648 = EDGE_CURVE ( 'NONE', #3185, #6294, #7994, .T. ) ;
#2649 = AXIS2_PLACEMENT_3D ( 'NONE', #7677, #1872, #3218 ) ;
#2650 = CARTESIAN_POINT ( 'NONE',  ( -0.2432192127529433368, 1.379725554628879580, 7.639349183805152599 ) ) ;
#2651 = CARTESIAN_POINT ( 'NONE',  ( 1.499999999999999112, 0.4019237886466822118, -0.04017090063076842604 ) ) ;
#2652 = ORIENTED_EDGE ( 'NONE', *, *, #5810, .T. ) ;
#2653 = VERTEX_POINT ( 'NONE', #3241 ) ;
#2654 = CARTESIAN_POINT ( 'NONE',  ( -0.6785254037844329345, -1.175240473580820622, 8.458333333333293069 ) ) ;
#2655 = CONICAL_SURFACE ( 'NONE', #8227, 1.499999999999982014, 0.7853981633974500554 ) ;
#2656 = CARTESIAN_POINT ( 'NONE',  ( -0.8660254037844363761, -1.499999999999990674, -7.291666666666666963 ) ) ;
#2657 = CARTESIAN_POINT ( 'NONE',  ( 1.017788105676650900, 0.5876202367904133084, -5.770833333333341919 ) ) ;
#2658 = CARTESIAN_POINT ( 'NONE',  ( -1.500000000000000888, 0.4019237886466782705, 3.102670900630718265 ) ) ;
#2659 = CARTESIAN_POINT ( 'NONE',  ( -1.322475605676645571, 0.7635316469341293377, -0.4010416666666866692 ) ) ;
#2660 = VERTEX_POINT ( 'NONE', #3758 ) ;
#2661 = CARTESIAN_POINT ( 'NONE',  ( 1.357050807568865203, 4.125744759050742171E-15, 4.687499999999968026 ) ) ;
#2662 = AXIS2_PLACEMENT_3D ( 'NONE', #815, #7162, #4750 ) ;
#2663 = CARTESIAN_POINT ( 'NONE',  ( 0.8660254037844359321, -1.499999999999992673, 4.354166666666628771 ) ) ;
#2664 = ORIENTED_EDGE ( 'NONE', *, *, #17, .F. ) ;
#2665 = FACE_OUTER_BOUND ( 'NONE', #8194, .T. ) ;
#2666 = CARTESIAN_POINT ( 'NONE',  ( -1.299038105676654231, 0.7500000000000025535, -7.416666666666666075 ) ) ;
#2667 = CARTESIAN_POINT ( 'NONE',  ( -1.017788105676648902, -0.5876202367904079793, 1.916666666666641206 ) ) ;
#2668 = CARTESIAN_POINT ( 'NONE',  ( -1.499999999999991340, -0.4019237886466876519, 7.209829099369218675 ) ) ;
#2669 = CARTESIAN_POINT ( 'NONE',  ( -1.499999999999996225, 0.4019237886466875964, 6.165170900630698725 ) ) ;
#2670 = CARTESIAN_POINT ( 'NONE',  ( 0.8816504037844310471, 1.527063293868253124, 5.505208333333299286 ) ) ;
#2671 = VECTOR ( 'NONE', #2947, 1000.000000000000000 ) ;
#2672 = DIRECTION ( 'NONE',  ( 0.000000000000000000, -1.000000000000000000, -1.156482317317864428E-15 ) ) ;
#2673 = CARTESIAN_POINT ( 'NONE',  ( -1.175240473580825284, 2.469344320671257935E-15, -5.562500000000007994 ) ) ;
#2674 = CARTESIAN_POINT ( 'NONE',  ( -0.6785254037844151709, 1.175240473580839495, -1.208333333333352133 ) ) ;
#2675 = VERTEX_POINT ( 'NONE', #584 ) ;
#2676 = ORIENTED_EDGE ( 'NONE', *, *, #6466, .F. ) ;
#2677 = CARTESIAN_POINT ( 'NONE',  ( 1.499999999999995781, -8.628179567521922635E-15, -6.625000000000001776 ) ) ;
#2678 = CARTESIAN_POINT ( 'NONE',  ( -1.499999999999995559, -1.519373034954197317E-14, -2.375000000000009326 ) ) ;
#2679 = CARTESIAN_POINT ( 'NONE',  ( 1.017788105676653787, 0.5876202367904084234, -3.270833333333347692 ) ) ;
#2680 = CARTESIAN_POINT ( 'NONE',  ( -1.175240473580823952, -6.478397453055181157E-15, 1.374999999999977796 ) ) ;
#2681 =( BOUNDED_CURVE ( )  B_SPLINE_CURVE ( 2, ( #5060, #5653, #1171, #3066, #4502, #3744, #3107, #8376, #5141 ),
 .UNSPECIFIED., .F., .F. ) 
 B_SPLINE_CURVE_WITH_KNOTS ( ( 3, 2, 2, 2, 3 ),
 ( 0.6148648648648649129, 0.6171171171171171421, 0.6216216216216216006, 0.6261261261261261701, 0.6283783783783785104 ),
 .UNSPECIFIED. ) 
 CURVE ( )  GEOMETRIC_REPRESENTATION_ITEM ( )  RATIONAL_B_SPLINE_CURVE ( ( 0.9330127018922192983, 0.9330127018922209636, 1.000000000000000000, 0.8660254037844387076, 1.000000000000000000, 0.8660254037844387076, 1.000000000000000000, 0.9330127018922160786, 0.9330127018922194093 ) ) 
 REPRESENTATION_ITEM ( '' )  );
#2682 = CARTESIAN_POINT ( 'NONE',  ( -1.357050807568865203, 4.458126344604650913E-15, -0.06250000000002087219 ) ) ;
#2683 = CARTESIAN_POINT ( 'NONE',  ( 1.175240473580825062, 9.005843993036349382E-16, -5.875000000000008882 ) ) ;
#2684 = CARTESIAN_POINT ( 'NONE',  ( 1.017788105676649346, 0.5876202367904160839, -4.833333333333343695 ) ) ;
#2685 = CARTESIAN_POINT ( 'NONE',  ( 1.017788105676639132, -0.5876202367904250767, 1.583333333333308168 ) ) ;
#2686 = CARTESIAN_POINT ( 'NONE',  ( -1.763300807568860318, 4.483001982712331095E-15, 1.671874999999973577 ) ) ;
#2687 = CYLINDRICAL_SURFACE ( 'NONE', #1457, 1.499999999999982014 ) ;
#2688 = ADVANCED_FACE ( 'NONE', ( #5826 ), #2564, .T. ) ;
#2689 = CARTESIAN_POINT ( 'NONE',  ( 1.763300807568860762, 4.051117844727701623E-15, 10.39062499999995737 ) ) ;
#2690 = CARTESIAN_POINT ( 'NONE',  ( 1.178696685210531170, 0.6149115973916216005, 7.576383712888003608 ) ) ;
#2691 = CARTESIAN_POINT ( 'NONE',  ( -1.499999999999995781, 0.4019237886466874854, -1.897329099369271521 ) ) ;
#2692 = VERTEX_POINT ( 'NONE', #1302 ) ;
#2693 = EDGE_LOOP ( 'NONE', ( #8080, #2211, #2664, #1603 ) ) ;
#2694 = EDGE_CURVE ( 'NONE', #1769, #5566, #5113, .T. ) ;
#2695 = CARTESIAN_POINT ( 'NONE',  ( -0.6785254037844329345, -1.175240473580820622, 7.958333333333292181 ) ) ;
#2696 = CARTESIAN_POINT ( 'NONE',  ( 0.8419752161881602914, 0.6685859206620230477, 9.566536875587614119 ) ) ;
#2697 = CARTESIAN_POINT ( 'NONE',  ( -0.8660254037844369313, -1.499999999999991562, 1.270833333333301729 ) ) ;
#2698 = CARTESIAN_POINT ( 'NONE',  ( 1.500000000000000222, 0.4019237886466804355, -7.540170900630752016 ) ) ;
#2699 = CARTESIAN_POINT ( 'NONE',  ( -1.763300807568860762, 4.483001982712331095E-15, -1.359375000000017542 ) ) ;
#2700 = VERTEX_POINT ( 'NONE', #3162 ) ;
#2701 = CARTESIAN_POINT ( 'NONE',  ( 1.017788105676648902, -0.5876202367904087565, 5.145833333333301063 ) ) ;
#2702 = DIRECTION ( 'NONE',  ( 0.000000000000000000, 0.000000000000000000, -1.000000000000000000 ) ) ;
#2703 = ORIENTED_EDGE ( 'NONE', *, *, #5233, .F. ) ;
#2704 = ORIENTED_EDGE ( 'NONE', *, *, #6687, .T. ) ;
#2705 = FACE_OUTER_BOUND ( 'NONE', #4117, .T. ) ;
#2706 = CARTESIAN_POINT ( 'NONE',  ( -1.499999999999995559, 4.561024215828087150E-15, 6.124999999999971578 ) ) ;
#2707 = CARTESIAN_POINT ( 'NONE',  ( -1.017788105676648902, 0.5876202367904169721, 0.8333333333333091675 ) ) ;
#2708 = CARTESIAN_POINT ( 'NONE',  ( -1.299038105676654897, -0.7499999999999935607, 7.229166666666624330 ) ) ;
#2709 = CARTESIAN_POINT ( 'NONE',  ( -0.6785254037844206110, 1.175240473580836387, 4.354166666666636765 ) ) ;
#2710 = CARTESIAN_POINT ( 'NONE',  ( -0.8816504037844307140, -1.527063293868244465, 7.255208333333296622 ) ) ;
#2711 = CARTESIAN_POINT ( 'NONE',  ( 1.175240473580824840, -0.3149047358083505999, -3.897329099369272853 ) ) ;
#2712 = CARTESIAN_POINT ( 'NONE',  ( 1.175240473580824840, -0.3149047358083497672, -5.334829099369270189 ) ) ;
#2713 = CARTESIAN_POINT ( 'NONE',  ( 1.017788105676649346, 0.5876202367904160839, -7.833333333333338366 ) ) ;
#2714 = ORIENTED_EDGE ( 'NONE', *, *, #5810, .F. ) ;
#2715 = ORIENTED_EDGE ( 'NONE', *, *, #2801, .T. ) ;
#2716 = CARTESIAN_POINT ( 'NONE',  ( 0.000000000000000000, 1.500000000000000666, -1.937500000000024425 ) ) ;
#2717 = CARTESIAN_POINT ( 'NONE',  ( 1.017788105676654675, 0.5876202367904068691, -0.2708333333333537984 ) ) ;
#2718 = CARTESIAN_POINT ( 'NONE',  ( 1.500000000000000888, 0.4019237886466774379, 5.397329099369231997 ) ) ;
#2719 = CARTESIAN_POINT ( 'NONE',  ( -1.499999999999995559, -1.519373034954197317E-14, 4.124999999999976907 ) ) ;
#2720 = CARTESIAN_POINT ( 'NONE',  ( -0.6785254037844324904, 1.175240473580829281, -1.145833333333351911 ) ) ;
#2721 = CARTESIAN_POINT ( 'NONE',  ( -1.299038105676654231, 0.7500000000000025535, -1.416666666666678731 ) ) ;
#2722 = CARTESIAN_POINT ( 'NONE',  ( -0.6785254037844324904, 1.175240473580829281, -5.208333333333344584 ) ) ;
#2723 = CARTESIAN_POINT ( 'NONE',  ( 1.175240473580822176, 0.3149047358083484904, 2.147329099369234218 ) ) ;
#2724 =( BOUNDED_CURVE ( )  B_SPLINE_CURVE ( 2, ( #5869, #2023, #6676, #6631, #249, #877, #7830, #5996, #7270 ),
 .UNSPECIFIED., .F., .T. ) 
 B_SPLINE_CURVE_WITH_KNOTS ( ( 3, 2, 2, 2, 3 ),
 ( 0.1689189189189189422, 0.1711711711711711714, 0.1756756756756756854, 0.1801801801801801717, 0.1824324324324324564 ),
 .UNSPECIFIED. ) 
 CURVE ( )  GEOMETRIC_REPRESENTATION_ITEM ( )  RATIONAL_B_SPLINE_CURVE ( ( 0.9330127018922194093, 0.9330127018922201865, 1.000000000000000000, 0.8660254037844387076, 1.000000000000000000, 0.8660254037844387076, 1.000000000000000000, 0.9330127018922185211, 0.9330127018922194093 ) ) 
 REPRESENTATION_ITEM ( '' )  );
#2725 = CARTESIAN_POINT ( 'NONE',  ( -0.8816504037844307140, -1.527063293868244465, 1.255208333333307946 ) ) ;
#2726 = CARTESIAN_POINT ( 'NONE',  ( 1.175240473580825284, 5.287301957201987865E-15, -3.375000000000014211 ) ) ;
#2727 = CARTESIAN_POINT ( 'NONE',  ( 1.299038105676654675, 0.7500000000000013323, 4.416666666666642982 ) ) ;
#2728 = AXIS2_PLACEMENT_3D ( 'NONE', #7023, #3801, #3166 ) ;
#2729 = CARTESIAN_POINT ( 'NONE',  ( -0.8816504037844302699, 1.527063293868253790, 9.557291666666625218 ) ) ;
#2730 = CARTESIAN_POINT ( 'NONE',  ( 0.02736383363075611114, 1.382848563705717293, 7.630178311046121209 ) ) ;
#2731 = CARTESIAN_POINT ( 'NONE',  ( -0.8660254037844358210, 1.499999999999999778, -1.958333333333344140 ) ) ;
#2732 = ORIENTED_EDGE ( 'NONE', *, *, #5485, .T. ) ;
#2733 = VERTEX_POINT ( 'NONE', #5070 ) ;
#2734 = EDGE_CURVE ( 'NONE', #4754, #669, #6442, .T. ) ;
#2735 = ADVANCED_FACE ( 'NONE', ( #28 ), #7657, .T. ) ;
#2736 = CARTESIAN_POINT ( 'NONE',  ( 0.000000000000000000, 1.527063293868253568, -8.453125000000003553 ) ) ;
#2737 = CARTESIAN_POINT ( 'NONE',  ( -1.175240473580826839, -0.3149047358083346126, -1.540170900630757789 ) ) ;
#2738 = DIRECTION ( 'NONE',  ( -1.000000000000000000, 0.000000000000000000, 0.000000000000000000 ) ) ;
#2739 = FACE_OUTER_BOUND ( 'NONE', #6396, .T. ) ;
#2740 = CARTESIAN_POINT ( 'NONE',  ( -1.870113174931165872E-16, -1.527063293868245131, 2.765624999999972911 ) ) ;
#2741 = VERTEX_POINT ( 'NONE', #7698 ) ;
#2742 = CARTESIAN_POINT ( 'NONE',  ( 1.357050807568865203, 4.125744759050742171E-15, 3.687499999999970246 ) ) ;
#2743 = EDGE_CURVE ( 'NONE', #5329, #4841, #5195, .T. ) ;
#2744 = CARTESIAN_POINT ( 'NONE',  ( 1.499999999999996447, 3.776644255144276145E-15, 3.437499999999964473 ) ) ;
#2745 = VERTEX_POINT ( 'NONE', #6039 ) ;
#2746 = ORIENTED_EDGE ( 'NONE', *, *, #3524, .F. ) ;
#2747 = CARTESIAN_POINT ( 'NONE',  ( 1.499999999999999112, 0.4019237886466822118, -4.540170900630758233 ) ) ;
#2748 = CARTESIAN_POINT ( 'NONE',  ( 1.499999999999996447, 3.776644255144276145E-15, 5.437499999999960920 ) ) ;
#2749 = CARTESIAN_POINT ( 'NONE',  ( -1.439254484199176806E-16, -1.175240473580820844, 4.499999999999968914 ) ) ;
#2750 = CONICAL_SURFACE ( 'NONE', #728, 1.499999999999982014, 0.7853981633974500554 ) ;
#2751 = CARTESIAN_POINT ( 'NONE',  ( 1.499999999999995559, -1.600716141988073932E-14, 7.374999999999967137 ) ) ;
#2752 = CARTESIAN_POINT ( 'NONE',  ( -1.175240473580825284, 2.730804307565861340E-15, -5.125000000000010658 ) ) ;
#2753 = CARTESIAN_POINT ( 'NONE',  ( 1.763300807568860318, 4.051117844727701623E-15, 4.921874999999968026 ) ) ;
#2754 = CARTESIAN_POINT ( 'NONE',  ( -0.6785254037844304920, 1.175240473580830836, -5.708333333333342807 ) ) ;
#2755 = DIRECTION ( 'NONE',  ( -0.000000000000000000, -0.000000000000000000, 1.000000000000000000 ) ) ;
#2756 = CARTESIAN_POINT ( 'NONE',  ( -0.8816504037844302699, 1.527063293868253790, -6.942708333333338366 ) ) ;
#2757 = ORIENTED_EDGE ( 'NONE', *, *, #5074, .T. ) ;
#2758 = EDGE_CURVE ( 'NONE', #6307, #2675, #1919, .T. ) ;
#2759 = CC_DESIGN_PERSON_AND_ORGANIZATION_ASSIGNMENT ( #8049, #2185, ( #2500 ) ) ;
#2760 = ORIENTED_EDGE ( 'NONE', *, *, #331, .T. ) ;
#2761 = DIRECTION ( 'NONE',  ( -0.000000000000000000, -0.000000000000000000, 1.000000000000000000 ) ) ;
#2762 = LINE ( 'NONE', #4629, #5850 ) ;
#2763 = LINE ( 'NONE', #6534, #1726 ) ;
#2764 = CARTESIAN_POINT ( 'NONE',  ( -1.017788105676651789, -0.5876202367904032053, -3.020833333333348580 ) ) ;
#2765 = CARTESIAN_POINT ( 'NONE',  ( 1.017788105676649346, 0.5876202367904160839, -1.270833333333352133 ) ) ;
#2766 = CARTESIAN_POINT ( 'NONE',  ( -1.499999999999993783, -0.4019237886466829890, 0.2098290993692323303 ) ) ;
#2767 = CARTESIAN_POINT ( 'NONE',  ( -1.357050807568865203, 4.458126344604650913E-15, -4.125000000000012434 ) ) ;
#2768 = CARTESIAN_POINT ( 'NONE',  ( 1.175240473580823952, 1.926088570123581023E-14, 1.624999999999977129 ) ) ;
#2769 = CARTESIAN_POINT ( 'NONE',  ( -1.175240473580824618, 7.030368536499346268E-15, -1.062500000000018430 ) ) ;
#2770 = CARTESIAN_POINT ( 'NONE',  ( 1.322475605676646015, 0.7635316469341278944, 0.9635416666666420937 ) ) ;
#2771 = FACE_OUTER_BOUND ( 'NONE', #3352, .T. ) ;
#2772 = CARTESIAN_POINT ( 'NONE',  ( -1.322475605676645793, -0.7635316469341201229, 9.682291666666625218 ) ) ;
#2773 = APPROVAL_DATE_TIME ( #4685, #4162 ) ;
#2774 = CARTESIAN_POINT ( 'NONE',  ( 1.017788105676651789, 0.5876202367904118651, 4.166666666666635876 ) ) ;
#2775 = VECTOR ( 'NONE', #20, 1000.000000000000000 ) ;
#2776 = CARTESIAN_POINT ( 'NONE',  ( 0.8660254037844368202, 1.499999999999999334, -2.041666666666677177 ) ) ;
#2777 =( BOUNDED_SURFACE ( )  B_SPLINE_SURFACE ( 1, 2, ( 
 ( #1809, #3708, #1849, #7732, #4385, #1258, #6327, #3154, #4471, #8343, #2595, #4431, #7013, #6284, #3236, #5025, #5819, #5735, #5778, #1295, #5189, #21, #1932, #2517, #5105, #7053, #7774, #5664, #1971, #7693, #498, #1889, #3828, #6407, #4509, #615, #8382, #3197, #2559, #8259, #5147, #7605, #7089, #237, #1422, #4551, #6541, #7173, #1379, #2641, #5349, #6622, #7260, #747, #148, #7821, #3997, #7217, #4592, #6665, #1507, #62, #3951, #6581, #3318, #106, #7132, #4082, #790, #3361, #704, #5227, #5947, #2722, #2092, #4635, #2013, #5906, #869, #3911, #5309, #3402, #2684, #1338, #5266, #7953, #7861, #1466, #2052, #7906, #4679, #4044, #2812, #825, #5986, #6496, #3446, #193, #6031, #2767, #2137, #7305, #5395, #7998, #4724, #3275, #5860, #3493, #2852, #4765, #5437, #7347, #2177, #6709, #280, #1548, #4125, #6074, #914, #2337, #4413, #6956, #3012, #2460, #6996, #5089, #6229, #1873, #1240, #7035, #1203, #2376, #4328, #2419, #8285, #5684, #6915, #4370, #5598, #6869, #4968, #5010, #2970, #1709, #6351, #6310, #8329, #562, #7504, #5051, #1160, #7678, #4283, #3734, #8200, #4453, #524, #1075, #3095, #5640, #1117, #3813, #2499, #6269, #3689, #3646, #438, #6392, #3135, #5562, #8158, #3775, #5723, #4925, #7634, #7550, #1833, #1752, #479, #3054, #8242, #7591, #1794, #7846, #6481, #4660, #4533, #2620, #6437, #3851, #5292, #3179, #686, #4025, #7716, #7754, #1998, #3257, #2542, #7887, #601, #1910, #45, #5932, #1951, #645, #4492, #2578, #5210, #5762, #7074, #3978, #3934, #132, #6561, #5131, #3300, #4577, #2707, #1281, #7156, #3219, #2074, #1363, #5803, #727, #5842, #7116, #7241, #1448, #3896, #1321, #4, #5170, #8363, #770, #7802, #6520, #2039, #4618, #7198, #5883, #1403, #88, #2667, #5253, #3343, #216, #2117, #6055, #5462, #4109, #2287, #2162, #262, #4066, #1488, #2917, #812, #6693, #1656, #5332, #5374, #8021, #894, #176, #5508, #6604, #7930, #2834, #3555, #7978, #7329, #4746, #6736, #4872, #3472, #5418, #4705, #2202, #2873, #1617, #8066, #6138, #2247, #1574, #1531, #4791, #4831, #7373, #4153, #346, #7287, #936, #7418, #3514, #8110, #4195, #7457, #3429, #6096, #6776, #305, #977, #3387, #5970, #2749, #6647, #850, #6011, #2793, #2960, #1192, #4955, #3594, #5676, #8232, #4273, #3718, #8273, #6341, #7494, #3125, #2488, #8315, #2448, #3635, #5587, #3676, #1148, #6945, #8187, #5629, #6298, #511, #6904, #7621, #7580, #6817, #2408, #426, #5077, #4998, #6259, #552, #5713, #7665, #4233, #6180, #467, #3084, #1695, #1020, #2999, #5039, #6857, #1821, #6218, #1104, #1783, #4359, #388, #2365, #1065, #5550, #3764, #2325, #8147, #7539, #4398, #6983, #4909, #1742, #4317, #3039, #7101, #1984, #6552, #6382, #759, #5119, #3966, #4482, #672, #33, #5242, #7704, #715, #3329, #2695, #2531, #1900, #590, #7834, #5919, #1309, #1860, #3840, #7064, #1270, #8352, #2654, #3922, #4568, #6424, #5831, #631, #3884, #4523, #3208, #119, #7184, #5750, #5791, #6469, #8392, #2569, #4443, #1390, #3246, #2609, #3169, #5159, #5199, #7788, #7145, #1941, #7744, #1351, #5280, #6506, #3288, #5872, #74, #2027, #4604, #7025, #1229, #3803, #7405, #2063, #6592, #6678, #4055, #3414 ),
 ( #2736, #161, #882, #1477, #3374, #7318, #6721, #5361, #3543, #6000, #1518, #5319, #7916, #4184, #4647, #7966, #2906, #802, #6634, #3458, #2151, #1434, #6766, #7872, #5958, #4096, #4818, #837, #204, #2780, #8010, #6126, #4734, #6042, #2104, #251, #4138, #2863, #925, #1604, #3504, #2822, #5407, #2190, #6085, #4778, #7362, #965, #4691, #1560, #294, #5450, #336, #8053, #7228, #7274, #2232, #4010, #3030, #1136, #6207, #3074, #4306, #6248, #4386, #6847, #2275, #4222, #2437, #415, #4859, #6933, #1093, #5537, #4988, #3710, #7607, #375, #6972, #3753, #1179, #6288, #4899, #1052, #4946, #2398, #8221, #3625, #6893, #8135, #1009, #7482, #7527, #5494, #6806, #500, #456, #5028, #5667, #1644, #7569, #3665, #1810, #3582, #5620, #2314, #6329, #1771, #6167, #4346, #8177, #2987, #542, #8095, #5578, #2356, #2944, #1685, #7447, #8261, #4263, #1730, #4552, #7133, #1339, #1296, #3913, #7090, #3953, #3115, #64, #1850, #1381, #6497, #4594, #5230, #705, #3278, #5863, #3870, #2645, #6456, #6543, #5701, #7823, #5107, #7015, #2560, #1972, #617, #7175, #7054, #5148, #580, #6370, #2015, #8303, #3198, #2476, #4433, #1890, #4512, #5779, #5067, #7651, #1219, #3792, #7734, #3157, #4472, #3830, #1259, #3237, #5736, #8383, #1933, #8344, #662, #7775, #2518, #7694, #6411, #5821, #23, #2597, #5190, #5399, #1469, #4047, #284, #7863, #5353, #7350, #196, #2854, #8001, #7394, #5949, #872, #4768, #6668, #1552, #6624, #6713, #7957, #1510, #8042, #2094, #5908, #2054, #6077, #828, #108, #2180, #4726, #792, #240, #4128, #5440, #4001, #2220, #1595, #4809, #917, #150, #4681, #2770, #6034, #3449, #7263, #2142, #3363, #4637, #2725, #7308, #750, #7219, #3495, #4085, #4176, #3321, #5268, #2815, #2686, #1424, #6583, #5311, #7908, #3404, #5989, #5481, #6882, #1043, #4892, #5134, #6280, #1678, #2308, #8087, #2265, #999, #3616, #364, #7476, #957, #3704, #6201, #406, #2895, #7438, #2979, #5571, #4297, #6836, #4852, #2936, #8254, #8169, #1637, #6799, #4256, #4339, #8213, #2348, #4216, #5657, #493, #3535, #3574, #4938, #5527, #7517, #1086, #8128, #1128, #5613, #7719, #6158, #6240, #1721, #1914, #3024, #3068, #4981, #3657, #450, #2390, #7562, #1764, #6926, #2431, #6757, #6117, #327, #5888, #689, #5334, #90, #3938, #814, #3390, #2753, #6607, #3854, #6523, #3346, #7758, #7076, #3260, #5296, #1954, #7201, #3899, #1365, #2041, #2670, #179, #2623, #4537, #1283, #1450, #2581, #4028, #7119, #5935, #7245, #7934, #5973, #7890, #6484, #731, #4621, #4495, #648, #6440, #1324, #3222, #5844, #3303, #5256, #2078, #49, #135, #5806, #7, #5174, #5212, #7805, #4663, #2001, #7849, #4580, #7159, #1406, #3981, #6565, #773, #2710, #4834, #4112, #6099, #5377, #1578, #4794, #2164, #4236, #7460, #7376, #6696, #6057, #4708, #1659, #4156, #6739, #6650, #2795, #939, #3517, #8069, #2205, #6015, #898, #3598, #308, #219, #4749, #8024, #8113, #3558, #2837, #3433, #1023, #6820, #7289, #853, #2876, #3475, #265, #2249, #5420, #4874, #979, #2963, #7981, #1620, #5465, #391, #6779, #6183, #348, #7332, #1534, #7421, #4198, #6141, #2919, #5511, #2290, #5553, #1491, #2120, #4069, #592, #1151, #7583 ) ),
 .UNSPECIFIED., .F., .F., .F. ) 
 B_SPLINE_SURFACE_WITH_KNOTS ( ( 2, 2 ),
 ( 3, 2, 2, 2, 2, 2, 2, 2, 2, 2, 2, 2, 2, 2, 2, 2, 2, 2, 2, 2, 2, 2, 2, 2, 2, 2, 2, 2, 2, 2, 2, 2, 2, 2, 2, 2, 2, 2, 2, 2, 2, 2, 2, 2, 2, 2, 2, 2, 2, 2, 2, 2, 2, 2, 2, 2, 2, 2, 2, 2, 2, 2, 2, 2, 2, 2, 2, 2, 2, 2, 2, 2, 2, 2, 2, 2, 2, 2, 2, 2, 2, 2, 2, 2, 2, 2, 2, 2, 2, 2, 2, 2, 2, 2, 2, 2, 2, 2, 2, 2, 2, 2, 2, 2, 2, 2, 2, 2, 2, 2, 2, 2, 2, 2, 2, 2, 2, 2, 2, 2, 2, 2, 2, 2, 2, 2, 2, 2, 2, 2, 2, 2, 2, 2, 2, 2, 2, 2, 2, 2, 2, 2, 2, 2, 2, 2, 2, 2, 2, 2, 2, 2, 2, 2, 2, 2, 2, 2, 2, 2, 2, 2, 2, 2, 2, 2, 2, 2, 2, 2, 2, 2, 2, 2, 2, 2, 2, 2, 2, 2, 2, 2, 2, 2, 2, 2, 2, 2, 2, 2, 2, 2, 2, 2, 2, 2, 2, 2, 2, 2, 2, 2, 2, 2, 2, 2, 2, 2, 2, 2, 2, 2, 2, 2, 2, 2, 2, 2, 2, 2, 2, 2, 3 ),
 ( 0.000000000000000000, 1.000000000000000000 ),
 ( 0.000000000000000000, 0.004504504504504504465, 0.009009009009009008931, 0.01351351351351351426, 0.01801801801801801786, 0.02252252252252252146, 0.02702702702702702853, 0.03153153153153152866, 0.03603603603603603572, 0.04054054054054054279, 0.04504504504504504292, 0.04954954954954954999, 0.05405405405405405705, 0.05855855855855855718, 0.06306306306306305731, 0.06756756756756757132, 0.07207207207207207145, 0.07657657657657657158, 0.08108108108108108558, 0.08558558558558558571, 0.09009009009009008584, 0.09459459459459459985, 0.09909909909909909997, 0.1036036036036036001, 0.1081081081081081141, 0.1126126126126126142, 0.1171171171171171144, 0.1216216216216216284, 0.1261261261261261146, 0.1306306306306306286, 0.1351351351351351426, 0.1396396396396396289, 0.1441441441441441429, 0.1486486486486486569, 0.1531531531531531432, 0.1576576576576576572, 0.1621621621621621712, 0.1666666666666666574, 0.1711711711711711714, 0.1756756756756756854, 0.1801801801801801717, 0.1846846846846846857, 0.1891891891891891997, 0.1936936936936936859, 0.1981981981981981999, 0.2027027027027027140, 0.2072072072072072002, 0.2117117117117117142, 0.2162162162162162282, 0.2207207207207207145, 0.2252252252252252285, 0.2297297297297297425, 0.2342342342342342287, 0.2387387387387387427, 0.2432432432432432567, 0.2477477477477477430, 0.2522522522522522292, 0.2567567567567567433, 0.2612612612612612573, 0.2657657657657657713, 0.2702702702702702853, 0.2747747747747747993, 0.2792792792792792578, 0.2837837837837837718, 0.2882882882882882858, 0.2927927927927927998, 0.2972972972972973138, 0.3018018018018018278, 0.3063063063063062863, 0.3108108108108108003, 0.3153153153153153143, 0.3198198198198198283, 0.3243243243243243423, 0.3288288288288288563, 0.3333333333333333148, 0.3378378378378378288, 0.3423423423423423428, 0.3468468468468468568, 0.3513513513513513709, 0.3558558558558558294, 0.3603603603603603434, 0.3648648648648648574, 0.3693693693693693714, 0.3738738738738738854, 0.3783783783783783994, 0.3828828828828828579, 0.3873873873873873719, 0.3918918918918918859, 0.3963963963963963999, 0.4009009009009009139, 0.4054054054054054279, 0.4099099099099098864, 0.4144144144144144004, 0.4189189189189189144, 0.4234234234234234284, 0.4279279279279279424, 0.4324324324324324564, 0.4369369369369369149, 0.4414414414414414289, 0.4459459459459459429, 0.4504504504504504570, 0.4549549549549549710, 0.4594594594594594850, 0.4639639639639639435, 0.4684684684684684575, 0.4729729729729729715, 0.4774774774774774855, 0.4819819819819819995, 0.4864864864864865135, 0.4909909909909909720, 0.4954954954954954860, 0.5000000000000000000, 0.5045045045045044585, 0.5090090090090090280, 0.5135135135135134865, 0.5180180180180180560, 0.5225225225225225145, 0.5270270270270269730, 0.5315315315315315425, 0.5360360360360360010, 0.5405405405405405705, 0.5450450450450450290, 0.5495495495495495986, 0.5540540540540540571, 0.5585585585585585155, 0.5630630630630630851, 0.5675675675675675436, 0.5720720720720721131, 0.5765765765765765716, 0.5810810810810810301, 0.5855855855855855996, 0.5900900900900900581, 0.5945945945945946276, 0.5990990990990990861, 0.6036036036036036556, 0.6081081081081081141, 0.6126126126126125726, 0.6171171171171171421, 0.6216216216216216006, 0.6261261261261261701, 0.6306306306306306286, 0.6351351351351350871, 0.6396396396396396566, 0.6441441441441441151, 0.6486486486486486847, 0.6531531531531531432, 0.6576576576576577127, 0.6621621621621621712, 0.6666666666666666297, 0.6711711711711711992, 0.6756756756756756577, 0.6801801801801802272, 0.6846846846846846857, 0.6891891891891891442, 0.6936936936936937137, 0.6981981981981981722, 0.7027027027027027417, 0.7072072072072072002, 0.7117117117117116587, 0.7162162162162162282, 0.7207207207207206867, 0.7252252252252252562, 0.7297297297297297147, 0.7342342342342342842, 0.7387387387387387427, 0.7432432432432432012, 0.7477477477477477708, 0.7522522522522522292, 0.7567567567567567988, 0.7612612612612612573, 0.7657657657657657158, 0.7702702702702702853, 0.7747747747747747438, 0.7792792792792793133, 0.7837837837837837718, 0.7882882882882883413, 0.7927927927927927998, 0.7972972972972972583, 0.8018018018018018278, 0.8063063063063062863, 0.8108108108108108558, 0.8153153153153153143, 0.8198198198198197728, 0.8243243243243243423, 0.8288288288288288008, 0.8333333333333333703, 0.8378378378378378288, 0.8423423423423422873, 0.8468468468468468568, 0.8513513513513513153, 0.8558558558558558849, 0.8603603603603603434, 0.8648648648648649129, 0.8693693693693693714, 0.8738738738738738299, 0.8783783783783783994, 0.8828828828828828579, 0.8873873873873874274, 0.8918918918918918859, 0.8963963963963963444, 0.9009009009009009139, 0.9054054054054053724, 0.9099099099099099419, 0.9144144144144144004, 0.9189189189189189699, 0.9234234234234234284, 0.9279279279279278869, 0.9324324324324324564, 0.9369369369369369149, 0.9414414414414414845, 0.9459459459459459429, 0.9504504504504504014, 0.9549549549549549710, 0.9594594594594594295, 0.9639639639639639990, 0.9684684684684684575, 0.9729729729729730270, 0.9774774774774774855, 0.9819819819819819440, 0.9864864864864865135, 0.9909909909909909720, 0.9954954954954955415, 1.000000000000000000 ),
 .UNSPECIFIED. ) 
 GEOMETRIC_REPRESENTATION_ITEM ( )  RATIONAL_B_SPLINE_SURFACE ( (
 ( 1.000000000000000000, 0.8660254037844387076, 1.000000000000000000, 0.8660254037844387076, 1.000000000000000000, 0.8660254037844387076, 1.000000000000000000, 0.8660254037844387076, 1.000000000000000000, 0.8660254037844387076, 1.000000000000000000, 0.8660254037844387076, 1.000000000000000000, 0.8660254037844387076, 1.000000000000000000, 0.8660254037844387076, 1.000000000000000000, 0.8660254037844387076, 1.000000000000000000, 0.8660254037844387076, 1.000000000000000000, 0.8660254037844387076, 1.000000000000000000, 0.8660254037844387076, 1.000000000000000000, 0.8660254037844387076, 1.000000000000000000, 0.8660254037844387076, 1.000000000000000000, 0.8660254037844387076, 1.000000000000000000, 0.8660254037844387076, 1.000000000000000000, 0.8660254037844387076, 1.000000000000000000, 0.8660254037844387076, 1.000000000000000000, 0.8660254037844387076, 1.000000000000000000, 0.8660254037844387076, 1.000000000000000000, 0.8660254037844387076, 1.000000000000000000, 0.8660254037844387076, 1.000000000000000000, 0.8660254037844387076, 1.000000000000000000, 0.8660254037844387076, 1.000000000000000000, 0.8660254037844387076, 1.000000000000000000, 0.8660254037844387076, 1.000000000000000000, 0.8660254037844387076, 1.000000000000000000, 0.8660254037844387076, 1.000000000000000000, 0.8660254037844387076, 1.000000000000000000, 0.8660254037844387076, 1.000000000000000000, 0.8660254037844387076, 1.000000000000000000, 0.8660254037844387076, 1.000000000000000000, 0.8660254037844387076, 1.000000000000000000, 0.8660254037844387076, 1.000000000000000000, 0.8660254037844387076, 1.000000000000000000, 0.8660254037844387076, 1.000000000000000000, 0.8660254037844387076, 1.000000000000000000, 0.8660254037844387076, 1.000000000000000000, 0.8660254037844387076, 1.000000000000000000, 0.8660254037844387076, 1.000000000000000000, 0.8660254037844387076, 1.000000000000000000, 0.8660254037844387076, 1.000000000000000000, 0.8660254037844387076, 1.000000000000000000, 0.8660254037844387076, 1.000000000000000000, 0.8660254037844387076, 1.000000000000000000, 0.8660254037844387076, 1.000000000000000000, 0.8660254037844387076, 1.000000000000000000, 0.8660254037844387076, 1.000000000000000000, 0.8660254037844387076, 1.000000000000000000, 0.8660254037844387076, 1.000000000000000000, 0.8660254037844387076, 1.000000000000000000, 0.8660254037844387076, 1.000000000000000000, 0.8660254037844387076, 1.000000000000000000, 0.8660254037844387076, 1.000000000000000000, 0.8660254037844387076, 1.000000000000000000, 0.8660254037844387076, 1.000000000000000000, 0.8660254037844387076, 1.000000000000000000, 0.8660254037844387076, 1.000000000000000000, 0.8660254037844387076, 1.000000000000000000, 0.8660254037844387076, 1.000000000000000000, 0.8660254037844387076, 1.000000000000000000, 0.8660254037844387076, 1.000000000000000000, 0.8660254037844387076, 1.000000000000000000, 0.8660254037844387076, 1.000000000000000000, 0.8660254037844387076, 1.000000000000000000, 0.8660254037844387076, 1.000000000000000000, 0.8660254037844387076, 1.000000000000000000, 0.8660254037844387076, 1.000000000000000000, 0.8660254037844387076, 1.000000000000000000, 0.8660254037844387076, 1.000000000000000000, 0.8660254037844387076, 1.000000000000000000, 0.8660254037844387076, 1.000000000000000000, 0.8660254037844387076, 1.000000000000000000, 0.8660254037844387076, 1.000000000000000000, 0.8660254037844387076, 1.000000000000000000, 0.8660254037844387076, 1.000000000000000000, 0.8660254037844387076, 1.000000000000000000, 0.8660254037844387076, 1.000000000000000000, 0.8660254037844387076, 1.000000000000000000, 0.8660254037844387076, 1.000000000000000000, 0.8660254037844387076, 1.000000000000000000, 0.8660254037844387076, 1.000000000000000000, 0.8660254037844387076, 1.000000000000000000, 0.8660254037844387076, 1.000000000000000000, 0.8660254037844387076, 1.000000000000000000, 0.8660254037844387076, 1.000000000000000000, 0.8660254037844387076, 1.000000000000000000, 0.8660254037844387076, 1.000000000000000000, 0.8660254037844387076, 1.000000000000000000, 0.8660254037844387076, 1.000000000000000000, 0.8660254037844387076, 1.000000000000000000, 0.8660254037844387076, 1.000000000000000000, 0.8660254037844387076, 1.000000000000000000, 0.8660254037844387076, 1.000000000000000000, 0.8660254037844387076, 1.000000000000000000, 0.8660254037844387076, 1.000000000000000000, 0.8660254037844387076, 1.000000000000000000, 0.8660254037844387076, 1.000000000000000000, 0.8660254037844387076, 1.000000000000000000, 0.8660254037844387076, 1.000000000000000000, 0.8660254037844387076, 1.000000000000000000, 0.8660254037844387076, 1.000000000000000000, 0.8660254037844387076, 1.000000000000000000, 0.8660254037844387076, 1.000000000000000000, 0.8660254037844387076, 1.000000000000000000, 0.8660254037844387076, 1.000000000000000000, 0.8660254037844387076, 1.000000000000000000, 0.8660254037844387076, 1.000000000000000000, 0.8660254037844387076, 1.000000000000000000, 0.8660254037844387076, 1.000000000000000000, 0.8660254037844387076, 1.000000000000000000, 0.8660254037844387076, 1.000000000000000000, 0.8660254037844387076, 1.000000000000000000, 0.8660254037844387076, 1.000000000000000000, 0.8660254037844387076, 1.000000000000000000, 0.8660254037844387076, 1.000000000000000000, 0.8660254037844387076, 1.000000000000000000, 0.8660254037844387076, 1.000000000000000000, 0.8660254037844387076, 1.000000000000000000, 0.8660254037844387076, 1.000000000000000000, 0.8660254037844387076, 1.000000000000000000, 0.8660254037844387076, 1.000000000000000000, 0.8660254037844387076, 1.000000000000000000, 0.8660254037844387076, 1.000000000000000000, 0.8660254037844387076, 1.000000000000000000, 0.8660254037844387076, 1.000000000000000000, 0.8660254037844387076, 1.000000000000000000, 0.8660254037844387076, 1.000000000000000000, 0.8660254037844387076, 1.000000000000000000, 0.8660254037844387076, 1.000000000000000000, 0.8660254037844387076, 1.000000000000000000, 0.8660254037844387076, 1.000000000000000000, 0.8660254037844387076, 1.000000000000000000, 0.8660254037844387076, 1.000000000000000000, 0.8660254037844387076, 1.000000000000000000, 0.8660254037844387076, 1.000000000000000000, 0.8660254037844387076, 1.000000000000000000, 0.8660254037844387076, 1.000000000000000000, 0.8660254037844387076, 1.000000000000000000, 0.8660254037844387076, 1.000000000000000000, 0.8660254037844387076, 1.000000000000000000, 0.8660254037844387076, 1.000000000000000000, 0.8660254037844387076, 1.000000000000000000, 0.8660254037844387076, 1.000000000000000000, 0.8660254037844387076, 1.000000000000000000, 0.8660254037844387076, 1.000000000000000000, 0.8660254037844387076, 1.000000000000000000, 0.8660254037844387076, 1.000000000000000000, 0.8660254037844387076, 1.000000000000000000, 0.8660254037844387076, 1.000000000000000000, 0.8660254037844387076, 1.000000000000000000, 0.8660254037844387076, 1.000000000000000000, 0.8660254037844387076, 1.000000000000000000, 0.8660254037844387076, 1.000000000000000000, 0.8660254037844387076, 1.000000000000000000, 0.8660254037844387076, 1.000000000000000000, 0.8660254037844387076, 1.000000000000000000, 0.8660254037844387076, 1.000000000000000000, 0.8660254037844387076, 1.000000000000000000, 0.8660254037844387076, 1.000000000000000000, 0.8660254037844387076, 1.000000000000000000, 0.8660254037844387076, 1.000000000000000000, 0.8660254037844387076, 1.000000000000000000, 0.8660254037844387076, 1.000000000000000000, 0.8660254037844387076, 1.000000000000000000, 0.8660254037844387076, 1.000000000000000000, 0.8660254037844387076, 1.000000000000000000, 0.8660254037844387076, 1.000000000000000000, 0.8660254037844387076, 1.000000000000000000, 0.8660254037844387076, 1.000000000000000000, 0.8660254037844387076, 1.000000000000000000, 0.8660254037844387076, 1.000000000000000000, 0.8660254037844387076, 1.000000000000000000, 0.8660254037844387076, 1.000000000000000000, 0.8660254037844387076, 1.000000000000000000, 0.8660254037844387076, 1.000000000000000000, 0.8660254037844387076, 1.000000000000000000, 0.8660254037844387076, 1.000000000000000000, 0.8660254037844387076, 1.000000000000000000, 0.8660254037844387076, 1.000000000000000000, 0.8660254037844387076, 1.000000000000000000, 0.8660254037844387076, 1.000000000000000000, 0.8660254037844387076, 1.000000000000000000, 0.8660254037844387076, 1.000000000000000000, 0.8660254037844387076, 1.000000000000000000, 0.8660254037844387076, 1.000000000000000000, 0.8660254037844387076, 1.000000000000000000, 0.8660254037844387076, 1.000000000000000000, 0.8660254037844387076, 1.000000000000000000, 0.8660254037844387076, 1.000000000000000000, 0.8660254037844387076, 1.000000000000000000, 0.8660254037844387076, 1.000000000000000000, 0.8660254037844387076, 1.000000000000000000, 0.8660254037844387076, 1.000000000000000000, 0.8660254037844387076, 1.000000000000000000, 0.8660254037844387076, 1.000000000000000000, 0.8660254037844387076, 1.000000000000000000, 0.8660254037844387076, 1.000000000000000000, 0.8660254037844387076, 1.000000000000000000, 0.8660254037844387076, 1.000000000000000000, 0.8660254037844387076, 1.000000000000000000, 0.8660254037844387076, 1.000000000000000000, 0.8660254037844387076, 1.000000000000000000, 0.8660254037844387076, 1.000000000000000000, 0.8660254037844387076, 1.000000000000000000, 0.8660254037844387076, 1.000000000000000000, 0.8660254037844387076, 1.000000000000000000, 0.8660254037844387076, 1.000000000000000000, 0.8660254037844387076, 1.000000000000000000, 0.8660254037844387076, 1.000000000000000000, 0.8660254037844387076, 1.000000000000000000, 0.8660254037844387076, 1.000000000000000000, 0.8660254037844387076, 1.000000000000000000, 0.8660254037844387076, 1.000000000000000000, 0.8660254037844387076, 1.000000000000000000, 0.8660254037844387076, 1.000000000000000000, 0.8660254037844387076, 1.000000000000000000, 0.8660254037844387076, 1.000000000000000000, 0.8660254037844387076, 1.000000000000000000, 0.8660254037844387076, 1.000000000000000000, 0.8660254037844387076, 1.000000000000000000, 0.8660254037844387076, 1.000000000000000000),
 ( 1.000000000000000000, 0.8660254037844387076, 1.000000000000000000, 0.8660254037844387076, 1.000000000000000000, 0.8660254037844387076, 1.000000000000000000, 0.8660254037844387076, 1.000000000000000000, 0.8660254037844387076, 1.000000000000000000, 0.8660254037844387076, 1.000000000000000000, 0.8660254037844387076, 1.000000000000000000, 0.8660254037844387076, 1.000000000000000000, 0.8660254037844387076, 1.000000000000000000, 0.8660254037844387076, 1.000000000000000000, 0.8660254037844387076, 1.000000000000000000, 0.8660254037844387076, 1.000000000000000000, 0.8660254037844387076, 1.000000000000000000, 0.8660254037844387076, 1.000000000000000000, 0.8660254037844387076, 1.000000000000000000, 0.8660254037844387076, 1.000000000000000000, 0.8660254037844387076, 1.000000000000000000, 0.8660254037844387076, 1.000000000000000000, 0.8660254037844387076, 1.000000000000000000, 0.8660254037844387076, 1.000000000000000000, 0.8660254037844387076, 1.000000000000000000, 0.8660254037844387076, 1.000000000000000000, 0.8660254037844387076, 1.000000000000000000, 0.8660254037844387076, 1.000000000000000000, 0.8660254037844387076, 1.000000000000000000, 0.8660254037844387076, 1.000000000000000000, 0.8660254037844387076, 1.000000000000000000, 0.8660254037844387076, 1.000000000000000000, 0.8660254037844387076, 1.000000000000000000, 0.8660254037844387076, 1.000000000000000000, 0.8660254037844387076, 1.000000000000000000, 0.8660254037844387076, 1.000000000000000000, 0.8660254037844387076, 1.000000000000000000, 0.8660254037844387076, 1.000000000000000000, 0.8660254037844387076, 1.000000000000000000, 0.8660254037844387076, 1.000000000000000000, 0.8660254037844387076, 1.000000000000000000, 0.8660254037844387076, 1.000000000000000000, 0.8660254037844387076, 1.000000000000000000, 0.8660254037844387076, 1.000000000000000000, 0.8660254037844387076, 1.000000000000000000, 0.8660254037844387076, 1.000000000000000000, 0.8660254037844387076, 1.000000000000000000, 0.8660254037844387076, 1.000000000000000000, 0.8660254037844387076, 1.000000000000000000, 0.8660254037844387076, 1.000000000000000000, 0.8660254037844387076, 1.000000000000000000, 0.8660254037844387076, 1.000000000000000000, 0.8660254037844387076, 1.000000000000000000, 0.8660254037844387076, 1.000000000000000000, 0.8660254037844387076, 1.000000000000000000, 0.8660254037844387076, 1.000000000000000000, 0.8660254037844387076, 1.000000000000000000, 0.8660254037844387076, 1.000000000000000000, 0.8660254037844387076, 1.000000000000000000, 0.8660254037844387076, 1.000000000000000000, 0.8660254037844387076, 1.000000000000000000, 0.8660254037844387076, 1.000000000000000000, 0.8660254037844387076, 1.000000000000000000, 0.8660254037844387076, 1.000000000000000000, 0.8660254037844387076, 1.000000000000000000, 0.8660254037844387076, 1.000000000000000000, 0.8660254037844387076, 1.000000000000000000, 0.8660254037844387076, 1.000000000000000000, 0.8660254037844387076, 1.000000000000000000, 0.8660254037844387076, 1.000000000000000000, 0.8660254037844387076, 1.000000000000000000, 0.8660254037844387076, 1.000000000000000000, 0.8660254037844387076, 1.000000000000000000, 0.8660254037844387076, 1.000000000000000000, 0.8660254037844387076, 1.000000000000000000, 0.8660254037844387076, 1.000000000000000000, 0.8660254037844387076, 1.000000000000000000, 0.8660254037844387076, 1.000000000000000000, 0.8660254037844387076, 1.000000000000000000, 0.8660254037844387076, 1.000000000000000000, 0.8660254037844387076, 1.000000000000000000, 0.8660254037844387076, 1.000000000000000000, 0.8660254037844387076, 1.000000000000000000, 0.8660254037844387076, 1.000000000000000000, 0.8660254037844387076, 1.000000000000000000, 0.8660254037844387076, 1.000000000000000000, 0.8660254037844387076, 1.000000000000000000, 0.8660254037844387076, 1.000000000000000000, 0.8660254037844387076, 1.000000000000000000, 0.8660254037844387076, 1.000000000000000000, 0.8660254037844387076, 1.000000000000000000, 0.8660254037844387076, 1.000000000000000000, 0.8660254037844387076, 1.000000000000000000, 0.8660254037844387076, 1.000000000000000000, 0.8660254037844387076, 1.000000000000000000, 0.8660254037844387076, 1.000000000000000000, 0.8660254037844387076, 1.000000000000000000, 0.8660254037844387076, 1.000000000000000000, 0.8660254037844387076, 1.000000000000000000, 0.8660254037844387076, 1.000000000000000000, 0.8660254037844387076, 1.000000000000000000, 0.8660254037844387076, 1.000000000000000000, 0.8660254037844387076, 1.000000000000000000, 0.8660254037844387076, 1.000000000000000000, 0.8660254037844387076, 1.000000000000000000, 0.8660254037844387076, 1.000000000000000000, 0.8660254037844387076, 1.000000000000000000, 0.8660254037844387076, 1.000000000000000000, 0.8660254037844387076, 1.000000000000000000, 0.8660254037844387076, 1.000000000000000000, 0.8660254037844387076, 1.000000000000000000, 0.8660254037844387076, 1.000000000000000000, 0.8660254037844387076, 1.000000000000000000, 0.8660254037844387076, 1.000000000000000000, 0.8660254037844387076, 1.000000000000000000, 0.8660254037844387076, 1.000000000000000000, 0.8660254037844387076, 1.000000000000000000, 0.8660254037844387076, 1.000000000000000000, 0.8660254037844387076, 1.000000000000000000, 0.8660254037844387076, 1.000000000000000000, 0.8660254037844387076, 1.000000000000000000, 0.8660254037844387076, 1.000000000000000000, 0.8660254037844387076, 1.000000000000000000, 0.8660254037844387076, 1.000000000000000000, 0.8660254037844387076, 1.000000000000000000, 0.8660254037844387076, 1.000000000000000000, 0.8660254037844387076, 1.000000000000000000, 0.8660254037844387076, 1.000000000000000000, 0.8660254037844387076, 1.000000000000000000, 0.8660254037844387076, 1.000000000000000000, 0.8660254037844387076, 1.000000000000000000, 0.8660254037844387076, 1.000000000000000000, 0.8660254037844387076, 1.000000000000000000, 0.8660254037844387076, 1.000000000000000000, 0.8660254037844387076, 1.000000000000000000, 0.8660254037844387076, 1.000000000000000000, 0.8660254037844387076, 1.000000000000000000, 0.8660254037844387076, 1.000000000000000000, 0.8660254037844387076, 1.000000000000000000, 0.8660254037844387076, 1.000000000000000000, 0.8660254037844387076, 1.000000000000000000, 0.8660254037844387076, 1.000000000000000000, 0.8660254037844387076, 1.000000000000000000, 0.8660254037844387076, 1.000000000000000000, 0.8660254037844387076, 1.000000000000000000, 0.8660254037844387076, 1.000000000000000000, 0.8660254037844387076, 1.000000000000000000, 0.8660254037844387076, 1.000000000000000000, 0.8660254037844387076, 1.000000000000000000, 0.8660254037844387076, 1.000000000000000000, 0.8660254037844387076, 1.000000000000000000, 0.8660254037844387076, 1.000000000000000000, 0.8660254037844387076, 1.000000000000000000, 0.8660254037844387076, 1.000000000000000000, 0.8660254037844387076, 1.000000000000000000, 0.8660254037844387076, 1.000000000000000000, 0.8660254037844387076, 1.000000000000000000, 0.8660254037844387076, 1.000000000000000000, 0.8660254037844387076, 1.000000000000000000, 0.8660254037844387076, 1.000000000000000000, 0.8660254037844387076, 1.000000000000000000, 0.8660254037844387076, 1.000000000000000000, 0.8660254037844387076, 1.000000000000000000, 0.8660254037844387076, 1.000000000000000000, 0.8660254037844387076, 1.000000000000000000, 0.8660254037844387076, 1.000000000000000000, 0.8660254037844387076, 1.000000000000000000, 0.8660254037844387076, 1.000000000000000000, 0.8660254037844387076, 1.000000000000000000, 0.8660254037844387076, 1.000000000000000000, 0.8660254037844387076, 1.000000000000000000, 0.8660254037844387076, 1.000000000000000000, 0.8660254037844387076, 1.000000000000000000, 0.8660254037844387076, 1.000000000000000000, 0.8660254037844387076, 1.000000000000000000, 0.8660254037844387076, 1.000000000000000000, 0.8660254037844387076, 1.000000000000000000, 0.8660254037844387076, 1.000000000000000000, 0.8660254037844387076, 1.000000000000000000, 0.8660254037844387076, 1.000000000000000000, 0.8660254037844387076, 1.000000000000000000, 0.8660254037844387076, 1.000000000000000000, 0.8660254037844387076, 1.000000000000000000, 0.8660254037844387076, 1.000000000000000000, 0.8660254037844387076, 1.000000000000000000, 0.8660254037844387076, 1.000000000000000000, 0.8660254037844387076, 1.000000000000000000, 0.8660254037844387076, 1.000000000000000000, 0.8660254037844387076, 1.000000000000000000, 0.8660254037844387076, 1.000000000000000000, 0.8660254037844387076, 1.000000000000000000, 0.8660254037844387076, 1.000000000000000000, 0.8660254037844387076, 1.000000000000000000, 0.8660254037844387076, 1.000000000000000000, 0.8660254037844387076, 1.000000000000000000, 0.8660254037844387076, 1.000000000000000000, 0.8660254037844387076, 1.000000000000000000, 0.8660254037844387076, 1.000000000000000000, 0.8660254037844387076, 1.000000000000000000, 0.8660254037844387076, 1.000000000000000000, 0.8660254037844387076, 1.000000000000000000, 0.8660254037844387076, 1.000000000000000000, 0.8660254037844387076, 1.000000000000000000, 0.8660254037844387076, 1.000000000000000000, 0.8660254037844387076, 1.000000000000000000, 0.8660254037844387076, 1.000000000000000000, 0.8660254037844387076, 1.000000000000000000, 0.8660254037844387076, 1.000000000000000000, 0.8660254037844387076, 1.000000000000000000, 0.8660254037844387076, 1.000000000000000000, 0.8660254037844387076, 1.000000000000000000, 0.8660254037844387076, 1.000000000000000000, 0.8660254037844387076, 1.000000000000000000, 0.8660254037844387076, 1.000000000000000000, 0.8660254037844387076, 1.000000000000000000, 0.8660254037844387076, 1.000000000000000000, 0.8660254037844387076, 1.000000000000000000, 0.8660254037844387076, 1.000000000000000000, 0.8660254037844387076, 1.000000000000000000, 0.8660254037844387076, 1.000000000000000000, 0.8660254037844387076, 1.000000000000000000, 0.8660254037844387076, 1.000000000000000000, 0.8660254037844387076, 1.000000000000000000, 0.8660254037844387076, 1.000000000000000000, 0.8660254037844387076, 1.000000000000000000, 0.8660254037844387076, 1.000000000000000000) ) ) 
 REPRESENTATION_ITEM ( '' )  SURFACE ( )  );
#2778 = EDGE_LOOP ( 'NONE', ( #7596, #4406, #5198, #5385 ) ) ;
#2779 =( BOUNDED_CURVE ( )  B_SPLINE_CURVE ( 2, ( #4861, #2909, #6128, #7408, #1606, #8137, #6724, #5452, #927 ),
 .UNSPECIFIED., .F., .F. ) 
 B_SPLINE_CURVE_WITH_KNOTS ( ( 3, 2, 2, 2, 3 ),
 ( 0.1824324324324324564, 0.1846846846846846857, 0.1891891891891891442, 0.1936936936936937137, 0.1959459459459459429 ),
 .UNSPECIFIED. ) 
 CURVE ( )  GEOMETRIC_REPRESENTATION_ITEM ( )  RATIONAL_B_SPLINE_CURVE ( ( 0.9330127018922194093, 0.9330127018922194093, 1.000000000000000000, 0.8660254037844388186, 1.000000000000000000, 0.8660254037844388186, 1.000000000000000000, 0.9330127018922194093, 0.9330127018922194093 ) ) 
 REPRESENTATION_ITEM ( '' )  );
#2780 = CARTESIAN_POINT ( 'NONE',  ( -0.8816504037844307140, -1.527063293868244465, -7.244791666666674068 ) ) ;
#2781 = CARTESIAN_POINT ( 'NONE',  ( 1.499999999999996447, 3.776644255144276145E-15, 4.437499999999961808 ) ) ;
#2782 = CARTESIAN_POINT ( 'NONE',  ( -1.175240473580821732, -0.3149047358083320036, 6.459829099369225780 ) ) ;
#2783 = CARTESIAN_POINT ( 'NONE',  ( -1.322475605676645571, 0.7635316469341293377, 1.098958333333309501 ) ) ;
#2784 = EDGE_LOOP ( 'NONE', ( #1072, #507, #6720, #1170 ) ) ;
#2785 = CARTESIAN_POINT ( 'NONE',  ( -1.017788105676648902, -0.5876202367904079793, 7.479166666666630547 ) ) ;
#2786 = EDGE_CURVE ( 'NONE', #2700, #485, #6548, .T. ) ;
#2787 = DIRECTION ( 'NONE',  ( -0.000000000000000000, -7.531071187239187305E-16, 1.000000000000000000 ) ) ;
#2788 = AXIS2_PLACEMENT_3D ( 'NONE', #7276, #5321, #4694 ) ;
#2789 = VERTEX_POINT ( 'NONE', #1345 ) ;
#2790 = EDGE_LOOP ( 'NONE', ( #80, #2588, #4105, #5004 ) ) ;
#2791 = CARTESIAN_POINT ( 'NONE',  ( -1.299038105676654675, 0.7500000000000027756, -6.854166666666680285 ) ) ;
#2792 = FACE_OUTER_BOUND ( 'NONE', #351, .T. ) ;
#2793 = CARTESIAN_POINT ( 'NONE',  ( 1.017788105676649346, 0.5876202367904160839, 4.666666666666634988 ) ) ;
#2794 = CARTESIAN_POINT ( 'NONE',  ( -1.836970198721024757E-16, -1.499999999999991562, 5.749999999999973355 ) ) ;
#2795 = CARTESIAN_POINT ( 'NONE',  ( 0.8816504037844310471, 1.527063293868253124, 8.005208333333293069 ) ) ;
#2796 = CARTESIAN_POINT ( 'NONE',  ( -1.175240473580826395, 0.3149047358083585935, -5.647329099369269301 ) ) ;
#2797 = DIRECTION ( 'NONE',  ( 0.000000000000000000, 0.000000000000000000, -1.000000000000000000 ) ) ;
#2798 = CARTESIAN_POINT ( 'NONE',  ( 0.000000000000000000, 1.527063293868253790, -4.984375000000009770 ) ) ;
#2799 = ORIENTED_EDGE ( 'NONE', *, *, #6575, .F. ) ;
#2800 = AXIS2_PLACEMENT_3D ( 'NONE', #989, #6828, #5429 ) ;
#2801 = EDGE_CURVE ( 'NONE', #5619, #8134, #6675, .T. ) ;
#2802 = DIRECTION ( 'NONE',  ( -0.000000000000000000, -0.000000000000000000, 1.000000000000000000 ) ) ;
#2803 = ORIENTED_EDGE ( 'NONE', *, *, #5902, .F. ) ;
#2804 = VECTOR ( 'NONE', #1974, 1000.000000000000000 ) ;
#2805 = CARTESIAN_POINT ( 'NONE',  ( -1.175240473580824174, -1.423504373092842538E-15, -2.125000000000015987 ) ) ;
#2806 = DIRECTION ( 'NONE',  ( 0.000000000000000000, 0.000000000000000000, -1.000000000000000000 ) ) ;
#2807 = CARTESIAN_POINT ( 'NONE',  ( 0.000000000000000000, 1.500000000000000666, 0.5624999999999700240 ) ) ;
#2808 = EDGE_CURVE ( 'NONE', #4877, #1614, #1602, .T. ) ;
#2809 = CARTESIAN_POINT ( 'NONE',  ( 1.175240473580824174, 1.772117688952314140E-15, 4.187499999999970690 ) ) ;
#2810 = CARTESIAN_POINT ( 'NONE',  ( -1.017788105676648902, -0.5876202367904079793, -1.520833333333351467 ) ) ;
#2811 = CARTESIAN_POINT ( 'NONE',  ( 1.299038105676654675, -0.7499999999999944489, -0.1041666666666942742 ) ) ;
#2812 = CARTESIAN_POINT ( 'NONE',  ( 1.017788105676648902, -0.5876202367904087565, -4.416666666666679397 ) ) ;
#2813 = CARTESIAN_POINT ( 'NONE',  ( -1.175240473580825284, -0.3149047358083427173, -1.102670900630759121 ) ) ;
#2814 = CARTESIAN_POINT ( 'NONE',  ( 0.6785254037844297148, -1.175240473580822176, -4.395833333333345472 ) ) ;
#2815 = CARTESIAN_POINT ( 'NONE',  ( -1.322475605676645127, 0.7635316469341291157, 1.630208333333308168 ) ) ;
#2816 = CARTESIAN_POINT ( 'NONE',  ( -0.6785254037844248298, 1.175240473580833722, -3.208333333333347248 ) ) ;
#2817 = CARTESIAN_POINT ( 'NONE',  ( -1.299038105676654231, 0.7500000000000025535, 2.583333333333313497 ) ) ;
#2818 = CARTESIAN_POINT ( 'NONE',  ( 0.000000000000000000, 1.175240473580829503, -7.687500000000005329 ) ) ;
#2819 = COORDINATED_UNIVERSAL_TIME_OFFSET ( 6, 0, .BEHIND. ) ;
#2820 = CARTESIAN_POINT ( 'NONE',  ( 1.175240473580825062, 3.195622062045156283E-15, -6.375000000000007105 ) ) ;
#2821 = VERTEX_POINT ( 'NONE', #2820 ) ;
#2822 = CARTESIAN_POINT ( 'NONE',  ( -0.8816504037844307140, -1.527063293868244465, -6.744791666666674068 ) ) ;
#2823 = CARTESIAN_POINT ( 'NONE',  ( -1.499999999999995559, -5.258250847547031143E-15, -0.3750000000000142109 ) ) ;
#2824 = CARTESIAN_POINT ( 'NONE',  ( 1.322475605676646238, 0.7635316469341281165, 1.932291666666641206 ) ) ;
#2825 = VERTEX_POINT ( 'NONE', #3369 ) ;
#2826 = CARTESIAN_POINT ( 'NONE',  ( 1.357050807568865203, 4.125744759050742171E-15, 8.187499999999962697 ) ) ;
#2827 =( BOUNDED_CURVE ( )  B_SPLINE_CURVE ( 2, ( #859, #2209, #3523, #6103, #313, #2253, #7426, #1625, #4204 ),
 .UNSPECIFIED., .F., .T. ) 
 B_SPLINE_CURVE_WITH_KNOTS ( ( 3, 2, 2, 2, 3 ),
 ( 0.8716216216216217116, 0.8738738738738738299, 0.8783783783783783994, 0.8828828828828828579, 0.8851351351351350871 ),
 .UNSPECIFIED. ) 
 CURVE ( )  GEOMETRIC_REPRESENTATION_ITEM ( )  RATIONAL_B_SPLINE_CURVE ( ( 0.9330127018922194093, 0.9330127018922227400, 1.000000000000000000, 0.8660254037844388186, 1.000000000000000000, 0.8660254037844388186, 1.000000000000000000, 0.9330127018922210747, 0.9330127018922194093 ) ) 
 REPRESENTATION_ITEM ( '' )  );
#2828 = CARTESIAN_POINT ( 'NONE',  ( 2.418529494331802518E-14, 1.175240473580829503, 4.812499999999968026 ) ) ;
#2829 =( BOUNDED_CURVE ( )  B_SPLINE_CURVE ( 2, ( #3331, #716, #673, #5832, #6635, #2656, #34, #839, #5920 ),
 .UNSPECIFIED., .F., .T. ) 
 B_SPLINE_CURVE_WITH_KNOTS ( ( 3, 2, 2, 2, 3 ),
 ( 0.9527027027027027417, 0.9549549549549549710, 0.9594594594594594295, 0.9639639639639639990, 0.9662162162162162282 ),
 .UNSPECIFIED. ) 
 CURVE ( )  GEOMETRIC_REPRESENTATION_ITEM ( )  RATIONAL_B_SPLINE_CURVE ( ( 0.9330127018922194093, 0.9330127018922210747, 1.000000000000000000, 0.8660254037844388186, 1.000000000000000000, 0.8660254037844388186, 1.000000000000000000, 0.9330127018922194093, 0.9330127018922194093 ) ) 
 REPRESENTATION_ITEM ( '' )  );
#2830 = ORIENTED_EDGE ( 'NONE', *, *, #2648, .F. ) ;
#2831 = ORIENTED_EDGE ( 'NONE', *, *, #2945, .T. ) ;
#2832 = CARTESIAN_POINT ( 'NONE',  ( 1.499999999999996669, -1.597811031022578733E-14, 4.937499999999961808 ) ) ;
#2833 = CARTESIAN_POINT ( 'NONE',  ( -1.499999999999996447, -4.357666448243395021E-16, -3.812500000000019984 ) ) ;
#2834 = CARTESIAN_POINT ( 'NONE',  ( -0.6785254037844329345, -1.175240473580820622, 2.958333333333305948 ) ) ;
#2835 = CARTESIAN_POINT ( 'NONE',  ( -1.499999999999995781, -7.814748497183156485E-15, -6.375000000000000888 ) ) ;
#2836 = CARTESIAN_POINT ( 'NONE',  ( 1.499999999999996669, -1.597811031022578733E-14, 1.937499999999966693 ) ) ;
#2837 = CARTESIAN_POINT ( 'NONE',  ( -0.8816504037844300479, 1.527063293868253568, 8.588541666666625218 ) ) ;
#2838 = DIRECTION ( 'NONE',  ( -1.000000000000000000, 0.000000000000000000, 0.000000000000000000 ) ) ;
#2839 = CARTESIAN_POINT ( 'NONE',  ( -1.870113174931165872E-16, -1.527063293868245131, -5.234375000000009770 ) ) ;
#2840 = ORIENTED_EDGE ( 'NONE', *, *, #4309, .F. ) ;
#2841 = CARTESIAN_POINT ( 'NONE',  ( 0.000000000000000000, 1.500000000000000666, 6.562499999999958256 ) ) ;
#2842 = ORIENTED_EDGE ( 'NONE', *, *, #8297, .T. ) ;
#2843 = CARTESIAN_POINT ( 'NONE',  ( -1.836970198721024757E-16, -1.499999999999991562, 7.249999999999968914 ) ) ;
#2844 = CARTESIAN_POINT ( 'NONE',  ( -1.175240473580823508, -0.3149047358083351678, 2.897329099369233329 ) ) ;
#2845 = EDGE_CURVE ( 'NONE', #6091, #4798, #4721, .T. ) ;
#2846 = CARTESIAN_POINT ( 'NONE',  ( -1.499999999999996447, -5.258250847547031931E-15, -4.312500000000018652 ) ) ;
#2847 = DIRECTION ( 'NONE',  ( 0.000000000000000000, 0.000000000000000000, -1.000000000000000000 ) ) ;
#2848 = ORIENTED_EDGE ( 'NONE', *, *, #3017, .F. ) ;
#2849 = CARTESIAN_POINT ( 'NONE',  ( -0.6785254037844324904, 1.175240473580829281, 0.8541666666666437591 ) ) ;
#2850 = DIRECTION ( 'NONE',  ( -0.000000000000000000, -0.000000000000000000, 1.000000000000000000 ) ) ;
#2851 = EDGE_CURVE ( 'NONE', #7080, #6590, #7867, .T. ) ;
#2852 = CARTESIAN_POINT ( 'NONE',  ( 0.000000000000000000, 1.175240473580829503, -3.750000000000013767 ) ) ;
#2853 = CARTESIAN_POINT ( 'NONE',  ( 0.8582058792002800196, -1.028634864072726973, -7.788276455727098480 ) ) ;
#2854 = CARTESIAN_POINT ( 'NONE',  ( -1.322475605676645127, 0.7635316469341291157, -0.3697916666666883900 ) ) ;
#2855 = CARTESIAN_POINT ( 'NONE',  ( 1.299038105676654675, 0.7500000000000013323, 3.416666666666644758 ) ) ;
#2856 = CARTESIAN_POINT ( 'NONE',  ( 1.017788105676653565, 0.5876202367904089785, -4.270833333333345472 ) ) ;
#2857 = CARTESIAN_POINT ( 'NONE',  ( -0.8816504037844302699, 1.527063293868253790, 9.057291666666625218 ) ) ;
#2858 = CALENDAR_DATE ( 2026, 25, 6 ) ;
#2859 = CARTESIAN_POINT ( 'NONE',  ( -1.499999999999993561, -0.4019237886466842102, -6.790170900630752016 ) ) ;
#2860 = EDGE_CURVE ( 'NONE', #3904, #4973, #4467, .T. ) ;
#2861 = CARTESIAN_POINT ( 'NONE',  ( -0.8660254037844363761, -1.499999999999990674, -4.291666666666672292 ) ) ;
#2862 = ORIENTED_EDGE ( 'NONE', *, *, #4347, .T. ) ;
#2863 = CARTESIAN_POINT ( 'NONE',  ( -0.8816504037844300479, 1.527063293868253568, -6.911458333333341031 ) ) ;
#2864 = CARTESIAN_POINT ( 'NONE',  ( 1.175240473580825284, 5.287301957201987865E-15, -3.312500000000014211 ) ) ;
#2865 = CARTESIAN_POINT ( 'NONE',  ( -0.8660254037844369313, -1.499999999999991562, -6.229166666666681174 ) ) ;
#2866 = CARTESIAN_POINT ( 'NONE',  ( 1.763300807568860762, 4.051117844727701623E-15, 1.390624999999976907 ) ) ;
#2867 = ORIENTED_EDGE ( 'NONE', *, *, #8143, .T. ) ;
#2868 = CARTESIAN_POINT ( 'NONE',  ( 1.017788105676649346, 0.5876202367904160839, 7.729166666666626995 ) ) ;
#2869 = ORIENTED_EDGE ( 'NONE', *, *, #1262, .T. ) ;
#2870 = EDGE_LOOP ( 'NONE', ( #6256, #1946, #7272, #1389 ) ) ;
#2871 = CARTESIAN_POINT ( 'NONE',  ( -0.8660254037844369313, -1.499999999999991562, -1.229166666666692942 ) ) ;
#2872 = CARTESIAN_POINT ( 'NONE',  ( -1.299038105676654897, -0.7499999999999935607, -3.770833333333353465 ) ) ;
#2873 = CARTESIAN_POINT ( 'NONE',  ( -1.017788105676648902, -0.5876202367904079793, 3.416666666666637209 ) ) ;
#2874 = CYLINDRICAL_SURFACE ( 'NONE', #8180, 1.499999999999982014 ) ;
#2875 = CARTESIAN_POINT ( 'NONE',  ( 1.209264747165901259E-14, 1.175240473580829503, -1.750000000000017986 ) ) ;
#2876 = CARTESIAN_POINT ( 'NONE',  ( 0.8816504037844296038, -1.527063293868245131, 8.838541666666625218 ) ) ;
#2877 = DIRECTION ( 'NONE',  ( -0.000000000000000000, -0.000000000000000000, 1.000000000000000000 ) ) ;
#2878 = CARTESIAN_POINT ( 'NONE',  ( 0.000000000000000000, 1.527063293868253790, -6.484375000000006217 ) ) ;
#2879 =( BOUNDED_CURVE ( )  B_SPLINE_CURVE ( 2, ( #7199, #7243, #5254, #7075, #1911, #133, #3344, #6438, #5171 ),
 .UNSPECIFIED., .F., .T. ) 
 B_SPLINE_CURVE_WITH_KNOTS ( ( 3, 2, 2, 2, 3 ),
 ( 0.5878378378378379399, 0.5900900900900900581, 0.5945945945945946276, 0.5990990990990990861, 0.6013513513513514264 ),
 .UNSPECIFIED. ) 
 CURVE ( )  GEOMETRIC_REPRESENTATION_ITEM ( )  RATIONAL_B_SPLINE_CURVE ( ( 0.9330127018922194093, 0.9330127018922226290, 1.000000000000000000, 0.8660254037844387076, 1.000000000000000000, 0.8660254037844387076, 1.000000000000000000, 0.9330127018922176330, 0.9330127018922192983 ) ) 
 REPRESENTATION_ITEM ( '' )  );
#2880 = ORIENTED_EDGE ( 'NONE', *, *, #8055, .F. ) ;
#2881 = DIRECTION ( 'NONE',  ( -0.000000000000000000, -0.000000000000000000, 1.000000000000000000 ) ) ;
#2882 = AXIS2_PLACEMENT_3D ( 'NONE', #5231, #197, #6035 ) ;
#2883 = CARTESIAN_POINT ( 'NONE',  ( 0.000000000000000000, -9.067116327485578019E-15, 12.24264068711923237 ) ) ;
#2884 = CARTESIAN_POINT ( 'NONE',  ( 1.499999999999996669, -1.597811031022578733E-14, 4.937499999999961808 ) ) ;
#2885 = CARTESIAN_POINT ( 'NONE',  ( -1.175240473580823952, 1.612336585850056306E-14, 2.437499999999972466 ) ) ;
#2886 = CARTESIAN_POINT ( 'NONE',  ( -0.1824582557924209758, -1.454660223434272925, -7.670339776565583634 ) ) ;
#2887 = CARTESIAN_POINT ( 'NONE',  ( -0.1799596819762383781, -1.479514208563614153, 7.729514208563545985 ) ) ;
#2888 = EDGE_LOOP ( 'NONE', ( #8017, #6920 ) ) ;
#2889 = CARTESIAN_POINT ( 'NONE',  ( -1.439254484199176806E-16, -1.175240473580820844, 3.562499999999970246 ) ) ;
#2890 = EDGE_CURVE ( 'NONE', #7975, #7576, #1551, .T. ) ;
#2891 = ADVANCED_FACE ( 'NONE', ( #8050 ), #3455, .F. ) ;
#2892 = ORIENTED_EDGE ( 'NONE', *, *, #6627, .T. ) ;
#2893 = CARTESIAN_POINT ( 'NONE',  ( -1.000000000000005551, 0.5773502691896214012, 8.495000000000000995 ) ) ;
#2894 = CARTESIAN_POINT ( 'NONE',  ( 1.499999999999995781, -0.4019237886466791032, -3.147329099369268857 ) ) ;
#2895 = CARTESIAN_POINT ( 'NONE',  ( -1.322475605676645349, -0.7635316469341199008, 2.713541666666638541 ) ) ;
#2896 = CARTESIAN_POINT ( 'NONE',  ( -1.299038105676654453, -0.7499999999999933387, -1.833333333333344584 ) ) ;
#2897 = CYLINDRICAL_SURFACE ( 'NONE', #2002, 1.175240473580825062 ) ;
#2898 = EDGE_CURVE ( 'NONE', #435, #6360, #1007, .T. ) ;
#2899 = CARTESIAN_POINT ( 'NONE',  ( 0.000000000000000000, 1.175240473580829503, -6.687500000000007105 ) ) ;
#2900 = DATE_AND_TIME ( #6081, #5660 ) ;
#2901 = ADVANCED_FACE ( 'NONE', ( #4259 ), #7358, .T. ) ;
#2902 =( BOUNDED_CURVE ( )  B_SPLINE_CURVE ( 2, ( #3554, #7493, #7977, #4272, #6856, #8065, #893, #4152, #1616 ),
 .UNSPECIFIED., .F., .F. ) 
 B_SPLINE_CURVE_WITH_KNOTS ( ( 3, 2, 2, 2, 3 ),
 ( 0.8986486486486486847, 0.9009009009009009139, 0.9054054054054053724, 0.9099099099099099419, 0.9121621621621621712 ),
 .UNSPECIFIED. ) 
 CURVE ( )  GEOMETRIC_REPRESENTATION_ITEM ( )  RATIONAL_B_SPLINE_CURVE ( ( 0.9330127018922194093, 0.9330127018922210747, 1.000000000000000000, 0.8660254037844388186, 1.000000000000000000, 0.8660254037844388186, 1.000000000000000000, 0.9330127018922194093, 0.9330127018922194093 ) ) 
 REPRESENTATION_ITEM ( '' )  );
#2903 = CARTESIAN_POINT ( 'NONE',  ( 0.000000000000000000, -7.267483695685816380E-15, 9.650000000000000355 ) ) ;
#2904 = CARTESIAN_POINT ( 'NONE',  ( -1.175240473580824174, 8.424821799937231689E-16, 1.874999999999975353 ) ) ;
#2905 = VERTEX_POINT ( 'NONE', #8091 ) ;
#2906 = CARTESIAN_POINT ( 'NONE',  ( -1.322475605676645349, -0.7635316469341199008, -7.786458333333338366 ) ) ;
#2907 = CARTESIAN_POINT ( 'NONE',  ( 1.499999999999996891, 0.4019237886466868193, 2.459829099369227556 ) ) ;
#2908 = EDGE_CURVE ( 'NONE', #2976, #4213, #2941, .T. ) ;
#2909 = CARTESIAN_POINT ( 'NONE',  ( -1.499999999999995781, 0.4019237886466874854, 7.102670900630710271 ) ) ;
#2910 = CARTESIAN_POINT ( 'NONE',  ( 1.322475605676646238, 0.7635316469341281165, 2.432291666666639873 ) ) ;
#2911 = ORIENTED_EDGE ( 'NONE', *, *, #988, .T. ) ;
#2912 = CARTESIAN_POINT ( 'NONE',  ( 0.6785254037844321573, -1.175240473580821066, 8.104166666666626995 ) ) ;
#2913 = ORIENTED_EDGE ( 'NONE', *, *, #122, .T. ) ;
#2914 = ORIENTED_EDGE ( 'NONE', *, *, #4309, .T. ) ;
#2915 = CARTESIAN_POINT ( 'NONE',  ( -1.500000000000001776, 0.4019237886466784371, 3.665170900630704054 ) ) ;
#2916 = CARTESIAN_POINT ( 'NONE',  ( 0.000000000000000000, 4.375030948216173530E-15, -8.000000000000000000 ) ) ;
#2917 = CARTESIAN_POINT ( 'NONE',  ( -0.6785254037844329345, -1.175240473580820622, 2.458333333333306836 ) ) ;
#2918 = CARTESIAN_POINT ( 'NONE',  ( -1.499999999999995559, -1.519373034954197317E-14, 2.124999999999981348 ) ) ;
#2919 = CARTESIAN_POINT ( 'NONE',  ( -1.763300807568860318, 4.483001982712331095E-15, 9.671874999999955591 ) ) ;
#2920 = CARTESIAN_POINT ( 'NONE',  ( 0.6785254037844297148, -1.175240473580822176, -4.458333333333345472 ) ) ;
#2921 = CARTESIAN_POINT ( 'NONE',  ( 0.000000000000000000, 1.527063293868253790, -4.484375000000010658 ) ) ;
#2922 = ORIENTED_EDGE ( 'NONE', *, *, #6791, .T. ) ;
#2923 = AXIS2_PLACEMENT_3D ( 'NONE', #55, #6532, #782 ) ;
#2924 = CARTESIAN_POINT ( 'NONE',  ( -1.499999999999995559, -1.519373034954197317E-14, 2.124999999999981348 ) ) ;
#2925 = CARTESIAN_POINT ( 'NONE',  ( 0.8660254037844357100, -1.499999999999991562, 7.291666666666635876 ) ) ;
#2926 = CARTESIAN_POINT ( 'NONE',  ( 0.000000000000000000, -9.067116327485578019E-15, 12.24264068711923237 ) ) ;
#2927 = CARTESIAN_POINT ( 'NONE',  ( -1.104713170392398025, 0.7819275750883598608, -7.774561539969857549 ) ) ;
#2928 = VECTOR ( 'NONE', #3597, 1000.000000000000000 ) ;
#2929 = CARTESIAN_POINT ( 'NONE',  ( 0.000000000000000000, 4.375030948216173530E-15, -8.000000000000000000 ) ) ;
#2930 = VERTEX_POINT ( 'NONE', #6082 ) ;
#2931 = CARTESIAN_POINT ( 'NONE',  ( 1.357050807568865203, 4.125744759050742171E-15, 2.187499999999974243 ) ) ;
#2932 = AXIS2_PLACEMENT_3D ( 'NONE', #4237, #2877, #940 ) ;
#2933 = EDGE_LOOP ( 'NONE', ( #4951, #2996, #4788, #5449 ) ) ;
#2934 = CARTESIAN_POINT ( 'NONE',  ( 0.000000000000000000, -7.267483695685816380E-15, 9.650000000000000355 ) ) ;
#2935 = DIRECTION ( 'NONE',  ( -0.000000000000000000, -0.000000000000000000, 1.000000000000000000 ) ) ;
#2936 = CARTESIAN_POINT ( 'NONE',  ( 0.8816504037844310471, 1.527063293868253124, 3.005208333333304171 ) ) ;
#2937 = CARTESIAN_POINT ( 'NONE',  ( -1.175240473580826395, 1.118467721715805113E-14, -1.562500000000017542 ) ) ;
#2938 = CARTESIAN_POINT ( 'NONE',  ( 0.6785254037844492547, 1.175240473580819733, 0.2708333333333121651 ) ) ;
#2939 = AXIS2_PLACEMENT_3D ( 'NONE', #2547, #1410, #693 ) ;
#2940 = CARTESIAN_POINT ( 'NONE',  ( -1.017788105676648902, 0.5876202367904169721, -5.104166666666676733 ) ) ;
#2941 = LINE ( 'NONE', #6888, #5618 ) ;
#2942 = CARTESIAN_POINT ( 'NONE',  ( 0.000000000000000000, -7.267483695685816380E-15, 9.650000000000000355 ) ) ;
#2943 = ORIENTED_EDGE ( 'NONE', *, *, #7572, .T. ) ;
#2944 = CARTESIAN_POINT ( 'NONE',  ( 1.322475605676645127, -0.7635316469341209000, -3.619791666666680729 ) ) ;
#2945 = EDGE_CURVE ( 'NONE', #670, #31, #3599, .T. ) ;
#2946 = CARTESIAN_POINT ( 'NONE',  ( -1.000000000000005551, -0.3984438525967817224, 9.560546791703574243 ) ) ;
#2947 = DIRECTION ( 'NONE',  ( 0.000000000000000000, 0.000000000000000000, -1.000000000000000000 ) ) ;
#2948 = CARTESIAN_POINT ( 'NONE',  ( 1.763300807568860762, 4.051117844727701623E-15, 5.390624999999968026 ) ) ;
#2949 =( BOUNDED_CURVE ( )  B_SPLINE_CURVE ( 2, ( #2677, #1627, #4842, #2212, #4282, #7503, #6065, #4801, #7428 ),
 .UNSPECIFIED., .F., .T. ) 
 B_SPLINE_CURVE_WITH_KNOTS ( ( 3, 2, 2, 2, 3 ),
 ( 0.9256756756756756577, 0.9279279279279278869, 0.9324324324324324564, 0.9369369369369369149, 0.9391891891891891442 ),
 .UNSPECIFIED. ) 
 CURVE ( )  GEOMETRIC_REPRESENTATION_ITEM ( )  RATIONAL_B_SPLINE_CURVE ( ( 0.9330127018922194093, 0.9330127018922194093, 1.000000000000000000, 0.8660254037844388186, 1.000000000000000000, 0.8660254037844388186, 1.000000000000000000, 0.9330127018922210747, 0.9330127018922194093 ) ) 
 REPRESENTATION_ITEM ( '' )  );
#2950 = ORIENTED_EDGE ( 'NONE', *, *, #680, .F. ) ;
#2951 = VECTOR ( 'NONE', #220, 1000.000000000000000 ) ;
#2952 = DIRECTION ( 'NONE',  ( 0.8660254037844384856, -0.5000000000000002220, 0.000000000000000000 ) ) ;
#2953 = DIRECTION ( 'NONE',  ( 0.000000000000000000, 0.000000000000000000, -1.000000000000000000 ) ) ;
#2954 = AXIS2_PLACEMENT_3D ( 'NONE', #546, #3120, #3796 ) ;
#2955 = ADVANCED_FACE ( 'NONE', ( #2984 ), #6763, .T. ) ;
#2956 = ORIENTED_EDGE ( 'NONE', *, *, #4922, .F. ) ;
#2957 = ORIENTED_EDGE ( 'NONE', *, *, #5381, .F. ) ;
#2958 = CARTESIAN_POINT ( 'NONE',  ( 0.000000000000000000, -9.067116327485578019E-15, 12.24264068711923237 ) ) ;
#2959 = FACE_OUTER_BOUND ( 'NONE', #7926, .T. ) ;
#2960 = CARTESIAN_POINT ( 'NONE',  ( 0.6785254037844331565, 1.175240473580829059, 4.708333333333301951 ) ) ;
#2961 = CARTESIAN_POINT ( 'NONE',  ( -1.175240473580825284, 5.635915273061458284E-15, -6.062500000000007105 ) ) ;
#2962 = CARTESIAN_POINT ( 'NONE',  ( -1.017788105676646460, 0.5876202367904213020, -1.666666666666684282 ) ) ;
#2963 = CARTESIAN_POINT ( 'NONE',  ( -1.322475605676645127, 0.7635316469341291157, 9.130208333333291293 ) ) ;
#2964 = FACE_OUTER_BOUND ( 'NONE', #6784, .T. ) ;
#2965 = CARTESIAN_POINT ( 'NONE',  ( -0.8816504037844309360, -1.527063293868244909, -4.276041666666677621 ) ) ;
#2966 = ORIENTED_EDGE ( 'NONE', *, *, #8141, .F. ) ;
#2967 = ORIENTED_EDGE ( 'NONE', *, *, #7572, .F. ) ;
#2968 = CARTESIAN_POINT ( 'NONE',  ( 0.8660254037844368202, 1.499999999999999334, 5.958333333333305504 ) ) ;
#2969 = CARTESIAN_POINT ( 'NONE',  ( -1.500000000000001776, 0.4019237886466784371, -2.834829099369283067 ) ) ;
#2970 = CARTESIAN_POINT ( 'NONE',  ( 1.017788105676649346, 0.5876202367904160839, -2.333333333333349469 ) ) ;
#2971 = CARTESIAN_POINT ( 'NONE',  ( -1.836970198721025250E-16, -1.499999999999991784, 2.312499999999966693 ) ) ;
#2972 = CARTESIAN_POINT ( 'NONE',  ( 1.017788105676653121, 0.5876202367904094226, -5.333333333333343695 ) ) ;
#2973 = DIRECTION ( 'NONE',  ( 0.000000000000000000, 0.000000000000000000, -1.000000000000000000 ) ) ;
#2974 = ORIENTED_EDGE ( 'NONE', *, *, #7658, .F. ) ;
#2975 = CARTESIAN_POINT ( 'NONE',  ( -0.6785254037844324904, 1.175240473580829281, 1.354166666666642316 ) ) ;
#2976 = VERTEX_POINT ( 'NONE', #6803 ) ;
#2977 = CARTESIAN_POINT ( 'NONE',  ( 1.175240473580823952, 8.628179567521922635E-15, 6.687499999999966249 ) ) ;
#2978 = LINE ( 'NONE', #5611, #6991 ) ;
#2979 = CARTESIAN_POINT ( 'NONE',  ( -1.870113174931165379E-16, -1.527063293868244687, 2.796874999999971134 ) ) ;
#2980 = CARTESIAN_POINT ( 'NONE',  ( -1.499999999999995559, 4.561024215828087150E-15, 3.624999999999977796 ) ) ;
#2981 = CARTESIAN_POINT ( 'NONE',  ( -0.6785254037844159480, 1.175240473580838829, -2.208333333333350357 ) ) ;
#2982 = B_SPLINE_CURVE_WITH_KNOTS ( 'NONE', 3,
 ( #5118, #1899, #1741, #6258, #8272, #3038, #2447, #6340 ),
 .UNSPECIFIED., .F., .F.,
 ( 4, 2, 2, 4 ),
 ( 2.544396950729601352E-07, 0.0002984430161323465593, 0.0005966315925696201363, 0.001193008745444167507 ),
 .UNSPECIFIED. ) ;
#2983 = CARTESIAN_POINT ( 'NONE',  ( -0.6785254037844324904, 1.175240473580829281, -5.145833333333343695 ) ) ;
#2984 = FACE_OUTER_BOUND ( 'NONE', #2242, .T. ) ;
#2985 = DIRECTION ( 'NONE',  ( 1.000000000000000000, 0.000000000000000000, 0.000000000000000000 ) ) ;
#2986 = VERTEX_POINT ( 'NONE', #1004 ) ;
#2987 = CARTESIAN_POINT ( 'NONE',  ( -1.763300807568860318, 4.483001982712331095E-15, -3.828125000000013323 ) ) ;
#2988 = DIRECTION ( 'NONE',  ( -1.000000000000000000, 0.000000000000000000, 0.000000000000000000 ) ) ;
#2989 = CARTESIAN_POINT ( 'NONE',  ( -0.8816504037844302699, 1.527063293868253790, 4.557291666666636765 ) ) ;
#2990 = CARTESIAN_POINT ( 'NONE',  ( -0.6785254037844329345, -1.175240473580820622, 9.520833333333289517 ) ) ;
#2991 = EDGE_CURVE ( 'NONE', #8310, #6052, #4511, .T. ) ;
#2992 = DIRECTION ( 'NONE',  ( 0.000000000000000000, 0.000000000000000000, -1.000000000000000000 ) ) ;
#2993 = ADVANCED_FACE ( 'NONE', ( #7088 ), #3027, .T. ) ;
#2994 = ORIENTED_EDGE ( 'NONE', *, *, #1307, .F. ) ;
#2995 = AXIS2_PLACEMENT_3D ( 'NONE', #4271, #6901, #3123 ) ;
#2996 = ORIENTED_EDGE ( 'NONE', *, *, #7660, .T. ) ;
#2997 = FACE_OUTER_BOUND ( 'NONE', #7021, .T. ) ;
#2998 = FACE_OUTER_BOUND ( 'NONE', #586, .T. ) ;
#2999 = CARTESIAN_POINT ( 'NONE',  ( -0.6785254037844329345, -1.175240473580820622, 6.458333333333298398 ) ) ;
#3000 = CYLINDRICAL_SURFACE ( 'NONE', #1134, 1.499999999999982014 ) ;
#3001 = CARTESIAN_POINT ( 'NONE',  ( 1.499999999999996891, 0.4019237886466868193, 7.459829099369214234 ) ) ;
#3002 = CARTESIAN_POINT ( 'NONE',  ( -0.6727527331043376968, 0.7662865668234044580, 9.494872772280238848 ) ) ;
#3003 =( BOUNDED_CURVE ( )  B_SPLINE_CURVE ( 2, ( #4529, #723, #557, #3295, #7674, #5879, #7031, #3215, #5166 ),
 .UNSPECIFIED., .F., .T. ) 
 B_SPLINE_CURVE_WITH_KNOTS ( ( 3, 2, 2, 2, 3 ),
 ( 0.4662162162162162282, 0.4684684684684684575, 0.4729729729729730270, 0.4774774774774774855, 0.4797297297297297147 ),
 .UNSPECIFIED. ) 
 CURVE ( )  GEOMETRIC_REPRESENTATION_ITEM ( )  RATIONAL_B_SPLINE_CURVE ( ( 0.9330127018922194093, 0.9330127018922194093, 1.000000000000000000, 0.8660254037844388186, 1.000000000000000000, 0.8660254037844388186, 1.000000000000000000, 0.9330127018922194093, 0.9330127018922194093 ) ) 
 REPRESENTATION_ITEM ( '' )  );
#3004 = CARTESIAN_POINT ( 'NONE',  ( 1.017788105676645127, -0.5876202367904150847, -4.416666666666679397 ) ) ;
#3005 = CARTESIAN_POINT ( 'NONE',  ( -0.8816504037844302699, 1.527063293868253790, -3.442708333333347248 ) ) ;
#3006 = EDGE_CURVE ( 'NONE', #1570, #6559, #7051, .T. ) ;
#3007 = EDGE_LOOP ( 'NONE', ( #5593, #4658, #343, #1061 ) ) ;
#3008 = CARTESIAN_POINT ( 'NONE',  ( -1.175240473580823952, -2.759855417220817274E-15, 6.937499999999966249 ) ) ;
#3009 = ORIENTED_EDGE ( 'NONE', *, *, #528, .T. ) ;
#3010 = CARTESIAN_POINT ( 'NONE',  ( -0.6785254037844388186, -1.175240473580817069, 3.958333333333303283 ) ) ;
#3011 = FACE_OUTER_BOUND ( 'NONE', #2484, .T. ) ;
#3012 = CARTESIAN_POINT ( 'NONE',  ( -1.017788105676648902, 0.5876202367904169721, -3.166666666666681174 ) ) ;
#3013 = CARTESIAN_POINT ( 'NONE',  ( 1.154700538379258568, -7.267483695685816380E-15, 9.650000000000000355 ) ) ;
#3014 = CARTESIAN_POINT ( 'NONE',  ( -0.6785254037844259400, 1.175240473580833056, -5.208333333333344584 ) ) ;
#3015 = CARTESIAN_POINT ( 'NONE',  ( 1.175240473580823952, 1.926088570123581023E-14, 1.687499999999977129 ) ) ;
#3016 = CARTESIAN_POINT ( 'NONE',  ( 0.6785254037844089536, -1.175240473580834388, 2.541666666666639873 ) ) ;
#3017 = EDGE_CURVE ( 'NONE', #8260, #2986, #2457, .T. ) ;
#3018 = ORIENTED_EDGE ( 'NONE', *, *, #526, .T. ) ;
#3019 = CARTESIAN_POINT ( 'NONE',  ( -0.6785254037844329345, -1.175240473580820622, 1.020833333333309279 ) ) ;
#3020 = EDGE_LOOP ( 'NONE', ( #5979, #1760, #696, #842 ) ) ;
#3021 = CARTESIAN_POINT ( 'NONE',  ( 0.8660254037844368202, 1.499999999999999334, -5.041666666666669627 ) ) ;
#3022 = CARTESIAN_POINT ( 'NONE',  ( 1.500000000000000444, -0.4019237886466698884, -2.647329099369269301 ) ) ;
#3023 = CARTESIAN_POINT ( 'NONE',  ( -1.175240473580823952, -4.502921996518175282E-15, 5.937499999999967137 ) ) ;
#3024 = CARTESIAN_POINT ( 'NONE',  ( -0.8816504037844300479, 1.527063293868253568, 4.088541666666635876 ) ) ;
#3025 = CARTESIAN_POINT ( 'NONE',  ( -0.5827823554427968844, -1.078263124729681222, 7.447840347676596195 ) ) ;
#3026 = CARTESIAN_POINT ( 'NONE',  ( -1.017788105676648902, 0.5876202367904169721, -6.604166666666674068 ) ) ;
#3027 = CYLINDRICAL_SURFACE ( 'NONE', #3043, 1.175240473580825062 ) ;
#3028 = CARTESIAN_POINT ( 'NONE',  ( -1.299038105676654675, 0.7500000000000027756, 2.145833333333300619 ) ) ;
#3029 = ORIENTED_EDGE ( 'NONE', *, *, #4035, .T. ) ;
#3030 = CARTESIAN_POINT ( 'NONE',  ( 1.322475605676646015, 0.7635316469341278944, -6.036458333333342807 ) ) ;
#3031 = CARTESIAN_POINT ( 'NONE',  ( 1.175240473580825284, 6.100733027540755593E-15, -4.875000000000010658 ) ) ;
#3032 = CARTESIAN_POINT ( 'NONE',  ( 1.763300807568860762, 4.051117844727701623E-15, 5.890624999999967137 ) ) ;
#3033 = CARTESIAN_POINT ( 'NONE',  ( -1.499999999999996447, -1.519373034954197633E-14, 1.687499999999968914 ) ) ;
#3034 = CARTESIAN_POINT ( 'NONE',  ( -0.8660254037844362651, 1.500000000000000666, -5.395833333333350801 ) ) ;
#3035 = EDGE_LOOP ( 'NONE', ( #1869, #5689, #4645, #6961 ) ) ;
#3036 = ORIENTED_EDGE ( 'NONE', *, *, #5172, .F. ) ;
#3037 = CARTESIAN_POINT ( 'NONE',  ( 1.500000000000000888, 0.4019237886466774379, -6.102670900630742246 ) ) ;
#3038 = CARTESIAN_POINT ( 'NONE',  ( -0.3272472668956697417, -0.9657642407454829492, 9.494872772280238848 ) ) ;
#3039 = CARTESIAN_POINT ( 'NONE',  ( -1.017788105676648902, 0.5876202367904169721, 7.333333333333295734 ) ) ;
#3040 = CARTESIAN_POINT ( 'NONE',  ( -1.499999999999996447, -5.258250847547031931E-15, -0.8125000000000263123 ) ) ;
#3041 = CARTESIAN_POINT ( 'NONE',  ( -1.175240473580828837, 0.3149047358083665871, 4.852670900630707607 ) ) ;
#3042 = CARTESIAN_POINT ( 'NONE',  ( -1.017788105676652677, -0.5876202367904016510, -0.08333333333335538051 ) ) ;
#3043 = AXIS2_PLACEMENT_3D ( 'NONE', #2516, #2435, #4985 ) ;
#3044 = CARTESIAN_POINT ( 'NONE',  ( -0.6785254037844573594, -1.175240473580806855, 6.958333333333296622 ) ) ;
#3045 = EDGE_CURVE ( 'NONE', #8118, #7975, #3272, .T. ) ;
#3046 = CARTESIAN_POINT ( 'NONE',  ( 0.8816504037844299368, -1.527063293868245353, -2.692708333333348580 ) ) ;
#3047 = ORIENTED_EDGE ( 'NONE', *, *, #1370, .F. ) ;
#3048 = AXIS2_PLACEMENT_3D ( 'NONE', #5474, #4883, #6705 ) ;
#3049 = CARTESIAN_POINT ( 'NONE',  ( -1.299038105676654897, -0.7499999999999935607, -0.2708333333333616810 ) ) ;
#3050 = AXIS2_PLACEMENT_3D ( 'NONE', #7575, #2953, #6898 ) ;
#3051 = ORIENTED_EDGE ( 'NONE', *, *, #3568, .T. ) ;
#3052 =( BOUNDED_CURVE ( )  B_SPLINE_CURVE ( 2, ( #1906, #1236, #3770, #1359, #2494, #2663, #3809, #41, #5249 ),
 .UNSPECIFIED., .F., .T. ) 
 B_SPLINE_CURVE_WITH_KNOTS ( ( 3, 2, 2, 2, 3 ),
 ( 0.6824324324324324564, 0.6846846846846846857, 0.6891891891891891442, 0.6936936936936937137, 0.6959459459459459429 ),
 .UNSPECIFIED. ) 
 CURVE ( )  GEOMETRIC_REPRESENTATION_ITEM ( )  RATIONAL_B_SPLINE_CURVE ( ( 0.9330127018922194093, 0.9330127018922194093, 1.000000000000000000, 0.8660254037844387076, 1.000000000000000000, 0.8660254037844387076, 1.000000000000000000, 0.9330127018922194093, 0.9330127018922194093 ) ) 
 REPRESENTATION_ITEM ( '' )  );
#3053 = CARTESIAN_POINT ( 'NONE',  ( -1.017788105676654009, -0.5876202367903992085, 4.979166666666634988 ) ) ;
#3054 = CARTESIAN_POINT ( 'NONE',  ( 0.6785254037844331565, 1.175240473580829059, -0.7916666666666861696 ) ) ;
#3055 = CARTESIAN_POINT ( 'NONE',  ( -1.836970198721025250E-16, -1.499999999999991784, -1.687500000000025091 ) ) ;
#3056 = CARTESIAN_POINT ( 'NONE',  ( -0.8660254037844363761, -1.499999999999990674, 5.208333333333306392 ) ) ;
#3057 = CARTESIAN_POINT ( 'NONE',  ( -9.788385394747365449E-15, -1.175240473580820844, 1.562499999999975353 ) ) ;
#3058 = EDGE_CURVE ( 'NONE', #3904, #2660, #1132, .T. ) ;
#3059 = CARTESIAN_POINT ( 'NONE',  ( 0.6785254037844412611, 1.175240473580824396, 0.7083333333333108328 ) ) ;
#3060 = ORIENTED_EDGE ( 'NONE', *, *, #6109, .F. ) ;
#3061 = AXIS2_PLACEMENT_3D ( 'NONE', #7855, #2761, #5342 ) ;
#3062 = CARTESIAN_POINT ( 'NONE',  ( -0.6785254037844329345, -1.175240473580820622, 3.520833333333304616 ) ) ;
#3063 = EDGE_CURVE ( 'NONE', #1212, #7166, #5662, .T. ) ;
#3064 = ORIENTED_EDGE ( 'NONE', *, *, #5446, .T. ) ;
#3065 = VECTOR ( 'NONE', #6723, 1000.000000000000000 ) ;
#3066 = CARTESIAN_POINT ( 'NONE',  ( 0.6785254037844675734, 1.175240473580809075, 3.270833333333304616 ) ) ;
#3067 = CARTESIAN_POINT ( 'NONE',  ( 1.175240473580821954, -0.3149047358083608694, -0.3973290993692804585 ) ) ;
#3068 = CARTESIAN_POINT ( 'NONE',  ( -1.322475605676645127, 0.7635316469341291157, 4.130208333333301951 ) ) ;
#3069 = CARTESIAN_POINT ( 'NONE',  ( 0.000000000000000000, -9.067116327485578019E-15, 12.24264068711923237 ) ) ;
#3070 = CARTESIAN_POINT ( 'NONE',  ( -1.439254484199176806E-16, -1.175240473580820844, -6.437500000000007105 ) ) ;
#3071 = CARTESIAN_POINT ( 'NONE',  ( 1.499999999999995559, -1.600716141988073932E-14, 1.374999999999980904 ) ) ;
#3072 = CARTESIAN_POINT ( 'NONE',  ( 1.499999999999982014, -8.883419307613476875E-15, 12.24264068711923237 ) ) ;
#3073 = VERTEX_POINT ( 'NONE', #3789 ) ;
#3074 = CARTESIAN_POINT ( 'NONE',  ( -0.8816504037844300479, 1.527063293868253568, -5.911458333333342807 ) ) ;
#3075 = LINE ( 'NONE', #3755, #3484 ) ;
#3076 = CARTESIAN_POINT ( 'NONE',  ( 1.322475605676646238, 0.7635316469341281165, 5.432291666666634100 ) ) ;
#3077 = CARTESIAN_POINT ( 'NONE',  ( -0.8660254037844358210, 1.499999999999999778, -6.958333333333333037 ) ) ;
#3078 = CYLINDRICAL_SURFACE ( 'NONE', #4432, 1.175240473580825062 ) ;
#3079 = LINE ( 'NONE', #2319, #2507 ) ;
#3080 = ORIENTED_EDGE ( 'NONE', *, *, #7557, .T. ) ;
#3081 = EDGE_LOOP ( 'NONE', ( #2746, #2704, #2732, #6465 ) ) ;
#3082 = DIRECTION ( 'NONE',  ( 0.000000000000000000, 0.000000000000000000, -1.000000000000000000 ) ) ;
#3083 = CARTESIAN_POINT ( 'NONE',  ( -1.017788105676656230, -0.5876202367903957668, -2.520833333333349024 ) ) ;
#3084 = CARTESIAN_POINT ( 'NONE',  ( -1.017788105676648902, 0.5876202367904169721, 6.333333333333298398 ) ) ;
#3085 = CARTESIAN_POINT ( 'NONE',  ( -1.727541851696901147E-14, -1.175240473580820844, 0.06249999999997923883 ) ) ;
#3086 = CARTESIAN_POINT ( 'NONE',  ( -9.212683601067695417E-15, -1.175240473580820844, 0.4999999999999779066 ) ) ;
#3087 = CARTESIAN_POINT ( 'NONE',  ( 1.499999999999996447, -9.877377282685031739E-15, -7.562500000000013323 ) ) ;
#3088 = CARTESIAN_POINT ( 'NONE',  ( 0.000000000000000000, -9.067116327485578019E-15, 12.24264068711923237 ) ) ;
#3089 = CARTESIAN_POINT ( 'NONE',  ( -1.763300807568860762, 4.483001982712331095E-15, -2.359375000000015987 ) ) ;
#3090 = ORIENTED_EDGE ( 'NONE', *, *, #3317, .T. ) ;
#3091 = CARTESIAN_POINT ( 'NONE',  ( -0.6785254037844573594, -1.175240473580806855, 7.020833333333297510 ) ) ;
#3092 = ORIENTED_EDGE ( 'NONE', *, *, #7047, .F. ) ;
#3093 = CARTESIAN_POINT ( 'NONE',  ( 0.6785254037843996278, -1.175240473580839717, 4.041666666666635876 ) ) ;
#3094 = CARTESIAN_POINT ( 'NONE',  ( -1.175240473580823952, -3.921899803419055815E-15, 4.937499999999970690 ) ) ;
#3095 = CARTESIAN_POINT ( 'NONE',  ( -1.017788105676648902, 0.5876202367904169721, -1.666666666666684282 ) ) ;
#3096 = LINE ( 'NONE', #4414, #6530 ) ;
#3097 = CARTESIAN_POINT ( 'NONE',  ( -1.612401492960967141E-14, -1.175240473580820844, -1.937500000000017319 ) ) ;
#3098 = CYLINDRICAL_SURFACE ( 'NONE', #7789, 1.499999999999982014 ) ;
#3099 = CARTESIAN_POINT ( 'NONE',  ( 1.017788105676655119, 0.5876202367904063140, 0.6666666666666435370 ) ) ;
#3100 = ORIENTED_EDGE ( 'NONE', *, *, #6422, .T. ) ;
#3101 = CARTESIAN_POINT ( 'NONE',  ( 1.017788105676648902, -0.5876202367904087565, 3.645833333333304616 ) ) ;
#3102 =( BOUNDED_CURVE ( )  B_SPLINE_CURVE ( 2, ( #6352, #525, #8159, #4329, #4969, #7551, #6230, #5725, #1834 ),
 .UNSPECIFIED., .F., .T. ) 
 B_SPLINE_CURVE_WITH_KNOTS ( ( 3, 2, 2, 2, 3 ),
 ( 0.06081081081081081419, 0.06306306306306305731, 0.06756756756756757132, 0.07207207207207207145, 0.07432432432432432845 ),
 .UNSPECIFIED. ) 
 CURVE ( )  GEOMETRIC_REPRESENTATION_ITEM ( )  RATIONAL_B_SPLINE_CURVE ( ( 0.9330127018922194093, 0.9330127018922196314, 1.000000000000000000, 0.8660254037844387076, 1.000000000000000000, 0.8660254037844387076, 1.000000000000000000, 0.9330127018922191873, 0.9330127018922194093 ) ) 
 REPRESENTATION_ITEM ( '' )  );
#3103 = EDGE_CURVE ( 'NONE', #7526, #4294, #1330, .T. ) ;
#3104 = EDGE_CURVE ( 'NONE', #7742, #1287, #4143, .T. ) ;
#3105 =( BOUNDED_CURVE ( )  B_SPLINE_CURVE ( 2, ( #7138, #5112, #3161, #4517, #1977, #1893, #6415, #3240, #1344 ),
 .UNSPECIFIED., .F., .F. ) 
 B_SPLINE_CURVE_WITH_KNOTS ( ( 3, 2, 2, 2, 3 ),
 ( 0.8310810810810811411, 0.8333333333333333703, 0.8378378378378378288, 0.8423423423423422873, 0.8439729264080165771 ),
 .UNSPECIFIED. ) 
 CURVE ( )  GEOMETRIC_REPRESENTATION_ITEM ( )  RATIONAL_B_SPLINE_CURVE ( ( 0.9330127018922192983, 0.9330127018922209636, 1.000000000000000000, 0.8660254037844387076, 1.000000000000000000, 0.8660254037844387076, 1.000000000000000000, 0.9515025811216790697, 0.9381162908348563700 ) ) 
 REPRESENTATION_ITEM ( '' )  );
#3106 = ORIENTED_EDGE ( 'NONE', *, *, #2548, .T. ) ;
#3107 = CARTESIAN_POINT ( 'NONE',  ( -1.017788105676644905, 0.5876202367904238555, 3.395833333333304616 ) ) ;
#3108 = CARTESIAN_POINT ( 'NONE',  ( 0.8660254037844359321, -1.499999999999992673, 3.354166666666630547 ) ) ;
#3109 = CARTESIAN_POINT ( 'NONE',  ( -1.499999999999996225, 4.561024215828087150E-15, 5.687499999999959144 ) ) ;
#3110 = CARTESIAN_POINT ( 'NONE',  ( 1.175240473580824174, 2.411242101361345672E-15, 5.187499999999969802 ) ) ;
#3111 = CARTESIAN_POINT ( 'NONE',  ( 0.000000000000000000, 1.175240473580829503, -4.187500000000012434 ) ) ;
#3112 = EDGE_CURVE ( 'NONE', #6846, #3327, #5015, .T. ) ;
#3113 = CARTESIAN_POINT ( 'NONE',  ( 1.175240473580824618, -2.295037662741521937E-15, -1.312500000000017986 ) ) ;
#3114 = CARTESIAN_POINT ( 'NONE',  ( -1.175240473580824840, 0.3149047358083585935, -6.147329099369268413 ) ) ;
#3115 = CARTESIAN_POINT ( 'NONE',  ( 1.763300807568860318, 4.051117844727701623E-15, -3.078125000000015543 ) ) ;
#3116 = CYLINDRICAL_SURFACE ( 'NONE', #6454, 1.499999999999982014 ) ;
#3117 = CARTESIAN_POINT ( 'NONE',  ( 0.000000000000000000, 1.527063293868253790, 4.515624999999968914 ) ) ;
#3118 = EDGE_CURVE ( 'NONE', #1897, #2189, #7820, .T. ) ;
#3119 = DIRECTION ( 'NONE',  ( 0.000000000000000000, 0.000000000000000000, -1.000000000000000000 ) ) ;
#3120 = DIRECTION ( 'NONE',  ( 0.000000000000000000, 0.000000000000000000, -1.000000000000000000 ) ) ;
#3121 = ORIENTED_EDGE ( 'NONE', *, *, #1612, .F. ) ;
#3122 = ORIENTED_EDGE ( 'NONE', *, *, #5663, .F. ) ;
#3123 = DIRECTION ( 'NONE',  ( -1.000000000000000000, 0.000000000000000000, 0.000000000000000000 ) ) ;
#3124 = DIRECTION ( 'NONE',  ( -1.000000000000000000, 0.000000000000000000, 0.000000000000000000 ) ) ;
#3125 = CARTESIAN_POINT ( 'NONE',  ( 1.017788105676649346, 0.5876202367904160839, 5.166666666666634100 ) ) ;
#3126 = CARTESIAN_POINT ( 'NONE',  ( -1.499999999999996447, -7.814748497183156485E-15, -6.312500000000014211 ) ) ;
#3127 = CARTESIAN_POINT ( 'NONE',  ( -1.499999999999982014, -9.067116327485578019E-15, 7.749999999999998224 ) ) ;
#3128 = CARTESIAN_POINT ( 'NONE',  ( 1.175240473580823952, 8.018106264767847233E-15, 5.624999999999968914 ) ) ;
#3129 = CARTESIAN_POINT ( 'NONE',  ( 1.322475605676646238, 0.7635316469341281165, -4.067708333333345472 ) ) ;
#3130 = EDGE_LOOP ( 'NONE', ( #4135, #6993, #7189, #3264 ) ) ;
#3131 = CARTESIAN_POINT ( 'NONE',  ( -1.017788105676646682, 0.5876202367904208579, -2.604166666666682506 ) ) ;
#3132 = EDGE_LOOP ( 'NONE', ( #2840, #6752, #6198, #8126 ) ) ;
#3133 = CARTESIAN_POINT ( 'NONE',  ( -1.175240473580826395, -0.3149047358083402748, -3.102670900630755124 ) ) ;
#3134 = CARTESIAN_POINT ( 'NONE',  ( 1.175240473580821288, -0.3149047358083598702, 5.165170900630709383 ) ) ;
#3135 = CARTESIAN_POINT ( 'NONE',  ( 0.000000000000000000, 1.175240473580829503, -1.250000000000018430 ) ) ;
#3136 = CARTESIAN_POINT ( 'NONE',  ( 1.500000000000002220, 0.4019237886466776599, 6.959829099369217786 ) ) ;
#3137 = CARTESIAN_POINT ( 'NONE',  ( 0.6785254037844008490, -1.175240473580838829, 2.041666666666641206 ) ) ;
#3138 = CARTESIAN_POINT ( 'NONE',  ( -1.146531215593321607, -0.6141161034295725685, 7.547672116687015098 ) ) ;
#3139 = CARTESIAN_POINT ( 'NONE',  ( 0.8660254037844359321, -1.499999999999992673, 6.354166666666624330 ) ) ;
#3140 = DIRECTION ( 'NONE',  ( 1.000000000000000000, 0.000000000000000000, 0.000000000000000000 ) ) ;
#3141 = ORIENTED_EDGE ( 'NONE', *, *, #5739, .F. ) ;
#3142 = ORIENTED_EDGE ( 'NONE', *, *, #4826, .T. ) ;
#3143 = CARTESIAN_POINT ( 'NONE',  ( 1.000000000000006217, -7.267483695820714750E-15, 9.495299461620749781 ) ) ;
#3144 = CARTESIAN_POINT ( 'NONE',  ( 1.299038105676654009, -0.7499999999999942268, -2.166666666666677621 ) ) ;
#3145 = CARTESIAN_POINT ( 'NONE',  ( 1.175240473580825507, -0.3149047358083617021, 6.165170900630704942 ) ) ;
#3146 = CARTESIAN_POINT ( 'NONE',  ( 0.6892176704427538381, -0.9519291851245749170, -7.949759526419174271 ) ) ;
#3147 = AXIS2_PLACEMENT_3D ( 'NONE', #1586, #6066, #5390 ) ;
#3148 = EDGE_CURVE ( 'NONE', #6276, #2575, #660, .T. ) ;
#3149 = CARTESIAN_POINT ( 'NONE',  ( 1.357050807568865203, 4.125744759050742171E-15, -4.312500000000012434 ) ) ;
#3150 = ADVANCED_FACE ( 'NONE', ( #2012 ), #6495, .T. ) ;
#3151 =( BOUNDED_CURVE ( )  B_SPLINE_CURVE ( 2, ( #646, #2668, #2708, #2543, #7847, #7756, #2579, #3897, #1952 ),
 .UNSPECIFIED., .F., .T. ) 
 B_SPLINE_CURVE_WITH_KNOTS ( ( 3, 2, 2, 2, 3 ),
 ( 0.8445945945945946276, 0.8468468468468468568, 0.8513513513513513153, 0.8558558558558558849, 0.8581081081081081141 ),
 .UNSPECIFIED. ) 
 CURVE ( )  GEOMETRIC_REPRESENTATION_ITEM ( )  RATIONAL_B_SPLINE_CURVE ( ( 0.9330127018922192983, 0.9330127018922209636, 1.000000000000000000, 0.8660254037844387076, 1.000000000000000000, 0.8660254037844387076, 1.000000000000000000, 0.9330127018922194093, 0.9330127018922194093 ) ) 
 REPRESENTATION_ITEM ( '' )  );
#3152 =( BOUNDED_CURVE ( )  B_SPLINE_CURVE ( 2, ( #5041, #3721, #5751, #5120, #3086, #7705, #513, #1823, #7065 ),
 .UNSPECIFIED., .F., .F. ) 
 B_SPLINE_CURVE_WITH_KNOTS ( ( 3, 2, 2, 2, 3 ),
 ( 0.4662162162162162837, 0.4684684684684684575, 0.4729729729729729715, 0.4774774774774774855, 0.4797297297297298257 ),
 .UNSPECIFIED. ) 
 CURVE ( )  GEOMETRIC_REPRESENTATION_ITEM ( )  RATIONAL_B_SPLINE_CURVE ( ( 0.9330127018922194093, 0.9330127018922218518, 1.000000000000000000, 0.8660254037844387076, 1.000000000000000000, 0.8660254037844387076, 1.000000000000000000, 0.9330127018922169668, 0.9330127018922194093 ) ) 
 REPRESENTATION_ITEM ( '' )  );
#3153 = CARTESIAN_POINT ( 'NONE',  ( -1.175240473580825062, 0.3149047358083630899, 1.852670900630714712 ) ) ;
#3154 = CARTESIAN_POINT ( 'NONE',  ( 0.6785254037844321573, -1.175240473580821066, -7.958333333333337478 ) ) ;
#3155 = AXIS2_PLACEMENT_3D ( 'NONE', #3596, #2598, #8233 ) ;
#3156 = EDGE_CURVE ( 'NONE', #7369, #1559, #2412, .T. ) ;
#3157 = CARTESIAN_POINT ( 'NONE',  ( 0.000000000000000000, 1.527063293868253568, -1.453125000000018652 ) ) ;
#3158 = CARTESIAN_POINT ( 'NONE',  ( 1.499999999999996447, -6.042630808230842937E-15, -2.062500000000024425 ) ) ;
#3159 = EDGE_CURVE ( 'NONE', #6052, #6654, #3320, .T. ) ;
#3160 = CARTESIAN_POINT ( 'NONE',  ( -1.322475605676645793, -0.7635316469341201229, 7.182291666666630547 ) ) ;
#3161 = CARTESIAN_POINT ( 'NONE',  ( 1.017788105676660892, 0.5876202367903959889, 7.229166666666630547 ) ) ;
#3162 = CARTESIAN_POINT ( 'NONE',  ( -1.175240473580825062, 5.403506395821810812E-15, -6.625000000000007105 ) ) ;
#3163 = CARTESIAN_POINT ( 'NONE',  ( 0.3799741924038475549, -1.426357148660317709, -7.651977143568671202 ) ) ;
#3164 = ORIENTED_EDGE ( 'NONE', *, *, #831, .F. ) ;
#3165 = EDGE_LOOP ( 'NONE', ( #7060, #3857, #2994, #7618 ) ) ;
#3166 = DIRECTION ( 'NONE',  ( 0.000000000000000000, -1.000000000000000000, 0.000000000000000000 ) ) ;
#3167 = EDGE_CURVE ( 'NONE', #4646, #3185, #192, .T. ) ;
#3168 = CARTESIAN_POINT ( 'NONE',  ( -1.175240473580826173, 9.412559528205735218E-15, -2.562500000000015987 ) ) ;
#3169 = CARTESIAN_POINT ( 'NONE',  ( -0.6785254037844324904, 1.175240473580829281, 9.291666666666625218 ) ) ;
#3170 = CYLINDRICAL_SURFACE ( 'NONE', #3608, 1.175240473580825062 ) ;
#3171 = DIRECTION ( 'NONE',  ( -0.000000000000000000, -0.000000000000000000, 1.000000000000000000 ) ) ;
#3172 = DIRECTION ( 'NONE',  ( -1.000000000000000000, 0.000000000000000000, 0.000000000000000000 ) ) ;
#3173 = CARTESIAN_POINT ( 'NONE',  ( -1.763300807568860762, 4.483001982712331095E-15, 0.6406249999999780176 ) ) ;
#3174 = ORIENTED_EDGE ( 'NONE', *, *, #1292, .F. ) ;
#3175 = FACE_OUTER_BOUND ( 'NONE', #4918, .T. ) ;
#3176 = ORIENTED_EDGE ( 'NONE', *, *, #4655, .F. ) ;
#3177 = CARTESIAN_POINT ( 'NONE',  ( -1.017788105676662225, -0.5876202367903852197, 3.916666666666635876 ) ) ;
#3178 = CARTESIAN_POINT ( 'NONE',  ( -1.175240473580824174, 8.424821799937231689E-16, 1.937499999999975575 ) ) ;
#3179 = CARTESIAN_POINT ( 'NONE',  ( 0.6785254037844331565, 1.175240473580829059, -0.2916666666666882790 ) ) ;
#3180 = CARTESIAN_POINT ( 'NONE',  ( 1.017788105676644239, -0.5876202367904160839, -1.916666666666684504 ) ) ;
#3181 = CARTESIAN_POINT ( 'NONE',  ( -1.175240473580824174, 8.424821799937231689E-16, 1.874999999999975353 ) ) ;
#3182 = CARTESIAN_POINT ( 'NONE',  ( -1.221421182389546667, -0.3587246668089365542, 7.510823188948056561 ) ) ;
#3183 = CARTESIAN_POINT ( 'NONE',  ( 0.6785254037844286046, -1.175240473580823064, -2.458333333333349469 ) ) ;
#3184 = CARTESIAN_POINT ( 'NONE',  ( 1.175240473580824840, -0.3149047358083507664, -3.334829099369274186 ) ) ;
#3185 = VERTEX_POINT ( 'NONE', #2594 ) ;
#3186 = VECTOR ( 'NONE', #5719, 1000.000000000000000 ) ;
#3187 = AXIS2_PLACEMENT_3D ( 'NONE', #2604, #4437, #5742 ) ;
#3188 = VERTEX_POINT ( 'NONE', #5187 ) ;
#3189 = CARTESIAN_POINT ( 'NONE',  ( -1.499999999999996447, -1.519373034954197633E-14, -2.312500000000022204 ) ) ;
#3190 = CARTESIAN_POINT ( 'NONE',  ( 1.175240473580824174, -2.876059855840641404E-15, -0.3750000000000200950 ) ) ;
#3191 = CARTESIAN_POINT ( 'NONE',  ( -1.299038105676654675, 0.7500000000000027756, -3.354166666666687391 ) ) ;
#3192 = AXIS2_PLACEMENT_3D ( 'NONE', #4477, #6417, #3759 ) ;
#3193 = CARTESIAN_POINT ( 'NONE',  ( 1.499999999999996669, -1.597811031022578733E-14, 0.9374999999999689138 ) ) ;
#3194 = CARTESIAN_POINT ( 'NONE',  ( 0.6785254037844331565, 1.175240473580829059, -2.229166666666682950 ) ) ;
#3195 = CARTESIAN_POINT ( 'NONE',  ( 1.175240473580823952, 1.926088570123581023E-14, 1.624999999999977129 ) ) ;
#3196 = AXIS2_PLACEMENT_3D ( 'NONE', #6735, #935, #4871 ) ;
#3197 = CARTESIAN_POINT ( 'NONE',  ( -0.6785254037844324904, 1.175240473580829281, -6.708333333333340143 ) ) ;
#3198 = CARTESIAN_POINT ( 'NONE',  ( -0.8816504037844300479, 1.527063293868253568, -1.911458333333351689 ) ) ;
#3199 = CARTESIAN_POINT ( 'NONE',  ( 1.175240473580826617, 0.3149047358083502668, 1.147329099369237104 ) ) ;
#3200 = CARTESIAN_POINT ( 'NONE',  ( 1.322475605676645349, -0.7635316469341211221, 7.848958333333296622 ) ) ;
#3201 = CARTESIAN_POINT ( 'NONE',  ( 1.175240473580824174, 5.810221930991194676E-16, 6.124999999999966249 ) ) ;
#3202 = CARTESIAN_POINT ( 'NONE',  ( -0.8660254037844363761, -1.499999999999990674, 0.7083333333333163839 ) ) ;
#3203 = AXIS2_PLACEMENT_3D ( 'NONE', #5865, #6545, #7265 ) ;
#3204 = ORIENTED_EDGE ( 'NONE', *, *, #779, .F. ) ;
#3205 = ORIENTED_EDGE ( 'NONE', *, *, #8037, .T. ) ;
#3206 = EDGE_CURVE ( 'NONE', #3761, #5546, #5265, .T. ) ;
#3207 = LINE ( 'NONE', #5398, #1317 ) ;
#3208 = CARTESIAN_POINT ( 'NONE',  ( -0.6785254037844324904, 1.175240473580829281, 8.791666666666625218 ) ) ;
#3209 = CARTESIAN_POINT ( 'NONE',  ( 1.017788105676664667, 0.5876202367903898827, 4.666666666666634988 ) ) ;
#3210 = CARTESIAN_POINT ( 'NONE',  ( -1.836970198721025250E-16, -1.499999999999991784, 6.812499999999956479 ) ) ;
#3211 = CARTESIAN_POINT ( 'NONE',  ( 1.499999999999990452, 0.4019237886466957566, -0.6026709006307535699 ) ) ;
#3212 = CARTESIAN_POINT ( 'NONE',  ( -1.322475605676645571, 0.7635316469341293377, -1.401041666666684060 ) ) ;
#3213 = VERTEX_POINT ( 'NONE', #2683 ) ;
#3214 = EDGE_CURVE ( 'NONE', #6215, #5852, #60, .T. ) ;
#3215 = CARTESIAN_POINT ( 'NONE',  ( -1.499999999999995781, -0.4019237886466783261, 1.647329099369241545 ) ) ;
#3216 = ORIENTED_EDGE ( 'NONE', *, *, #4876, .T. ) ;
#3217 = DIRECTION ( 'NONE',  ( 0.000000000000000000, 0.000000000000000000, -1.000000000000000000 ) ) ;
#3218 = DIRECTION ( 'NONE',  ( 0.000000000000000000, -1.000000000000000000, 0.000000000000000000 ) ) ;
#3219 = CARTESIAN_POINT ( 'NONE',  ( -0.6785254037844329345, -1.175240473580820622, 0.9583333333333092785 ) ) ;
#3220 = CARTESIAN_POINT ( 'NONE',  ( -0.8660254037844520303, -1.499999999999964473, 7.708333333333299286 ) ) ;
#3221 = CARTESIAN_POINT ( 'NONE',  ( -0.8660254037844358210, 1.499999999999999778, -3.958333333333339699 ) ) ;
#3222 = CARTESIAN_POINT ( 'NONE',  ( 1.322475605676645127, -0.7635316469341209000, 6.380208333333296622 ) ) ;
#3223 = CARTESIAN_POINT ( 'NONE',  ( 0.8660254037844371533, 1.500000000000000222, -0.9791666666666924979 ) ) ;
#3224 = CARTESIAN_POINT ( 'NONE',  ( -1.175240473580825062, 4.518956396636091433E-15, -8.000000000000000000 ) ) ;
#3225 = CARTESIAN_POINT ( 'NONE',  ( 0.6785254037844331565, 1.175240473580829059, -7.791666666666673180 ) ) ;
#3226 = EDGE_LOOP ( 'NONE', ( #5767, #7662, #6772 ) ) ;
#3227 =( BOUNDED_CURVE ( )  B_SPLINE_CURVE ( 2, ( #8068, #6695, #390, #8112, #2875, #6819, #2962, #5589, #2204 ),
 .UNSPECIFIED., .F., .F. ) 
 B_SPLINE_CURVE_WITH_KNOTS ( ( 3, 2, 2, 2, 3 ),
 ( 0.3445945945945946276, 0.3468468468468468568, 0.3513513513513513709, 0.3558558558558558294, 0.3581081081081081141 ),
 .UNSPECIFIED. ) 
 CURVE ( )  GEOMETRIC_REPRESENTATION_ITEM ( )  RATIONAL_B_SPLINE_CURVE ( ( 0.9330127018922194093, 0.9330127018922201865, 1.000000000000000000, 0.8660254037844387076, 1.000000000000000000, 0.8660254037844387076, 1.000000000000000000, 0.9330127018922185211, 0.9330127018922194093 ) ) 
 REPRESENTATION_ITEM ( '' )  );
#3228 = EDGE_CURVE ( 'NONE', #8260, #2741, #824, .T. ) ;
#3229 = ORIENTED_EDGE ( 'NONE', *, *, #323, .T. ) ;
#3230 = DIRECTION ( 'NONE',  ( 0.000000000000000000, 0.000000000000000000, -1.000000000000000000 ) ) ;
#3231 = CARTESIAN_POINT ( 'NONE',  ( 1.175240473580824174, -2.876059855840641404E-15, -0.3125000000000200395 ) ) ;
#3232 = CARTESIAN_POINT ( 'NONE',  ( -1.299038105676654675, 0.7500000000000027756, -4.854166666666684726 ) ) ;
#3233 = CARTESIAN_POINT ( 'NONE',  ( -1.175240473580828615, -4.241462009623571877E-15, 5.437499999999968914 ) ) ;
#3234 = CARTESIAN_POINT ( 'NONE',  ( -1.017788105676648902, -0.5876202367904079793, -4.020833333333345472 ) ) ;
#3235 = CARTESIAN_POINT ( 'NONE',  ( 1.499999999999982014, -8.883419307613476875E-15, 12.24264068711923237 ) ) ;
#3236 = CARTESIAN_POINT ( 'NONE',  ( -1.017788105676648902, 0.5876202367904169721, -7.666666666666671404 ) ) ;
#3237 = CARTESIAN_POINT ( 'NONE',  ( -1.322475605676645349, -0.7635316469341199008, -1.286458333333353021 ) ) ;
#3238 = DIRECTION ( 'NONE',  ( 0.000000000000000000, 0.000000000000000000, -1.000000000000000000 ) ) ;
#3239 = CARTESIAN_POINT ( 'NONE',  ( 1.763300807568860762, 4.051117844727701623E-15, 7.890624999999962697 ) ) ;
#3240 = CARTESIAN_POINT ( 'NONE',  ( -1.129565233485380071, 0.3940165723015839339, 7.409561280140853690 ) ) ;
#3241 = CARTESIAN_POINT ( 'NONE',  ( 1.499999999999995781, -6.071681917885798082E-15, -2.625000000000010658 ) ) ;
#3242 = CARTESIAN_POINT ( 'NONE',  ( 1.499999999999996447, -6.042630808230842937E-15, -4.062500000000020428 ) ) ;
#3243 = ORIENTED_EDGE ( 'NONE', *, *, #7924, .F. ) ;
#3244 = ORIENTED_EDGE ( 'NONE', *, *, #6791, .F. ) ;
#3245 = CARTESIAN_POINT ( 'NONE',  ( -1.175240473580824396, -0.3149047358083447157, -4.540170900630751127 ) ) ;
#3246 = CARTESIAN_POINT ( 'NONE',  ( 0.6785254037844331565, 1.175240473580829059, 9.208333333333291293 ) ) ;
#3247 = CARTESIAN_POINT ( 'NONE',  ( -1.017788105676656452, -0.5876202367903952117, -1.520833333333351467 ) ) ;
#3248 = CARTESIAN_POINT ( 'NONE',  ( 0.000000000000000000, 1.500000000000000222, 2.999999999999978684 ) ) ;
#3249 = CARTESIAN_POINT ( 'NONE',  ( 0.8816504037844299368, -1.527063293868245353, -0.6927083333333524662 ) ) ;
#3250 = VERTEX_POINT ( 'NONE', #746 ) ;
#3251 = CARTESIAN_POINT ( 'NONE',  ( 0.6785254037844331565, 1.175240473580829059, 5.270833333333301063 ) ) ;
#3252 = EDGE_CURVE ( 'NONE', #2976, #3265, #7336, .T. ) ;
#3253 = EDGE_CURVE ( 'NONE', #2036, #464, #140, .T. ) ;
#3254 = CARTESIAN_POINT ( 'NONE',  ( 1.175240473580823508, 0.3149047358083565396, -2.790170900630754680 ) ) ;
#3255 = ORIENTED_EDGE ( 'NONE', *, *, #3988, .F. ) ;
#3256 = CARTESIAN_POINT ( 'NONE',  ( 0.000000000000000000, -9.067116327485578019E-15, 12.24264068711923237 ) ) ;
#3257 = CARTESIAN_POINT ( 'NONE',  ( -0.6785254037844329345, -1.175240473580820622, -0.04166666666668809166 ) ) ;
#3258 = CARTESIAN_POINT ( 'NONE',  ( -0.8660254037844358210, 1.499999999999999778, 1.041666666666649199 ) ) ;
#3259 = CARTESIAN_POINT ( 'NONE',  ( -1.017788105676636246, 0.5876202367904387325, 4.395833333333301951 ) ) ;
#3260 = CARTESIAN_POINT ( 'NONE',  ( -1.322475605676645349, -0.7635316469341199008, 5.213541666666634100 ) ) ;
#3261 = EDGE_CURVE ( 'NONE', #1691, #8375, #4763, .T. ) ;
#3262 = CARTESIAN_POINT ( 'NONE',  ( 0.000000000000000000, 4.375030948216173530E-15, -8.000000000000000000 ) ) ;
#3263 = FACE_OUTER_BOUND ( 'NONE', #1400, .T. ) ;
#3264 = ORIENTED_EDGE ( 'NONE', *, *, #7571, .F. ) ;
#3265 = VERTEX_POINT ( 'NONE', #1071 ) ;
#3266 = FACE_OUTER_BOUND ( 'NONE', #4889, .T. ) ;
#3267 = VECTOR ( 'NONE', #7492, 1000.000000000000000 ) ;
#3268 = CARTESIAN_POINT ( 'NONE',  ( -1.175240473580825284, 5.635915273061458284E-15, -6.125000000000006217 ) ) ;
#3269 = DIRECTION ( 'NONE',  ( -0.000000000000000000, -0.000000000000000000, 1.000000000000000000 ) ) ;
#3270 = EDGE_CURVE ( 'NONE', #4777, #642, #3643, .T. ) ;
#3271 = CARTESIAN_POINT ( 'NONE',  ( 1.017788105676648902, -0.5876202367904087565, -7.916666666666670515 ) ) ;
#3272 =( BOUNDED_CURVE ( )  B_SPLINE_CURVE ( 2, ( #6406, #7692, #8342, #1808, #1257, #7731, #5616, #5698, #3071 ),
 .UNSPECIFIED., .F., .T. ) 
 B_SPLINE_CURVE_WITH_KNOTS ( ( 3, 2, 2, 2, 3 ),
 ( 0.4797297297297297147, 0.4819819819819819440, 0.4864864864864865135, 0.4909909909909909720, 0.4932432432432433123 ),
 .UNSPECIFIED. ) 
 CURVE ( )  GEOMETRIC_REPRESENTATION_ITEM ( )  RATIONAL_B_SPLINE_CURVE ( ( 0.9330127018922194093, 0.9330127018922194093, 1.000000000000000000, 0.8660254037844388186, 1.000000000000000000, 0.8660254037844388186, 1.000000000000000000, 0.9330127018922177440, 0.9330127018922194093 ) ) 
 REPRESENTATION_ITEM ( '' )  );
#3273 = CARTESIAN_POINT ( 'NONE',  ( 0.000000000000000000, 1.175240473580829503, -2.187500000000016875 ) ) ;
#3274 = CARTESIAN_POINT ( 'NONE',  ( 1.299038105676654675, -0.7499999999999944489, 0.3958333333333044490 ) ) ;
#3275 = CARTESIAN_POINT ( 'NONE',  ( 1.357050807568865203, 4.125744759050742171E-15, -3.875000000000012879 ) ) ;
#3276 = CARTESIAN_POINT ( 'NONE',  ( -1.175240473580824618, 7.030368536499346268E-15, -1.125000000000018652 ) ) ;
#3278 = CARTESIAN_POINT ( 'NONE',  ( -0.8816504037844307140, -1.527063293868244465, -2.744791666666682506 ) ) ;
#3277 = B_SPLINE_CURVE_WITH_KNOTS ( 'NONE', 3,
 ( #2179, #2219, #7349, #5158, #3883, #7743, #8000, #871 ),
 .UNSPECIFIED., .F., .F.,
 ( 4, 2, 2, 4 ),
 ( 2.544396950722097699E-07, 0.0002984430161323470472, 0.0005966315925696218710, 0.001193008745444171194 ),
 .UNSPECIFIED. ) ;
#3279 = CARTESIAN_POINT ( 'NONE',  ( 3.339943344657867972E-14, 1.175240473580829503, 6.312499999999965361 ) ) ;
#3280 = CARTESIAN_POINT ( 'NONE',  ( -0.8660254037844358210, 1.499999999999999778, -0.9583333333333461379 ) ) ;
#3281 = CARTESIAN_POINT ( 'NONE',  ( -1.322475605676645793, -0.7635316469341201229, 8.682291666666628771 ) ) ;
#3282 = CARTESIAN_POINT ( 'NONE',  ( 3.339943344657867972E-14, 1.175240473580829503, 6.249999999999965361 ) ) ;
#3283 = CARTESIAN_POINT ( 'NONE',  ( 0.6346033116601935697, 1.213020460134343281, 7.606965700693270271 ) ) ;
#3284 =( BOUNDED_CURVE ( )  B_SPLINE_CURVE ( 2, ( #609, #3905, #5980, #142, #4586, #4037, #185, #6658, #7814 ),
 .UNSPECIFIED., .F., .F. ) 
 B_SPLINE_CURVE_WITH_KNOTS ( ( 3, 2, 2, 2, 3 ),
 ( 0.1283783783783783439, 0.1306306306306306286, 0.1351351351351351426, 0.1396396396396396289, 0.1418918918918919136 ),
 .UNSPECIFIED. ) 
 CURVE ( )  GEOMETRIC_REPRESENTATION_ITEM ( )  RATIONAL_B_SPLINE_CURVE ( ( 0.9330127018922194093, 0.9330127018922185211, 1.000000000000000000, 0.8660254037844387076, 1.000000000000000000, 0.8660254037844387076, 1.000000000000000000, 0.9330127018922185211, 0.9330127018922194093 ) ) 
 REPRESENTATION_ITEM ( '' )  );
#3285 = CARTESIAN_POINT ( 'NONE',  ( -1.175240473580826395, 1.118467721715805113E-14, -1.562500000000017542 ) ) ;
#3286 = EDGE_LOOP ( 'NONE', ( #2322, #4009, #8106, #1799 ) ) ;
#3287 = ORIENTED_EDGE ( 'NONE', *, *, #2332, .T. ) ;
#3288 = CARTESIAN_POINT ( 'NONE',  ( 0.6785254037844331565, 1.175240473580829059, 9.708333333333291293 ) ) ;
#3289 = CARTESIAN_POINT ( 'NONE',  ( -0.6785254037844310471, 1.175240473580830391, -6.708333333333340143 ) ) ;
#3290 = CARTESIAN_POINT ( 'NONE',  ( 0.6785254037844492547, 1.175240473580819733, 0.2083333333333121096 ) ) ;
#3291 = CARTESIAN_POINT ( 'NONE',  ( -1.499999999999996447, -7.814748497183156485E-15, -7.312500000000012434 ) ) ;
#3292 = CARTESIAN_POINT ( 'NONE',  ( 1.322475605676645349, -0.7635316469341211221, 0.3489583333333122761 ) ) ;
#3293 = VERTEX_POINT ( 'NONE', #2455 ) ;
#3294 = CARTESIAN_POINT ( 'NONE',  ( 1.017788105676648902, -0.5876202367904087565, 5.645833333333299286 ) ) ;
#3295 = CARTESIAN_POINT ( 'NONE',  ( 0.8660254037844357100, -1.499999999999991562, 1.791666666666648311 ) ) ;
#3296 =( BOUNDED_CURVE ( )  B_SPLINE_CURVE ( 2, ( #4205, #4243, #6701, #4879, #8075, #2968, #6189, #3563, #5560 ),
 .UNSPECIFIED., .F., .T. ) 
 B_SPLINE_CURVE_WITH_KNOTS ( ( 3, 2, 2, 2, 3 ),
 ( 0.2364864864864865135, 0.2387387387387387427, 0.2432432432432432012, 0.2477477477477477708, 0.2500000000000000000 ),
 .UNSPECIFIED. ) 
 CURVE ( )  GEOMETRIC_REPRESENTATION_ITEM ( )  RATIONAL_B_SPLINE_CURVE ( ( 0.9330127018922194093, 0.9330127018922194093, 1.000000000000000000, 0.8660254037844388186, 1.000000000000000000, 0.8660254037844388186, 1.000000000000000000, 0.9330127018922194093, 0.9330127018922194093 ) ) 
 REPRESENTATION_ITEM ( '' )  );
#3297 = ORIENTED_EDGE ( 'NONE', *, *, #2434, .T. ) ;
#3298 = CARTESIAN_POINT ( 'NONE',  ( 1.094124388429967095E-14, 1.175240473580829503, -3.687500000000013767 ) ) ;
#3299 = DIRECTION ( 'NONE',  ( 0.000000000000000000, 0.000000000000000000, -1.000000000000000000 ) ) ;
#3300 = CARTESIAN_POINT ( 'NONE',  ( 0.000000000000000000, 1.175240473580829503, 0.7499999999999763522 ) ) ;
#3301 = DIRECTION ( 'NONE',  ( -0.000000000000000000, -7.531071187239187305E-16, 1.000000000000000000 ) ) ;
#3302 = CARTESIAN_POINT ( 'NONE',  ( 0.000000000000000000, 1.500000000000000222, -1.527030997310052651E-14 ) ) ;
#3303 = CARTESIAN_POINT ( 'NONE',  ( 1.322475605676646015, 0.7635316469341278944, 6.463541666666631436 ) ) ;
#3304 = DIRECTION ( 'NONE',  ( 0.000000000000000000, 0.000000000000000000, -1.000000000000000000 ) ) ;
#3305 = CARTESIAN_POINT ( 'NONE',  ( -5.758472838989670490E-15, -1.175240473580820844, -5.437500000000009770 ) ) ;
#3306 = CARTESIAN_POINT ( 'NONE',  ( -1.322475605676645571, 0.7635316469341293377, -7.901041666666670515 ) ) ;
#3307 = ORIENTED_EDGE ( 'NONE', *, *, #5650, .T. ) ;
#3308 = ORIENTED_EDGE ( 'NONE', *, *, #7311, .T. ) ;
#3309 = DIRECTION ( 'NONE',  ( 0.000000000000000000, 0.000000000000000000, 1.000000000000000000 ) ) ;
#3310 = CARTESIAN_POINT ( 'NONE',  ( -0.8660254037844363761, -1.499999999999990674, -2.291666666666676733 ) ) ;
#3311 = ADVANCED_FACE ( 'NONE', ( #5394 ), #7996, .T. ) ;
#3312 = CARTESIAN_POINT ( 'NONE',  ( -0.8660254037844362651, 1.500000000000000666, 0.6041666666666374308 ) ) ;
#3313 = EDGE_CURVE ( 'NONE', #985, #2692, #6225, .T. ) ;
#3314 = CARTESIAN_POINT ( 'NONE',  ( 0.000000000000000000, 4.375030948216173530E-15, -8.000000000000000000 ) ) ;
#3315 = VECTOR ( 'NONE', #5348, 1000.000000000000000 ) ;
#3316 = CARTESIAN_POINT ( 'NONE',  ( -1.357050807568865203, 4.458126344604650913E-15, -1.562500000000017986 ) ) ;
#3317 = EDGE_CURVE ( 'NONE', #2424, #5682, #2188, .T. ) ;
#3318 = CARTESIAN_POINT ( 'NONE',  ( -1.017788105676648902, -0.5876202367904079793, -5.583333333333342807 ) ) ;
#3319 = CARTESIAN_POINT ( 'NONE',  ( 1.299038105676654675, 0.7500000000000013323, -3.083333333333341919 ) ) ;
#3320 =( BOUNDED_CURVE ( )  B_SPLINE_CURVE ( 2, ( #3360, #1464, #3950, #6621, #7860, #1421, #7951, #6540, #5818 ),
 .UNSPECIFIED., .F., .T. ) 
 B_SPLINE_CURVE_WITH_KNOTS ( ( 3, 2, 2, 2, 3 ),
 ( 0.6689189189189188589, 0.6711711711711711992, 0.6756756756756756577, 0.6801801801801802272, 0.6824324324324324564 ),
 .UNSPECIFIED. ) 
 CURVE ( )  GEOMETRIC_REPRESENTATION_ITEM ( )  RATIONAL_B_SPLINE_CURVE ( ( 0.9330127018922192983, 0.9330127018922176330, 1.000000000000000000, 0.8660254037844387076, 1.000000000000000000, 0.8660254037844387076, 1.000000000000000000, 0.9330127018922194093, 0.9330127018922194093 ) ) 
 REPRESENTATION_ITEM ( '' )  );
#3321 = CARTESIAN_POINT ( 'NONE',  ( 0.000000000000000000, 1.527063293868253568, 1.546874999999973577 ) ) ;
#3322 = FACE_OUTER_BOUND ( 'NONE', #5608, .T. ) ;
#3323 = CARTESIAN_POINT ( 'NONE',  ( -1.299038105676654231, 0.7500000000000025535, 4.583333333333307280 ) ) ;
#3324 = CARTESIAN_POINT ( 'NONE',  ( 0.000000000000000000, 1.527063293868253790, 9.015624999999959144 ) ) ;
#3325 = AXIS2_PLACEMENT_3D ( 'NONE', #5597, #1074, #1541 ) ;
#3326 = CARTESIAN_POINT ( 'NONE',  ( -1.175240473580825062, 4.518956396636091433E-15, -8.000000000000000000 ) ) ;
#3327 = VERTEX_POINT ( 'NONE', #6073 ) ;
#3328 = ORIENTED_EDGE ( 'NONE', *, *, #1154, .T. ) ;
#3329 = CARTESIAN_POINT ( 'NONE',  ( -1.017788105676648902, -0.5876202367904079793, 7.916666666666626995 ) ) ;
#3330 = AXIS2_PLACEMENT_3D ( 'NONE', #3398, #5898, #7300 ) ;
#3331 = CARTESIAN_POINT ( 'NONE',  ( 1.499999999999995337, -9.906428392339985306E-15, -7.125000000000000000 ) ) ;
#3332 = CARTESIAN_POINT ( 'NONE',  ( 1.017788105676658894, 0.5876202367903994306, 0.1666666666666448415 ) ) ;
#3333 = CARTESIAN_POINT ( 'NONE',  ( 1.175240473580825284, 6.362193014435358999E-15, -5.375000000000009770 ) ) ;
#3334 = CARTESIAN_POINT ( 'NONE',  ( 0.8816504037844299368, -1.527063293868245353, -0.1927083333333537429 ) ) ;
#3335 = ORIENTED_EDGE ( 'NONE', *, *, #4761, .T. ) ;
#3336 = CARTESIAN_POINT ( 'NONE',  ( 1.017788105676648902, -0.5876202367904087565, 6.145833333333298398 ) ) ;
#3337 = AXIS2_PLACEMENT_3D ( 'NONE', #1426, #5910, #752 ) ;
#3338 = DIRECTION ( 'NONE',  ( -0.000000000000000000, -0.000000000000000000, 1.000000000000000000 ) ) ;
#3339 = VERTEX_POINT ( 'NONE', #7629 ) ;
#3340 = EDGE_LOOP ( 'NONE', ( #8228, #3542, #4652, #2799 ) ) ;
#3341 = CARTESIAN_POINT ( 'NONE',  ( -1.175240473580821732, -0.3149047358083320036, 6.397329099369226668 ) ) ;
#3342 = CARTESIAN_POINT ( 'NONE',  ( -0.8660254037844358210, 1.499999999999999778, -7.458333333333330373 ) ) ;
#3343 = CARTESIAN_POINT ( 'NONE',  ( -1.439254484199176806E-16, -1.175240473580820844, 1.999999999999974021 ) ) ;
#3344 = CARTESIAN_POINT ( 'NONE',  ( -1.017788105676640908, 0.5876202367904308499, 2.833333333333305948 ) ) ;
#3345 = CARTESIAN_POINT ( 'NONE',  ( 0.8660254037844368202, 1.499999999999999334, -0.04166666666668254748 ) ) ;
#3346 = CARTESIAN_POINT ( 'NONE',  ( -0.8816504037844300479, 1.527063293868253568, 5.088541666666634100 ) ) ;
#3347 = APPROVAL_PERSON_ORGANIZATION ( #4051, #7782, #921 ) ;
#3348 = CARTESIAN_POINT ( 'NONE',  ( -1.299038105676654897, -0.7499999999999935607, -4.270833333333352577 ) ) ;
#3349 = CARTESIAN_POINT ( 'NONE',  ( 0.000000000000000000, 1.500000000000000666, 3.062499999999965361 ) ) ;
#3350 = CARTESIAN_POINT ( 'NONE',  ( -1.763300807568860762, 4.483001982712331095E-15, -7.359375000000004441 ) ) ;
#3351 = VERTEX_POINT ( 'NONE', #1704 ) ;
#3352 = EDGE_LOOP ( 'NONE', ( #5180, #5240, #5116, #5556 ) ) ;
#3353 = CARTESIAN_POINT ( 'NONE',  ( -1.175240473580828615, -5.403506395821810812E-15, 3.437499999999973355 ) ) ;
#3354 = CARTESIAN_POINT ( 'NONE',  ( 1.499999999999990008, -0.4019237886466882625, 6.352670900630710271 ) ) ;
#3355 = CARTESIAN_POINT ( 'NONE',  ( -0.6785254037844251629, 1.175240473580833500, -3.708333333333346804 ) ) ;
#3356 = CARTESIAN_POINT ( 'NONE',  ( -1.133087908215559733E-13, 1.301882938682628055, -7.823117061317358178 ) ) ;
#3357 = CARTESIAN_POINT ( 'NONE',  ( 1.017788105676649346, 0.5876202367904160839, -0.2708333333333537984 ) ) ;
#3358 = ADVANCED_FACE ( 'NONE', ( #2333 ), #4280, .T. ) ;
#3359 = ADVANCED_FACE ( 'NONE', ( #5681 ), #6664, .T. ) ;
#3360 = CARTESIAN_POINT ( 'NONE',  ( 1.499999999999996669, -1.597811031022578733E-14, 3.937499999999962697 ) ) ;
#3361 = CARTESIAN_POINT ( 'NONE',  ( 1.357050807568865203, 4.125744759050742171E-15, -5.375000000000010658 ) ) ;
#3362 = CARTESIAN_POINT ( 'NONE',  ( 1.175240473580826839, 0.3149047358083490455, 3.147329099369232885 ) ) ;
#3363 = CARTESIAN_POINT ( 'NONE',  ( -1.763300807568860318, 4.483001982712331095E-15, 1.171874999999975131 ) ) ;
#3364 = CARTESIAN_POINT ( 'NONE',  ( -1.017788105676637134, 0.5876202367904374002, 1.333333333333309723 ) ) ;
#3365 = ADVANCED_FACE ( 'NONE', ( #7545 ), #868, .T. ) ;
#3366 = CARTESIAN_POINT ( 'NONE',  ( 0.8816504037844299368, -1.527063293868245353, 9.307291666666625218 ) ) ;
#3367 = EDGE_CURVE ( 'NONE', #3250, #1907, #5924, .T. ) ;
#3368 = APPROVAL_DATE_TIME ( #797, #4675 ) ;
#3369 = CARTESIAN_POINT ( 'NONE',  ( -1.000000000000006439, 0.5773502691896210681, 9.650000000000000355 ) ) ;
#3370 =( BOUNDED_CURVE ( )  B_SPLINE_CURVE ( 2, ( #4732, #2691, #4644, #2731, #202, #2776, #1431, #4688, #116 ),
 .UNSPECIFIED., .F., .F. ) 
 B_SPLINE_CURVE_WITH_KNOTS ( ( 3, 2, 2, 2, 3 ),
 ( 0.6689189189189189699, 0.6711711711711711992, 0.6756756756756756577, 0.6801801801801801162, 0.6824324324324324564 ),
 .UNSPECIFIED. ) 
 CURVE ( )  GEOMETRIC_REPRESENTATION_ITEM ( )  RATIONAL_B_SPLINE_CURVE ( ( 0.9330127018922194093, 0.9330127018922194093, 1.000000000000000000, 0.8660254037844388186, 1.000000000000000000, 0.8660254037844388186, 1.000000000000000000, 0.9330127018922177440, 0.9330127018922194093 ) ) 
 REPRESENTATION_ITEM ( '' )  );
#3371 = VERTEX_POINT ( 'NONE', #7797 ) ;
#3372 = EDGE_LOOP ( 'NONE', ( #5955, #5967, #1225, #2236 ) ) ;
#3373 =( BOUNDED_CURVE ( )  B_SPLINE_CURVE ( 2, ( #6289, #1891, #6973, #4307, #501, #5668, #7652, #8262, #581 ),
 .UNSPECIFIED., .F., .T. ) 
 B_SPLINE_CURVE_WITH_KNOTS ( ( 3, 2, 2, 2, 3 ),
 ( 0.7229729729729730270, 0.7252252252252252562, 0.7297297297297297147, 0.7342342342342342842, 0.7364864864864866245 ),
 .UNSPECIFIED. ) 
 CURVE ( )  GEOMETRIC_REPRESENTATION_ITEM ( )  RATIONAL_B_SPLINE_CURVE ( ( 0.9330127018922192983, 0.9330127018922209636, 1.000000000000000000, 0.8660254037844387076, 1.000000000000000000, 0.8660254037844387076, 1.000000000000000000, 0.9330127018922160786, 0.9330127018922194093 ) ) 
 REPRESENTATION_ITEM ( '' )  );
#3374 = CARTESIAN_POINT ( 'NONE',  ( -1.322475605676645349, -0.7635316469341199008, -8.286458333333339255 ) ) ;
#3375 = CARTESIAN_POINT ( 'NONE',  ( 1.499999999999996003, 2.663986755359462850E-14, -7.624999999999997335 ) ) ;
#3376 = DIRECTION ( 'NONE',  ( 0.000000000000000000, 0.000000000000000000, -1.000000000000000000 ) ) ;
#3377 = EDGE_CURVE ( 'NONE', #4543, #8134, #5867, .T. ) ;
#3378 = CARTESIAN_POINT ( 'NONE',  ( -1.499999999999982014, -9.067116327485578019E-15, 12.24264068711923237 ) ) ;
#3379 = CARTESIAN_POINT ( 'NONE',  ( 0.8816504037844299368, -1.527063293868245353, 1.807291666666642760 ) ) ;
#3380 = ORIENTED_EDGE ( 'NONE', *, *, #8038, .F. ) ;
#3381 = CARTESIAN_POINT ( 'NONE',  ( 1.357050807568865203, 4.125744759050742171E-15, 5.187499999999968026 ) ) ;
#3382 = LINE ( 'NONE', #5369, #7518 ) ;
#3383 = ORIENTED_EDGE ( 'NONE', *, *, #7037, .F. ) ;
#3384 = ORIENTED_EDGE ( 'NONE', *, *, #7895, .T. ) ;
#3385 = CARTESIAN_POINT ( 'NONE',  ( -1.017788105676658672, -0.5876202367903913260, 6.416666666666631436 ) ) ;
#3386 = CARTESIAN_POINT ( 'NONE',  ( -1.499999999999996447, -1.519373034954197633E-14, -3.312500000000020428 ) ) ;
#3387 = CARTESIAN_POINT ( 'NONE',  ( -1.017788105676648902, -0.5876202367904079793, 4.416666666666634988 ) ) ;
#3388 = CARTESIAN_POINT ( 'NONE',  ( -1.175240473580828615, -5.403506395821810812E-15, 3.374999999999972911 ) ) ;
#3389 = CARTESIAN_POINT ( 'NONE',  ( -1.499999999999995559, -1.519373034954197317E-14, 4.124999999999976907 ) ) ;
#3390 = CARTESIAN_POINT ( 'NONE',  ( 1.322475605676645127, -0.7635316469341209000, 4.880208333333301063 ) ) ;
#3391 = CARTESIAN_POINT ( 'NONE',  ( 0.000000000000000000, -2.222344185212348510E-15, 9.650000000000000355 ) ) ;
#3392 = LINE ( 'NONE', #2122, #8096 ) ;
#3393 = CARTESIAN_POINT ( 'NONE',  ( 1.322475605676646238, 0.7635316469341281165, -7.067708333333339255 ) ) ;
#3394 = ORIENTED_EDGE ( 'NONE', *, *, #6162, .T. ) ;
#3395 = ORIENTED_EDGE ( 'NONE', *, *, #796, .T. ) ;
#3396 = DIRECTION ( 'NONE',  ( 1.000000000000000000, 0.000000000000000000, 0.000000000000000000 ) ) ;
#3397 = CARTESIAN_POINT ( 'NONE',  ( 0.8660254037844357100, -1.499999999999991562, -2.208333333333343251 ) ) ;
#3398 = CARTESIAN_POINT ( 'NONE',  ( 0.000000000000000000, -7.267483695685816380E-15, 9.650000000000000355 ) ) ;
#3399 = CARTESIAN_POINT ( 'NONE',  ( 1.175240473580824618, -0.3149047358083510995, -2.834829099369275518 ) ) ;
#3400 = CARTESIAN_POINT ( 'NONE',  ( -1.439254484199176806E-16, -1.175240473580820844, -0.4375000000000203171 ) ) ;
#3401 = DIRECTION ( 'NONE',  ( 0.000000000000000000, 0.000000000000000000, -1.000000000000000000 ) ) ;
#3402 = CARTESIAN_POINT ( 'NONE',  ( 1.357050807568865203, 4.125744759050742171E-15, -4.875000000000010658 ) ) ;
#3403 = CARTESIAN_POINT ( 'NONE',  ( -0.6785254037844422603, -1.175240473580814848, -4.479166666666678509 ) ) ;
#3404 = CARTESIAN_POINT ( 'NONE',  ( 1.322475605676645127, -0.7635316469341209000, 1.880208333333306614 ) ) ;
#3405 = CARTESIAN_POINT ( 'NONE',  ( 0.000000000000000000, 1.500000000000000666, -2.437500000000023093 ) ) ;
#3406 = EDGE_CURVE ( 'NONE', #6688, #5559, #3930, .T. ) ;
#3407 = CARTESIAN_POINT ( 'NONE',  ( 0.6785254037844382635, 1.175240473580825729, -4.229166666666678509 ) ) ;
#3408 = EDGE_CURVE ( 'NONE', #2745, #8118, #3003, .T. ) ;
#3409 = CARTESIAN_POINT ( 'NONE',  ( 0.6785254037844331565, 1.175240473580829059, -7.229166666666673180 ) ) ;
#3410 = CARTESIAN_POINT ( 'NONE',  ( 1.299038105676654675, -0.7499999999999944489, -5.604166666666683838 ) ) ;
#3411 = DIRECTION ( 'NONE',  ( 1.000000000000000000, 0.000000000000000000, 0.000000000000000000 ) ) ;
#3412 = EDGE_CURVE ( 'NONE', #6195, #4213, #7108, .T. ) ;
#3413 = ORIENTED_EDGE ( 'NONE', *, *, #3045, .T. ) ;
#3414 = CARTESIAN_POINT ( 'NONE',  ( 0.000000000000000000, 1.175240473580829503, 10.24999999999995737 ) ) ;
#3415 = EDGE_CURVE ( 'NONE', #1, #4742, #6388, .T. ) ;
#3416 = CARTESIAN_POINT ( 'NONE',  ( 0.9218689959748799234, 0.6224592253955836263, 9.604891043794038907 ) ) ;
#3417 = CARTESIAN_POINT ( 'NONE',  ( -1.499999999999982014, -9.067116327485578019E-15, 12.24264068711923237 ) ) ;
#3418 = CARTESIAN_POINT ( 'NONE',  ( 1.322475605676645349, -0.7635316469341211221, 1.848958333333308390 ) ) ;
#3419 = ORIENTED_EDGE ( 'NONE', *, *, #7733, .T. ) ;
#3420 = CARTESIAN_POINT ( 'NONE',  ( 1.357050807568865203, 4.125744759050742171E-15, 7.187499999999963585 ) ) ;
#3421 =( BOUNDED_CURVE ( )  B_SPLINE_CURVE ( 2, ( #4240, #6824, #7337, #1028, #2841, #3562, #7381, #5340, #1538 ),
 .UNSPECIFIED., .F., .T. ) 
 B_SPLINE_CURVE_WITH_KNOTS ( ( 3, 2, 2, 2, 3 ),
 ( 0.8040540540540540571, 0.8063063063063062863, 0.8108108108108108558, 0.8153153153153153143, 0.8175675675675675436 ),
 .UNSPECIFIED. ) 
 CURVE ( )  GEOMETRIC_REPRESENTATION_ITEM ( )  RATIONAL_B_SPLINE_CURVE ( ( 0.9330127018922194093, 0.9330127018922194093, 1.000000000000000000, 0.8660254037844387076, 1.000000000000000000, 0.8660254037844387076, 1.000000000000000000, 0.9330127018922194093, 0.9330127018922194093 ) ) 
 REPRESENTATION_ITEM ( '' )  );
#3422 = CYLINDRICAL_SURFACE ( 'NONE', #5884, 1.499999999999982014 ) ;
#3423 = EDGE_CURVE ( 'NONE', #6654, #6980, #3052, .T. ) ;
#3424 =( BOUNDED_CURVE ( )  B_SPLINE_CURVE ( 2, ( #1480, #4650, #5202, #675, #2030, #5922, #7793, #1989, #3333 ),
 .UNSPECIFIED., .F., .F. ) 
 B_SPLINE_CURVE_WITH_KNOTS ( ( 3, 2, 2, 2, 3 ),
 ( 0.1418918918918919136, 0.1441441441441441429, 0.1486486486486486569, 0.1531531531531531432, 0.1554054054054054279 ),
 .UNSPECIFIED. ) 
 CURVE ( )  GEOMETRIC_REPRESENTATION_ITEM ( )  RATIONAL_B_SPLINE_CURVE ( ( 0.9330127018922194093, 0.9330127018922201865, 1.000000000000000000, 0.8660254037844387076, 1.000000000000000000, 0.8660254037844387076, 1.000000000000000000, 0.9330127018922185211, 0.9330127018922194093 ) ) 
 REPRESENTATION_ITEM ( '' )  );
#3425 = ADVANCED_FACE ( 'NONE', ( #7842 ), #597, .T. ) ;
#3426 = ORIENTED_EDGE ( 'NONE', *, *, #3619, .T. ) ;
#3427 = ORIENTED_EDGE ( 'NONE', *, *, #1358, .T. ) ;
#3428 = CARTESIAN_POINT ( 'NONE',  ( 1.299038105676654675, 0.7500000000000013323, -2.583333333333343695 ) ) ;
#3429 = CARTESIAN_POINT ( 'NONE',  ( 0.6785254037844331565, 1.175240473580829059, 4.208333333333303727 ) ) ;
#3430 = VECTOR ( 'NONE', #46, 1000.000000000000000 ) ;
#3431 = CARTESIAN_POINT ( 'NONE',  ( 1.299038105676654009, -0.7499999999999942268, 5.833333333333305504 ) ) ;
#3432 = CARTESIAN_POINT ( 'NONE',  ( -1.299038105676654675, 0.7500000000000027756, 6.145833333333292181 ) ) ;
#3433 = CARTESIAN_POINT ( 'NONE',  ( -1.322475605676645127, 0.7635316469341291157, 8.630208333333293069 ) ) ;
#3434 = DIRECTION ( 'NONE',  ( 0.000000000000000000, 0.000000000000000000, -1.000000000000000000 ) ) ;
#3435 = CARTESIAN_POINT ( 'NONE',  ( -1.299038105676654897, -0.7499999999999935607, -7.270833333333346360 ) ) ;
#3436 = CARTESIAN_POINT ( 'NONE',  ( 1.763300807568860762, 4.051117844727701623E-15, -4.609375000000010658 ) ) ;
#3437 = ORIENTED_EDGE ( 'NONE', *, *, #880, .F. ) ;
#3438 = CARTESIAN_POINT ( 'NONE',  ( 1.000000000000006217, 0.5773502691896212902, 8.495000000000000995 ) ) ;
#3439 = CARTESIAN_POINT ( 'NONE',  ( 0.8660254037844368202, 1.499999999999999334, 1.958333333333313719 ) ) ;
#3440 = FACE_OUTER_BOUND ( 'NONE', #8323, .T. ) ;
#3441 = CARTESIAN_POINT ( 'NONE',  ( 0.6785254037844089536, -1.175240473580834388, 2.604166666666640317 ) ) ;
#3442 = CARTESIAN_POINT ( 'NONE',  ( 1.499999999999999112, 0.4019237886466822118, 0.4598290993692302764 ) ) ;
#3443 = CYLINDRICAL_SURFACE ( 'NONE', #866, 1.175240473580825062 ) ;
#3444 = CARTESIAN_POINT ( 'NONE',  ( -0.6785254037844329345, -1.175240473580820622, 0.02083333333331195691 ) ) ;
#3445 = CARTESIAN_POINT ( 'NONE',  ( 1.299038105676654009, -0.7499999999999942268, -3.666666666666673624 ) ) ;
#3446 = CARTESIAN_POINT ( 'NONE',  ( 0.000000000000000000, 1.175240473580829503, -4.250000000000012434 ) ) ;
#3447 = CARTESIAN_POINT ( 'NONE',  ( 0.000000000000000000, 4.375030948216173530E-15, -8.000000000000000000 ) ) ;
#3448 = PLANE ( 'NONE',  #3743 ) ;
#3449 = CARTESIAN_POINT ( 'NONE',  ( 0.000000000000000000, 1.527063293868253568, 1.046874999999974909 ) ) ;
#3450 = LINE ( 'NONE', #2181, #7214 ) ;
#3451 = CARTESIAN_POINT ( 'NONE',  ( 1.175240473580825284, 5.810221930991195465E-15, -4.312500000000012434 ) ) ;
#3452 = CARTESIAN_POINT ( 'NONE',  ( 1.017788105676648902, -0.5876202367904087565, -7.854166666666670515 ) ) ;
#3453 = PERSON_AND_ORGANIZATION ( #2628, #6318 ) ;
#3454 = CARTESIAN_POINT ( 'NONE',  ( 0.8660254037844359321, -1.499999999999992673, -5.645833333333349024 ) ) ;
#3455 = CONICAL_SURFACE ( 'NONE', #886, 1.154700538379258568, 0.7853981633974500554 ) ;
#3456 = DIRECTION ( 'NONE',  ( -0.000000000000000000, -0.000000000000000000, 1.000000000000000000 ) ) ;
#3457 = EDGE_LOOP ( 'NONE', ( #1017, #4478, #6726, #6214 ) ) ;
#3458 = CARTESIAN_POINT ( 'NONE',  ( 0.8816504037844296038, -1.527063293868245131, -7.661458333333339255 ) ) ;
#3459 = CARTESIAN_POINT ( 'NONE',  ( -0.8660254037844362651, 1.500000000000000666, 2.604166666666632324 ) ) ;
#3460 = CONICAL_SURFACE ( 'NONE', #3192, 1.154700538379258568, 0.7853981633974500554 ) ;
#3461 = CARTESIAN_POINT ( 'NONE',  ( 0.6785254037844183905, -1.175240473580829059, 1.041666666666642094 ) ) ;
#3462 = CARTESIAN_POINT ( 'NONE',  ( -0.8816504037844309360, -1.527063293868244909, 3.223958333333305948 ) ) ;
#3463 = VERTEX_POINT ( 'NONE', #8359 ) ;
#3464 = CARTESIAN_POINT ( 'NONE',  ( -1.357050807568865203, 4.458126344604650913E-15, 7.937499999999961808 ) ) ;
#3465 = ADVANCED_FACE ( 'NONE', ( #3175 ), #4488, .T. ) ;
#3466 = CARTESIAN_POINT ( 'NONE',  ( 0.000000000000000000, -1.124999999999972022, -7.999999999999998224 ) ) ;
#3467 = CONICAL_SURFACE ( 'NONE', #3325, 1.124999999999982903, 0.7853981633974463916 ) ;
#3468 = VERTEX_POINT ( 'NONE', #6477 ) ;
#3469 = ORIENTED_EDGE ( 'NONE', *, *, #6575, .T. ) ;
#3470 = CARTESIAN_POINT ( 'NONE',  ( 0.8660254037844368202, 1.499999999999999334, -5.541666666666669627 ) ) ;
#3471 = CARTESIAN_POINT ( 'NONE',  ( 1.499999999999993561, -0.4019237886466838217, -3.584829099369280403 ) ) ;
#3472 = CARTESIAN_POINT ( 'NONE',  ( 0.000000000000000000, 1.175240473580829503, 3.249999999999971578 ) ) ;
#3473 = CARTESIAN_POINT ( 'NONE',  ( 0.8660254037844368202, 1.499999999999999334, -6.541666666666666075 ) ) ;
#3474 = CARTESIAN_POINT ( 'NONE',  ( 1.017788105676645349, -0.5876202367904147517, -4.916666666666677621 ) ) ;
#3475 = CARTESIAN_POINT ( 'NONE',  ( 1.322475605676645127, -0.7635316469341209000, 8.880208333333293069 ) ) ;
#3476 = LINE ( 'NONE', #4113, #4838 ) ;
#3477 = CARTESIAN_POINT ( 'NONE',  ( -0.8816504037844302699, 1.527063293868253790, -5.942708333333341031 ) ) ;
#3478 =( BOUNDED_CURVE ( )  B_SPLINE_CURVE ( 2, ( #3482, #7294, #4074, #226, #8074, #353, #6656, #4839, #8028 ),
 .UNSPECIFIED., .F., .T. ) 
 B_SPLINE_CURVE_WITH_KNOTS ( ( 3, 2, 2, 2, 3 ),
 ( 0.8040540540540541681, 0.8063063063063062863, 0.8108108108108108558, 0.8153153153153153143, 0.8175675675675676546 ),
 .UNSPECIFIED. ) 
 CURVE ( )  GEOMETRIC_REPRESENTATION_ITEM ( )  RATIONAL_B_SPLINE_CURVE ( ( 0.9330127018922194093, 0.9330127018922226290, 1.000000000000000000, 0.8660254037844387076, 1.000000000000000000, 0.8660254037844387076, 1.000000000000000000, 0.9330127018922160786, 0.9330127018922194093 ) ) 
 REPRESENTATION_ITEM ( '' )  );
#3479 = EDGE_CURVE ( 'NONE', #8063, #3339, #6431, .T. ) ;
#3480 = ORIENTED_EDGE ( 'NONE', *, *, #8313, .F. ) ;
#3481 = CIRCLE ( 'NONE', #370, 1.499999999999982014 ) ;
#3482 = CARTESIAN_POINT ( 'NONE',  ( 1.175240473580823952, 8.628179567521922635E-15, 6.624999999999966249 ) ) ;
#3483 = CARTESIAN_POINT ( 'NONE',  ( 1.499999999999995559, 3.747593145489319422E-15, 1.874999999999980682 ) ) ;
#3484 = VECTOR ( 'NONE', #4434, 1000.000000000000000 ) ;
#3485 = CARTESIAN_POINT ( 'NONE',  ( 1.299038105676654009, -0.7499999999999942268, 7.333333333333301951 ) ) ;
#3486 = CYLINDRICAL_SURFACE ( 'NONE', #3147, 1.499999999999982014 ) ;
#3487 = CARTESIAN_POINT ( 'NONE',  ( -0.6785254037844248298, 1.175240473580833722, -3.145833333333348136 ) ) ;
#3488 = FACE_OUTER_BOUND ( 'NONE', #4423, .T. ) ;
#3489 = ADVANCED_FACE ( 'NONE', ( #5288 ), #6558, .T. ) ;
#3490 = ORIENTED_EDGE ( 'NONE', *, *, #8037, .F. ) ;
#3491 = CARTESIAN_POINT ( 'NONE',  ( 0.6785254037844331565, 1.175240473580829059, 0.7708333333333108328 ) ) ;
#3492 = CARTESIAN_POINT ( 'NONE',  ( 1.017788105676633359, -0.5876202367904350687, 7.145833333333295734 ) ) ;
#3493 = CARTESIAN_POINT ( 'NONE',  ( 0.6785254037844331565, 1.175240473580829059, -3.791666666666680285 ) ) ;
#3494 = CARTESIAN_POINT ( 'NONE',  ( -1.175240473580828393, 0.3149047358083676973, 6.915170900630705830 ) ) ;
#3495 = CARTESIAN_POINT ( 'NONE',  ( 1.763300807568860318, 4.051117844727701623E-15, 1.421874999999975131 ) ) ;
#3496 = CARTESIAN_POINT ( 'NONE',  ( 0.8660254037844359321, -1.499999999999992673, -4.645833333333350801 ) ) ;
#3497 = CARTESIAN_POINT ( 'NONE',  ( -1.175240473580825062, 4.518956396636091433E-15, -8.000000000000000000 ) ) ;
#3498 = CARTESIAN_POINT ( 'NONE',  ( -1.322475605676645793, -0.7635316469341201229, 10.18229166666662167 ) ) ;
#3499 = COORDINATED_UNIVERSAL_TIME_OFFSET ( 6, 0, .BEHIND. ) ;
#3500 =( BOUNDED_CURVE ( )  B_SPLINE_CURVE ( 2, ( #3777, #3853, #3692, #481, #527, #3056, #8244, #7593, #1796 ),
 .UNSPECIFIED., .F., .F. ) 
 B_SPLINE_CURVE_WITH_KNOTS ( ( 3, 2, 2, 2, 3 ),
 ( 0.2770270270270270840, 0.2792792792792793133, 0.2837837837837837718, 0.2882882882882883413, 0.2905405405405405705 ),
 .UNSPECIFIED. ) 
 CURVE ( )  GEOMETRIC_REPRESENTATION_ITEM ( )  RATIONAL_B_SPLINE_CURVE ( ( 0.9330127018922194093, 0.9330127018922210747, 1.000000000000000000, 0.8660254037844388186, 1.000000000000000000, 0.8660254037844388186, 1.000000000000000000, 0.9330127018922194093, 0.9330127018922194093 ) ) 
 REPRESENTATION_ITEM ( '' )  );
#3501 = CARTESIAN_POINT ( 'NONE',  ( -1.836970198721024757E-16, -1.499999999999991562, 4.749999999999975131 ) ) ;
#3502 = CARTESIAN_POINT ( 'NONE',  ( 1.175240473580825284, 4.357666448243396402E-15, -7.812500000000005329 ) ) ;
#3503 = ORIENTED_EDGE ( 'NONE', *, *, #7523, .F. ) ;
#3504 = CARTESIAN_POINT ( 'NONE',  ( -1.322475605676645349, -0.7635316469341199008, -6.786458333333340143 ) ) ;
#3505 = DIRECTION ( 'NONE',  ( -0.000000000000000000, -0.000000000000000000, 1.000000000000000000 ) ) ;
#3506 = CARTESIAN_POINT ( 'NONE',  ( -0.8816504037844302699, 1.527063293868253790, 1.057291666666643870 ) ) ;
#3507 = ORIENTED_EDGE ( 'NONE', *, *, #1306, .T. ) ;
#3508 = CARTESIAN_POINT ( 'NONE',  ( -1.017788105676648902, -0.5876202367904079793, 6.479166666666631436 ) ) ;
#3509 = DIRECTION ( 'NONE',  ( 0.000000000000000000, 0.000000000000000000, -1.000000000000000000 ) ) ;
#3510 = ORIENTED_EDGE ( 'NONE', *, *, #6679, .T. ) ;
#3511 = ORIENTED_EDGE ( 'NONE', *, *, #6226, .F. ) ;
#3512 = CARTESIAN_POINT ( 'NONE',  ( 0.000000000000000000, 1.500000000000000666, 3.562499999999964029 ) ) ;
#3513 = FACE_OUTER_BOUND ( 'NONE', #4368, .T. ) ;
#3514 = CARTESIAN_POINT ( 'NONE',  ( 0.6785254037844321573, -1.175240473580821066, 4.041666666666635876 ) ) ;
#3515 = CARTESIAN_POINT ( 'NONE',  ( 1.017788105676638688, -0.5876202367904261870, 3.583333333333304616 ) ) ;
#3516 = CARTESIAN_POINT ( 'NONE',  ( -1.017788105676656452, -0.5876202367903952117, -1.583333333333351467 ) ) ;
#3517 = CARTESIAN_POINT ( 'NONE',  ( -0.8816504037844300479, 1.527063293868253568, 8.088541666666626995 ) ) ;
#3518 = LINE ( 'NONE', #1579, #7813 ) ;
#3519 = ADVANCED_FACE ( 'NONE', ( #2070 ), #3422, .T. ) ;
#3520 = CARTESIAN_POINT ( 'NONE',  ( -1.870113174931165872E-16, -1.527063293868245131, -5.734375000000008882 ) ) ;
#3521 = EDGE_CURVE ( 'NONE', #2072, #4281, #6794, .T. ) ;
#3522 = EDGE_LOOP ( 'NONE', ( #4278, #2757, #3047, #3121 ) ) ;
#3523 = CARTESIAN_POINT ( 'NONE',  ( 1.299038105676654009, -0.7499999999999942268, -5.666666666666670515 ) ) ;
#3524 = EDGE_CURVE ( 'NONE', #6830, #1401, #6642, .T. ) ;
#3525 = DIRECTION ( 'NONE',  ( 0.000000000000000000, 0.000000000000000000, -1.000000000000000000 ) ) ;
#3526 = CARTESIAN_POINT ( 'NONE',  ( -1.299038105676654453, -0.7499999999999933387, 7.166666666666635876 ) ) ;
#3527 = CARTESIAN_POINT ( 'NONE',  ( -1.175240473580825284, -0.3149047358083416071, 0.9598290993692373263 ) ) ;
#3528 = CARTESIAN_POINT ( 'NONE',  ( -1.380744580242852404, -0.2431787607365611115, -7.734596290166137145 ) ) ;
#3529 = DIRECTION ( 'NONE',  ( 1.000000000000000000, -0.000000000000000000, 0.000000000000000000 ) ) ;
#3530 = ORIENTED_EDGE ( 'NONE', *, *, #2123, .T. ) ;
#3531 = CARTESIAN_POINT ( 'NONE',  ( 0.6785254037844321573, -1.175240473580821066, 3.104166666666638985 ) ) ;
#3532 = EDGE_CURVE ( 'NONE', #3761, #7379, #3723, .T. ) ;
#3533 = VERTEX_POINT ( 'NONE', #807 ) ;
#3534 = CARTESIAN_POINT ( 'NONE',  ( -1.499999999999995559, -4.357666448243395021E-16, -3.375000000000007550 ) ) ;
#3535 = CARTESIAN_POINT ( 'NONE',  ( 0.8816504037844310471, 1.527063293868253124, 3.505208333333302839 ) ) ;
#3536 = CARTESIAN_POINT ( 'NONE',  ( -0.8660254037844358210, 1.499999999999999778, 3.541666666666642538 ) ) ;
#3537 = CARTESIAN_POINT ( 'NONE',  ( 1.175240473580828615, 0.3149047358083471027, 0.2098290993692384365 ) ) ;
#3538 = CARTESIAN_POINT ( 'NONE',  ( -0.6785254037844324904, 1.175240473580829281, -7.145833333333339255 ) ) ;
#3539 = APPROVAL_STATUS ( 'not_yet_approved' ) ;
#3540 = CARTESIAN_POINT ( 'NONE',  ( 0.000000000000000000, 4.375030948216173530E-15, -8.000000000000000000 ) ) ;
#3541 = CARTESIAN_POINT ( 'NONE',  ( 1.175240473580823952, 9.151099541311131024E-15, 3.687499999999972911 ) ) ;
#3542 = ORIENTED_EDGE ( 'NONE', *, *, #4393, .T. ) ;
#3543 = CARTESIAN_POINT ( 'NONE',  ( 1.322475605676645127, -0.7635316469341209000, -8.119791666666671404 ) ) ;
#3544 = VECTOR ( 'NONE', #2802, 1000.000000000000000 ) ;
#3545 = CARTESIAN_POINT ( 'NONE',  ( 0.6785254037844078434, -1.175240473580835054, 4.604166666666634988 ) ) ;
#3546 = CARTESIAN_POINT ( 'NONE',  ( 1.322475605676646238, 0.7635316469341281165, 1.432291666666642538 ) ) ;
#3547 =( BOUNDED_CURVE ( )  B_SPLINE_CURVE ( 2, ( #6914, #7633, #7073, #1159, #523, #6309, #8328, #644, #3774 ),
 .UNSPECIFIED., .F., .F. ) 
 B_SPLINE_CURVE_WITH_KNOTS ( ( 3, 2, 2, 2, 3 ),
 ( 0.8310810810810811411, 0.8333333333333333703, 0.8378378378378378288, 0.8423423423423422873, 0.8445945945945946276 ),
 .UNSPECIFIED. ) 
 CURVE ( )  GEOMETRIC_REPRESENTATION_ITEM ( )  RATIONAL_B_SPLINE_CURVE ( ( 0.9330127018922192983, 0.9330127018922209636, 1.000000000000000000, 0.8660254037844387076, 1.000000000000000000, 0.8660254037844387076, 1.000000000000000000, 0.9330127018922176330, 0.9330127018922192983 ) ) 
 REPRESENTATION_ITEM ( '' )  );
#3548 = ORIENTED_EDGE ( 'NONE', *, *, #4260, .F. ) ;
#3549 = CARTESIAN_POINT ( 'NONE',  ( -1.439254484199176806E-16, -1.175240473580820844, 8.562499999999959144 ) ) ;
#3550 = CARTESIAN_POINT ( 'NONE',  ( 1.299038105676655563, 0.7500000000000016653, -1.520833333333358350 ) ) ;
#3551 = ORIENTED_EDGE ( 'NONE', *, *, #1929, .F. ) ;
#3552 = ORIENTED_EDGE ( 'NONE', *, *, #6169, .F. ) ;
#3553 = CYLINDRICAL_SURFACE ( 'NONE', #7191, 1.499999999999982014 ) ;
#3554 = CARTESIAN_POINT ( 'NONE',  ( 1.499999999999995781, -8.628179567521922635E-15, -6.125000000000001776 ) ) ;
#3555 = CARTESIAN_POINT ( 'NONE',  ( -1.439254484199176806E-16, -1.175240473580820844, 2.999999999999971578 ) ) ;
#3556 = CARTESIAN_POINT ( 'NONE',  ( -1.499999999999996225, 4.561024215828087150E-15, 1.187499999999969136 ) ) ;
#3557 = CARTESIAN_POINT ( 'NONE',  ( 1.299038105676655563, 0.7500000000000016653, 7.479166666666620777 ) ) ;
#3558 = CARTESIAN_POINT ( 'NONE',  ( 0.000000000000000000, 1.527063293868253568, 8.546874999999959144 ) ) ;
#3559 = CARTESIAN_POINT ( 'NONE',  ( -0.9838953520852902201, -0.6463242080190563232, 7.420829216980682652 ) ) ;
#3560 = CARTESIAN_POINT ( 'NONE',  ( 0.8816504037844311581, 1.527063293868253568, -5.026041666666676733 ) ) ;
#3561 = ORIENTED_EDGE ( 'NONE', *, *, #386, .T. ) ;
#3562 = CARTESIAN_POINT ( 'NONE',  ( -0.8660254037844362651, 1.500000000000000666, 6.604166666666624330 ) ) ;
#3563 = CARTESIAN_POINT ( 'NONE',  ( 1.499999999999996225, 0.4019237886466866527, 5.897329099369231997 ) ) ;
#3564 = CARTESIAN_POINT ( 'NONE',  ( 1.499999999999999112, 0.4019237886466822118, -3.040170900630762230 ) ) ;
#3565 = CARTESIAN_POINT ( 'NONE',  ( -0.6785254037844371533, -1.175240473580817735, -6.541666666666674068 ) ) ;
#3566 = DIRECTION ( 'NONE',  ( -1.000000000000000000, 0.000000000000000000, 0.000000000000000000 ) ) ;
#3567 = VERTEX_POINT ( 'NONE', #3466 ) ;
#3568 = EDGE_CURVE ( 'NONE', #7183, #7414, #3382, .T. ) ;
#3569 = CARTESIAN_POINT ( 'NONE',  ( 0.000000000000000000, 1.175240473580829503, 1.812499999999973799 ) ) ;
#3570 = ADVANCED_FACE ( 'NONE', ( #127 ), #4810, .T. ) ;
#3571 = ORIENTED_EDGE ( 'NONE', *, *, #3148, .T. ) ;
#3572 = CARTESIAN_POINT ( 'NONE',  ( 0.6785254037844485886, 1.175240473580820177, -0.7291666666666860586 ) ) ;
#3573 = CARTESIAN_POINT ( 'NONE',  ( -0.8660254037844363761, -1.499999999999990674, 3.708333333333309945 ) ) ;
#3574 = CARTESIAN_POINT ( 'NONE',  ( 0.000000000000000000, 1.527063293868253568, 3.546874999999970246 ) ) ;
#3575 = CARTESIAN_POINT ( 'NONE',  ( -0.9434779557953433260, -0.7007421192355377526, 7.425240473580831058 ) ) ;
#3576 = CARTESIAN_POINT ( 'NONE',  ( 0.000000000000000000, 4.375030948216173530E-15, -8.000000000000000000 ) ) ;
#3577 = CARTESIAN_POINT ( 'NONE',  ( 0.6785254037844321573, -1.175240473580821066, -4.895833333333344584 ) ) ;
#3578 = EDGE_CURVE ( 'NONE', #4059, #534, #170, .T. ) ;
#3579 = CARTESIAN_POINT ( 'NONE',  ( 1.499999999999995559, -1.600716141988073932E-14, 1.374999999999980904 ) ) ;
#3580 = FACE_OUTER_BOUND ( 'NONE', #805, .T. ) ;
#3581 = ORIENTED_EDGE ( 'NONE', *, *, #7513, .T. ) ;
#3582 = CARTESIAN_POINT ( 'NONE',  ( 0.8816504037844296038, -1.527063293868245131, -4.161458333333346360 ) ) ;
#3583 = CARTESIAN_POINT ( 'NONE',  ( 0.8660254037844357100, -1.499999999999991562, -0.2083333333333481918 ) ) ;
#3584 = LINE ( 'NONE', #967, #5239 ) ;
#3585 = CARTESIAN_POINT ( 'NONE',  ( 1.322475605676646238, 0.7635316469341281165, 5.932291666666632324 ) ) ;
#3586 = ORIENTED_EDGE ( 'NONE', *, *, #1867, .T. ) ;
#3587 = AXIS2_PLACEMENT_3D ( 'NONE', #3973, #2360, #3589 ) ;
#3588 = CARTESIAN_POINT ( 'NONE',  ( -0.6785254037844329345, -1.175240473580820622, 8.020833333333293069 ) ) ;
#3589 = DIRECTION ( 'NONE',  ( 1.000000000000000000, 0.000000000000000000, 0.000000000000000000 ) ) ;
#3590 = ORIENTED_EDGE ( 'NONE', *, *, #3524, .T. ) ;
#3591 = ORIENTED_EDGE ( 'NONE', *, *, #8007, .T. ) ;
#3592 = CARTESIAN_POINT ( 'NONE',  ( 0.000000000000000000, 1.500000000000000666, -6.937500000000013323 ) ) ;
#3593 = CARTESIAN_POINT ( 'NONE',  ( -1.175240473580823952, -3.921899803419055815E-15, 4.937499999999970690 ) ) ;
#3594 = CARTESIAN_POINT ( 'NONE',  ( -1.017788105676648902, 0.5876202367904169721, 4.833333333333300175 ) ) ;
#3595 = VECTOR ( 'NONE', #4897, 1000.000000000000000 ) ;
#3596 = CARTESIAN_POINT ( 'NONE',  ( 0.000000000000000000, 4.375030948216173530E-15, -8.000000000000000000 ) ) ;
#3597 = DIRECTION ( 'NONE',  ( -0.000000000000000000, -0.000000000000000000, 1.000000000000000000 ) ) ;
#3598 = CARTESIAN_POINT ( 'NONE',  ( -1.870113174931165379E-16, -1.527063293868244687, 8.296874999999959144 ) ) ;
#3599 =( BOUNDED_CURVE ( )  B_SPLINE_CURVE ( 2, ( #1090, #2859, #1049, #8174, #3661, #4181, #962, #6245, #409 ),
 .UNSPECIFIED., .F., .T. ) 
 B_SPLINE_CURVE_WITH_KNOTS ( ( 3, 2, 2, 2, 3 ),
 ( 0.08783783783783787047, 0.09009009009009008584, 0.09459459459459459985, 0.09909909909909909997, 0.1013513513513513153 ),
 .UNSPECIFIED. ) 
 CURVE ( )  GEOMETRIC_REPRESENTATION_ITEM ( )  RATIONAL_B_SPLINE_CURVE ( ( 0.9330127018922192983, 0.9330127018922202975, 1.000000000000000000, 0.8660254037844387076, 1.000000000000000000, 0.8660254037844387076, 1.000000000000000000, 0.9330127018922205195, 0.9330127018922194093 ) ) 
 REPRESENTATION_ITEM ( '' )  );
#3600 = CARTESIAN_POINT ( 'NONE',  ( 1.175240473580825284, 5.810221930991195465E-15, -4.375000000000012434 ) ) ;
#3601 = CARTESIAN_POINT ( 'NONE',  ( 0.8816504037844311581, 1.527063293868253568, -6.526041666666673180 ) ) ;
#3602 = ORIENTED_EDGE ( 'NONE', *, *, #6466, .T. ) ;
#3603 = VECTOR ( 'NONE', #5373, 1000.000000000000000 ) ;
#3604 = CARTESIAN_POINT ( 'NONE',  ( 0.000000000000000000, -9.067116327485578019E-15, 12.24264068711923237 ) ) ;
#3605 = CARTESIAN_POINT ( 'NONE',  ( -1.500000000000000888, 0.4019237886466782705, 2.102670900630720485 ) ) ;
#3606 = FACE_OUTER_BOUND ( 'NONE', #7434, .T. ) ;
#3607 = DIRECTION ( 'NONE',  ( 1.000000000000000000, 0.000000000000000000, 0.000000000000000000 ) ) ;
#3608 = AXIS2_PLACEMENT_3D ( 'NONE', #1901, #1861, #5714 ) ;
#3609 = FACE_OUTER_BOUND ( 'NONE', #6732, .T. ) ;
#3610 = VERTEX_POINT ( 'NONE', #2744 ) ;
#3611 = CARTESIAN_POINT ( 'NONE',  ( 0.6785254037844331565, 1.175240473580829059, 3.270833333333304616 ) ) ;
#3612 = VECTOR ( 'NONE', #4736, 1000.000000000000000 ) ;
#3613 = ORIENTED_EDGE ( 'NONE', *, *, #6729, .F. ) ;
#3614 = CARTESIAN_POINT ( 'NONE',  ( -0.8660254037844358210, 1.499999999999999778, -4.958333333333339255 ) ) ;
#3615 = DIRECTION ( 'NONE',  ( 1.000000000000000000, 0.000000000000000000, 0.000000000000000000 ) ) ;
#3616 = CARTESIAN_POINT ( 'NONE',  ( 1.763300807568860318, 4.051117844727701623E-15, 2.421874999999972466 ) ) ;
#3617 = CARTESIAN_POINT ( 'NONE',  ( -1.499999999999995559, -1.519373034954197317E-14, -1.875000000000010214 ) ) ;
#3618 = CARTESIAN_POINT ( 'NONE',  ( -1.499999999999996225, 4.561024215828087150E-15, 6.187499999999958256 ) ) ;
#3619 = EDGE_CURVE ( 'NONE', #2279, #6360, #6730, .T. ) ;
#3620 = CARTESIAN_POINT ( 'NONE',  ( -1.439254484199176806E-16, -1.175240473580820844, -6.937500000000006217 ) ) ;
#3621 = CARTESIAN_POINT ( 'NONE',  ( -1.299038105676654453, -0.7499999999999933387, 4.666666666666640317 ) ) ;
#3622 = CARTESIAN_POINT ( 'NONE',  ( -1.175240473580825062, 4.518956396636091433E-15, -8.000000000000000000 ) ) ;
#3623 = EDGE_LOOP ( 'NONE', ( #6814, #781, #4541, #7843 ) ) ;
#3624 = ADVANCED_FACE ( 'NONE', ( #1568 ), #7324, .T. ) ;
#3625 = CARTESIAN_POINT ( 'NONE',  ( -1.763300807568860318, 4.483001982712331095E-15, -4.828125000000010658 ) ) ;
#3626 = CARTESIAN_POINT ( 'NONE',  ( 1.175240473580824174, -1.772117688952314534E-15, -2.312500000000015987 ) ) ;
#3627 = CARTESIAN_POINT ( 'NONE',  ( -1.322475605676645793, -0.7635316469341201229, 5.682291666666634100 ) ) ;
#3628 = CARTESIAN_POINT ( 'NONE',  ( 1.017788105676649346, 0.5876202367904160839, 9.729166666666625218 ) ) ;
#3629 = CARTESIAN_POINT ( 'NONE',  ( 0.000000000000000000, 1.500000000000000666, -1.437500000000024647 ) ) ;
#3630 = ORIENTED_EDGE ( 'NONE', *, *, #1717, .T. ) ;
#3631 = ORIENTED_EDGE ( 'NONE', *, *, #7671, .F. ) ;
#3632 = DIRECTION ( 'NONE',  ( 0.000000000000000000, 0.000000000000000000, -1.000000000000000000 ) ) ;
#3633 = ADVANCED_FACE ( 'NONE', ( #1526 ), #4103, .T. ) ;
#3634 = CARTESIAN_POINT ( 'NONE',  ( 0.6785254037844286046, -1.175240473580823064, -2.395833333333349913 ) ) ;
#3635 = CARTESIAN_POINT ( 'NONE',  ( -1.017788105676648902, 0.5876202367904169721, 5.333333333333301063 ) ) ;
#3636 = CARTESIAN_POINT ( 'NONE',  ( -1.175240473580824618, 7.611390729598465736E-15, -0.06250000000002078893 ) ) ;
#3637 = CARTESIAN_POINT ( 'NONE',  ( -1.175240473580823952, -0.3149047358083449377, -5.102670900630750239 ) ) ;
#3638 = DIRECTION ( 'NONE',  ( -0.000000000000000000, -0.000000000000000000, 1.000000000000000000 ) ) ;
#3639 = CARTESIAN_POINT ( 'NONE',  ( 0.000000000000000000, 1.527063293868253790, -1.984375000000016431 ) ) ;
#3640 = VERTEX_POINT ( 'NONE', #6051 ) ;
#3641 = DIRECTION ( 'NONE',  ( -1.000000000000000000, 0.000000000000000000, 0.000000000000000000 ) ) ;
#3642 = ORIENTED_EDGE ( 'NONE', *, *, #577, .F. ) ;
#3643 =( BOUNDED_CURVE ( )  B_SPLINE_CURVE ( 2, ( #4919, #913, #3445, #3729, #7346, #6306, #4124, #5637, #1156 ),
 .UNSPECIFIED., .F., .T. ) 
 B_SPLINE_CURVE_WITH_KNOTS ( ( 3, 2, 2, 2, 3 ),
 ( 0.7635135135135135975, 0.7657657657657657158, 0.7702702702702702853, 0.7747747747747747438, 0.7770270270270269730 ),
 .UNSPECIFIED. ) 
 CURVE ( )  GEOMETRIC_REPRESENTATION_ITEM ( )  RATIONAL_B_SPLINE_CURVE ( ( 0.9330127018922194093, 0.9330127018922227400, 1.000000000000000000, 0.8660254037844388186, 1.000000000000000000, 0.8660254037844388186, 1.000000000000000000, 0.9330127018922210747, 0.9330127018922194093 ) ) 
 REPRESENTATION_ITEM ( '' )  );
#3644 = CARTESIAN_POINT ( 'NONE',  ( 1.017788105676648014, -0.5876202367904097557, -7.416666666666672292 ) ) ;
#3645 = CARTESIAN_POINT ( 'NONE',  ( -1.299038105676654675, 0.7500000000000027756, -2.854166666666688723 ) ) ;
#3646 = CARTESIAN_POINT ( 'NONE',  ( 1.357050807568865203, 4.125744759050742171E-15, -1.375000000000018652 ) ) ;
#3647 = CARTESIAN_POINT ( 'NONE',  ( -1.175240473580828615, -5.403506395821810812E-15, 3.437499999999973355 ) ) ;
#3648 = CARTESIAN_POINT ( 'NONE',  ( -1.175240473580825284, 7.378981852358816687E-15, -3.625000000000013323 ) ) ;
#3649 =( BOUNDED_CURVE ( )  B_SPLINE_CURVE ( 2, ( #5579, #4989, #5109, #4387, #8178, #3793, #1137, #7695, #6371 ),
 .UNSPECIFIED., .F., .T. ) 
 B_SPLINE_CURVE_WITH_KNOTS ( ( 3, 2, 2, 2, 3 ),
 ( 0.03378378378378378566, 0.03603603603603603572, 0.04054054054054054279, 0.04504504504504504292, 0.04729729729729729992 ),
 .UNSPECIFIED. ) 
 CURVE ( )  GEOMETRIC_REPRESENTATION_ITEM ( )  RATIONAL_B_SPLINE_CURVE ( ( 0.9330127018922192983, 0.9330127018922194093, 1.000000000000000000, 0.8660254037844387076, 1.000000000000000000, 0.8660254037844387076, 1.000000000000000000, 0.9330127018922191873, 0.9330127018922192983 ) ) 
 REPRESENTATION_ITEM ( '' )  );
#3650 = CARTESIAN_POINT ( 'NONE',  ( 1.017788105676638022, -0.5876202367904270751, 5.583333333333299286 ) ) ;
#3651 = ORIENTED_EDGE ( 'NONE', *, *, #3156, .F. ) ;
#3652 = CARTESIAN_POINT ( 'NONE',  ( -1.017788105676648902, -0.5876202367904079793, 1.479166666666642538 ) ) ;
#3653 = ORIENTED_EDGE ( 'NONE', *, *, #6751, .F. ) ;
#3654 = CARTESIAN_POINT ( 'NONE',  ( 1.499999999999995781, -6.071681917885798082E-15, -3.625000000000007105 ) ) ;
#3655 = CARTESIAN_POINT ( 'NONE',  ( 1.299038105676654675, -0.7499999999999944489, 3.395833333333298398 ) ) ;
#3656 = CARTESIAN_POINT ( 'NONE',  ( 1.499999999999996447, -6.042630808230842937E-15, -2.562500000000023537 ) ) ;
#3657 = CARTESIAN_POINT ( 'NONE',  ( -1.322475605676645349, -0.7635316469341199008, 4.213541666666634988 ) ) ;
#3658 = CARTESIAN_POINT ( 'NONE',  ( -0.7965862806083622294, -0.9165657561446615142, 7.436002233037197762 ) ) ;
#3659 = APPLICATION_CONTEXT ( 'configuration controlled 3d designs of mechanical parts and assemblies' ) ;
#3660 = CARTESIAN_POINT ( 'NONE',  ( 0.6785254037844331565, 1.175240473580829059, -6.229166666666674068 ) ) ;
#3661 = CARTESIAN_POINT ( 'NONE',  ( -1.836970198721025250E-16, -1.499999999999991784, -6.687500000000013323 ) ) ;
#3662 = CARTESIAN_POINT ( 'NONE',  ( 1.175240473580820844, 0.3149047358083452153, 5.709829099369227556 ) ) ;
#3663 = ORIENTED_EDGE ( 'NONE', *, *, #2537, .F. ) ;
#3664 = EDGE_CURVE ( 'NONE', #5709, #5559, #5974, .T. ) ;
#3665 = CARTESIAN_POINT ( 'NONE',  ( -0.8816504037844307140, -1.527063293868244465, -4.244791666666679397 ) ) ;
#3666 = CARTESIAN_POINT ( 'NONE',  ( -0.8660254037844362651, 1.500000000000000666, 1.104166666666636099 ) ) ;
#3667 = CARTESIAN_POINT ( 'NONE',  ( 1.322475605676646238, 0.7635316469341281165, 3.932291666666637653 ) ) ;
#3668 = CARTESIAN_POINT ( 'NONE',  ( 1.499999999999982014, -8.883419307613476875E-15, 12.24264068711923237 ) ) ;
#3669 = CARTESIAN_POINT ( 'NONE',  ( 1.175240473580825062, 3.428030939284804149E-15, -6.812500000000007105 ) ) ;
#3670 = ORIENTED_EDGE ( 'NONE', *, *, #6990, .T. ) ;
#3671 = CLOSED_SHELL ( 'NONE', ( #5301, #533, #1247, #5547, #1631, #836, #2631, #2638, #4984, #2176, #6403, #3365, #2082, #4668, #1610, #7641, #4418, #2169, #7313, #7304, #2901, #1513, #4458, #474, #7826, #7295, #8197, #1412, #4991, #5289, #4302, #5135, #5179, #2245, #3673, #2225, #223, #8398, #5188, #5912, #734, #4470, #419, #3624, #2955, #5557, #6686, #4884, #3358, #7923, #6367, #5083, #1561, #2993, #61, #5535, #4107, #5023, #7673, #4308, #1350, #374, #7506, #3880, #3570, #5697, #1915, #3489, #1005, #7192, #7610, #3150, #4367, #111, #267, #6885, #7093, #8250, #4625, #1521, #4915, #1663, #1925, #5021, #7722, #433, #3790, #6068, #2735, #3311, #3425, #7153, #6208, #6671, #4253, #2340, #2273, #1398, #1975, #6253, #2380, #3633, #6902, #2688, #7009, #677, #414, #1931, #736, #162, #8, #3778, #6264, #367, #7087, #3786, #5543, #4723, #7361, #3998, #3359, #995, #3465, #540, #4929, #3843, #7772, #6580, #413, #3519, #4975, #3831, #5506, #1114, #6107, #8264, #5493, #2274, #1781, #4654, #2891, #4246, #492, #3986, #739, #4780, #5786, #7205, #5642, #5704, #7464, #2223, #7954, #4349, #8257, #5144, #4034 ) ) ;
#3672 = ORIENTED_EDGE ( 'NONE', *, *, #1554, .T. ) ;
#3673 = ADVANCED_FACE ( 'NONE', ( #2034 ), #7193, .T. ) ;
#3674 = DIRECTION ( 'NONE',  ( -0.000000000000000000, -0.000000000000000000, 1.000000000000000000 ) ) ;
#3675 = CARTESIAN_POINT ( 'NONE',  ( -1.175240473580825284, 3.369928719974893070E-15, -4.062500000000012434 ) ) ;
#3676 = CARTESIAN_POINT ( 'NONE',  ( -1.017788105676648902, -0.5876202367904079793, 5.416666666666634100 ) ) ;
#3677 = CARTESIAN_POINT ( 'NONE',  ( 1.175240473580824174, -0.3149047358083529313, 0.1651709006307182093 ) ) ;
#3678 = CARTESIAN_POINT ( 'NONE',  ( 1.017788105676646682, -0.5876202367904121981, 4.583333333333301951 ) ) ;
#3679 = CARTESIAN_POINT ( 'NONE',  ( -1.243478726641463769E-16, -1.154700538379266783, 8.495000000000000995 ) ) ;
#3680 = CARTESIAN_POINT ( 'NONE',  ( -1.017788105676651345, -0.5876202367904039825, -4.583333333333345472 ) ) ;
#3681 = CARTESIAN_POINT ( 'NONE',  ( 0.8816504037844311581, 1.527063293868253568, -4.026041666666678509 ) ) ;
#3682 = EDGE_LOOP ( 'NONE', ( #5596, #6419, #7490, #861 ) ) ;
#3683 = EDGE_CURVE ( 'NONE', #1896, #6773, #5080, .T. ) ;
#3684 = EDGE_CURVE ( 'NONE', #1080, #6155, #3079, .T. ) ;
#3685 = DIRECTION ( 'NONE',  ( 1.000000000000000000, 0.000000000000000000, 0.000000000000000000 ) ) ;
#3686 = ORIENTED_EDGE ( 'NONE', *, *, #5745, .F. ) ;
#3687 = DIRECTION ( 'NONE',  ( 1.000000000000000000, 0.000000000000000000, 0.000000000000000000 ) ) ;
#3688 = CARTESIAN_POINT ( 'NONE',  ( -1.499999999999995559, -5.258250847547031143E-15, -4.875000000000004441 ) ) ;
#3689 = CARTESIAN_POINT ( 'NONE',  ( 1.017788105676648902, -0.5876202367904087565, -1.416666666666684948 ) ) ;
#3690 = AXIS2_PLACEMENT_3D ( 'NONE', #6400, #2388, #5610 ) ;
#3691 = CARTESIAN_POINT ( 'NONE',  ( 1.000000000000006217, -0.5773502691896372774, 8.495000000000000995 ) ) ;
#3692 = CARTESIAN_POINT ( 'NONE',  ( 1.299038105676654009, -0.7499999999999942268, 5.333333333333306392 ) ) ;
#3693 = CARTESIAN_POINT ( 'NONE',  ( -1.017788105676657340, -0.5876202367903936574, 1.479166666666642538 ) ) ;
#3694 = CARTESIAN_POINT ( 'NONE',  ( -1.175240473580829725, -0.3149047358083377213, 2.397329099369233329 ) ) ;
#3695 = EDGE_LOOP ( 'NONE', ( #5956, #1632, #6464, #7786 ) ) ;
#3696 = CARTESIAN_POINT ( 'NONE',  ( -1.017788105676648902, 0.5876202367904169721, 3.395833333333304616 ) ) ;
#3697 = AXIS2_PLACEMENT_3D ( 'NONE', #5909, #793, #8002 ) ;
#3698 =( BOUNDED_CURVE ( )  B_SPLINE_CURVE ( 2, ( #6362, #572, #3144, #3397, #742, #3310, #7856, #5981, #2678 ),
 .UNSPECIFIED., .F., .T. ) 
 B_SPLINE_CURVE_WITH_KNOTS ( ( 3, 2, 2, 2, 3 ),
 ( 0.6824324324324324564, 0.6846846846846846857, 0.6891891891891892552, 0.6936936936936937137, 0.6959459459459458319 ),
 .UNSPECIFIED. ) 
 CURVE ( )  GEOMETRIC_REPRESENTATION_ITEM ( )  RATIONAL_B_SPLINE_CURVE ( ( 0.9330127018922194093, 0.9330127018922210747, 1.000000000000000000, 0.8660254037844388186, 1.000000000000000000, 0.8660254037844388186, 1.000000000000000000, 0.9330127018922227400, 0.9330127018922194093 ) ) 
 REPRESENTATION_ITEM ( '' )  );
#3699 =( BOUNDED_CURVE ( )  B_SPLINE_CURVE ( 2, ( #7136, #7177, #7221, #66, #5232, #5149, #794, #25, #619 ),
 .UNSPECIFIED., .F., .T. ) 
 B_SPLINE_CURVE_WITH_KNOTS ( ( 3, 2, 2, 2, 3 ),
 ( 0.02027027027027027140, 0.02252252252252252146, 0.02702702702702702853, 0.03153153153153152866, 0.03378378378378378566 ),
 .UNSPECIFIED. ) 
 CURVE ( )  GEOMETRIC_REPRESENTATION_ITEM ( )  RATIONAL_B_SPLINE_CURVE ( ( 0.9330127018922194093, 0.9330127018922194093, 1.000000000000000000, 0.8660254037844387076, 1.000000000000000000, 0.8660254037844387076, 1.000000000000000000, 0.9330127018922191873, 0.9330127018922192983 ) ) 
 REPRESENTATION_ITEM ( '' )  );
#3700 = EDGE_LOOP ( 'NONE', ( #6805, #52, #4173, #7069, #6305, #1841, #3552 ) ) ;
#3701 = DIRECTION ( 'NONE',  ( -1.000000000000000000, 0.000000000000000000, 0.000000000000000000 ) ) ;
#3702 = CARTESIAN_POINT ( 'NONE',  ( -1.499999999999996225, 4.561024215828087150E-15, 3.187499999999964473 ) ) ;
#3703 = CARTESIAN_POINT ( 'NONE',  ( 1.499999999999995781, -6.071681917885798082E-15, -3.125000000000009326 ) ) ;
#3704 = CARTESIAN_POINT ( 'NONE',  ( -0.8816504037844300479, 1.527063293868253568, 2.588541666666638097 ) ) ;
#3705 = CARTESIAN_POINT ( 'NONE',  ( 1.299038105676654675, -0.7499999999999944489, 0.8958333333333031723 ) ) ;
#3706 = CARTESIAN_POINT ( 'NONE',  ( 1.017788105676649346, 0.5876202367904160839, -5.770833333333341919 ) ) ;
#3707 = CARTESIAN_POINT ( 'NONE',  ( -0.8660254037844369313, -1.499999999999991562, 2.770833333333299731 ) ) ;
#3708 = CARTESIAN_POINT ( 'NONE',  ( -0.6785254037844324904, 1.175240473580829281, -8.208333333333337478 ) ) ;
#3709 = EDGE_LOOP ( 'NONE', ( #6267, #7675, #518, #8029, #758, #4094, #2549, #5479 ) ) ;
#3710 = CARTESIAN_POINT ( 'NONE',  ( -1.763300807568860318, 4.483001982712331095E-15, -5.328125000000011546 ) ) ;
#3711 = CARTESIAN_POINT ( 'NONE',  ( 1.322475605676645349, -0.7635316469341211221, 4.848958333333301951 ) ) ;
#3712 = LINE ( 'NONE', #7574, #1866 ) ;
#3713 = FACE_OUTER_BOUND ( 'NONE', #7546, .T. ) ;
#3714 = CARTESIAN_POINT ( 'NONE',  ( -1.299038105676654675, 0.7500000000000027756, -5.354166666666682950 ) ) ;
#3715 = ORIENTED_EDGE ( 'NONE', *, *, #6373, .T. ) ;
#3716 = ORIENTED_EDGE ( 'NONE', *, *, #8105, .T. ) ;
#3717 = FACE_OUTER_BOUND ( 'NONE', #845, .T. ) ;
#3718 = CARTESIAN_POINT ( 'NONE',  ( -1.439254484199176806E-16, -1.175240473580820844, 4.999999999999968026 ) ) ;
#3719 = CARTESIAN_POINT ( 'NONE',  ( 0.6785254037844188346, -1.175240473580828615, 0.1041666666666447860 ) ) ;
#3720 = AXIS2_PLACEMENT_3D ( 'NONE', #950, #3529, #2973 ) ;
#3721 = CARTESIAN_POINT ( 'NONE',  ( -1.175240473580823064, -0.3149047358083406634, 0.3973290993692391027 ) ) ;
#3722 = LINE ( 'NONE', #1786, #6571 ) ;
#3723 = CIRCLE ( 'NONE', #71, 2.850000000000009415 ) ;
#3724 = CARTESIAN_POINT ( 'NONE',  ( 1.499999999999995781, -6.071681917885798082E-15, -0.6250000000000147660 ) ) ;
#3725 = CARTESIAN_POINT ( 'NONE',  ( 1.763300807568860762, 4.051117844727701623E-15, -4.109375000000012434 ) ) ;
#3726 = ORIENTED_EDGE ( 'NONE', *, *, #2945, .F. ) ;
#3727 = EDGE_CURVE ( 'NONE', #3463, #6377, #4993, .T. ) ;
#3728 = EDGE_CURVE ( 'NONE', #521, #8292, #4228, .T. ) ;
#3729 = CARTESIAN_POINT ( 'NONE',  ( 0.8660254037844357100, -1.499999999999991562, -3.708333333333340587 ) ) ;
#3730 = AXIS2_PLACEMENT_3D ( 'NONE', #429, #8190, #3766 ) ;
#3731 = ORIENTED_EDGE ( 'NONE', *, *, #5536, .T. ) ;
#3732 = CARTESIAN_POINT ( 'NONE',  ( -1.175240473580825284, 1.164949497163734292E-14, -3.125000000000014655 ) ) ;
#3733 = CARTESIAN_POINT ( 'NONE',  ( 6.322682138062729176E-18, 1.154700538379250352, 8.495000000000000995 ) ) ;
#3734 = CARTESIAN_POINT ( 'NONE',  ( 1.357050807568865203, 4.125744759050742171E-15, -1.875000000000017097 ) ) ;
#3735 = DIRECTION ( 'NONE',  ( 0.000000000000000000, 0.000000000000000000, 1.000000000000000000 ) ) ;
#3736 = FACE_OUTER_BOUND ( 'NONE', #3081, .T. ) ;
#3737 = EDGE_CURVE ( 'NONE', #1614, #6488, #8219, .T. ) ;
#3738 = CARTESIAN_POINT ( 'NONE',  ( 1.175240473580825062, 4.375030948216173530E-15, -8.000000000000000000 ) ) ;
#3739 = ORIENTED_EDGE ( 'NONE', *, *, #4819, .F. ) ;
#3740 = AXIS2_PLACEMENT_3D ( 'NONE', #4108, #8109, #2201 ) ;
#3741 = CARTESIAN_POINT ( 'NONE',  ( 0.6785254037844331565, 1.175240473580829059, 4.770833333333302839 ) ) ;
#3742 = VERTEX_POINT ( 'NONE', #341 ) ;
#3743 = AXIS2_PLACEMENT_3D ( 'NONE', #6667, #6076, #2140 ) ;
#3744 = CARTESIAN_POINT ( 'NONE',  ( -0.6785254037844042907, 1.175240473580845713, 3.354166666666637209 ) ) ;
#3745 = CARTESIAN_POINT ( 'NONE',  ( -1.175240473580825284, 5.635915273061458284E-15, -6.062500000000007105 ) ) ;
#3746 = EDGE_CURVE ( 'NONE', #4063, #7455, #1650, .T. ) ;
#3747 = CARTESIAN_POINT ( 'NONE',  ( 1.050943903833218229, -1.070288237343462567, -7.625000000000000000 ) ) ;
#3748 = CARTESIAN_POINT ( 'NONE',  ( 1.017788105676649346, 0.5876202367904160839, -6.270833333333341919 ) ) ;
#3749 =( BOUNDED_CURVE ( )  B_SPLINE_CURVE ( 2, ( #3636, #6219, #7495, #1822, #3085, #3719, #389, #3677, #6858 ),
 .UNSPECIFIED., .F., .T. ) 
 B_SPLINE_CURVE_WITH_KNOTS ( ( 3, 2, 2, 2, 3 ),
 ( 0.4391891891891891997, 0.4414414414414414289, 0.4459459459459459429, 0.4504504504504504570, 0.4527027027027027417 ),
 .UNSPECIFIED. ) 
 CURVE ( )  GEOMETRIC_REPRESENTATION_ITEM ( )  RATIONAL_B_SPLINE_CURVE ( ( 0.9330127018922194093, 0.9330127018922201865, 1.000000000000000000, 0.8660254037844387076, 1.000000000000000000, 0.8660254037844387076, 1.000000000000000000, 0.9330127018922185211, 0.9330127018922194093 ) ) 
 REPRESENTATION_ITEM ( '' )  );
#3750 = AXIS2_PLACEMENT_3D ( 'NONE', #2478, #1732, #5738 ) ;
#3751 = CARTESIAN_POINT ( 'NONE',  ( -1.175240473580825951, 0.3149047358083588155, -5.084829099369269301 ) ) ;
#3752 = CARTESIAN_POINT ( 'NONE',  ( -0.6785254037844308250, 1.175240473580830614, -6.208333333333341919 ) ) ;
#3753 = CARTESIAN_POINT ( 'NONE',  ( 0.8816504037844296038, -1.527063293868245131, -5.161458333333344584 ) ) ;
#3754 = AXIS2_PLACEMENT_3D ( 'NONE', #7738, #1385, #1936 ) ;
#3755 = CARTESIAN_POINT ( 'NONE',  ( 1.175240473580825062, 4.375030948216173530E-15, -8.000000000000000000 ) ) ;
#3756 = CARTESIAN_POINT ( 'NONE',  ( 0.8816504037844299368, -1.527063293868245353, 4.307291666666636765 ) ) ;
#3757 = CARTESIAN_POINT ( 'NONE',  ( 1.357050807568865203, 4.125744759050742171E-15, 9.187499999999959144 ) ) ;
#3758 = CARTESIAN_POINT ( 'NONE',  ( 1.499999999999995781, -6.071681917885798082E-15, -4.125000000000007105 ) ) ;
#3759 = DIRECTION ( 'NONE',  ( 1.000000000000000000, 0.000000000000000000, 0.000000000000000000 ) ) ;
#3760 = ORIENTED_EDGE ( 'NONE', *, *, #5270, .F. ) ;
#3761 = VERTEX_POINT ( 'NONE', #2403 ) ;
#3762 = DIRECTION ( 'NONE',  ( 1.000000000000000000, 0.000000000000000000, 0.000000000000000000 ) ) ;
#3763 = CYLINDRICAL_SURFACE ( 'NONE', #2393, 2.850000000000009859 ) ;
#3764 = CARTESIAN_POINT ( 'NONE',  ( -0.6785254037844329345, -1.175240473580820622, 6.958333333333296622 ) ) ;
#3765 = CYLINDRICAL_SURFACE ( 'NONE', #5097, 1.499999999999982014 ) ;
#3766 = DIRECTION ( 'NONE',  ( 1.000000000000000000, 0.000000000000000000, 0.000000000000000000 ) ) ;
#3767 = CARTESIAN_POINT ( 'NONE',  ( -0.6785254037844112851, 1.175240473580841716, 5.791666666666632324 ) ) ;
#3768 = CARTESIAN_POINT ( 'NONE',  ( -1.322475605676645793, -0.7635316469341201229, -2.317708333333348580 ) ) ;
#3769 = VERTEX_POINT ( 'NONE', #4866 ) ;
#3770 = CARTESIAN_POINT ( 'NONE',  ( -1.299038105676654897, -0.7499999999999935607, 4.229166666666628771 ) ) ;
#3771 =( BOUNDED_CURVE ( )  B_SPLINE_CURVE ( 2, ( #2833, #4790, #2872, #345, #6137, #7372, #7417, #3471, #1530 ),
 .UNSPECIFIED., .F., .F. ) 
 B_SPLINE_CURVE_WITH_KNOTS ( ( 3, 2, 2, 2, 3 ),
 ( 0.2500000000000000000, 0.2522522522522522292, 0.2567567567567567433, 0.2612612612612612573, 0.2635135135135134865 ),
 .UNSPECIFIED. ) 
 CURVE ( )  GEOMETRIC_REPRESENTATION_ITEM ( )  RATIONAL_B_SPLINE_CURVE ( ( 0.9330127018922194093, 0.9330127018922198534, 1.000000000000000000, 0.8660254037844387076, 1.000000000000000000, 0.8660254037844387076, 1.000000000000000000, 0.9330127018922202975, 0.9330127018922194093 ) ) 
 REPRESENTATION_ITEM ( '' )  );
#3772 = ORIENTED_EDGE ( 'NONE', *, *, #6164, .F. ) ;
#3773 = CARTESIAN_POINT ( 'NONE',  ( 0.000000000000000000, 1.500000000000000666, -0.4375000000000273115 ) ) ;
#3774 = CARTESIAN_POINT ( 'NONE',  ( -1.175240473580828837, 1.240482382266620036E-14, 7.374999999999964473 ) ) ;
#3775 = CARTESIAN_POINT ( 'NONE',  ( -1.357050807568865203, 4.458126344604650913E-15, -1.125000000000019096 ) ) ;
#3776 = EDGE_CURVE ( 'NONE', #2386, #6053, #1690, .T. ) ;
#3777 = CARTESIAN_POINT ( 'NONE',  ( 1.499999999999995559, -1.600716141988073932E-14, 5.374999999999973355 ) ) ;
#3778 = ADVANCED_FACE ( 'NONE', ( #1651 ), #5500, .T. ) ;
#3779 = CARTESIAN_POINT ( 'NONE',  ( 0.000000000000000000, -9.067116327485578019E-15, 12.24264068711923237 ) ) ;
#3780 = DIRECTION ( 'NONE',  ( -1.000000000000000000, 0.000000000000000000, 0.000000000000000000 ) ) ;
#3781 = CARTESIAN_POINT ( 'NONE',  ( 1.175240473580821732, 0.3149047358083534309, 0.6473290993692375483 ) ) ;
#3782 = ORIENTED_EDGE ( 'NONE', *, *, #2801, .F. ) ;
#3783 = ORIENTED_EDGE ( 'NONE', *, *, #158, .T. ) ;
#3784 = CARTESIAN_POINT ( 'NONE',  ( -1.017788105676646682, 0.5876202367904208579, -2.666666666666682506 ) ) ;
#3785 = DIRECTION ( 'NONE',  ( -0.000000000000000000, -0.000000000000000000, 1.000000000000000000 ) ) ;
#3786 = ADVANCED_FACE ( 'NONE', ( #6851 ), #1777, .T. ) ;
#3787 = CARTESIAN_POINT ( 'NONE',  ( -1.017788105676644239, 0.5876202367904247437, 5.395833333333301063 ) ) ;
#3788 = CARTESIAN_POINT ( 'NONE',  ( 1.357050807568865203, 4.125744759050742171E-15, -3.312500000000014211 ) ) ;
#3789 = CARTESIAN_POINT ( 'NONE',  ( 1.154700538379258568, -7.267483695685816380E-15, 9.650000000000000355 ) ) ;
#3790 = ADVANCED_FACE ( 'NONE', ( #4950 ), #7532, .T. ) ;
#3791 = CYLINDRICAL_SURFACE ( 'NONE', #1575, 1.175240473580825062 ) ;
#3792 = CARTESIAN_POINT ( 'NONE',  ( 1.322475605676646015, 0.7635316469341278944, -1.536458333333352355 ) ) ;
#3793 = CARTESIAN_POINT ( 'NONE',  ( 0.6785254037844313801, -1.175240473580821288, -7.395833333333340143 ) ) ;
#3794 = CARTESIAN_POINT ( 'NONE',  ( 0.8816504037844311581, 1.527063293868253568, 7.473958333333295734 ) ) ;
#3795 = PLANE ( 'NONE',  #1736 ) ;
#3796 = DIRECTION ( 'NONE',  ( -1.000000000000000000, 0.000000000000000000, 0.000000000000000000 ) ) ;
#3797 = PRODUCT ( '92095A184_18-8 Stainless Steel Button Head Hex-Drive Screw', '92095A184_18-8 Stainless Steel Button Head Hex-Drive Screw', '', ( #2226 ) ) ;
#3798 = DIRECTION ( 'NONE',  ( 6.982962677686266711E-15, -1.000000000000000000, -8.203496159857512970E-16 ) ) ;
#3799 = ORIENTED_EDGE ( 'NONE', *, *, #4043, .T. ) ;
#3800 = ORIENTED_EDGE ( 'NONE', *, *, #272, .T. ) ;
#3801 = DIRECTION ( 'NONE',  ( -0.000000000000000000, -7.531071187239187305E-16, 1.000000000000000000 ) ) ;
#3802 = DIRECTION ( 'NONE',  ( 0.000000000000000000, 0.000000000000000000, -1.000000000000000000 ) ) ;
#3803 = CARTESIAN_POINT ( 'NONE',  ( -1.439254484199176806E-16, -1.175240473580820844, 9.999999999999957367 ) ) ;
#3804 = CARTESIAN_POINT ( 'NONE',  ( 0.8660254037844371533, 1.500000000000000222, -6.479166666666681174 ) ) ;
#3805 = CYLINDRICAL_SURFACE ( 'NONE', #761, 1.175240473580825062 ) ;
#3806 = CARTESIAN_POINT ( 'NONE',  ( -0.8660254037844358210, 1.499999999999999778, -0.4583333333333475257 ) ) ;
#3807 = CARTESIAN_POINT ( 'NONE',  ( -1.870113174931165872E-16, -1.527063293868245131, -1.234375000000018430 ) ) ;
#3808 = VERTEX_POINT ( 'NONE', #1098 ) ;
#3809 = CARTESIAN_POINT ( 'NONE',  ( 1.299038105676654675, -0.7499999999999944489, 4.395833333333295734 ) ) ;
#3810 = ORIENTED_EDGE ( 'NONE', *, *, #8208, .F. ) ;
#3811 = DIRECTION ( 'NONE',  ( 0.000000000000000000, 0.000000000000000000, -1.000000000000000000 ) ) ;
#3812 = CARTESIAN_POINT ( 'NONE',  ( -0.6785254037844377084, -1.175240473580817735, 2.020833333333306836 ) ) ;
#3813 = CARTESIAN_POINT ( 'NONE',  ( -0.6785254037844329345, -1.175240473580820622, -1.541666666666685170 ) ) ;
#3814 = LINE ( 'NONE', #6916, #3955 ) ;
#3815 = CARTESIAN_POINT ( 'NONE',  ( 1.175240473580824174, 2.963213184805509206E-15, 2.124999999999975131 ) ) ;
#3816 = CARTESIAN_POINT ( 'NONE',  ( -1.175240473580825062, 4.518956396636091433E-15, -8.000000000000000000 ) ) ;
#3817 = CARTESIAN_POINT ( 'NONE',  ( 3.454210762078024532E-15, 1.175240473580829503, -2.250000000000016875 ) ) ;
#3818 = CIRCLE ( 'NONE', #983, 2.850000000000009859 ) ;
#3819 = CARTESIAN_POINT ( 'NONE',  ( -1.499999999999995559, 4.561024215828087150E-15, 1.624999999999981570 ) ) ;
#3820 = ORIENTED_EDGE ( 'NONE', *, *, #1988, .F. ) ;
#3821 =( BOUNDED_CURVE ( )  B_SPLINE_CURVE ( 2, ( #3181, #7680, #1835, #5133, #564, #3137, #4415, #5726, #3815 ),
 .UNSPECIFIED., .F., .F. ) 
 B_SPLINE_CURVE_WITH_KNOTS ( ( 3, 2, 2, 2, 3 ),
 ( 0.5472972972972973693, 0.5495495495495495986, 0.5540540540540540571, 0.5585585585585585155, 0.5608108108108108558 ),
 .UNSPECIFIED. ) 
 CURVE ( )  GEOMETRIC_REPRESENTATION_ITEM ( )  RATIONAL_B_SPLINE_CURVE ( ( 0.9330127018922192983, 0.9330127018922209636, 1.000000000000000000, 0.8660254037844387076, 1.000000000000000000, 0.8660254037844387076, 1.000000000000000000, 0.9330127018922176330, 0.9330127018922192983 ) ) 
 REPRESENTATION_ITEM ( '' )  );
#3822 = VERTEX_POINT ( 'NONE', #3669 ) ;
#3823 = DIRECTION ( 'NONE',  ( -0.000000000000000000, -7.531071187239187305E-16, 1.000000000000000000 ) ) ;
#3824 = CARTESIAN_POINT ( 'NONE',  ( 0.000000000000000000, 4.375030948216173530E-15, -8.000000000000000000 ) ) ;
#3825 = CARTESIAN_POINT ( 'NONE',  ( -1.439254484199176806E-16, -1.175240473580820844, -2.437500000000015987 ) ) ;
#3826 = EDGE_CURVE ( 'NONE', #7868, #3327, #6254, .T. ) ;
#3827 = CARTESIAN_POINT ( 'NONE',  ( 0.8660254037844359321, -1.499999999999992673, 2.854166666666632324 ) ) ;
#3828 = CARTESIAN_POINT ( 'NONE',  ( 1.017788105676648902, -0.5876202367904087565, -6.916666666666673180 ) ) ;
#3829 = VECTOR ( 'NONE', #4758, 1000.000000000000000 ) ;
#3830 = CARTESIAN_POINT ( 'NONE',  ( -1.322475605676645127, 0.7635316469341291157, -1.369791666666685837 ) ) ;
#3831 = ADVANCED_FACE ( 'NONE', ( #5625 ), #8226, .T. ) ;
#3832 = CARTESIAN_POINT ( 'NONE',  ( -0.8816504037844302699, 1.527063293868253790, 6.557291666666631436 ) ) ;
#3833 = CARTESIAN_POINT ( 'NONE',  ( -1.175240473580823952, 5.287301957201986288E-15, 6.374999999999966249 ) ) ;
#3834 = DIRECTION ( 'NONE',  ( 1.000000000000000000, 0.000000000000000000, 0.000000000000000000 ) ) ;
#3835 = CARTESIAN_POINT ( 'NONE',  ( 0.000000000000000000, -9.067116327485578019E-15, 12.24264068711923237 ) ) ;
#3836 = VERTEX_POINT ( 'NONE', #4353 ) ;
#3837 = ORIENTED_EDGE ( 'NONE', *, *, #4603, .T. ) ;
#3838 = CARTESIAN_POINT ( 'NONE',  ( 1.299038105676654009, -0.7499999999999942268, 2.833333333333311721 ) ) ;
#3839 = CARTESIAN_POINT ( 'NONE',  ( 1.017788105676644017, -0.5876202367904166390, -0.8541666666666861696 ) ) ;
#3840 = CARTESIAN_POINT ( 'NONE',  ( -0.6785254037844324904, 1.175240473580829281, 8.291666666666628771 ) ) ;
#3841 = CARTESIAN_POINT ( 'NONE',  ( 1.499999999999995781, -0.4019237886466791032, -5.147329099369264860 ) ) ;
#3842 = CARTESIAN_POINT ( 'NONE',  ( -1.836970198721025250E-16, -1.499999999999991784, 1.312499999999969136 ) ) ;
#3843 = ADVANCED_FACE ( 'NONE', ( #585 ), #5671, .T. ) ;
#3844 = CARTESIAN_POINT ( 'NONE',  ( -1.175240473580823952, -4.502921996518175282E-15, 5.874999999999967137 ) ) ;
#3845 = CARTESIAN_POINT ( 'NONE',  ( -0.8816504037844302699, 1.527063293868253790, -0.4427083333333531323 ) ) ;
#3846 = ORIENTED_EDGE ( 'NONE', *, *, #6409, .T. ) ;
#3847 = DIRECTION ( 'NONE',  ( -1.000000000000000000, 0.000000000000000000, 0.000000000000000000 ) ) ;
#3848 = ORIENTED_EDGE ( 'NONE', *, *, #5487, .T. ) ;
#3849 = CARTESIAN_POINT ( 'NONE',  ( 0.000000000000000000, 1.500000000000000222, -5.500000000000004441 ) ) ;
#3850 = DIRECTION ( 'NONE',  ( -0.000000000000000000, -0.000000000000000000, 1.000000000000000000 ) ) ;
#3851 = CARTESIAN_POINT ( 'NONE',  ( 1.357050807568865203, 4.125744759050742171E-15, -0.3750000000000211497 ) ) ;
#3852 = CARTESIAN_POINT ( 'NONE',  ( -1.499999999999982014, -9.067116327485578019E-15, 12.24264068711923237 ) ) ;
#3853 = CARTESIAN_POINT ( 'NONE',  ( 1.499999999999990008, -0.4019237886466882625, 5.352670900630712936 ) ) ;
#3854 = CARTESIAN_POINT ( 'NONE',  ( 0.8816504037844310471, 1.527063293868253124, 5.005208333333301063 ) ) ;
#3855 = CARTESIAN_POINT ( 'NONE',  ( 1.017788105676640242, -0.5876202367904231894, -2.416666666666683394 ) ) ;
#3856 = CARTESIAN_POINT ( 'NONE',  ( 1.175240473580825951, 0.3149047358083474357, -1.352670900630758233 ) ) ;
#3857 = ORIENTED_EDGE ( 'NONE', *, *, #3167, .T. ) ;
#3858 = AXIS2_PLACEMENT_3D ( 'NONE', #2215, #6829, #3566 ) ;
#3859 = VECTOR ( 'NONE', #434, 1000.000000000000000 ) ;
#3860 = ORIENTED_EDGE ( 'NONE', *, *, #8204, .T. ) ;
#3861 = CARTESIAN_POINT ( 'NONE',  ( -1.499999999999991340, -0.4019237886466876519, -2.290170900630762674 ) ) ;
#3862 = CARTESIAN_POINT ( 'NONE',  ( -1.017788105676650900, -0.5876202367904047597, -6.083333333333341919 ) ) ;
#3863 = CARTESIAN_POINT ( 'NONE',  ( 0.000000000000000000, -9.067116327485578019E-15, 12.24264068711923237 ) ) ;
#3864 = VECTOR ( 'NONE', #3886, 1000.000000000000000 ) ;
#3865 = CARTESIAN_POINT ( 'NONE',  ( -1.175240473580830836, 0.3149047358083584824, 5.415170900630707607 ) ) ;
#3866 =( BOUNDED_CURVE ( )  B_SPLINE_CURVE ( 2, ( #29, #2565, #2443, #5033, #7784, #4438, #547, #5153, #7615 ),
 .UNSPECIFIED., .F., .T. ) 
 B_SPLINE_CURVE_WITH_KNOTS ( ( 3, 2, 2, 2, 3 ),
 ( 0.5337837837837837718, 0.5360360360360361121, 0.5405405405405405705, 0.5450450450450450290, 0.5472972972972973693 ),
 .UNSPECIFIED. ) 
 CURVE ( )  GEOMETRIC_REPRESENTATION_ITEM ( )  RATIONAL_B_SPLINE_CURVE ( ( 0.9330127018922194093, 0.9330127018922177440, 1.000000000000000000, 0.8660254037844388186, 1.000000000000000000, 0.8660254037844388186, 1.000000000000000000, 0.9330127018922160786, 0.9330127018922194093 ) ) 
 REPRESENTATION_ITEM ( '' )  );
#3867 = CARTESIAN_POINT ( 'NONE',  ( 1.017788105676649346, 0.5876202367904160839, -2.770833333333349024 ) ) ;
#3868 = AXIS2_PLACEMENT_3D ( 'NONE', #14, #2589, #488 ) ;
#3869 = CARTESIAN_POINT ( 'NONE',  ( 0.6785254037844372643, 1.175240473580826395, -6.291666666666674956 ) ) ;
#3870 = CARTESIAN_POINT ( 'NONE',  ( 0.8816504037844296038, -1.527063293868245131, -2.661458333333349469 ) ) ;
#3871 = CARTESIAN_POINT ( 'NONE',  ( 1.017788105676654675, 0.5876202367904068691, -0.3333333333333538540 ) ) ;
#3872 = EDGE_CURVE ( 'NONE', #4171, #2067, #1855, .T. ) ;
#3873 = CARTESIAN_POINT ( 'NONE',  ( -1.499999999999995781, 0.4019237886466874854, 4.602670900630713824 ) ) ;
#3874 = EDGE_CURVE ( 'NONE', #8335, #1896, #6529, .T. ) ;
#3875 = VECTOR ( 'NONE', #4465, 1000.000000000000114 ) ;
#3876 = CARTESIAN_POINT ( 'NONE',  ( 1.322475605676646238, 0.7635316469341281165, 8.432291666666628771 ) ) ;
#3877 =( NAMED_UNIT ( * ) SI_UNIT ( $, .STERADIAN. ) SOLID_ANGLE_UNIT ( ) );
#3878 = CARTESIAN_POINT ( 'NONE',  ( -0.6785254037844311581, 1.175240473580829725, -7.145833333333339255 ) ) ;
#3879 = DIRECTION ( 'NONE',  ( -0.000000000000000000, -7.531071187239187305E-16, 1.000000000000000000 ) ) ;
#3880 = ADVANCED_FACE ( 'NONE', ( #6503 ), #6334, .T. ) ;
#3881 = EDGE_LOOP ( 'NONE', ( #4935, #1675, #1157, #2803 ) ) ;
#3882 = ORIENTED_EDGE ( 'NONE', *, *, #3683, .F. ) ;
#3883 = CARTESIAN_POINT ( 'NONE',  ( 0.4108596822587339825, -0.9174905902280228176, 9.495516201587641092 ) ) ;
#3884 = CARTESIAN_POINT ( 'NONE',  ( 0.6785254037844331565, 1.175240473580829059, 8.708333333333293069 ) ) ;
#3885 = CARTESIAN_POINT ( 'NONE',  ( -8.061280013708353774E-15, -1.175240473580820844, -1.437500000000018652 ) ) ;
#3886 = DIRECTION ( 'NONE',  ( -0.000000000000000000, -0.000000000000000000, 1.000000000000000000 ) ) ;
#3887 = CARTESIAN_POINT ( 'NONE',  ( -1.017788105676654675, -0.5876202367903982093, 6.916666666666629659 ) ) ;
#3888 = CARTESIAN_POINT ( 'NONE',  ( 1.763300807568860762, 4.051117844727701623E-15, -0.1093750000000208999 ) ) ;
#3889 = ORIENTED_EDGE ( 'NONE', *, *, #7764, .T. ) ;
#3890 = AXIS2_PLACEMENT_3D ( 'NONE', #5766, #5055, #3140 ) ;
#3891 = CARTESIAN_POINT ( 'NONE',  ( -1.017788105676648902, 0.5876202367904169721, 5.395833333333301063 ) ) ;
#3892 = DIRECTION ( 'NONE',  ( 0.000000000000000000, 0.000000000000000000, -1.000000000000000000 ) ) ;
#3893 = EDGE_CURVE ( 'NONE', #1918, #7742, #2605, .T. ) ;
#3894 = ORIENTED_EDGE ( 'NONE', *, *, #1370, .T. ) ;
#3895 = CARTESIAN_POINT ( 'NONE',  ( 0.6785254037844066222, -1.175240473580835499, 6.541666666666630547 ) ) ;
#3896 = CARTESIAN_POINT ( 'NONE',  ( -1.017788105676648902, 0.5876202367904169721, 1.333333333333309723 ) ) ;
#3897 = CARTESIAN_POINT ( 'NONE',  ( 1.499999999999996225, -0.4019237886466792142, 7.415170900630695172 ) ) ;
#3898 = CARTESIAN_POINT ( 'NONE',  ( 1.175240473580823952, 1.205621050680672915E-14, 0.6874999999999782396 ) ) ;
#3899 = CARTESIAN_POINT ( 'NONE',  ( 1.322475605676645127, -0.7635316469341209000, 5.380208333333299286 ) ) ;
#3900 = CARTESIAN_POINT ( 'NONE',  ( -1.499999999999982014, -9.067116327485578019E-15, 12.24264068711923237 ) ) ;
#3901 = DIRECTION ( 'NONE',  ( 0.000000000000000000, 0.000000000000000000, -1.000000000000000000 ) ) ;
#3902 = FACE_OUTER_BOUND ( 'NONE', #3682, .T. ) ;
#3903 = ORIENTED_EDGE ( 'NONE', *, *, #3532, .F. ) ;
#3904 = VERTEX_POINT ( 'NONE', #3242 ) ;
#3905 = CARTESIAN_POINT ( 'NONE',  ( 1.499999999999999112, 0.4019237886466822118, -6.040170900630754680 ) ) ;
#3906 = CARTESIAN_POINT ( 'NONE',  ( 1.175240473580825284, 9.005843993036349382E-16, -5.875000000000007994 ) ) ;
#3907 = CARTESIAN_POINT ( 'NONE',  ( 1.000000000000006217, 0.5773502691896212902, 8.495000000000000995 ) ) ;
#3908 = DIRECTION ( 'NONE',  ( -0.000000000000000000, -0.000000000000000000, 1.000000000000000000 ) ) ;
#3909 = CARTESIAN_POINT ( 'NONE',  ( 1.357050807568865203, 4.125744759050742171E-15, -2.812500000000015099 ) ) ;
#3910 = CARTESIAN_POINT ( 'NONE',  ( -1.836970198721025250E-16, -1.499999999999991784, 0.3124999999999715783 ) ) ;
#3911 = CARTESIAN_POINT ( 'NONE',  ( 0.6785254037844321573, -1.175240473580821066, -4.958333333333344584 ) ) ;
#3912 =( BOUNDED_CURVE ( )  B_SPLINE_CURVE ( 2, ( #1387, #5359, #4007, #1558, #7964, #8008, #1516, #4599, #6549 ),
 .UNSPECIFIED., .F., .F. ) 
 B_SPLINE_CURVE_WITH_KNOTS ( ( 3, 2, 2, 2, 3 ),
 ( 0.2094594594594594295, 0.2117117117117116587, 0.2162162162162162282, 0.2207207207207206867, 0.2229729729729730270 ),
 .UNSPECIFIED. ) 
 CURVE ( )  GEOMETRIC_REPRESENTATION_ITEM ( )  RATIONAL_B_SPLINE_CURVE ( ( 0.9330127018922194093, 0.9330127018922194093, 1.000000000000000000, 0.8660254037844388186, 1.000000000000000000, 0.8660254037844388186, 1.000000000000000000, 0.9330127018922177440, 0.9330127018922194093 ) ) 
 REPRESENTATION_ITEM ( '' )  );
#3913 = CARTESIAN_POINT ( 'NONE',  ( -1.870113174931165379E-16, -1.527063293868244687, -3.203125000000015099 ) ) ;
#3914 = DIRECTION ( 'NONE',  ( 0.000000000000000000, 0.000000000000000000, -1.000000000000000000 ) ) ;
#3915 = FACE_OUTER_BOUND ( 'NONE', #7124, .T. ) ;
#3916 = CARTESIAN_POINT ( 'NONE',  ( 0.000000000000000000, 1.527063293868253790, 8.515624999999962697 ) ) ;
#3917 = CARTESIAN_POINT ( 'NONE',  ( 1.175240473580824396, 6.333141904780403065E-15, -1.812500000000016875 ) ) ;
#3918 = CARTESIAN_POINT ( 'NONE',  ( 0.7872397370046618770, 1.111523182623309181, 7.599818432115016620 ) ) ;
#3919 = CARTESIAN_POINT ( 'NONE',  ( 0.4738508081144157669, -1.401569647075953773, -7.648592248783104175 ) ) ;
#3920 = ORIENTED_EDGE ( 'NONE', *, *, #7989, .F. ) ;
#3921 = ORIENTED_EDGE ( 'NONE', *, *, #3423, .T. ) ;
#3922 = CARTESIAN_POINT ( 'NONE',  ( -1.439254484199176806E-16, -1.175240473580820844, 8.499999999999959144 ) ) ;
#3923 = CARTESIAN_POINT ( 'NONE',  ( 1.175240473580825507, 0.3149047358083543191, -6.852670900630745798 ) ) ;
#3924 = CARTESIAN_POINT ( 'NONE',  ( -1.175240473580826395, -3.137519842735245204E-15, 0.3749999999999794609 ) ) ;
#3925 = CARTESIAN_POINT ( 'NONE',  ( 1.175240473580823952, 8.628179567521922635E-15, 6.687499999999966249 ) ) ;
#3926 = CARTESIAN_POINT ( 'NONE',  ( -1.763300807568860762, 4.483001982712331095E-15, -0.8593750000000189848 ) ) ;
#3927 = ORIENTED_EDGE ( 'NONE', *, *, #5999, .T. ) ;
#3928 = CARTESIAN_POINT ( 'NONE',  ( -1.017788105676648902, 0.5876202367904169721, 4.395833333333301951 ) ) ;
#3929 = EDGE_CURVE ( 'NONE', #31, #446, #1186, .T. ) ;
#3930 = LINE ( 'NONE', #6516, #3186 ) ;
#3931 = ORIENTED_EDGE ( 'NONE', *, *, #6781, .T. ) ;
#3932 = CARTESIAN_POINT ( 'NONE',  ( -1.499999999999995559, -5.258250847547031143E-15, -5.375000000000004441 ) ) ;
#3933 = CARTESIAN_POINT ( 'NONE',  ( 1.175240473580824840, -0.3149047358083497672, -6.334829099369267524 ) ) ;
#3934 = CARTESIAN_POINT ( 'NONE',  ( 1.017788105676648902, -0.5876202367904087565, 0.5833333333333107218 ) ) ;
#3935 = PRODUCT_DEFINITION_SHAPE ( 'NONE', 'NONE',  #2500 ) ;
#3936 = DIRECTION ( 'NONE',  ( -0.000000000000000000, -0.000000000000000000, 1.000000000000000000 ) ) ;
#3937 = CARTESIAN_POINT ( 'NONE',  ( -1.299038105676654231, 0.7500000000000025535, 0.08333333333331754966 ) ) ;
#3938 = CARTESIAN_POINT ( 'NONE',  ( -1.870113174931165379E-16, -1.527063293868244687, 4.796874999999968026 ) ) ;
#3939 = LINE ( 'NONE', #7891, #2144 ) ;
#3940 = CARTESIAN_POINT ( 'NONE',  ( -0.8660254037844369313, -1.499999999999991562, -7.229166666666678509 ) ) ;
#3941 = CARTESIAN_POINT ( 'NONE',  ( -1.175240473580825062, 4.561024215828087939E-15, -7.625000000000006217 ) ) ;
#3942 = EDGE_CURVE ( 'NONE', #394, #6890, #4795, .T. ) ;
#3943 = ORIENTED_EDGE ( 'NONE', *, *, #7296, .T. ) ;
#3944 = ORIENTED_EDGE ( 'NONE', *, *, #4612, .F. ) ;
#3945 = CARTESIAN_POINT ( 'NONE',  ( 1.175240473580824174, 2.411242101361345672E-15, 5.124999999999968914 ) ) ;
#3946 = CARTESIAN_POINT ( 'NONE',  ( 1.299038105676655563, 0.7500000000000016653, 1.479166666666634766 ) ) ;
#3947 = FACE_OUTER_BOUND ( 'NONE', #4462, .T. ) ;
#3948 = CARTESIAN_POINT ( 'NONE',  ( 0.8923782719897298543, -0.8048364405049149850, -7.932068918985627271 ) ) ;
#3949 = CARTESIAN_POINT ( 'NONE',  ( -1.357050807568865203, 4.458126344604650913E-15, 0.9374999999999764633 ) ) ;
#3950 = CARTESIAN_POINT ( 'NONE',  ( 1.299038105676655563, 0.7500000000000016653, 3.979166666666630103 ) ) ;
#3951 = CARTESIAN_POINT ( 'NONE',  ( -1.017788105676648902, 0.5876202367904169721, -5.666666666666675845 ) ) ;
#3952 = CARTESIAN_POINT ( 'NONE',  ( 0.8660254037844368202, 1.499999999999999334, -3.041666666666674956 ) ) ;
#3953 = CARTESIAN_POINT ( 'NONE',  ( 1.322475605676645127, -0.7635316469341209000, -3.119791666666682062 ) ) ;
#3954 = CARTESIAN_POINT ( 'NONE',  ( 1.499999999999999112, 0.4019237886466822118, -2.540170900630762674 ) ) ;
#3955 = VECTOR ( 'NONE', #1076, 1000.000000000000000 ) ;
#3956 = CARTESIAN_POINT ( 'NONE',  ( 1.381975285269802426E-14, 1.175240473580829503, 1.249999999999975131 ) ) ;
#3957 = CARTESIAN_POINT ( 'NONE',  ( -1.763300807568860762, 4.483001982712331095E-15, 7.140624999999964473 ) ) ;
#3958 = CARTESIAN_POINT ( 'NONE',  ( -1.175240473580825062, 0.3149047358083630899, 1.915170900630715156 ) ) ;
#3959 = CARTESIAN_POINT ( 'NONE',  ( -1.175240473580818179, 0.3149047358083711945, 4.352670900630708495 ) ) ;
#3960 = VECTOR ( 'NONE', #6618, 1000.000000000000000 ) ;
#3961 = CARTESIAN_POINT ( 'NONE',  ( 1.499999999999982014, -8.883419307613476875E-15, 12.24264068711923237 ) ) ;
#3962 =( BOUNDED_CURVE ( )  B_SPLINE_CURVE ( 2, ( #2980, #4217, #4769, #3536, #1596, #4177, #2855, #5572, #6838 ),
 .UNSPECIFIED., .F., .T. ) 
 B_SPLINE_CURVE_WITH_KNOTS ( ( 3, 2, 2, 2, 3 ),
 ( 0.3716216216216216006, 0.3738738738738738299, 0.3783783783783783994, 0.3828828828828828579, 0.3851351351351351981 ),
 .UNSPECIFIED. ) 
 CURVE ( )  GEOMETRIC_REPRESENTATION_ITEM ( )  RATIONAL_B_SPLINE_CURVE ( ( 0.9330127018922194093, 0.9330127018922194093, 1.000000000000000000, 0.8660254037844388186, 1.000000000000000000, 0.8660254037844388186, 1.000000000000000000, 0.9330127018922177440, 0.9330127018922194093 ) ) 
 REPRESENTATION_ITEM ( '' )  );
#3963 = ORIENTED_EDGE ( 'NONE', *, *, #2184, .T. ) ;
#3964 = ORIENTED_EDGE ( 'NONE', *, *, #7616, .T. ) ;
#3965 =( BOUNDED_CURVE ( )  B_SPLINE_CURVE ( 2, ( #735, #7079, #2713, #3225, #2585, #1286, #4540, #1453, #3941 ),
 .UNSPECIFIED., .F., .F. ) 
 B_SPLINE_CURVE_WITH_KNOTS ( ( 3, 2, 2, 2, 3 ),
 ( 0.02027027027027027140, 0.02252252252252252146, 0.02702702702702702853, 0.03153153153153152866, 0.03378378378378378566 ),
 .UNSPECIFIED. ) 
 CURVE ( )  GEOMETRIC_REPRESENTATION_ITEM ( )  RATIONAL_B_SPLINE_CURVE ( ( 0.9330127018922194093, 0.9330127018922194093, 1.000000000000000000, 0.8660254037844387076, 1.000000000000000000, 0.8660254037844387076, 1.000000000000000000, 0.9330127018922191873, 0.9330127018922192983 ) ) 
 REPRESENTATION_ITEM ( '' )  );
#3966 = CARTESIAN_POINT ( 'NONE',  ( 1.357050807568865203, 4.125744759050742171E-15, 7.624999999999961808 ) ) ;
#3967 = CARTESIAN_POINT ( 'NONE',  ( 1.175240473580822176, -0.3149047358083603143, -1.334829099369278183 ) ) ;
#3968 = CARTESIAN_POINT ( 'NONE',  ( -1.299038105676654897, -0.7499999999999935607, 6.729166666666623442 ) ) ;
#3969 = LINE ( 'NONE', #3378, #4699 ) ;
#3970 = CARTESIAN_POINT ( 'NONE',  ( 1.763300807568860762, 4.051117844727701623E-15, -1.109375000000018208 ) ) ;
#3971 = ORIENTED_EDGE ( 'NONE', *, *, #3367, .F. ) ;
#3972 = CARTESIAN_POINT ( 'NONE',  ( -1.439254484199176806E-16, -1.175240473580820844, 5.562499999999967137 ) ) ;
#3973 = CARTESIAN_POINT ( 'NONE',  ( 0.000000000000000000, 4.375030948216173530E-15, -8.000000000000000000 ) ) ;
#3974 = VERTEX_POINT ( 'NONE', #1265 ) ;
#3975 = ORIENTED_EDGE ( 'NONE', *, *, #848, .F. ) ;
#3976 = CARTESIAN_POINT ( 'NONE',  ( 1.017788105676653565, 0.5876202367904089785, -4.333333333333345472 ) ) ;
#3977 = CARTESIAN_POINT ( 'NONE',  ( -0.6785254037844371533, -1.175240473580817735, -6.479166666666674068 ) ) ;
#3978 = CARTESIAN_POINT ( 'NONE',  ( 0.6785254037844321573, -1.175240473580821066, 0.5416666666666435370 ) ) ;
#3979 = LINE ( 'NONE', #4619, #454 ) ;
#3980 = CARTESIAN_POINT ( 'NONE',  ( -0.8660254037844358210, 1.499999999999999778, 0.04166666666665200941 ) ) ;
#3981 = CARTESIAN_POINT ( 'NONE',  ( -1.322475605676645127, 0.7635316469341291157, 7.130208333333295734 ) ) ;
#3982 = CARTESIAN_POINT ( 'NONE',  ( 1.499999999999996447, -6.042630808230842937E-15, -6.062500000000015987 ) ) ;
#3983 = DIRECTION ( 'NONE',  ( 0.000000000000000000, 0.000000000000000000, -1.000000000000000000 ) ) ;
#3984 = EDGE_CURVE ( 'NONE', #5546, #6531, #4956, .T. ) ;
#3985 = CARTESIAN_POINT ( 'NONE',  ( 0.000000000000000000, 1.527063293868253790, -7.484375000000005329 ) ) ;
#3986 = ADVANCED_FACE ( 'NONE', ( #7740 ), #3460, .F. ) ;
#3987 = ORIENTED_EDGE ( 'NONE', *, *, #281, .T. ) ;
#3988 = EDGE_CURVE ( 'NONE', #6294, #6195, #3866, .T. ) ;
#3989 = ORIENTED_EDGE ( 'NONE', *, *, #3408, .T. ) ;
#3990 = DIRECTION ( 'NONE',  ( -0.000000000000000000, -0.000000000000000000, 1.000000000000000000 ) ) ;
#3991 = CARTESIAN_POINT ( 'NONE',  ( 1.175240473580824174, -0.3149047358083510995, -5.897329099369269301 ) ) ;
#3992 = CARTESIAN_POINT ( 'NONE',  ( -1.175240473580825284, 1.164949497163734292E-14, -3.062500000000014655 ) ) ;
#3993 = CARTESIAN_POINT ( 'NONE',  ( 0.8660254037844368202, 1.499999999999999334, -3.541666666666674068 ) ) ;
#3994 = AXIS2_PLACEMENT_3D ( 'NONE', #8033, #1670, #4250 ) ;
#3995 = AXIS2_PLACEMENT_3D ( 'NONE', #2112, #5927, #7925 ) ;
#3996 = CARTESIAN_POINT ( 'NONE',  ( -1.357050807568865203, 4.458126344604650913E-15, -1.062500000000019096 ) ) ;
#3997 = CARTESIAN_POINT ( 'NONE',  ( 1.017788105676648902, -0.5876202367904087565, -5.916666666666675845 ) ) ;
#3998 = ADVANCED_FACE ( 'NONE', ( #1938 ), #5708, .T. ) ;
#3999 = VECTOR ( 'NONE', #7699, 1000.000000000000000 ) ;
#4000 = CARTESIAN_POINT ( 'NONE',  ( -0.6785254037844360431, -1.175240473580818623, -1.041666666666686281 ) ) ;
#4001 = CARTESIAN_POINT ( 'NONE',  ( -1.763300807568860318, 4.483001982712331095E-15, 0.6718749999999763522 ) ) ;
#4002 = DIRECTION ( 'NONE',  ( 0.000000000000000000, 0.000000000000000000, -1.000000000000000000 ) ) ;
#4003 = CARTESIAN_POINT ( 'NONE',  ( 1.499999999999982014, -8.883419307613475297E-15, 7.999999999999998224 ) ) ;
#4004 = CARTESIAN_POINT ( 'NONE',  ( -1.017788105676648902, -0.5876202367904079793, -8.020833333333337478 ) ) ;
#4005 = AXIS2_PLACEMENT_3D ( 'NONE', #1332, #3990, #3396 ) ;
#4006 = CARTESIAN_POINT ( 'NONE',  ( 0.2966152032561732432, 1.341234751400877112, 7.620669074597386405 ) ) ;
#4007 = CARTESIAN_POINT ( 'NONE',  ( -1.299038105676654231, 0.7500000000000025535, 6.583333333333303727 ) ) ;
#4008 = VERTEX_POINT ( 'NONE', #3285 ) ;
#4009 = ORIENTED_EDGE ( 'NONE', *, *, #1037, .F. ) ;
#4010 = CARTESIAN_POINT ( 'NONE',  ( 1.763300807568860318, 4.051117844727701623E-15, -6.078125000000007994 ) ) ;
#4011 = AXIS2_PLACEMENT_3D ( 'NONE', #326, #2935, #3615 ) ;
#4012 = CARTESIAN_POINT ( 'NONE',  ( -1.175240473580824840, 0.3149047358083583714, -6.647329099369267524 ) ) ;
#4013 = CARTESIAN_POINT ( 'NONE',  ( 0.8660254037844359321, -1.499999999999992673, 6.854166666666623442 ) ) ;
#4014 = CARTESIAN_POINT ( 'NONE',  ( 0.6785254037844147268, -1.175240473580830836, 7.041666666666630547 ) ) ;
#4015 = CARTESIAN_POINT ( 'NONE',  ( -0.8816504037844302699, 1.527063293868253790, 2.557291666666639873 ) ) ;
#4016 = VERTEX_POINT ( 'NONE', #2187 ) ;
#4017 = CARTESIAN_POINT ( 'NONE',  ( -1.439254484199176806E-16, -1.175240473580820844, 4.062499999999970690 ) ) ;
#4018 =( BOUNDED_CURVE ( )  B_SPLINE_CURVE ( 2, ( #2835, #6777, #5333, #6818, #1657, #3473, #851, #4067, #7979 ),
 .UNSPECIFIED., .F., .T. ) 
 B_SPLINE_CURVE_WITH_KNOTS ( ( 3, 2, 2, 2, 3 ),
 ( 0.9121621621621621712, 0.9144144144144144004, 0.9189189189189188589, 0.9234234234234234284, 0.9256756756756756577 ),
 .UNSPECIFIED. ) 
 CURVE ( )  GEOMETRIC_REPRESENTATION_ITEM ( )  RATIONAL_B_SPLINE_CURVE ( ( 0.9330127018922194093, 0.9330127018922194093, 1.000000000000000000, 0.8660254037844388186, 1.000000000000000000, 0.8660254037844388186, 1.000000000000000000, 0.9330127018922194093, 0.9330127018922194093 ) ) 
 REPRESENTATION_ITEM ( '' )  );
#4019 = CARTESIAN_POINT ( 'NONE',  ( 0.000000000000000000, -9.067116327485578019E-15, 7.749999999999998224 ) ) ;
#4020 =( BOUNDED_CURVE ( )  B_SPLINE_CURVE ( 2, ( #2519, #6894, #416, #7528, #1095, #3666, #6249, #5271, #707 ),
 .UNSPECIFIED., .F., .T. ) 
 B_SPLINE_CURVE_WITH_KNOTS ( ( 3, 2, 2, 2, 3 ),
 ( 0.5067567567567566877, 0.5090090090090090280, 0.5135135135135134865, 0.5180180180180180560, 0.5202702702702702853 ),
 .UNSPECIFIED. ) 
 CURVE ( )  GEOMETRIC_REPRESENTATION_ITEM ( )  RATIONAL_B_SPLINE_CURVE ( ( 0.9330127018922192983, 0.9330127018922176330, 1.000000000000000000, 0.8660254037844387076, 1.000000000000000000, 0.8660254037844387076, 1.000000000000000000, 0.9330127018922194093, 0.9330127018922194093 ) ) 
 REPRESENTATION_ITEM ( '' )  );
#4021 = ORIENTED_EDGE ( 'NONE', *, *, #1968, .T. ) ;
#4022 = EDGE_LOOP ( 'NONE', ( #1684, #3051, #1100, #5577 ) ) ;
#4023 = CARTESIAN_POINT ( 'NONE',  ( 1.175240473580822842, -0.3149047358083618686, 6.602670900630705830 ) ) ;
#4024 = CARTESIAN_POINT ( 'NONE',  ( 1.299038105676654675, -0.7499999999999944489, -7.604166666666678509 ) ) ;
#4025 = CARTESIAN_POINT ( 'NONE',  ( -0.6785254037844324904, 1.175240473580829281, -0.2083333333333537984 ) ) ;
#4026 = LINE ( 'NONE', #1404, #8320 ) ;
#4027 = CARTESIAN_POINT ( 'NONE',  ( 1.299038105676654675, 0.7500000000000013323, -0.08333333333334810855 ) ) ;
#4028 = CARTESIAN_POINT ( 'NONE',  ( -1.870113174931165379E-16, -1.527063293868244687, 5.796874999999965361 ) ) ;
#4029 =( GEOMETRIC_REPRESENTATION_CONTEXT ( 3 ) GLOBAL_UNCERTAINTY_ASSIGNED_CONTEXT ( ( #2229 ) ) GLOBAL_UNIT_ASSIGNED_CONTEXT ( ( #7095, #5236, #3877 ) ) REPRESENTATION_CONTEXT ( 'NONE', 'WORKASPACE' ) );
#4030 = CARTESIAN_POINT ( 'NONE',  ( 1.299038105676654675, -0.7499999999999944489, -4.104166666666685614 ) ) ;
#4031 = CARTESIAN_POINT ( 'NONE',  ( 1.175240473580823952, 1.926088570123581023E-14, 1.624999999999977129 ) ) ;
#4032 = CARTESIAN_POINT ( 'NONE',  ( 1.322475605676645349, -0.7635316469341211221, -7.151041666666672292 ) ) ;
#4033 = ORIENTED_EDGE ( 'NONE', *, *, #6162, .F. ) ;
#4034 = ADVANCED_FACE ( 'NONE', ( #7913 ), #5915, .F. ) ;
#4035 = EDGE_CURVE ( 'NONE', #1287, #4906, #2724, .T. ) ;
#4036 = ORIENTED_EDGE ( 'NONE', *, *, #6942, .F. ) ;
#4037 = CARTESIAN_POINT ( 'NONE',  ( -0.8660254037844362651, 1.500000000000000666, -5.895833333333349024 ) ) ;
#4038 = CARTESIAN_POINT ( 'NONE',  ( 1.175240473580824174, 5.810221930991194676E-16, 6.124999999999966249 ) ) ;
#4039 = CARTESIAN_POINT ( 'NONE',  ( -1.175240473580825284, 7.378981852358816687E-15, -3.625000000000013323 ) ) ;
#4040 = CARTESIAN_POINT ( 'NONE',  ( -0.1906536866922225459, -1.159672946348726530, -7.949759526419159172 ) ) ;
#4041 = CARTESIAN_POINT ( 'NONE',  ( -1.017788105676648902, 0.5876202367904169721, 0.3958333333333105553 ) ) ;
#4042 = CARTESIAN_POINT ( 'NONE',  ( -1.499999999999982014, -9.067116327485578019E-15, 12.24264068711923237 ) ) ;
#4043 = EDGE_CURVE ( 'NONE', #3468, #6590, #3370, .T. ) ;
#4044 = CARTESIAN_POINT ( 'NONE',  ( 0.6785254037844321573, -1.175240473580821066, -4.458333333333345472 ) ) ;
#4045 = CARTESIAN_POINT ( 'NONE',  ( 1.175240473580826395, 1.917373237227094007E-15, -0.8750000000000195399 ) ) ;
#4046 = CARTESIAN_POINT ( 'NONE',  ( -1.017788105676652455, -0.5876202367904022061, -1.020833333333352799 ) ) ;
#4047 = CARTESIAN_POINT ( 'NONE',  ( 1.322475605676645127, -0.7635316469341209000, -0.6197916666666868357 ) ) ;
#4048 = LINE ( 'NONE', #5269, #6670 ) ;
#4049 = CARTESIAN_POINT ( 'NONE',  ( -1.357050807568865203, 4.458126344604650913E-15, -8.062500000000003553 ) ) ;
#4050 = EDGE_CURVE ( 'NONE', #3293, #1940, #7316, .T. ) ;
#4051 = PERSON_AND_ORGANIZATION ( #2628, #6318 ) ;
#4052 = CARTESIAN_POINT ( 'NONE',  ( 0.8660254037844371533, 1.500000000000000222, -3.979166666666686059 ) ) ;
#4053 = CARTESIAN_POINT ( 'NONE',  ( 1.499999999999996447, -6.042630808230842937E-15, -1.562500000000025535 ) ) ;
#4054 = ORIENTED_EDGE ( 'NONE', *, *, #171, .F. ) ;
#4055 = CARTESIAN_POINT ( 'NONE',  ( 0.6785254037844331565, 1.175240473580829059, 10.20833333333329129 ) ) ;
#4056 = CARTESIAN_POINT ( 'NONE',  ( 1.499999999999996669, -1.597811031022578733E-14, 0.9374999999999689138 ) ) ;
#4057 = CARTESIAN_POINT ( 'NONE',  ( 1.175240473580822842, -0.3149047358083618686, 6.665170900630704054 ) ) ;
#4058 = CARTESIAN_POINT ( 'NONE',  ( -1.870113174931165872E-16, -1.527063293868245131, 1.765624999999975575 ) ) ;
#4059 = VERTEX_POINT ( 'NONE', #6719 ) ;
#4060 = CARTESIAN_POINT ( 'NONE',  ( -0.6785254037844329345, -1.175240473580820622, 7.020833333333297510 ) ) ;
#4061 = CARTESIAN_POINT ( 'NONE',  ( 0.6785254037844322683, -1.175240473580821288, -7.895833333333338366 ) ) ;
#4062 = ORIENTED_EDGE ( 'NONE', *, *, #1358, .F. ) ;
#4063 = VERTEX_POINT ( 'NONE', #4053 ) ;
#4064 = CARTESIAN_POINT ( 'NONE',  ( -1.499999999999996447, -5.258250847547031931E-15, -1.312500000000025313 ) ) ;
#4065 = CARTESIAN_POINT ( 'NONE',  ( 1.175240473580825284, 3.195622062045156283E-15, -6.312500000000007105 ) ) ;
#4066 = CARTESIAN_POINT ( 'NONE',  ( -1.357050807568865203, 4.458126344604650913E-15, 2.374999999999972466 ) ) ;
#4067 = CARTESIAN_POINT ( 'NONE',  ( 1.499999999999996225, 0.4019237886466866527, -6.602670900630741357 ) ) ;
#4068 = CARTESIAN_POINT ( 'NONE',  ( -0.6785254037844452579, -1.175240473580813516, 0.5208333333333106108 ) ) ;
#4069 = CARTESIAN_POINT ( 'NONE',  ( 1.763300807568860318, 4.051117844727701623E-15, 9.921874999999957367 ) ) ;
#4070 = CARTESIAN_POINT ( 'NONE',  ( -1.499999999999982014, -9.067116327485578019E-15, 12.24264068711923237 ) ) ;
#4071 = CARTESIAN_POINT ( 'NONE',  ( 1.499999999999995559, 3.747593145489319422E-15, 6.874999999999970690 ) ) ;
#4072 = CARTESIAN_POINT ( 'NONE',  ( -1.763300807568860762, 4.483001982712331095E-15, -5.359375000000009770 ) ) ;
#4073 = ORIENTED_EDGE ( 'NONE', *, *, #2808, .F. ) ;
#4074 = CARTESIAN_POINT ( 'NONE',  ( 1.017788105676665111, 0.5876202367903888835, 6.666666666666631436 ) ) ;
#4075 = ORIENTED_EDGE ( 'NONE', *, *, #7371, .F. ) ;
#4076 = FACE_OUTER_BOUND ( 'NONE', #4849, .T. ) ;
#4077 = FACE_OUTER_BOUND ( 'NONE', #7238, .T. ) ;
#4078 = CARTESIAN_POINT ( 'NONE',  ( 1.175240473580825284, 5.287301957201987865E-15, -3.312500000000014211 ) ) ;
#4079 = CARTESIAN_POINT ( 'NONE',  ( 0.6785254037844321573, -1.175240473580821066, 0.6041666666666434260 ) ) ;
#4080 = CARTESIAN_POINT ( 'NONE',  ( -1.175240473580823952, -6.478397453055181157E-15, 1.437499999999978018 ) ) ;
#4081 = AXIS2_PLACEMENT_3D ( 'NONE', #2958, #5548, #1858 ) ;
#4082 = CARTESIAN_POINT ( 'NONE',  ( 0.6785254037844321573, -1.175240473580821066, -5.458333333333342807 ) ) ;
#4083 = CARTESIAN_POINT ( 'NONE',  ( -0.6785254037844459241, -1.175240473580813072, 1.458333333333307946 ) ) ;
#4084 = CARTESIAN_POINT ( 'NONE',  ( -6.334174632669341311E-15, -1.175240473580820844, -4.437500000000011546 ) ) ;
#4085 = CARTESIAN_POINT ( 'NONE',  ( 1.322475605676646015, 0.7635316469341278944, 1.463541666666640761 ) ) ;
#4086 = CARTESIAN_POINT ( 'NONE',  ( -1.299038105676654897, -0.7499999999999935607, -4.770833333333351689 ) ) ;
#4087 = CARTESIAN_POINT ( 'NONE',  ( 3.109662627185999959E-14, 1.175240473580829503, 2.312499999999974243 ) ) ;
#4088 = EDGE_CURVE ( 'NONE', #6559, #5812, #3912, .T. ) ;
#4089 = CARTESIAN_POINT ( 'NONE',  ( -1.017788105676648902, 0.5876202367904169721, -8.104166666666671404 ) ) ;
#4090 = COORDINATED_UNIVERSAL_TIME_OFFSET ( 6, 0, .BEHIND. ) ;
#4091 =( BOUNDED_CURVE ( )  B_SPLINE_CURVE ( 2, ( #4833, #5000, #469, #6947, #6985, #4958, #3678, #8353, #8316 ),
 .UNSPECIFIED., .F., .F. ) 
 B_SPLINE_CURVE_WITH_KNOTS ( ( 3, 2, 2, 2, 3 ),
 ( 0.6824324324324324564, 0.6846846846846846857, 0.6891891891891891442, 0.6936936936936937137, 0.6959459459459460540 ),
 .UNSPECIFIED. ) 
 CURVE ( )  GEOMETRIC_REPRESENTATION_ITEM ( )  RATIONAL_B_SPLINE_CURVE ( ( 0.9330127018922194093, 0.9330127018922194093, 1.000000000000000000, 0.8660254037844387076, 1.000000000000000000, 0.8660254037844387076, 1.000000000000000000, 0.9330127018922160786, 0.9330127018922194093 ) ) 
 REPRESENTATION_ITEM ( '' )  );
#4092 = DIRECTION ( 'NONE',  ( -0.000000000000000000, -0.000000000000000000, 1.000000000000000000 ) ) ;
#4093 = CARTESIAN_POINT ( 'NONE',  ( 1.499999999999996447, -6.042630808230842937E-15, -0.06250000000002882417 ) ) ;
#4094 = ORIENTED_EDGE ( 'NONE', *, *, #1612, .T. ) ;
#4095 = EDGE_CURVE ( 'NONE', #3351, #270, #7181, .T. ) ;
#4096 = CARTESIAN_POINT ( 'NONE',  ( -0.8816504037844300479, 1.527063293868253568, -7.411458333333339255 ) ) ;
#4097 = DIRECTION ( 'NONE',  ( -1.000000000000000000, 0.000000000000000000, 0.000000000000000000 ) ) ;
#4098 = CARTESIAN_POINT ( 'NONE',  ( -1.175240473580825062, 4.518956396636091433E-15, -8.000000000000000000 ) ) ;
#4099 = CARTESIAN_POINT ( 'NONE',  ( 1.763300807568860762, 4.051117844727701623E-15, 2.890624999999972911 ) ) ;
#4100 = EDGE_LOOP ( 'NONE', ( #4487, #713, #3716 ) ) ;
#4101 = AXIS2_PLACEMENT_3D ( 'NONE', #4999, #8148, #468 ) ;
#4102 = CARTESIAN_POINT ( 'NONE',  ( -1.357050807568865203, 4.458126344604650913E-15, 7.437499999999962697 ) ) ;
#4103 = CYLINDRICAL_SURFACE ( 'NONE', #7650, 1.499999999999982014 ) ;
#4104 = VERTEX_POINT ( 'NONE', #2060 ) ;
#4105 = ORIENTED_EDGE ( 'NONE', *, *, #4771, .F. ) ;
#4106 = CARTESIAN_POINT ( 'NONE',  ( -1.499999999999982014, -9.067116327485578019E-15, 12.24264068711923237 ) ) ;
#4107 = ADVANCED_FACE ( 'NONE', ( #799 ), #834, .T. ) ;
#4108 = CARTESIAN_POINT ( 'NONE',  ( -1.243478726641463769E-16, -1.154700538379266783, 8.495000000000000995 ) ) ;
#4109 = CARTESIAN_POINT ( 'NONE',  ( 0.6785254037844331565, 1.175240473580829059, 2.208333333333306836 ) ) ;
#4110 = CARTESIAN_POINT ( 'NONE',  ( 1.499999999999995781, -0.4019237886466791032, 5.852670900630712048 ) ) ;
#4111 = CARTESIAN_POINT ( 'NONE',  ( -1.499999999999995559, 4.561024215828087150E-15, 6.624999999999970690 ) ) ;
#4112 = CARTESIAN_POINT ( 'NONE',  ( 0.8816504037844296038, -1.527063293868245131, 7.338541666666630547 ) ) ;
#4113 = CARTESIAN_POINT ( 'NONE',  ( 1.499999999999982014, -8.883419307613476875E-15, 12.24264068711923237 ) ) ;
#4114 = CARTESIAN_POINT ( 'NONE',  ( 0.8816504037844299368, -1.527063293868245353, -6.192708333333341919 ) ) ;
#4115 = ORIENTED_EDGE ( 'NONE', *, *, #3228, .T. ) ;
#4116 = LINE ( 'NONE', #984, #7880 ) ;
#4117 = EDGE_LOOP ( 'NONE', ( #1111, #5328, #3630, #598 ) ) ;
#4118 = CARTESIAN_POINT ( 'NONE',  ( 1.299038105676655563, 0.7500000000000016653, -3.020833333333355242 ) ) ;
#4119 = CARTESIAN_POINT ( 'NONE',  ( 0.000000000000000000, -9.067116327485578019E-15, 7.999999999999998224 ) ) ;
#4120 = CARTESIAN_POINT ( 'NONE',  ( 0.6785254037844388186, 1.175240473580825729, -3.229166666666681174 ) ) ;
#4121 = CARTESIAN_POINT ( 'NONE',  ( -1.175240473580824840, 0.3149047358083726378, 2.915170900630712936 ) ) ;
#4122 = ORIENTED_EDGE ( 'NONE', *, *, #6314, .F. ) ;
#4123 = CARTESIAN_POINT ( 'NONE',  ( 1.017788105676649346, 0.5876202367904160839, 0.7291666666666436480 ) ) ;
#4124 = CARTESIAN_POINT ( 'NONE',  ( -1.299038105676654453, -0.7499999999999933387, -3.833333333333340587 ) ) ;
#4125 = CARTESIAN_POINT ( 'NONE',  ( 1.017788105676648902, -0.5876202367904087565, -3.416666666666680729 ) ) ;
#4126 = CARTESIAN_POINT ( 'NONE',  ( 0.000000000000000000, 1.500000000000000222, -3.000000000000009770 ) ) ;
#4127 = CARTESIAN_POINT ( 'NONE',  ( 1.175240473580826395, 1.917373237227094007E-15, -0.8125000000000192069 ) ) ;
#4128 = CARTESIAN_POINT ( 'NONE',  ( -0.8816504037844300479, 1.527063293868253568, 0.5885416666666435370 ) ) ;
#4129 = CARTESIAN_POINT ( 'NONE',  ( -1.175240473580826395, -3.137519842735245204E-15, 0.4374999999999794609 ) ) ;
#4130 = CARTESIAN_POINT ( 'NONE',  ( -0.8816504037844302699, 1.527063293868253790, 10.05729166666662522 ) ) ;
#4131 = COORDINATED_UNIVERSAL_TIME_OFFSET ( 6, 0, .BEHIND. ) ;
#4132 = CARTESIAN_POINT ( 'NONE',  ( 1.499999999999990008, -0.4019237886466882625, 1.352670900630721595 ) ) ;
#4133 = AXIS2_PLACEMENT_3D ( 'NONE', #1737, #4312, #6293 ) ;
#4134 = CARTESIAN_POINT ( 'NONE',  ( 1.499999999999996669, -1.597811031022578733E-14, 1.937499999999966693 ) ) ;
#4135 = ORIENTED_EDGE ( 'NONE', *, *, #6062, .F. ) ;
#4136 = EDGE_CURVE ( 'NONE', #1907, #2976, #6461, .T. ) ;
#4137 = EDGE_CURVE ( 'NONE', #6611, #5796, #6840, .T. ) ;
#4138 = CARTESIAN_POINT ( 'NONE',  ( 0.000000000000000000, 1.527063293868253568, -6.953125000000007105 ) ) ;
#4139 = CARTESIAN_POINT ( 'NONE',  ( -1.017788105676649568, -0.5876202367904069801, -7.083333333333340143 ) ) ;
#4140 = AXIS2_PLACEMENT_3D ( 'NONE', #6491, #5219, #1372 ) ;
#4141 = CARTESIAN_POINT ( 'NONE',  ( -1.151549077578637712E-14, -1.175240473580820844, 4.562499999999969802 ) ) ;
#4142 = CARTESIAN_POINT ( 'NONE',  ( 0.000000000000000000, 1.527063293868253790, 2.515624999999974687 ) ) ;
#4143 =( BOUNDED_CURVE ( )  B_SPLINE_CURVE ( 2, ( #4343, #6283, #6930, #1176, #1848, #1217, #497, #3751, #6326 ),
 .UNSPECIFIED., .F., .T. ) 
 B_SPLINE_CURVE_WITH_KNOTS ( ( 3, 2, 2, 2, 3 ),
 ( 0.1554054054054054279, 0.1576576576576576572, 0.1621621621621621712, 0.1666666666666666574, 0.1689189189189189422 ),
 .UNSPECIFIED. ) 
 CURVE ( )  GEOMETRIC_REPRESENTATION_ITEM ( )  RATIONAL_B_SPLINE_CURVE ( ( 0.9330127018922194093, 0.9330127018922201865, 1.000000000000000000, 0.8660254037844387076, 1.000000000000000000, 0.8660254037844387076, 1.000000000000000000, 0.9330127018922185211, 0.9330127018922194093 ) ) 
 REPRESENTATION_ITEM ( '' )  );
#4144 = EDGE_LOOP ( 'NONE', ( #7710, #6689, #6236, #320 ) ) ;
#4145 = CARTESIAN_POINT ( 'NONE',  ( -1.017788105676648902, 0.5876202367904169721, 8.395833333333293069 ) ) ;
#4146 = EDGE_CURVE ( 'NONE', #3808, #7369, #7445, .T. ) ;
#4147 = CARTESIAN_POINT ( 'NONE',  ( -0.09596241433434307688, -1.175240473580821066, -7.943392828637366065 ) ) ;
#4148 = AXIS2_PLACEMENT_3D ( 'NONE', #7956, #630, #1550 ) ;
#4149 = EDGE_LOOP ( 'NONE', ( #1527, #339, #996, #3975 ) ) ;
#4150 = ORIENTED_EDGE ( 'NONE', *, *, #3664, .T. ) ;
#4151 = CARTESIAN_POINT ( 'NONE',  ( -1.499999999999996447, -7.814748497183156485E-15, -6.812500000000014211 ) ) ;
#4152 = CARTESIAN_POINT ( 'NONE',  ( -1.499999999999995781, -0.4019237886466783261, -6.352670900630741357 ) ) ;
#4153 = CARTESIAN_POINT ( 'NONE',  ( -1.017788105676648902, 0.5876202367904169721, 3.833333333333303283 ) ) ;
#4154 = CARTESIAN_POINT ( 'NONE',  ( -1.175240473580825729, -0.3149047358083348902, 3.397329099369231997 ) ) ;
#4155 = CARTESIAN_POINT ( 'NONE',  ( -1.299038105676654675, 0.7500000000000027756, 7.645833333333290405 ) ) ;
#4156 = CARTESIAN_POINT ( 'NONE',  ( 1.322475605676645127, -0.7635316469341209000, 7.880208333333293069 ) ) ;
#4157 = DIRECTION ( 'NONE',  ( 0.000000000000000000, 0.000000000000000000, -1.000000000000000000 ) ) ;
#4158 = CARTESIAN_POINT ( 'NONE',  ( -1.763300807568860762, 4.483001982712331095E-15, -4.859375000000010658 ) ) ;
#4159 = ORIENTED_EDGE ( 'NONE', *, *, #2385, .T. ) ;
#4160 = AXIS2_PLACEMENT_3D ( 'NONE', #6385, #1313, #2571 ) ;
#4161 = EDGE_CURVE ( 'NONE', #73, #1287, #372, .T. ) ;
#4162 = APPROVAL ( #8005, 'UNSPECIFIED' ) ;
#4163 = CARTESIAN_POINT ( 'NONE',  ( 1.499999999999982014, -8.883419307613476875E-15, 12.24264068711923237 ) ) ;
#4164 =( BOUNDED_CURVE ( )  B_SPLINE_CURVE ( 2, ( #2884, #1708, #906, #6787, #397, #4206, #6868, #1030, #437 ),
 .UNSPECIFIED., .F., .F. ) 
 B_SPLINE_CURVE_WITH_KNOTS ( ( 3, 2, 2, 2, 3 ),
 ( 0.7229729729729729160, 0.7252252252252252562, 0.7297297297297297147, 0.7342342342342342842, 0.7364864864864865135 ),
 .UNSPECIFIED. ) 
 CURVE ( )  GEOMETRIC_REPRESENTATION_ITEM ( )  RATIONAL_B_SPLINE_CURVE ( ( 0.9330127018922192983, 0.9330127018922176330, 1.000000000000000000, 0.8660254037844387076, 1.000000000000000000, 0.8660254037844387076, 1.000000000000000000, 0.9330127018922194093, 0.9330127018922194093 ) ) 
 REPRESENTATION_ITEM ( '' )  );
#4165 = VERTEX_POINT ( 'NONE', #3541 ) ;
#4166 = LOCAL_TIME ( 16, 7, 20.00000000000000000, #4090 ) ;
#4167 = LINE ( 'NONE', #4880, #6170 ) ;
#4168 = CARTESIAN_POINT ( 'NONE',  ( -1.499999999999996225, 4.561024215828087150E-15, 2.187499999999966693 ) ) ;
#4169 = LINE ( 'NONE', #7430, #5501 ) ;
#4170 = CYLINDRICAL_SURFACE ( 'NONE', #3048, 1.175240473580825062 ) ;
#4171 = VERTEX_POINT ( 'NONE', #4816 ) ;
#4172 = CARTESIAN_POINT ( 'NONE',  ( 0.000000000000000000, 1.175240473580829503, 1.312499999999975131 ) ) ;
#4173 = ORIENTED_EDGE ( 'NONE', *, *, #8105, .F. ) ;
#4174 = DIRECTION ( 'NONE',  ( 1.000000000000000000, 0.000000000000000000, 0.000000000000000000 ) ) ;
#4175 = CARTESIAN_POINT ( 'NONE',  ( -1.299038105676654897, -0.7499999999999935607, -2.770833333333355242 ) ) ;
#4176 = CARTESIAN_POINT ( 'NONE',  ( 0.8816504037844310471, 1.527063293868253124, 1.505208333333308168 ) ) ;
#4177 = CARTESIAN_POINT ( 'NONE',  ( 0.8660254037844368202, 1.499999999999999334, 3.458333333333309945 ) ) ;
#4178 = CARTESIAN_POINT ( 'NONE',  ( -0.6785254037844228314, 1.175240473580835054, 0.3541666666666449803 ) ) ;
#4179 = CARTESIAN_POINT ( 'NONE',  ( 0.6785254037844321573, -1.175240473580821066, -7.395833333333338366 ) ) ;
#4180 = PERSON_AND_ORGANIZATION ( #2628, #6318 ) ;
#4181 = CARTESIAN_POINT ( 'NONE',  ( 0.8660254037844359321, -1.499999999999992673, -6.645833333333347248 ) ) ;
#4182 = CARTESIAN_POINT ( 'NONE',  ( 0.8660254037844357100, -1.499999999999991562, -4.208333333333340143 ) ) ;
#4183 = ORIENTED_EDGE ( 'NONE', *, *, #1154, .F. ) ;
#4184 = CARTESIAN_POINT ( 'NONE',  ( -0.8816504037844300479, 1.527063293868253568, -7.911458333333338366 ) ) ;
#4185 = CYLINDRICAL_SURFACE ( 'NONE', #1187, 1.499999999999982014 ) ;
#4186 = CARTESIAN_POINT ( 'NONE',  ( -1.836970198721025250E-16, -1.499999999999991784, -6.187500000000015099 ) ) ;
#4187 = CARTESIAN_POINT ( 'NONE',  ( -1.322475605676645793, -0.7635316469341201229, 2.682291666666640317 ) ) ;
#4188 = EDGE_LOOP ( 'NONE', ( #7486, #3307, #4183, #2173 ) ) ;
#4189 = CARTESIAN_POINT ( 'NONE',  ( -0.6785254037844329345, -1.175240473580820622, 8.520833333333293069 ) ) ;
#4190 = CARTESIAN_POINT ( 'NONE',  ( -1.499999999999996447, -5.258250847547031931E-15, -1.312500000000025313 ) ) ;
#4191 = ORIENTED_EDGE ( 'NONE', *, *, #2296, .F. ) ;
#4192 = VERTEX_POINT ( 'NONE', #5617 ) ;
#4193 = CARTESIAN_POINT ( 'NONE',  ( -1.299038105676654675, 0.7500000000000027756, 3.645833333333297066 ) ) ;
#4194 = DIRECTION ( 'NONE',  ( 1.000000000000000000, 0.000000000000000000, 0.000000000000000000 ) ) ;
#4195 = CARTESIAN_POINT ( 'NONE',  ( 1.357050807568865203, 4.125744759050742171E-15, 4.124999999999968914 ) ) ;
#4196 = CARTESIAN_POINT ( 'NONE',  ( 1.175240473580823952, 9.151099541311131024E-15, 3.624999999999972911 ) ) ;
#4197 = CARTESIAN_POINT ( 'NONE',  ( 1.299038105676654009, -0.7499999999999942268, -0.6666666666666805074 ) ) ;
#4198 = CARTESIAN_POINT ( 'NONE',  ( -0.8816504037844300479, 1.527063293868253568, 9.588541666666625218 ) ) ;
#4199 =( BOUNDED_CURVE ( )  B_SPLINE_CURVE ( 2, ( #2172, #2302, #4804, #6194, #356, #1589, #1544, #4121, #5431 ),
 .UNSPECIFIED., .F., .F. ) 
 B_SPLINE_CURVE_WITH_KNOTS ( ( 3, 2, 2, 2, 3 ),
 ( 0.5878378378378379399, 0.5900900900900900581, 0.5945945945945946276, 0.5990990990990990861, 0.6013513513513514264 ),
 .UNSPECIFIED. ) 
 CURVE ( )  GEOMETRIC_REPRESENTATION_ITEM ( )  RATIONAL_B_SPLINE_CURVE ( ( 0.9330127018922194093, 0.9330127018922226290, 1.000000000000000000, 0.8660254037844387076, 1.000000000000000000, 0.8660254037844387076, 1.000000000000000000, 0.9330127018922176330, 0.9330127018922192983 ) ) 
 REPRESENTATION_ITEM ( '' )  );
#4200 = CARTESIAN_POINT ( 'NONE',  ( -1.017788105676667332, -0.5876202367903763379, 7.416666666666630547 ) ) ;
#4201 = CARTESIAN_POINT ( 'NONE',  ( -1.322475605676645793, -0.7635316469341201229, -5.317708333333342807 ) ) ;
#4202 = ORIENTED_EDGE ( 'NONE', *, *, #272, .F. ) ;
#4203 = EDGE_CURVE ( 'NONE', #1315, #6337, #5217, .T. ) ;
#4204 = CARTESIAN_POINT ( 'NONE',  ( -1.499999999999995781, -7.814748497183156485E-15, -5.875000000000000888 ) ) ;
#4205 = CARTESIAN_POINT ( 'NONE',  ( -1.499999999999995559, 4.561024215828087150E-15, 6.124999999999971578 ) ) ;
#4206 = CARTESIAN_POINT ( 'NONE',  ( -0.8660254037844362651, 1.500000000000000666, 5.104166666666627883 ) ) ;
#4207 = CARTESIAN_POINT ( 'NONE',  ( 1.175240473580826395, -0.3149047358083498227, 1.165170900630716488 ) ) ;
#4208 = CARTESIAN_POINT ( 'NONE',  ( 0.000000000000000000, -9.067116327485578019E-15, 12.24264068711923237 ) ) ;
#4209 = EDGE_CURVE ( 'NONE', #2493, #1939, #4242, .T. ) ;
#4210 = CARTESIAN_POINT ( 'NONE',  ( 1.175240473580825062, 4.375030948216173530E-15, -8.000000000000000000 ) ) ;
#4211 = ORIENTED_EDGE ( 'NONE', *, *, #4867, .T. ) ;
#4212 = CARTESIAN_POINT ( 'NONE',  ( -1.017788105676648902, 0.5876202367904169721, 2.395833333333307280 ) ) ;
#4213 = VERTEX_POINT ( 'NONE', #2271 ) ;
#4214 = CARTESIAN_POINT ( 'NONE',  ( -0.6785254037844233865, 1.175240473580834610, -0.6458333333333533544 ) ) ;
#4215 = CARTESIAN_POINT ( 'NONE',  ( 1.499999999999995781, -0.4019237886466791032, 3.852670900630716044 ) ) ;
#4216 = CARTESIAN_POINT ( 'NONE',  ( 1.322475605676645127, -0.7635316469341209000, 3.380208333333304616 ) ) ;
#4217 = CARTESIAN_POINT ( 'NONE',  ( -1.499999999999995781, 0.4019237886466874854, 3.602670900630717821 ) ) ;
#4218 = CARTESIAN_POINT ( 'NONE',  ( 0.6785254037844321573, -1.175240473580821066, -4.395833333333345472 ) ) ;
#4219 = DIRECTION ( 'NONE',  ( 1.000000000000000000, 0.000000000000000000, 0.000000000000000000 ) ) ;
#4220 = CYLINDRICAL_SURFACE ( 'NONE', #5085, 1.175240473580825062 ) ;
#4221 = ORIENTED_EDGE ( 'NONE', *, *, #4137, .F. ) ;
#4222 = CARTESIAN_POINT ( 'NONE',  ( 0.8816504037844296038, -1.527063293868245131, -5.661458333333342807 ) ) ;
#4223 = CARTESIAN_POINT ( 'NONE',  ( 1.499999999999982014, -8.883419307613476875E-15, 12.24264068711923237 ) ) ;
#4224 = CARTESIAN_POINT ( 'NONE',  ( 1.499999999999996447, -6.042630808230842937E-15, -6.062500000000015987 ) ) ;
#4225 = CARTESIAN_POINT ( 'NONE',  ( 1.322475605676646238, 0.7635316469341281165, 4.432291666666636765 ) ) ;
#4226 = ORIENTED_EDGE ( 'NONE', *, *, #6476, .F. ) ;
#4227 = CARTESIAN_POINT ( 'NONE',  ( 0.000000000000000000, 1.175240473580829503, 8.812499999999959144 ) ) ;
#4228 = LINE ( 'NONE', #6212, #4676 ) ;
#4229 = EDGE_LOOP ( 'NONE', ( #2243, #1318, #608, #5877 ) ) ;
#4230 = ORIENTED_EDGE ( 'NONE', *, *, #5074, .F. ) ;
#4231 = CARTESIAN_POINT ( 'NONE',  ( -1.499999999999996447, -0.4019237886466784926, 4.709829099369221339 ) ) ;
#4232 = DIRECTION ( 'NONE',  ( 1.000000000000000000, 0.000000000000000000, 0.000000000000000000 ) ) ;
#4233 = CARTESIAN_POINT ( 'NONE',  ( 0.6785254037844331565, 1.175240473580829059, 6.208333333333298398 ) ) ;
#4234 = CARTESIAN_POINT ( 'NONE',  ( -1.499999999999990452, -0.4019237886466874854, 2.147329099369240879 ) ) ;
#4235 = LINE ( 'NONE', #4793, #2928 ) ;
#4236 = CARTESIAN_POINT ( 'NONE',  ( -0.8816504037844300479, 1.527063293868253568, 7.588541666666626995 ) ) ;
#4237 = CARTESIAN_POINT ( 'NONE',  ( 0.000000000000000000, 4.375030948216173530E-15, -8.000000000000000000 ) ) ;
#4238 = CARTESIAN_POINT ( 'NONE',  ( -1.870113174931165872E-16, -1.527063293868245131, -6.234375000000007105 ) ) ;
#4239 = ORIENTED_EDGE ( 'NONE', *, *, #3776, .F. ) ;
#4240 = CARTESIAN_POINT ( 'NONE',  ( 1.499999999999996447, 3.776644255144276145E-15, 6.437499999999958256 ) ) ;
#4241 = VECTOR ( 'NONE', #2847, 1000.000000000000000 ) ;
#4242 =( BOUNDED_CURVE ( )  B_SPLINE_CURVE ( 2, ( #5491, #3662, #8175, #4344, #7401, #5576, #4857, #923, #7525 ),
 .UNSPECIFIED., .F., .F. ) 
 B_SPLINE_CURVE_WITH_KNOTS ( ( 3, 2, 2, 2, 3 ),
 ( 0.7500000000000001110, 0.7522522522522522292, 0.7567567567567567988, 0.7612612612612612573, 0.7635135135135135975 ),
 .UNSPECIFIED. ) 
 CURVE ( )  GEOMETRIC_REPRESENTATION_ITEM ( )  RATIONAL_B_SPLINE_CURVE ( ( 0.9330127018922194093, 0.9330127018922226290, 1.000000000000000000, 0.8660254037844387076, 1.000000000000000000, 0.8660254037844387076, 1.000000000000000000, 0.9330127018922160786, 0.9330127018922194093 ) ) 
 REPRESENTATION_ITEM ( '' )  );
#4243 = CARTESIAN_POINT ( 'NONE',  ( -1.499999999999995781, 0.4019237886466874854, 6.102670900630712936 ) ) ;
#4244 = DIRECTION ( 'NONE',  ( -0.000000000000000000, -0.000000000000000000, 1.000000000000000000 ) ) ;
#4245 = CARTESIAN_POINT ( 'NONE',  ( -0.6785254037844631325, -1.175240473580803524, 2.520833333333307280 ) ) ;
#4246 = ADVANCED_FACE ( 'NONE', ( #6124 ), #4409, .F. ) ;
#4247 = CARTESIAN_POINT ( 'NONE',  ( -9.135222912987789366E-13, -1.460376587736470277, -7.664623412263503077 ) ) ;
#4248 = EDGE_CURVE ( 'NONE', #6863, #8336, #334, .T. ) ;
#4249 =( BOUNDED_CURVE ( )  B_SPLINE_CURVE ( 2, ( #2600, #3199, #1383, #4513, #3956, #110, #3364, #7735, #663 ),
 .UNSPECIFIED., .F., .T. ) 
 B_SPLINE_CURVE_WITH_KNOTS ( ( 3, 2, 2, 2, 3 ),
 ( 0.5067567567567567988, 0.5090090090090090280, 0.5135135135135134865, 0.5180180180180180560, 0.5202702702702703963 ),
 .UNSPECIFIED. ) 
 CURVE ( )  GEOMETRIC_REPRESENTATION_ITEM ( )  RATIONAL_B_SPLINE_CURVE ( ( 0.9330127018922192983, 0.9330127018922209636, 1.000000000000000000, 0.8660254037844387076, 1.000000000000000000, 0.8660254037844387076, 1.000000000000000000, 0.9330127018922160786, 0.9330127018922194093 ) ) 
 REPRESENTATION_ITEM ( '' )  );
#4250 = DIRECTION ( 'NONE',  ( -1.000000000000000000, 0.000000000000000000, 0.000000000000000000 ) ) ;
#4251 = VERTEX_POINT ( 'NONE', #1091 ) ;
#4252 = CARTESIAN_POINT ( 'NONE',  ( 1.017788105676649346, 0.5876202367904160839, 2.729166666666640317 ) ) ;
#4253 = ADVANCED_FACE ( 'NONE', ( #1683 ), #5533, .T. ) ;
#4254 = EDGE_LOOP ( 'NONE', ( #1981, #39, #5746, #3383 ) ) ;
#4255 = CARTESIAN_POINT ( 'NONE',  ( 0.6785254037844239416, -1.175240473580825507, 5.604166666666634100 ) ) ;
#4256 = CARTESIAN_POINT ( 'NONE',  ( -1.322475605676645349, -0.7635316469341199008, 3.213541666666637209 ) ) ;
#4257 = CARTESIAN_POINT ( 'NONE',  ( -1.836970198721024757E-16, -1.499999999999991562, -1.750000000000011768 ) ) ;
#4258 = CARTESIAN_POINT ( 'NONE',  ( -0.6785254037844324904, 1.175240473580829281, -5.645833333333342807 ) ) ;
#4259 = FACE_OUTER_BOUND ( 'NONE', #3623, .T. ) ;
#4260 = EDGE_CURVE ( 'NONE', #3769, #4906, #2228, .T. ) ;
#4261 = CARTESIAN_POINT ( 'NONE',  ( 0.000000000000000000, -9.067116327485578019E-15, 12.24264068711923237 ) ) ;
#4262 = ORIENTED_EDGE ( 'NONE', *, *, #7940, .F. ) ;
#4263 = CARTESIAN_POINT ( 'NONE',  ( 0.000000000000000000, 1.527063293868253568, -3.453125000000015099 ) ) ;
#4264 = CARTESIAN_POINT ( 'NONE',  ( -1.836970198721024757E-16, -1.499999999999991562, -0.2500000000000146549 ) ) ;
#4265 = CARTESIAN_POINT ( 'NONE',  ( -1.322475605676645571, 0.7635316469341293377, 4.098958333333303727 ) ) ;
#4266 = VERTEX_POINT ( 'NONE', #6845 ) ;
#4267 = CARTESIAN_POINT ( 'NONE',  ( 1.500000000000000888, 0.4019237886466774379, -7.102670900630739581 ) ) ;
#4268 = CARTESIAN_POINT ( 'NONE',  ( 1.499999999999996447, -6.042630808230842937E-15, -5.562500000000017764 ) ) ;
#4269 = ORIENTED_EDGE ( 'NONE', *, *, #4976, .F. ) ;
#4270 = ORIENTED_EDGE ( 'NONE', *, *, #2284, .F. ) ;
#4271 = CARTESIAN_POINT ( 'NONE',  ( 0.000000000000000000, -9.067116327485578019E-15, 12.24264068711923237 ) ) ;
#4272 = CARTESIAN_POINT ( 'NONE',  ( 0.8660254037844357100, -1.499999999999991562, -6.208333333333334814 ) ) ;
#4273 = CARTESIAN_POINT ( 'NONE',  ( -0.6785254037844329345, -1.175240473580820622, 4.958333333333301063 ) ) ;
#4274 = CARTESIAN_POINT ( 'NONE',  ( -1.500000000000000888, -0.4019237886466691112, -0.8526709006307537919 ) ) ;
#4275 = CARTESIAN_POINT ( 'NONE',  ( -0.4108596822587341491, 0.9174905902280059422, 9.495516201587639316 ) ) ;
#4276 = CARTESIAN_POINT ( 'NONE',  ( -1.175240473580825284, 3.050366513770377797E-15, -4.625000000000009770 ) ) ;
#4277 = CARTESIAN_POINT ( 'NONE',  ( -1.322475605676645793, -0.7635316469341201229, -3.317708333333346804 ) ) ;
#4278 = ORIENTED_EDGE ( 'NONE', *, *, #6515, .F. ) ;
#4279 = AXIS2_PLACEMENT_3D ( 'NONE', #6573, #862, #2131 ) ;
#4280 = CYLINDRICAL_SURFACE ( 'NONE', #5753, 1.175240473580825062 ) ;
#4281 = VERTEX_POINT ( 'NONE', #3502 ) ;
#4282 = CARTESIAN_POINT ( 'NONE',  ( -1.836970198721024757E-16, -1.499999999999991562, -6.750000000000000888 ) ) ;
#4283 = CARTESIAN_POINT ( 'NONE',  ( 1.017788105676648902, -0.5876202367904087565, -1.916666666666684504 ) ) ;
#4284 = CARTESIAN_POINT ( 'NONE',  ( -0.8660254037844362651, 1.500000000000000666, 7.104166666666622554 ) ) ;
#4285 = CARTESIAN_POINT ( 'NONE',  ( -0.6097359538372288945, -1.306099151804672287, -7.686440782102462954 ) ) ;
#4286 = FACE_OUTER_BOUND ( 'NONE', #942, .T. ) ;
#4287 = CARTESIAN_POINT ( 'NONE',  ( -1.175240473580828615, -4.241462009623571877E-15, 5.374999999999968914 ) ) ;
#4288 = ORIENTED_EDGE ( 'NONE', *, *, #7404, .T. ) ;
#4289 = CARTESIAN_POINT ( 'NONE',  ( 0.6785254037844331565, 1.175240473580829059, 1.770833333333308390 ) ) ;
#4290 = EDGE_CURVE ( 'NONE', #2660, #5852, #190, .T. ) ;
#4291 =( BOUNDED_CURVE ( )  B_SPLINE_CURVE ( 2, ( #1364, #5294, #7888, #3258, #1449, #7157, #6605, #5132, #1322 ),
 .UNSPECIFIED., .F., .T. ) 
 B_SPLINE_CURVE_WITH_KNOTS ( ( 3, 2, 2, 2, 3 ),
 ( 0.5067567567567567988, 0.5090090090090090280, 0.5135135135135134865, 0.5180180180180180560, 0.5202702702702702853 ),
 .UNSPECIFIED. ) 
 CURVE ( )  GEOMETRIC_REPRESENTATION_ITEM ( )  RATIONAL_B_SPLINE_CURVE ( ( 0.9330127018922194093, 0.9330127018922210747, 1.000000000000000000, 0.8660254037844388186, 1.000000000000000000, 0.8660254037844388186, 1.000000000000000000, 0.9330127018922194093, 0.9330127018922194093 ) ) 
 REPRESENTATION_ITEM ( '' )  );
#4292 = AXIS2_PLACEMENT_3D ( 'NONE', #7277, #6638, #840 ) ;
#4293 =( BOUNDED_CURVE ( )  B_SPLINE_CURVE ( 2, ( #718, #2658, #7148, #7838, #3248, #4607, #803, #1354, #7187 ),
 .UNSPECIFIED., .F., .F. ) 
 B_SPLINE_CURVE_WITH_KNOTS ( ( 3, 2, 2, 2, 3 ),
 ( 0.3986486486486485736, 0.4009009009009009139, 0.4054054054054053724, 0.4099099099099099419, 0.4121621621621621712 ),
 .UNSPECIFIED. ) 
 CURVE ( )  GEOMETRIC_REPRESENTATION_ITEM ( )  RATIONAL_B_SPLINE_CURVE ( ( 0.9330127018922194093, 0.9330127018922177440, 1.000000000000000000, 0.8660254037844388186, 1.000000000000000000, 0.8660254037844388186, 1.000000000000000000, 0.9330127018922194093, 0.9330127018922194093 ) ) 
 REPRESENTATION_ITEM ( '' )  );
#4294 = VERTEX_POINT ( 'NONE', #2904 ) ;
#4295 = CARTESIAN_POINT ( 'NONE',  ( -1.175240473580826395, -0.3149047358083337245, 5.459829099369228445 ) ) ;
#4296 = CARTESIAN_POINT ( 'NONE',  ( 1.175240473580826395, 1.917373237227094007E-15, -0.8750000000000195399 ) ) ;
#4297 = CARTESIAN_POINT ( 'NONE',  ( 1.322475605676645127, -0.7635316469341209000, 2.880208333333305948 ) ) ;
#4298 = CARTESIAN_POINT ( 'NONE',  ( -1.499999999999993783, -0.4019237886466829890, 0.7098290993692311091 ) ) ;
#4299 = CARTESIAN_POINT ( 'NONE',  ( 1.499999999999995559, 3.747593145489319422E-15, 3.874999999999976019 ) ) ;
#4300 = LOCAL_TIME ( 16, 7, 20.00000000000000000, #4131 ) ;
#4301 = CARTESIAN_POINT ( 'NONE',  ( 1.017788105676649346, 0.5876202367904160839, -5.270833333333343695 ) ) ;
#4302 = ADVANCED_FACE ( 'NONE', ( #3580 ), #4220, .T. ) ;
#4303 = CARTESIAN_POINT ( 'NONE',  ( -1.499999999999996447, -4.357666448243395021E-16, -3.812500000000019984 ) ) ;
#4304 = CARTESIAN_POINT ( 'NONE',  ( 0.000000000000000000, 1.500000000000000666, 2.062499999999968026 ) ) ;
#4305 = ORIENTED_EDGE ( 'NONE', *, *, #47, .T. ) ;
#4306 = CARTESIAN_POINT ( 'NONE',  ( -1.322475605676645127, 0.7635316469341291157, -5.869791666666675845 ) ) ;
#4307 = CARTESIAN_POINT ( 'NONE',  ( 0.6785254037844687947, 1.175240473580808187, 5.208333333333301951 ) ) ;
#4308 = ADVANCED_FACE ( 'NONE', ( #6455 ), #3791, .T. ) ;
#4309 = EDGE_CURVE ( 'NONE', #6550, #7975, #1133, .T. ) ;
#4310 = CARTESIAN_POINT ( 'NONE',  ( -1.322475605676645571, 0.7635316469341293377, 4.598958333333301951 ) ) ;
#4311 = CARTESIAN_POINT ( 'NONE',  ( -1.499999999999996447, -1.519373034954197633E-14, 2.687499999999967137 ) ) ;
#4312 = DIRECTION ( 'NONE',  ( 0.000000000000000000, 0.000000000000000000, -1.000000000000000000 ) ) ;
#4313 = ORIENTED_EDGE ( 'NONE', *, *, #5998, .F. ) ;
#4314 = ORIENTED_EDGE ( 'NONE', *, *, #4655, .T. ) ;
#4315 = CYLINDRICAL_SURFACE ( 'NONE', #2057, 1.175240473580825062 ) ;
#4316 = CARTESIAN_POINT ( 'NONE',  ( -7.485578220028682164E-15, -1.175240473580820844, -2.437500000000015987 ) ) ;
#4317 = CARTESIAN_POINT ( 'NONE',  ( -0.6785254037844324904, 1.175240473580829281, 7.291666666666628771 ) ) ;
#4318 = CARTESIAN_POINT ( 'NONE',  ( 0.000000000000000000, 4.375030948216173530E-15, -8.000000000000000000 ) ) ;
#4319 = CARTESIAN_POINT ( 'NONE',  ( -1.175240473580823952, -3.921899803419055815E-15, 4.874999999999969802 ) ) ;
#4320 = CARTESIAN_POINT ( 'NONE',  ( 1.499999999999982014, -8.883419307613476875E-15, 12.24264068711923237 ) ) ;
#4321 = CARTESIAN_POINT ( 'NONE',  ( -0.6785254037844400399, -1.175240473580816403, 5.958333333333298398 ) ) ;
#4322 = CARTESIAN_POINT ( 'NONE',  ( -0.8816504037844309360, -1.527063293868244909, -2.776041666666682062 ) ) ;
#4323 = ORIENTED_EDGE ( 'NONE', *, *, #903, .F. ) ;
#4324 = CARTESIAN_POINT ( 'NONE',  ( 0.000000000000000000, 4.375030948216173530E-15, -8.000000000000000000 ) ) ;
#4325 = ORIENTED_EDGE ( 'NONE', *, *, #5326, .T. ) ;
#4326 = CARTESIAN_POINT ( 'NONE',  ( -1.499999999999998446, 0.4019237886466830445, -0.3348290993692875084 ) ) ;
#4327 = CARTESIAN_POINT ( 'NONE',  ( 1.299038105676654009, -0.7499999999999942268, -4.666666666666672292 ) ) ;
#4328 = CARTESIAN_POINT ( 'NONE',  ( 0.000000000000000000, 1.175240473580829503, -2.750000000000015543 ) ) ;
#4329 = CARTESIAN_POINT ( 'NONE',  ( -0.6785254037844345998, -1.175240473580819733, -6.979166666666673180 ) ) ;
#4330 = CYLINDRICAL_SURFACE ( 'NONE', #639, 1.499999999999982014 ) ;
#4331 = CARTESIAN_POINT ( 'NONE',  ( -1.175240473580819733, -0.3149047358083411075, 4.897329099369229333 ) ) ;
#4332 = CARTESIAN_POINT ( 'NONE',  ( 1.175240473580826395, -0.3149047358083498227, 1.102670900630716488 ) ) ;
#4333 = VERTEX_POINT ( 'NONE', #2474 ) ;
#4334 = CARTESIAN_POINT ( 'NONE',  ( 0.000000000000000000, 1.175240473580829503, 2.812499999999972911 ) ) ;
#4335 = ORIENTED_EDGE ( 'NONE', *, *, #6226, .T. ) ;
#4336 = CARTESIAN_POINT ( 'NONE',  ( 1.266834926533868262E-14, 1.175240473580829503, -0.6875000000000196509 ) ) ;
#4337 = CARTESIAN_POINT ( 'NONE',  ( -1.299038105676654453, -0.7499999999999933387, -2.833333333333342807 ) ) ;
#4338 = CARTESIAN_POINT ( 'NONE',  ( -1.017788105676662669, -0.5876202367903842205, 5.979166666666632324 ) ) ;
#4339 = CARTESIAN_POINT ( 'NONE',  ( -0.8816504037844307140, -1.527063293868244465, 3.255208333333304171 ) ) ;
#4340 = CARTESIAN_POINT ( 'NONE',  ( -1.460376587736486931, 4.561024215828087150E-15, 7.710376587736503140 ) ) ;
#4341 = CARTESIAN_POINT ( 'NONE',  ( 1.017788105676649346, 0.5876202367904160839, -4.770833333333343695 ) ) ;
#4342 =( BOUNDED_CURVE ( )  B_SPLINE_CURVE ( 2, ( #3268, #7083, #3862, #5181, #7210, #5304, #1289, #3991, #3906 ),
 .UNSPECIFIED., .F., .T. ) 
 B_SPLINE_CURVE_WITH_KNOTS ( ( 3, 2, 2, 2, 3 ),
 ( 0.1148648648648648712, 0.1171171171171171144, 0.1216216216216216284, 0.1261261261261261146, 0.1283783783783783716 ),
 .UNSPECIFIED. ) 
 CURVE ( )  GEOMETRIC_REPRESENTATION_ITEM ( )  RATIONAL_B_SPLINE_CURVE ( ( 0.9330127018922194093, 0.9330127018922196314, 1.000000000000000000, 0.8660254037844387076, 1.000000000000000000, 0.8660254037844387076, 1.000000000000000000, 0.9330127018922194093, 0.9330127018922194093 ) ) 
 REPRESENTATION_ITEM ( '' )  );
#4343 = CARTESIAN_POINT ( 'NONE',  ( 1.175240473580825284, 6.362193014435358999E-15, -5.312500000000009770 ) ) ;
#4344 = CARTESIAN_POINT ( 'NONE',  ( 0.6785254037844608010, 1.175240473580813072, 5.770833333333299286 ) ) ;
#4345 = ORIENTED_EDGE ( 'NONE', *, *, #2898, .T. ) ;
#4346 = CARTESIAN_POINT ( 'NONE',  ( -0.8816504037844300479, 1.527063293868253568, -3.911458333333347248 ) ) ;
#4347 = EDGE_CURVE ( 'NONE', #2821, #4585, #4738, .T. ) ;
#4348 = CARTESIAN_POINT ( 'NONE',  ( -1.500000000000001776, 0.4019237886466784371, 2.665170900630706718 ) ) ;
#4349 = ADVANCED_FACE ( 'NONE', ( #5699 ), #2777, .T. ) ;
#4350 = CARTESIAN_POINT ( 'NONE',  ( 0.8816504037844311581, 1.527063293868253568, 5.973958333333300175 ) ) ;
#4351 = DIRECTION ( 'NONE',  ( -0.000000000000000000, -0.000000000000000000, 1.000000000000000000 ) ) ;
#4352 = CARTESIAN_POINT ( 'NONE',  ( 1.175240473580825284, 0.3149047358083562065, -7.290170900630746686 ) ) ;
#4353 = CARTESIAN_POINT ( 'NONE',  ( -1.499999999999996447, -1.519373034954197633E-14, -2.812500000000021760 ) ) ;
#4354 = EDGE_CURVE ( 'NONE', #5115, #5207, #3722, .T. ) ;
#4355 = ORIENTED_EDGE ( 'NONE', *, *, #5895, .F. ) ;
#4356 = ORIENTED_EDGE ( 'NONE', *, *, #5446, .F. ) ;
#4357 = CARTESIAN_POINT ( 'NONE',  ( -1.175240473580825062, 4.518956396636091433E-15, -8.000000000000000000 ) ) ;
#4358 = CARTESIAN_POINT ( 'NONE',  ( -1.957822569168769475E-14, -1.175240473580820844, 4.062499999999970690 ) ) ;
#4359 = CARTESIAN_POINT ( 'NONE',  ( 0.000000000000000000, 1.175240473580829503, 6.749999999999964473 ) ) ;
#4360 = CARTESIAN_POINT ( 'NONE',  ( -1.499999999999982014, -9.067116327485578019E-15, 12.24264068711923237 ) ) ;
#4361 = FACE_OUTER_BOUND ( 'NONE', #6247, .T. ) ;
#4362 = CARTESIAN_POINT ( 'NONE',  ( -0.6785254037844533626, -1.175240473580808853, -0.04166666666668810554 ) ) ;
#4363 = CARTESIAN_POINT ( 'NONE',  ( -3.800650269820901646E-14, -1.175240473580820844, 6.999999999999962697 ) ) ;
#4364 = CARTESIAN_POINT ( 'NONE',  ( -1.322475605676645793, -0.7635316469341201229, -3.817708333333345472 ) ) ;
#4365 = ORIENTED_EDGE ( 'NONE', *, *, #4088, .T. ) ;
#4366 =( BOUNDED_CURVE ( )  B_SPLINE_CURVE ( 2, ( #2327, #3001, #3557, #7331, #938, #1577, #4155, #5419, #8149 ),
 .UNSPECIFIED., .F., .F. ) 
 B_SPLINE_CURVE_WITH_KNOTS ( ( 3, 2, 2, 2, 3 ),
 ( 0.8581081081081081141, 0.8603603603603603434, 0.8648648648648649129, 0.8693693693693693714, 0.8716216216216216006 ),
 .UNSPECIFIED. ) 
 CURVE ( )  GEOMETRIC_REPRESENTATION_ITEM ( )  RATIONAL_B_SPLINE_CURVE ( ( 0.9330127018922194093, 0.9330127018922194093, 1.000000000000000000, 0.8660254037844387076, 1.000000000000000000, 0.8660254037844387076, 1.000000000000000000, 0.9330127018922194093, 0.9330127018922194093 ) ) 
 REPRESENTATION_ITEM ( '' )  );
#4367 = ADVANCED_FACE ( 'NONE', ( #6302 ), #5632, .T. ) ;
#4368 = EDGE_LOOP ( 'NONE', ( #638, #5156, #7326, #3920 ) ) ;
#4369 = DIRECTION ( 'NONE',  ( 0.000000000000000000, -1.000000000000000000, 0.000000000000000000 ) ) ;
#4370 = CARTESIAN_POINT ( 'NONE',  ( -0.6785254037844329345, -1.175240473580820622, -2.541666666666682506 ) ) ;
#4371 = AXIS2_PLACEMENT_3D ( 'NONE', #4119, #6703, #907 ) ;
#4372 = FACE_OUTER_BOUND ( 'NONE', #7279, .T. ) ;
#4373 = CARTESIAN_POINT ( 'NONE',  ( -0.9768804963239572370, -0.9297166196346297040, 7.595686809509441417 ) ) ;
#4374 = CARTESIAN_POINT ( 'NONE',  ( -0.6785254037844140607, 1.175240473580839717, 0.7916666666666435370 ) ) ;
#4375 = ORIENTED_EDGE ( 'NONE', *, *, #1054, .T. ) ;
#4376 = CARTESIAN_POINT ( 'NONE',  ( -0.6785254037844329345, -1.175240473580820622, 5.020833333333300175 ) ) ;
#4377 = VECTOR ( 'NONE', #2349, 1000.000000000000000 ) ;
#4378 = ORIENTED_EDGE ( 'NONE', *, *, #5338, .T. ) ;
#4379 = CARTESIAN_POINT ( 'NONE',  ( 0.6785254037844474784, 1.175240473580820844, -2.791666666666682062 ) ) ;
#4380 = CYLINDRICAL_SURFACE ( 'NONE', #7345, 1.175240473580825062 ) ;
#4381 = CARTESIAN_POINT ( 'NONE',  ( 1.499999999999996447, -6.042630808230842937E-15, -5.062500000000019540 ) ) ;
#4382 = CARTESIAN_POINT ( 'NONE',  ( -0.8660254037844369313, -1.499999999999991562, 0.7708333333333030613 ) ) ;
#4383 = CARTESIAN_POINT ( 'NONE',  ( 0.6785254037844331565, 1.175240473580829059, -5.729166666666675845 ) ) ;
#4384 = CARTESIAN_POINT ( 'NONE',  ( 0.6785254037844417052, 1.175240473580823952, 1.708333333333308168 ) ) ;
#4385 = CARTESIAN_POINT ( 'NONE',  ( -1.017788105676648902, -0.5876202367904079793, -8.083333333333337478 ) ) ;
#4386 = CARTESIAN_POINT ( 'NONE',  ( -1.322475605676645349, -0.7635316469341199008, -5.786458333333342807 ) ) ;
#4387 = CARTESIAN_POINT ( 'NONE',  ( -0.6785254037844343777, -1.175240473580819733, -7.479166666666672292 ) ) ;
#4388 = CARTESIAN_POINT ( 'NONE',  ( -0.8816504037844309360, -1.527063293868244909, 6.223958333333298398 ) ) ;
#4389 = CARTESIAN_POINT ( 'NONE',  ( 1.299038105676654675, 0.7500000000000013323, -7.083333333333333925 ) ) ;
#4390 = CARTESIAN_POINT ( 'NONE',  ( 0.000000000000000000, 4.375030948216173530E-15, -8.000000000000000000 ) ) ;
#4391 = EDGE_CURVE ( 'NONE', #8310, #1571, #2451, .T. ) ;
#4392 = DIRECTION ( 'NONE',  ( 0.000000000000000000, 0.000000000000000000, -1.000000000000000000 ) ) ;
#4393 = EDGE_CURVE ( 'NONE', #2675, #2254, #5079, .T. ) ;
#4394 = ORIENTED_EDGE ( 'NONE', *, *, #2395, .F. ) ;
#4395 = ORIENTED_EDGE ( 'NONE', *, *, #1099, .T. ) ;
#4396 = CARTESIAN_POINT ( 'NONE',  ( -1.175240473580823952, -4.502921996518175282E-15, 5.874999999999967137 ) ) ;
#4397 = CARTESIAN_POINT ( 'NONE',  ( 1.000000000000006217, -0.2033195896942558978, 9.495299461620749781 ) ) ;
#4398 = CARTESIAN_POINT ( 'NONE',  ( 1.357050807568865203, 4.125744759050742171E-15, 7.124999999999962697 ) ) ;
#4399 = LINE ( 'NONE', #4553, #5455 ) ;
#4400 = CARTESIAN_POINT ( 'NONE',  ( 0.000000000000000000, -9.067116327485578019E-15, 12.24264068711923237 ) ) ;
#4401 = CARTESIAN_POINT ( 'NONE',  ( -1.175240473580825284, -0.3149047358083421067, -0.1026709006307610361 ) ) ;
#4402 = AXIS2_PLACEMENT_3D ( 'NONE', #4019, #6599, #5965 ) ;
#4403 = CARTESIAN_POINT ( 'NONE',  ( -0.6785254037844254960, 1.175240473580833056, -4.645833333333344584 ) ) ;
#4404 = CARTESIAN_POINT ( 'NONE',  ( -1.870113174931165872E-16, -1.527063293868245131, -2.734375000000014655 ) ) ;
#4405 = EDGE_CURVE ( 'NONE', #1315, #4754, #5590, .T. ) ;
#4406 = ORIENTED_EDGE ( 'NONE', *, *, #626, .T. ) ;
#4407 = EDGE_CURVE ( 'NONE', #1769, #311, #6197, .T. ) ;
#4408 = CARTESIAN_POINT ( 'NONE',  ( 1.499999999999996447, -6.042630808230842937E-15, -0.06250000000002882417 ) ) ;
#4409 = CONICAL_SURFACE ( 'NONE', #2107, 1.154700538379258568, 0.7853981633974500554 ) ;
#4410 = VERTEX_POINT ( 'NONE', #3087 ) ;
#4411 = CARTESIAN_POINT ( 'NONE',  ( 1.499999999999999112, 0.4019237886466822118, -0.5401709006307671146 ) ) ;
#4412 = CARTESIAN_POINT ( 'NONE',  ( -1.836970198721024757E-16, -1.499999999999991562, -4.750000000000006217 ) ) ;
#4413 = CARTESIAN_POINT ( 'NONE',  ( 0.000000000000000000, 1.175240473580829503, -3.250000000000015099 ) ) ;
#4414 = CARTESIAN_POINT ( 'NONE',  ( -1.243478726641463769E-16, -1.154700538379266783, 8.495000000000000995 ) ) ;
#4415 = CARTESIAN_POINT ( 'NONE',  ( 1.017788105676643129, -0.5876202367904180823, 2.083333333333306836 ) ) ;
#4416 = DIRECTION ( 'NONE',  ( 0.000000000000000000, -1.000000000000000000, 0.000000000000000000 ) ) ;
#4417 = DIRECTION ( 'NONE',  ( 1.000000000000000000, 0.000000000000000000, 0.000000000000000000 ) ) ;
#4418 = ADVANCED_FACE ( 'NONE', ( #8150 ), #8276, .T. ) ;
#4419 = ORIENTED_EDGE ( 'NONE', *, *, #582, .F. ) ;
#4420 = VECTOR ( 'NONE', #6436, 1000.000000000000000 ) ;
#4421 = CARTESIAN_POINT ( 'NONE',  ( 1.357050807568865203, 4.125744759050742171E-15, 4.187499999999968914 ) ) ;
#4422 =( BOUNDED_CURVE ( )  B_SPLINE_CURVE ( 2, ( #8186, #510, #6381, #2407, #4358, #7579, #1191, #7703, #1147 ),
 .UNSPECIFIED., .F., .F. ) 
 B_SPLINE_CURVE_WITH_KNOTS ( ( 3, 2, 2, 2, 3 ),
 ( 0.6554054054054054834, 0.6576576576576577127, 0.6621621621621621712, 0.6666666666666666297, 0.6689189189189189699 ),
 .UNSPECIFIED. ) 
 CURVE ( )  GEOMETRIC_REPRESENTATION_ITEM ( )  RATIONAL_B_SPLINE_CURVE ( ( 0.9330127018922192983, 0.9330127018922209636, 1.000000000000000000, 0.8660254037844387076, 1.000000000000000000, 0.8660254037844387076, 1.000000000000000000, 0.9330127018922176330, 0.9330127018922192983 ) ) 
 REPRESENTATION_ITEM ( '' )  );
#4423 = EDGE_LOOP ( 'NONE', ( #259, #7273, #129, #8290, #8270 ) ) ;
#4424 = VECTOR ( 'NONE', #1064, 1000.000000000000000 ) ;
#4425 = CARTESIAN_POINT ( 'NONE',  ( 1.000000000000006217, 0.3986914069070807698, 9.560670568858729013 ) ) ;
#4426 = CARTESIAN_POINT ( 'NONE',  ( 0.000000000000000000, 4.375030948216173530E-15, -8.000000000000000000 ) ) ;
#4427 = CARTESIAN_POINT ( 'NONE',  ( 1.499999999999991340, -0.4019237886466884291, 5.915170900630698725 ) ) ;
#4428 = CARTESIAN_POINT ( 'NONE',  ( 1.175240473580825062, 4.375030948216173530E-15, -8.000000000000000000 ) ) ;
#4429 = CARTESIAN_POINT ( 'NONE',  ( 0.6785254037844321573, -1.175240473580821066, -3.395833333333346804 ) ) ;
#4430 = CARTESIAN_POINT ( 'NONE',  ( 4.029912555757695748E-15, 1.175240473580829503, -1.187500000000018430 ) ) ;
#4431 = CARTESIAN_POINT ( 'NONE',  ( 0.6785254037844331565, 1.175240473580829059, -7.791666666666673180 ) ) ;
#4432 = AXIS2_PLACEMENT_3D ( 'NONE', #2442, #7739, #3834 ) ;
#4433 = CARTESIAN_POINT ( 'NONE',  ( -1.763300807568860318, 4.483001982712331095E-15, -1.828125000000018208 ) ) ;
#4434 = DIRECTION ( 'NONE',  ( -0.000000000000000000, -0.000000000000000000, 1.000000000000000000 ) ) ;
#4435 = CARTESIAN_POINT ( 'NONE',  ( -1.322475605676645571, 0.7635316469341293377, 6.598958333333298398 ) ) ;
#4436 = CARTESIAN_POINT ( 'NONE',  ( 1.017788105676655341, 0.5876202367904059809, 1.729166666666640984 ) ) ;
#4437 = DIRECTION ( 'NONE',  ( 0.000000000000000000, 0.000000000000000000, -1.000000000000000000 ) ) ;
#4438 = CARTESIAN_POINT ( 'NONE',  ( 0.8660254037844368202, 1.499999999999999334, 0.4583333333333178272 ) ) ;
#4439 = VERTEX_POINT ( 'NONE', #1068 ) ;
#4440 = ORIENTED_EDGE ( 'NONE', *, *, #6020, .T. ) ;
#4441 = CARTESIAN_POINT ( 'NONE',  ( 0.000000000000000000, 4.375030948216173530E-15, -8.000000000000000000 ) ) ;
#4442 = CARTESIAN_POINT ( 'NONE',  ( -1.499999999999995559, -4.357666448243395021E-16, -3.375000000000007550 ) ) ;
#4443 = CARTESIAN_POINT ( 'NONE',  ( 1.357050807568865203, 4.125744759050742171E-15, 9.124999999999959144 ) ) ;
#4444 = CARTESIAN_POINT ( 'NONE',  ( 1.499999999999995781, -6.071681917885798082E-15, -5.125000000000004441 ) ) ;
#4445 = CARTESIAN_POINT ( 'NONE',  ( -1.727541851696901147E-14, -1.175240473580820844, -2.081668171172168513E-14 ) ) ;
#4446 = CARTESIAN_POINT ( 'NONE',  ( 1.499999999999995559, -1.600716141988073932E-14, 7.374999999999967137 ) ) ;
#4447 = CARTESIAN_POINT ( 'NONE',  ( -1.322475605676645793, -0.7635316469341201229, -1.817708333333349913 ) ) ;
#4448 = ORIENTED_EDGE ( 'NONE', *, *, #4391, .T. ) ;
#4449 = CARTESIAN_POINT ( 'NONE',  ( 0.8660254037844357100, -1.499999999999991562, 0.2916666666666504204 ) ) ;
#4450 = ORIENTED_EDGE ( 'NONE', *, *, #3746, .F. ) ;
#4451 = CARTESIAN_POINT ( 'NONE',  ( -4.317763452597530665E-16, -1.175240473580820844, -7.500000000000006217 ) ) ;
#4452 = CARTESIAN_POINT ( 'NONE',  ( -1.175240473580823064, -0.3149047358083447157, 1.959829099369235328 ) ) ;
#4453 = CARTESIAN_POINT ( 'NONE',  ( 0.6785254037844331565, 1.175240473580829059, -1.791666666666684504 ) ) ;
#4454 = CARTESIAN_POINT ( 'NONE',  ( -1.299038105676654897, -0.7499999999999935607, -1.770833333333357684 ) ) ;
#4455 = CARTESIAN_POINT ( 'NONE',  ( 0.000000000000000000, 4.375030948216173530E-15, -8.000000000000000000 ) ) ;
#4456 = LINE ( 'NONE', #3816, #5665 ) ;
#4457 = CARTESIAN_POINT ( 'NONE',  ( -0.8660254037844369313, -1.499999999999991562, 6.270833333333292181 ) ) ;
#4458 = ADVANCED_FACE ( 'NONE', ( #1824 ), #6986, .T. ) ;
#4459 = CARTESIAN_POINT ( 'NONE',  ( -1.499999999999995559, -1.519373034954197317E-14, 7.624999999999969802 ) ) ;
#4460 = ORIENTED_EDGE ( 'NONE', *, *, #7052, .F. ) ;
#4461 = EDGE_CURVE ( 'NONE', #4733, #2825, #1980, .T. ) ;
#4462 = EDGE_LOOP ( 'NONE', ( #3142, #7022, #8072, #4394 ) ) ;
#4463 = CARTESIAN_POINT ( 'NONE',  ( -1.175240473580823730, 0.3149047358083594261, -2.647329099369276406 ) ) ;
#4464 = DIRECTION ( 'NONE',  ( -0.000000000000000000, -0.000000000000000000, 1.000000000000000000 ) ) ;
#4465 = DIRECTION ( 'NONE',  ( -0.8660254037844387076, 0.4999999999999997224, 0.000000000000000000 ) ) ;
#4466 = CARTESIAN_POINT ( 'NONE',  ( -1.175240473580825284, 7.378981852358816687E-15, -3.625000000000013323 ) ) ;
#4467 =( BOUNDED_CURVE ( )  B_SPLINE_CURVE ( 2, ( #2099, #4687, #1473, #4052, #201, #6844, #7522, #290, #4303 ),
 .UNSPECIFIED., .F., .T. ) 
 B_SPLINE_CURVE_WITH_KNOTS ( ( 3, 2, 2, 2, 3 ),
 ( 0.2364864864864864580, 0.2387387387387387427, 0.2432432432432432567, 0.2477477477477477430, 0.2500000000000000000 ),
 .UNSPECIFIED. ) 
 CURVE ( )  GEOMETRIC_REPRESENTATION_ITEM ( )  RATIONAL_B_SPLINE_CURVE ( ( 0.9330127018922194093, 0.9330127018922185211, 1.000000000000000000, 0.8660254037844387076, 1.000000000000000000, 0.8660254037844387076, 1.000000000000000000, 0.9330127018922189652, 0.9330127018922194093 ) ) 
 REPRESENTATION_ITEM ( '' )  );
#4468 = CARTESIAN_POINT ( 'NONE',  ( -1.017788105676648902, -0.5876202367904079793, -2.520833333333349024 ) ) ;
#4469 = DIRECTION ( 'NONE',  ( 0.000000000000000000, 0.000000000000000000, -1.000000000000000000 ) ) ;
#4470 = ADVANCED_FACE ( 'NONE', ( #1231 ), #3805, .T. ) ;
#4471 = CARTESIAN_POINT ( 'NONE',  ( 1.017788105676648902, -0.5876202367904087565, -7.916666666666670515 ) ) ;
#4472 = CARTESIAN_POINT ( 'NONE',  ( -0.8816504037844300479, 1.527063293868253568, -1.411458333333352133 ) ) ;
#4473 = CARTESIAN_POINT ( 'NONE',  ( -1.499999999999996447, -1.519373034954197633E-14, 2.687499999999967137 ) ) ;
#4474 = CARTESIAN_POINT ( 'NONE',  ( -1.322475605676645571, 0.7635316469341293377, 7.098958333333297510 ) ) ;
#4475 = CARTESIAN_POINT ( 'NONE',  ( 1.017788105676639798, -0.5876202367904241886, -0.3541666666666866137 ) ) ;
#4476 = CYLINDRICAL_SURFACE ( 'NONE', #1966, 1.175240473580825062 ) ;
#4477 = CARTESIAN_POINT ( 'NONE',  ( 0.000000000000000000, -7.267483695685816380E-15, 9.650000000000000355 ) ) ;
#4478 = ORIENTED_EDGE ( 'NONE', *, *, #3479, .T. ) ;
#4479 = EDGE_LOOP ( 'NONE', ( #7877, #5917, #6941, #7123 ) ) ;
#4480 = CARTESIAN_POINT ( 'NONE',  ( -1.499999999999995559, 4.561024215828087150E-15, 2.624999999999979128 ) ) ;
#4481 = DIRECTION ( 'NONE',  ( -0.000000000000000000, -7.531071187239187305E-16, 1.000000000000000000 ) ) ;
#4482 = CARTESIAN_POINT ( 'NONE',  ( 1.017788105676649346, 0.5876202367904160839, 7.666666666666626995 ) ) ;
#4483 = CARTESIAN_POINT ( 'NONE',  ( 0.8660254037844357100, -1.499999999999991562, -5.208333333333337478 ) ) ;
#4484 = CARTESIAN_POINT ( 'NONE',  ( 1.175240473580828615, 0.3149047358083471027, 0.1473290993692383810 ) ) ;
#4485 = DIRECTION ( 'NONE',  ( 0.000000000000000000, 0.000000000000000000, -1.000000000000000000 ) ) ;
#4486 = CARTESIAN_POINT ( 'NONE',  ( -1.870113174931165872E-16, -1.527063293868245131, -0.7343750000000188738 ) ) ;
#4487 = ORIENTED_EDGE ( 'NONE', *, *, #4934, .F. ) ;
#4488 = CYLINDRICAL_SURFACE ( 'NONE', #7380, 1.499999999999982014 ) ;
#4489 = EDGE_LOOP ( 'NONE', ( #5626, #3631, #7894, #314, #213, #8326, #4977, #6130, #1476, #6445, #4460, #2456, #6877, #2535, #846, #5756, #6591, #4701, #1654, #7751, #5095, #7883, #1948, #6699, #1208, #5940, #6733, #5584, #2303, #7253, #8083, #5524, #7030, #3204, #7501, #8018, #3810, #2344, #7511, #7832, #4075, #5522, #6813, #342, #8026, #7410, #7335, #2195, #4054, #6134, #7234, #5788, #4122, #4827, #2397, #3437, #7227, #6640, #3613, #4036, #2566, #5411, #4837, #1857, #6643, #5718, #5870, #549, #3384, #1246, #2760, #2831, #3510, #173, #13, #2550, #8349, #1643, #4440, #7535, #932, #7741, #4800, #3848, #2382, #818, #4847, #1356, #4584, #3216, #4759, #8139, #627, #3229, #2110, #3672, #5475, #6061, #5541, #7424, #6597, #4563, #5059, #7081, #5204, #1714, #1958, #2103, #3670, #5140, #3080, #5871, #3561, #8052, #1528, #3921, #4325, #7154, #1702, #1369, #5241, #5839, #3846, #628, #7208, #8154, #8034, #3507, #1921, #4987, #7795, #5828 ) ) ;
#4490 = CARTESIAN_POINT ( 'NONE',  ( -1.175240473580825284, 3.369928719974892676E-15, -4.125000000000012434 ) ) ;
#4491 = LINE ( 'NONE', #1909, #4420 ) ;
#4492 = CARTESIAN_POINT ( 'NONE',  ( -1.017788105676648902, 0.5876202367904169721, 0.3333333333333104997 ) ) ;
#4493 = DIRECTION ( 'NONE',  ( 0.000000000000000000, -0.7071067811865466846, 0.7071067811865483499 ) ) ;
#4494 = CYLINDRICAL_SURFACE ( 'NONE', #95, 1.175240473580825062 ) ;
#4495 = CARTESIAN_POINT ( 'NONE',  ( -1.322475605676645349, -0.7635316469341199008, 6.213541666666631436 ) ) ;
#4496 = CARTESIAN_POINT ( 'NONE',  ( 1.175240473580824174, -1.772117688952314534E-15, -2.375000000000015987 ) ) ;
#4497 = CARTESIAN_POINT ( 'NONE',  ( 1.175240473580823952, 8.018106264767847233E-15, 5.624999999999968914 ) ) ;
#4498 = ORIENTED_EDGE ( 'NONE', *, *, #526, .F. ) ;
#4499 = EDGE_CURVE ( 'NONE', #1634, #1197, #4912, .T. ) ;
#4500 = EDGE_CURVE ( 'NONE', #4410, #6773, #1745, .T. ) ;
#4501 = ORIENTED_EDGE ( 'NONE', *, *, #4771, .T. ) ;
#4502 = CARTESIAN_POINT ( 'NONE',  ( 1.497115644005736433E-14, 1.175240473580829503, 3.312499999999971578 ) ) ;
#4503 = CARTESIAN_POINT ( 'NONE',  ( -1.499999999999982014, -9.067116327485578019E-15, 12.24264068711923237 ) ) ;
#4504 = CARTESIAN_POINT ( 'NONE',  ( -1.836970198721025250E-16, -1.499999999999991784, 0.8124999999999703570 ) ) ;
#4505 = AXIS2_PLACEMENT_3D ( 'NONE', #7330, #7374, #1576 ) ;
#4506 = CARTESIAN_POINT ( 'NONE',  ( -1.439254484199176806E-16, -1.175240473580820844, -3.937500000000012879 ) ) ;
#4507 = EDGE_CURVE ( 'NONE', #4742, #3293, #1107, .T. ) ;
#4508 = CARTESIAN_POINT ( 'NONE',  ( -1.175240473580824174, 8.424821799937231689E-16, 1.874999999999975353 ) ) ;
#4509 = CARTESIAN_POINT ( 'NONE',  ( 1.017788105676649346, 0.5876202367904160839, -6.833333333333340143 ) ) ;
#4510 = VECTOR ( 'NONE', #4002, 1000.000000000000000 ) ;
#4511 =( BOUNDED_CURVE ( )  B_SPLINE_CURVE ( 2, ( #371, #5532, #2353, #8132, #2311, #7479, #5575, #1682, #1294 ),
 .UNSPECIFIED., .F., .T. ) 
 B_SPLINE_CURVE_WITH_KNOTS ( ( 3, 2, 2, 2, 3 ),
 ( 0.6554054054054054834, 0.6576576576576577127, 0.6621621621621621712, 0.6666666666666666297, 0.6689189189189188589 ),
 .UNSPECIFIED. ) 
 CURVE ( )  GEOMETRIC_REPRESENTATION_ITEM ( )  RATIONAL_B_SPLINE_CURVE ( ( 0.9330127018922192983, 0.9330127018922209636, 1.000000000000000000, 0.8660254037844387076, 1.000000000000000000, 0.8660254037844387076, 1.000000000000000000, 0.9330127018922209636, 0.9330127018922192983 ) ) 
 REPRESENTATION_ITEM ( '' )  );
#4512 = CARTESIAN_POINT ( 'NONE',  ( -0.8816504037844307140, -1.527063293868244465, -1.744791666666685170 ) ) ;
#4513 = CARTESIAN_POINT ( 'NONE',  ( 0.6785254037844496988, 1.175240473580819733, 1.208333333333309501 ) ) ;
#4514 =( BOUNDED_CURVE ( )  B_SPLINE_CURVE ( 2, ( #2309, #829, #8003, #4812, #4087, #5355, #2182, #7396, #5991 ),
 .UNSPECIFIED., .F., .T. ) 
 B_SPLINE_CURVE_WITH_KNOTS ( ( 3, 2, 2, 2, 3 ),
 ( 0.5608108108108108558, 0.5630630630630630851, 0.5675675675675675436, 0.5720720720720721131, 0.5743243243243243423 ),
 .UNSPECIFIED. ) 
 CURVE ( )  GEOMETRIC_REPRESENTATION_ITEM ( )  RATIONAL_B_SPLINE_CURVE ( ( 0.9330127018922192983, 0.9330127018922209636, 1.000000000000000000, 0.8660254037844387076, 1.000000000000000000, 0.8660254037844387076, 1.000000000000000000, 0.9330127018922194093, 0.9330127018922194093 ) ) 
 REPRESENTATION_ITEM ( '' )  );
#4515 = CARTESIAN_POINT ( 'NONE',  ( -1.322475605676645571, 0.7635316469341293377, 7.598958333333295734 ) ) ;
#4516 = EDGE_CURVE ( 'NONE', #1051, #531, #7709, .T. ) ;
#4517 = CARTESIAN_POINT ( 'NONE',  ( 0.6785254037844699049, 1.175240473580807743, 7.270833333333295734 ) ) ;
#4518 = CARTESIAN_POINT ( 'NONE',  ( -1.194716210419103586, 0.05821008560602931869, 7.444716210419114688 ) ) ;
#4519 = CARTESIAN_POINT ( 'NONE',  ( 1.175240473580825062, 4.375030948216173530E-15, -8.000000000000000000 ) ) ;
#4520 = ORIENTED_EDGE ( 'NONE', *, *, #5345, .F. ) ;
#4521 = VERTEX_POINT ( 'NONE', #6471 ) ;
#4522 = CARTESIAN_POINT ( 'NONE',  ( 1.017788105676665111, 0.5876202367903888835, 6.729166666666631436 ) ) ;
#4523 = CARTESIAN_POINT ( 'NONE',  ( 0.000000000000000000, 1.175240473580829503, 8.749999999999959144 ) ) ;
#4524 = CARTESIAN_POINT ( 'NONE',  ( -1.499999999999982014, -9.067116327485578019E-15, 12.24264068711923237 ) ) ;
#4525 = CARTESIAN_POINT ( 'NONE',  ( 0.8660254037844359321, -1.499999999999992673, 1.354166666666636099 ) ) ;
#4526 = CARTESIAN_POINT ( 'NONE',  ( -1.175240473580819955, -0.3149047358083399972, 6.897329099369225780 ) ) ;
#4527 = CARTESIAN_POINT ( 'NONE',  ( 0.8816504037844299368, -1.527063293868245353, -1.192708333333351023 ) ) ;
#4528 = ORIENTED_EDGE ( 'NONE', *, *, #990, .T. ) ;
#4529 = CARTESIAN_POINT ( 'NONE',  ( 1.499999999999995559, 3.747593145489319422E-15, 1.874999999999980682 ) ) ;
#4530 = ORIENTED_EDGE ( 'NONE', *, *, #3728, .T. ) ;
#4531 = CARTESIAN_POINT ( 'NONE',  ( 1.175240473580825062, 4.375030948216173530E-15, -8.000000000000000000 ) ) ;
#4532 = CARTESIAN_POINT ( 'NONE',  ( -1.007478138939423937E-15, -1.175240473580820844, -6.437500000000007105 ) ) ;
#4533 = CARTESIAN_POINT ( 'NONE',  ( -1.439254484199176806E-16, -1.175240473580820844, -0.5000000000000204281 ) ) ;
#4534 = VECTOR ( 'NONE', #8258, 1000.000000000000000 ) ;
#4535 = DIRECTION ( 'NONE',  ( 0.000000000000000000, -1.000000000000000000, -1.476058317402310498E-15 ) ) ;
#4536 = CARTESIAN_POINT ( 'NONE',  ( -1.175240473580824174, -1.423504373092842538E-15, -2.062500000000015543 ) ) ;
#4537 = CARTESIAN_POINT ( 'NONE',  ( -1.322475605676645127, 0.7635316469341291157, 5.630208333333299286 ) ) ;
#4538 = CARTESIAN_POINT ( 'NONE',  ( 1.499999999999999112, 0.4019237886466822118, -1.040170900630766448 ) ) ;
#4539 = CARTESIAN_POINT ( 'NONE',  ( 1.175240473580822176, -0.3149047358083598147, -2.397329099369276406 ) ) ;
#4540 = CARTESIAN_POINT ( 'NONE',  ( -1.017788105676648680, 0.5876202367904174162, -7.666666666666671404 ) ) ;
#4541 = ORIENTED_EDGE ( 'NONE', *, *, #2378, .F. ) ;
#4542 = AXIS2_PLACEMENT_3D ( 'NONE', #8142, #2992, #8182 ) ;
#4543 = VERTEX_POINT ( 'NONE', #6594 ) ;
#4544 = CARTESIAN_POINT ( 'NONE',  ( 0.6785254037844343777, 1.175240473580828393, -7.291666666666674068 ) ) ;
#4545 = CARTESIAN_POINT ( 'NONE',  ( 1.299038105676655563, 0.7500000000000016653, -3.520833333333353909 ) ) ;
#4546 = CARTESIAN_POINT ( 'NONE',  ( 1.088796476749763320, 0.6687905445846454855, -7.874032267827492326 ) ) ;
#4547 = EDGE_CURVE ( 'NONE', #5370, #3371, #6426, .T. ) ;
#4548 = CARTESIAN_POINT ( 'NONE',  ( 1.017788105676649346, 0.5876202367904160839, -2.270833333333349469 ) ) ;
#4549 = DIRECTION ( 'NONE',  ( 0.000000000000000000, 0.000000000000000000, -1.000000000000000000 ) ) ;
#4550 = AXIS2_PLACEMENT_3D ( 'NONE', #7082, #3823, #6399 ) ;
#4551 = CARTESIAN_POINT ( 'NONE',  ( 1.357050807568865203, 4.125744759050742171E-15, -6.375000000000007105 ) ) ;
#4552 = CARTESIAN_POINT ( 'NONE',  ( -1.322475605676645127, 0.7635316469341291157, -3.369791666666681618 ) ) ;
#4553 = CARTESIAN_POINT ( 'NONE',  ( -1.499999999999982014, -9.067116327485578019E-15, 12.24264068711923237 ) ) ;
#4554 = CARTESIAN_POINT ( 'NONE',  ( -1.299038105676654231, 0.7500000000000025535, -0.9166666666666798413 ) ) ;
#4555 = CIRCLE ( 'NONE', #4148, 3.171922267359732928 ) ;
#4556 = EDGE_CURVE ( 'NONE', #2586, #1315, #35, .T. ) ;
#4557 = CARTESIAN_POINT ( 'NONE',  ( 1.322475605676646238, 0.7635316469341281165, 7.932291666666627883 ) ) ;
#4558 = FACE_OUTER_BOUND ( 'NONE', #1827, .T. ) ;
#4559 = CARTESIAN_POINT ( 'NONE',  ( 1.309183822348936488, 0.1799106009465256117, 7.559183822348946258 ) ) ;
#4560 = CARTESIAN_POINT ( 'NONE',  ( 1.499999999999982014, -8.883419307613476875E-15, 12.24264068711923237 ) ) ;
#4561 =( BOUNDED_CURVE ( )  B_SPLINE_CURVE ( 2, ( #4616, #810, #643, #5968, #3298, #5881, #7844, #174, #2037 ),
 .UNSPECIFIED., .F., .F. ) 
 B_SPLINE_CURVE_WITH_KNOTS ( ( 3, 2, 2, 2, 3 ),
 ( 0.2364864864864865135, 0.2387387387387387427, 0.2432432432432432567, 0.2477477477477477430, 0.2500000000000000000 ),
 .UNSPECIFIED. ) 
 CURVE ( )  GEOMETRIC_REPRESENTATION_ITEM ( )  RATIONAL_B_SPLINE_CURVE ( ( 0.9330127018922194093, 0.9330127018922201865, 1.000000000000000000, 0.8660254037844387076, 1.000000000000000000, 0.8660254037844387076, 1.000000000000000000, 0.9330127018922189652, 0.9330127018922194093 ) ) 
 REPRESENTATION_ITEM ( '' )  );
#4562 = AXIS2_PLACEMENT_3D ( 'NONE', #3262, #1917, #6443 ) ;
#4563 = ORIENTED_EDGE ( 'NONE', *, *, #1885, .T. ) ;
#4564 = VERTEX_POINT ( 'NONE', #4649 ) ;
#4565 =( BOUNDED_CURVE ( )  B_SPLINE_CURVE ( 2, ( #2489, #5078, #5631, #3804, #1785, #7582, #1150, #6425, #3126 ),
 .UNSPECIFIED., .F., .F. ) 
 B_SPLINE_CURVE_WITH_KNOTS ( ( 3, 2, 2, 2, 3 ),
 ( 0.1013513513513513153, 0.1036036036036036001, 0.1081081081081081141, 0.1126126126126126142, 0.1148648648648648990 ),
 .UNSPECIFIED. ) 
 CURVE ( )  GEOMETRIC_REPRESENTATION_ITEM ( )  RATIONAL_B_SPLINE_CURVE ( ( 0.9330127018922194093, 0.9330127018922182991, 1.000000000000000000, 0.8660254037844387076, 1.000000000000000000, 0.8660254037844387076, 1.000000000000000000, 0.9330127018922182991, 0.9330127018922192983 ) ) 
 REPRESENTATION_ITEM ( '' )  );
#4566 = EDGE_CURVE ( 'NONE', #3822, #485, #5659, .T. ) ;
#4567 = DIRECTION ( 'NONE',  ( -0.000000000000000000, -0.000000000000000000, 1.000000000000000000 ) ) ;
#4568 = CARTESIAN_POINT ( 'NONE',  ( 0.6785254037844321573, -1.175240473580821066, 8.541666666666628771 ) ) ;
#4569 = CARTESIAN_POINT ( 'NONE',  ( 0.6785254037844281605, -1.175240473580823064, -1.395833333333351245 ) ) ;
#4570 = CARTESIAN_POINT ( 'NONE',  ( -1.266689436314571877E-14, -1.175240473580820844, 6.562499999999964473 ) ) ;
#4571 = CARTESIAN_POINT ( 'NONE',  ( 0.8816504037844311581, 1.527063293868253568, -0.02604166666668808472 ) ) ;
#4572 = ORIENTED_EDGE ( 'NONE', *, *, #3728, .F. ) ;
#4573 = CARTESIAN_POINT ( 'NONE',  ( -0.6785254037844329345, -1.175240473580820622, 4.020833333333303727 ) ) ;
#4574 = ORIENTED_EDGE ( 'NONE', *, *, #3479, .F. ) ;
#4575 = CARTESIAN_POINT ( 'NONE',  ( -1.266689436314571877E-14, -1.175240473580820844, 6.499999999999964473 ) ) ;
#4576 = CARTESIAN_POINT ( 'NONE',  ( 1.175240473580825284, 5.519710834441635337E-15, -3.875000000000012879 ) ) ;
#4577 = CARTESIAN_POINT ( 'NONE',  ( -0.6785254037844324904, 1.175240473580829281, 0.7916666666666437591 ) ) ;
#4578 = CARTESIAN_POINT ( 'NONE',  ( -1.175240473580825284, 2.730804307565861735E-15, -5.062500000000010658 ) ) ;
#4579 = CARTESIAN_POINT ( 'NONE',  ( 1.175240473580824174, 1.772117688952314140E-15, 4.187499999999970690 ) ) ;
#4580 = CARTESIAN_POINT ( 'NONE',  ( 0.8816504037844310471, 1.527063293868253124, 7.005208333333294846 ) ) ;
#4581 = CARTESIAN_POINT ( 'NONE',  ( -6.622025529509177116E-15, -1.175240473580820844, -4.000000000000013323 ) ) ;
#4582 = DIRECTION ( 'NONE',  ( -0.000000000000000000, -0.000000000000000000, 1.000000000000000000 ) ) ;
#4583 = CARTESIAN_POINT ( 'NONE',  ( -1.763300807568860762, 4.483001982712331095E-15, -7.859375000000002665 ) ) ;
#4584 = ORIENTED_EDGE ( 'NONE', *, *, #1666, .T. ) ;
#4585 = VERTEX_POINT ( 'NONE', #1943 ) ;
#4586 = CARTESIAN_POINT ( 'NONE',  ( 0.000000000000000000, 1.500000000000000666, -5.937500000000015987 ) ) ;
#4587 = DIRECTION ( 'NONE',  ( -0.000000000000000000, -0.000000000000000000, 1.000000000000000000 ) ) ;
#4588 = CARTESIAN_POINT ( 'NONE',  ( -1.017788105676646904, 0.5876202367904203028, -3.666666666666679841 ) ) ;
#4589 = CARTESIAN_POINT ( 'NONE',  ( 1.299038105676654675, -0.7499999999999944489, 1.895833333333300619 ) ) ;
#4590 = CARTESIAN_POINT ( 'NONE',  ( 0.6785254037844321573, -1.175240473580821066, -2.895833333333348136 ) ) ;
#4591 = CARTESIAN_POINT ( 'NONE',  ( 1.175240473580826617, 0.3149047358083502668, 1.209829099369237104 ) ) ;
#4592 = CARTESIAN_POINT ( 'NONE',  ( 1.017788105676649346, 0.5876202367904160839, -5.833333333333341919 ) ) ;
#4593 = CARTESIAN_POINT ( 'NONE',  ( 3.109662627185999959E-14, 1.175240473580829503, 2.249999999999974243 ) ) ;
#4594 = CARTESIAN_POINT ( 'NONE',  ( -1.322475605676645127, 0.7635316469341291157, -2.869791666666682950 ) ) ;
#4595 = CARTESIAN_POINT ( 'NONE',  ( -1.175240473580824174, 9.790223953720163148E-15, 3.874999999999971134 ) ) ;
#4596 = CARTESIAN_POINT ( 'NONE',  ( 1.499999999999996225, 0.4019237886466866527, -1.102670900630752904 ) ) ;
#4597 = CARTESIAN_POINT ( 'NONE',  ( -1.322475605676645571, 0.7635316469341293377, 8.098958333333296622 ) ) ;
#4598 = CARTESIAN_POINT ( 'NONE',  ( 0.6785254037844515862, 1.175240473580818179, 4.208333333333303727 ) ) ;
#4599 = CARTESIAN_POINT ( 'NONE',  ( 1.500000000000000888, 0.4019237886466774379, 6.397329099369231109 ) ) ;
#4600 = ORIENTED_EDGE ( 'NONE', *, *, #577, .T. ) ;
#4601 = EDGE_LOOP ( 'NONE', ( #7944, #6346, #4752, #7684 ) ) ;
#4602 = EDGE_CURVE ( 'NONE', #1456, #6550, #5607, .T. ) ;
#4603 = EDGE_CURVE ( 'NONE', #311, #6830, #5323, .T. ) ;
#4604 = CARTESIAN_POINT ( 'NONE',  ( -1.357050807568865203, 4.458126344604650913E-15, 9.874999999999955591 ) ) ;
#4605 = CARTESIAN_POINT ( 'NONE',  ( -1.499999999999995559, -1.519373034954197317E-14, -2.375000000000009326 ) ) ;
#4606 = CARTESIAN_POINT ( 'NONE',  ( -1.499999999999996447, -0.4019237886466784926, 6.709829099369217786 ) ) ;
#4607 = CARTESIAN_POINT ( 'NONE',  ( 0.8660254037844368202, 1.499999999999999334, 2.958333333333311721 ) ) ;
#4608 = CARTESIAN_POINT ( 'NONE',  ( -1.870113174931165872E-16, -1.527063293868245131, 0.7656249999999781286 ) ) ;
#4609 = ORIENTED_EDGE ( 'NONE', *, *, #6005, .F. ) ;
#4610 = CARTESIAN_POINT ( 'NONE',  ( -1.357050807568865203, 4.458126344604650913E-15, 4.437499999999969802 ) ) ;
#4611 =( BOUNDED_CURVE ( )  B_SPLINE_CURVE ( 2, ( #1066, #8274, #3871, #7776, #2366, #1743, #5191, #1973, #1149 ),
 .UNSPECIFIED., .F., .T. ) 
 B_SPLINE_CURVE_WITH_KNOTS ( ( 3, 2, 2, 2, 3 ),
 ( 0.4256756756756757132, 0.4279279279279279424, 0.4324324324324324564, 0.4369369369369369149, 0.4391891891891891997 ),
 .UNSPECIFIED. ) 
 CURVE ( )  GEOMETRIC_REPRESENTATION_ITEM ( )  RATIONAL_B_SPLINE_CURVE ( ( 0.9330127018922194093, 0.9330127018922201865, 1.000000000000000000, 0.8660254037844387076, 1.000000000000000000, 0.8660254037844387076, 1.000000000000000000, 0.9330127018922185211, 0.9330127018922194093 ) ) 
 REPRESENTATION_ITEM ( '' )  );
#4612 = EDGE_CURVE ( 'NONE', #1570, #929, #1058, .T. ) ;
#4613 = CARTESIAN_POINT ( 'NONE',  ( 1.175240473580825284, 4.357666448243396402E-15, -7.812500000000005329 ) ) ;
#4614 =( BOUNDED_SURFACE ( )  B_SPLINE_SURFACE ( 1, 2, ( 
 ( #51, #2005, #3306, #4583, #5257, #7163, #5891, #93, #7852, #7893, #2044, #4623, #3985, #6569, #776, #3350, #138, #5299, #4666, #7249, #4032, #816, #3393, #5976, #5138, #2756, #182, #2166, #4797, #900, #6741, #8115, #5382, #941, #1536, #3601, #2878, #4875, #2292, #6143, #5337, #7462, #4238, #4114, #5422, #1025, #7334, #310, #6698, #3477, #2251, #6060, #857, #268, #3520, #6822, #222, #8071, #1622, #1662, #7378, #7938, #4836, #4072, #4201, #7984, #2839, #8025, #1580, #2124, #4751, #3560, #2798, #6653, #2207, #4158, #4712, #6101, #5467, #7423, #6782, #3436, #981, #350, #2921, #5513, #7292, #1494, #6018, #2965, #6263, #4961, #5555, #3725, #3129, #3681, #7585, #6988, #6345, #516, #4364, #8152, #1700, #7627, #5592, #7543, #5634, #5003, #2492, #3005, #1196, #6223, #4277, #8193, #8236, #7670, #472, #1109, #5044, #1153, #6862, #1826, #6909, #5679, #1788, #4322, #4404, #3046, #2330, #2414, #1747, #4916, #6304, #5717, #6950, #3089, #3768, #555, #8279, #2453, #7498, #8321, #1069, #431, #3639, #2369, #5081, #1864, #4447, #7029, #1234, #6185, #393, #7107, #8356, #7149, #2572, #676, #3212, #2699, #1904, #6510, #3807, #4527, #5794, #3970, #79, #2534, #5163, #5203, #6473, #3926, #5123, #7708, #4486, #3249, #762, #7748, #1314, #5246, #1355, #3845, #2659, #2613, #7068, #7794, #7839, #3334, #719, #3888, #5876, #4571, #6386, #595, #8396, #38, #5835, #1990, #5923, #637, #3292, #1945, #7233, #2031, #124, #5285, #1394, #3173, #7876, #2066, #4608, #7188, #4651, #6555, #5755, #1274, #6429, #3506, #2783, #2109, #5365, #2194, #5497, #1481, #928, #2866, #3546, #254, #1439, #6087, #8013, #804, #1607, #4696, #4058, #3379, #3418, #338, #2824, #5962, #2235, #841, #6046, #5453, #4737, #166, #4782, #207, #6682, #6002, #2910, #7920, #4142, #4015, #2154, #7969, #4187, #297, #2740, #7321, #5410, #4099, #1564, #5322, #7278, #6639, #884, #6769, #1523, #3462, #8057, #7365, #6725, #4822, #7409, #968, #6129, #8100, #2278, #4862, #6596, #1138, #8224, #1647, #7450, #1056, #3667, #8179, #5622, #6974, #4265, #2401, #417, #2480, #1773, #3756, #1182, #5030, #4225, #6331, #3117, #2989, #4310, #8306, #6210, #7573, #5580, #2357, #3711, #4948, #8138, #7530, #4990, #5705, #7485, #6935, #503, #544, #6250, #6809, #6291, #2948, #3076, #6849, #1733, #6896, #458, #1012, #3627, #2440, #1687, #5540, #1096, #3032, #3585, #4350, #5669, #8263, #7611, #2316, #1812, #4388, #6172, #379, #4901, #6500, #5150, #1852, #7737, #3832, #4435, #2602, #2020, #2562, #6459, #5866, #5235, #7778, #1221, #26, #6414, #1935, #4474, #3957, #3160, #1976, #5068, #5783, #7056, #7827, #1343, #3794, #621, #664, #4515, #5193, #6372, #583, #5740, #7094, #3200, #3239, #4557, #5824, #7137, #1261, #4597, #7653, #8385, #67, #2521, #1300, #8345, #112, #3876, #5111, #3916, #2647, #709, #7696, #3281, #7178, #1384, #5911, #6546, #1892, #7017, #753, #3324, #2857, #7312, #5402, #5442, #2183, #1556, #3366, #6120, #6036, #199, #7222, #7961, #2729, #2097, #8047, #2772, #7866, #2224, #1428, #6080, #6761, #2146, #6628, #2058, #4130, #7911, #795, #3498, #4772, #8004, #1514, #6673, #2689, #1472, #5356, #5313 ),
 ( #4729, #4640, #4089, #4049, #4004, #245, #4813, #875, #3452, #288, #7397, #7355, #2818, #6586, #1599, #5952, #4684, #155, #7267, #4179, #6716, #832, #960, #3409, #920, #3538, #5992, #5273, #6841, #6163, #3620, #5574, #5022, #1175, #2310, #5531, #2899, #1046, #3026, #496, #4941, #5615, #3070, #8216, #7564, #1003, #3748, #3660, #6204, #4855, #8173, #368, #8131, #5661, #408, #5486, #8256, #7442, #3706, #4383, #2352, #4258, #8090, #1766, #4895, #6802, #1131, #2392, #4983, #7521, #4301, #330, #7478, #2983, #2940, #2433, #7602, #6928, #1681, #3577, #6243, #1724, #4341, #6968, #6886, #6282, #1089, #2269, #1640, #452, #1807, #4218, #2472, #3149, #7647, #575, #3111, #1964, #5696, #613, #3234, #1336, #4506, #5065, #539, #1887, #5775, #1847, #8298, #6404, #7086, #702, #7050, #5102, #1216, #4429, #7011, #3788, #6366, #1928, #1293, #1255, #2555, #5733, #7771, #8341, #6494, #4590, #6325, #3909, #3867, #2515, #7730, #7691, #5817, #19, #4468, #6453, #3825, #659, #2593, #5186, #4548, #3194, #3273, #8380, #5146, #7130, #5858, #59, #2637, #1376, #5223, #7818, #2011, #7171, #8035, #823, #7904, #3316, #2810, #786, #2050, #4760, #6029, #6662, #2765, #7950, #7389, #2720, #6619, #3996, #6071, #912, #2174, #6578, #4633, #1503, #5984, #867, #2217, #1463, #7344, #7215, #745, #4806, #3400, #2135, #7859, #102, #3357, #5264, #5945, #5901, #7993, #2682, #189, #3444, #1546, #4720, #1420, #6539, #2090, #5347, #146, #5307, #4041, #7302, #6707, #4677, #7259, #4079, #234, #5393, #4123, #3491, #278, #2849, #5433, #3949, #5476, #3019, #7433, #1759, #8248, #1591, #4974, #4932, #4172, #2975, #8082, #6875, #3652, #6152, #7512, #8125, #5567, #1716, #2343, #4289, #3569, #6921, #6753, #358, #2384, #1633, #2304, #2261, #5014, #2931, #4848, #5523, #7556, #4886, #4212, #7472, #6831, #6275, #2425, #1673, #6793, #952, #4252, #1081, #4334, #6196, #6235, #1123, #445, #5606, #993, #3531, #8206, #1036, #6112, #3611, #402, #8164, #3696, #486, #321, #3062, #2889, #5649, #3101, #2742, #6475, #5690, #679, #5287, #5837, #5057, #2615, #4573, #4017, #168, #1316, #4421, #1800, #40, #2033, #7878, #3928, #4610, #2068, #7190, #6557, #8291, #7597, #2661, #5205, #3741, #7151, #7640, #7004, #4653, #7796, #4376, #7235, #6317, #2701, #3381, #1357, #3251, #6962, #764, #3891, #2466, #126, #1396, #3972, #6513, #3294, #1168, #1992, #722, #1839, #1441, #6598, #5926, #5878, #81, #5248, #7841, #3336, #5964, #806, #532, #209, #2111, #1014, #8015, #3508, #843, #1483, #2156, #6641, #7972, #4698, #970, #7280, #2196, #2238, #340, #6089, #4060, #7922, #887, #4785, #3420, #6004, #5412, #299, #8102, #6048, #4102, #2785, #5367, #4740, #7323, #1525, #930, #2868, #256, #1566, #6684, #6771, #3464, #5499, #3588, #5325, #2912, #5456, #2826, #6727, #7367, #4824, #7411, #4145, #8060, #1609, #4189, #3549, #6132, #2280, #4864, #7452, #1649, #4227, #6811, #6174, #381, #6897, #2318, #1813, #8181, #1057, #3757, #5031, #5670, #1775, #6936, #6374, #1735, #5624, #2990, #5069, #8307, #1184, #5581, #3628, #504, #4992, #8265, #7018, #459, #6332, #6211, #8140, #1222, #8225, #1139, #6850, #7488, #2359 ) ),
 .UNSPECIFIED., .F., .F., .F. ) 
 B_SPLINE_SURFACE_WITH_KNOTS ( ( 2, 2 ),
 ( 3, 2, 2, 2, 2, 2, 2, 2, 2, 2, 2, 2, 2, 2, 2, 2, 2, 2, 2, 2, 2, 2, 2, 2, 2, 2, 2, 2, 2, 2, 2, 2, 2, 2, 2, 2, 2, 2, 2, 2, 2, 2, 2, 2, 2, 2, 2, 2, 2, 2, 2, 2, 2, 2, 2, 2, 2, 2, 2, 2, 2, 2, 2, 2, 2, 2, 2, 2, 2, 2, 2, 2, 2, 2, 2, 2, 2, 2, 2, 2, 2, 2, 2, 2, 2, 2, 2, 2, 2, 2, 2, 2, 2, 2, 2, 2, 2, 2, 2, 2, 2, 2, 2, 2, 2, 2, 2, 2, 2, 2, 2, 2, 2, 2, 2, 2, 2, 2, 2, 2, 2, 2, 2, 2, 2, 2, 2, 2, 2, 2, 2, 2, 2, 2, 2, 2, 2, 2, 2, 2, 2, 2, 2, 2, 2, 2, 2, 2, 2, 2, 2, 2, 2, 2, 2, 2, 2, 2, 2, 2, 2, 2, 2, 2, 2, 2, 2, 2, 2, 2, 2, 2, 2, 2, 2, 2, 2, 2, 2, 2, 2, 2, 2, 2, 2, 2, 2, 2, 2, 2, 2, 2, 2, 2, 2, 2, 2, 2, 2, 2, 2, 2, 2, 2, 2, 2, 2, 2, 2, 2, 2, 2, 2, 2, 2, 2, 2, 2, 2, 2, 2, 2, 3 ),
 ( 0.000000000000000000, 1.000000000000000000 ),
 ( 0.000000000000000000, 0.004504504504504504465, 0.009009009009009008931, 0.01351351351351351426, 0.01801801801801801786, 0.02252252252252252146, 0.02702702702702702853, 0.03153153153153152866, 0.03603603603603603572, 0.04054054054054054279, 0.04504504504504504292, 0.04954954954954954999, 0.05405405405405405705, 0.05855855855855855718, 0.06306306306306305731, 0.06756756756756757132, 0.07207207207207207145, 0.07657657657657657158, 0.08108108108108108558, 0.08558558558558558571, 0.09009009009009008584, 0.09459459459459459985, 0.09909909909909909997, 0.1036036036036036001, 0.1081081081081081141, 0.1126126126126126142, 0.1171171171171171144, 0.1216216216216216284, 0.1261261261261261146, 0.1306306306306306286, 0.1351351351351351426, 0.1396396396396396289, 0.1441441441441441429, 0.1486486486486486569, 0.1531531531531531432, 0.1576576576576576572, 0.1621621621621621712, 0.1666666666666666574, 0.1711711711711711714, 0.1756756756756756854, 0.1801801801801801717, 0.1846846846846846857, 0.1891891891891891997, 0.1936936936936936859, 0.1981981981981981999, 0.2027027027027027140, 0.2072072072072072002, 0.2117117117117117142, 0.2162162162162162282, 0.2207207207207207145, 0.2252252252252252285, 0.2297297297297297425, 0.2342342342342342287, 0.2387387387387387427, 0.2432432432432432567, 0.2477477477477477430, 0.2522522522522522292, 0.2567567567567567433, 0.2612612612612612573, 0.2657657657657657713, 0.2702702702702702853, 0.2747747747747747993, 0.2792792792792792578, 0.2837837837837837718, 0.2882882882882882858, 0.2927927927927927998, 0.2972972972972973138, 0.3018018018018018278, 0.3063063063063062863, 0.3108108108108108003, 0.3153153153153153143, 0.3198198198198198283, 0.3243243243243243423, 0.3288288288288288563, 0.3333333333333333148, 0.3378378378378378288, 0.3423423423423423428, 0.3468468468468468568, 0.3513513513513513709, 0.3558558558558558294, 0.3603603603603603434, 0.3648648648648648574, 0.3693693693693693714, 0.3738738738738738854, 0.3783783783783783994, 0.3828828828828828579, 0.3873873873873873719, 0.3918918918918918859, 0.3963963963963963999, 0.4009009009009009139, 0.4054054054054054279, 0.4099099099099098864, 0.4144144144144144004, 0.4189189189189189144, 0.4234234234234234284, 0.4279279279279279424, 0.4324324324324324564, 0.4369369369369369149, 0.4414414414414414289, 0.4459459459459459429, 0.4504504504504504570, 0.4549549549549549710, 0.4594594594594594850, 0.4639639639639639435, 0.4684684684684684575, 0.4729729729729729715, 0.4774774774774774855, 0.4819819819819819995, 0.4864864864864865135, 0.4909909909909909720, 0.4954954954954954860, 0.5000000000000000000, 0.5045045045045044585, 0.5090090090090090280, 0.5135135135135134865, 0.5180180180180180560, 0.5225225225225225145, 0.5270270270270269730, 0.5315315315315315425, 0.5360360360360360010, 0.5405405405405405705, 0.5450450450450450290, 0.5495495495495495986, 0.5540540540540540571, 0.5585585585585585155, 0.5630630630630630851, 0.5675675675675675436, 0.5720720720720721131, 0.5765765765765765716, 0.5810810810810810301, 0.5855855855855855996, 0.5900900900900900581, 0.5945945945945946276, 0.5990990990990990861, 0.6036036036036036556, 0.6081081081081081141, 0.6126126126126125726, 0.6171171171171171421, 0.6216216216216216006, 0.6261261261261261701, 0.6306306306306306286, 0.6351351351351350871, 0.6396396396396396566, 0.6441441441441441151, 0.6486486486486486847, 0.6531531531531531432, 0.6576576576576577127, 0.6621621621621621712, 0.6666666666666666297, 0.6711711711711711992, 0.6756756756756756577, 0.6801801801801802272, 0.6846846846846846857, 0.6891891891891891442, 0.6936936936936937137, 0.6981981981981981722, 0.7027027027027027417, 0.7072072072072072002, 0.7117117117117116587, 0.7162162162162162282, 0.7207207207207206867, 0.7252252252252252562, 0.7297297297297297147, 0.7342342342342342842, 0.7387387387387387427, 0.7432432432432432012, 0.7477477477477477708, 0.7522522522522522292, 0.7567567567567567988, 0.7612612612612612573, 0.7657657657657657158, 0.7702702702702702853, 0.7747747747747747438, 0.7792792792792793133, 0.7837837837837837718, 0.7882882882882883413, 0.7927927927927927998, 0.7972972972972972583, 0.8018018018018018278, 0.8063063063063062863, 0.8108108108108108558, 0.8153153153153153143, 0.8198198198198197728, 0.8243243243243243423, 0.8288288288288288008, 0.8333333333333333703, 0.8378378378378378288, 0.8423423423423422873, 0.8468468468468468568, 0.8513513513513513153, 0.8558558558558558849, 0.8603603603603603434, 0.8648648648648649129, 0.8693693693693693714, 0.8738738738738738299, 0.8783783783783783994, 0.8828828828828828579, 0.8873873873873874274, 0.8918918918918918859, 0.8963963963963963444, 0.9009009009009009139, 0.9054054054054053724, 0.9099099099099099419, 0.9144144144144144004, 0.9189189189189189699, 0.9234234234234234284, 0.9279279279279278869, 0.9324324324324324564, 0.9369369369369369149, 0.9414414414414414845, 0.9459459459459459429, 0.9504504504504504014, 0.9549549549549549710, 0.9594594594594594295, 0.9639639639639639990, 0.9684684684684684575, 0.9729729729729730270, 0.9774774774774774855, 0.9819819819819819440, 0.9864864864864865135, 0.9909909909909909720, 0.9954954954954955415, 1.000000000000000000 ),
 .UNSPECIFIED. ) 
 GEOMETRIC_REPRESENTATION_ITEM ( )  RATIONAL_B_SPLINE_SURFACE ( (
 ( 1.000000000000000000, 0.8660254037844387076, 1.000000000000000000, 0.8660254037844387076, 1.000000000000000000, 0.8660254037844387076, 1.000000000000000000, 0.8660254037844387076, 1.000000000000000000, 0.8660254037844387076, 1.000000000000000000, 0.8660254037844387076, 1.000000000000000000, 0.8660254037844387076, 1.000000000000000000, 0.8660254037844387076, 1.000000000000000000, 0.8660254037844387076, 1.000000000000000000, 0.8660254037844387076, 1.000000000000000000, 0.8660254037844387076, 1.000000000000000000, 0.8660254037844387076, 1.000000000000000000, 0.8660254037844387076, 1.000000000000000000, 0.8660254037844387076, 1.000000000000000000, 0.8660254037844387076, 1.000000000000000000, 0.8660254037844387076, 1.000000000000000000, 0.8660254037844387076, 1.000000000000000000, 0.8660254037844387076, 1.000000000000000000, 0.8660254037844387076, 1.000000000000000000, 0.8660254037844387076, 1.000000000000000000, 0.8660254037844387076, 1.000000000000000000, 0.8660254037844387076, 1.000000000000000000, 0.8660254037844387076, 1.000000000000000000, 0.8660254037844387076, 1.000000000000000000, 0.8660254037844387076, 1.000000000000000000, 0.8660254037844387076, 1.000000000000000000, 0.8660254037844387076, 1.000000000000000000, 0.8660254037844387076, 1.000000000000000000, 0.8660254037844387076, 1.000000000000000000, 0.8660254037844387076, 1.000000000000000000, 0.8660254037844387076, 1.000000000000000000, 0.8660254037844387076, 1.000000000000000000, 0.8660254037844387076, 1.000000000000000000, 0.8660254037844387076, 1.000000000000000000, 0.8660254037844387076, 1.000000000000000000, 0.8660254037844387076, 1.000000000000000000, 0.8660254037844387076, 1.000000000000000000, 0.8660254037844387076, 1.000000000000000000, 0.8660254037844387076, 1.000000000000000000, 0.8660254037844387076, 1.000000000000000000, 0.8660254037844387076, 1.000000000000000000, 0.8660254037844387076, 1.000000000000000000, 0.8660254037844387076, 1.000000000000000000, 0.8660254037844387076, 1.000000000000000000, 0.8660254037844387076, 1.000000000000000000, 0.8660254037844387076, 1.000000000000000000, 0.8660254037844387076, 1.000000000000000000, 0.8660254037844387076, 1.000000000000000000, 0.8660254037844387076, 1.000000000000000000, 0.8660254037844387076, 1.000000000000000000, 0.8660254037844387076, 1.000000000000000000, 0.8660254037844387076, 1.000000000000000000, 0.8660254037844387076, 1.000000000000000000, 0.8660254037844387076, 1.000000000000000000, 0.8660254037844387076, 1.000000000000000000, 0.8660254037844387076, 1.000000000000000000, 0.8660254037844387076, 1.000000000000000000, 0.8660254037844387076, 1.000000000000000000, 0.8660254037844387076, 1.000000000000000000, 0.8660254037844387076, 1.000000000000000000, 0.8660254037844387076, 1.000000000000000000, 0.8660254037844387076, 1.000000000000000000, 0.8660254037844387076, 1.000000000000000000, 0.8660254037844387076, 1.000000000000000000, 0.8660254037844387076, 1.000000000000000000, 0.8660254037844387076, 1.000000000000000000, 0.8660254037844387076, 1.000000000000000000, 0.8660254037844387076, 1.000000000000000000, 0.8660254037844387076, 1.000000000000000000, 0.8660254037844387076, 1.000000000000000000, 0.8660254037844387076, 1.000000000000000000, 0.8660254037844387076, 1.000000000000000000, 0.8660254037844387076, 1.000000000000000000, 0.8660254037844387076, 1.000000000000000000, 0.8660254037844387076, 1.000000000000000000, 0.8660254037844387076, 1.000000000000000000, 0.8660254037844387076, 1.000000000000000000, 0.8660254037844387076, 1.000000000000000000, 0.8660254037844387076, 1.000000000000000000, 0.8660254037844387076, 1.000000000000000000, 0.8660254037844387076, 1.000000000000000000, 0.8660254037844387076, 1.000000000000000000, 0.8660254037844387076, 1.000000000000000000, 0.8660254037844387076, 1.000000000000000000, 0.8660254037844387076, 1.000000000000000000, 0.8660254037844387076, 1.000000000000000000, 0.8660254037844387076, 1.000000000000000000, 0.8660254037844387076, 1.000000000000000000, 0.8660254037844387076, 1.000000000000000000, 0.8660254037844387076, 1.000000000000000000, 0.8660254037844387076, 1.000000000000000000, 0.8660254037844387076, 1.000000000000000000, 0.8660254037844387076, 1.000000000000000000, 0.8660254037844387076, 1.000000000000000000, 0.8660254037844387076, 1.000000000000000000, 0.8660254037844387076, 1.000000000000000000, 0.8660254037844387076, 1.000000000000000000, 0.8660254037844387076, 1.000000000000000000, 0.8660254037844387076, 1.000000000000000000, 0.8660254037844387076, 1.000000000000000000, 0.8660254037844387076, 1.000000000000000000, 0.8660254037844387076, 1.000000000000000000, 0.8660254037844387076, 1.000000000000000000, 0.8660254037844387076, 1.000000000000000000, 0.8660254037844387076, 1.000000000000000000, 0.8660254037844387076, 1.000000000000000000, 0.8660254037844387076, 1.000000000000000000, 0.8660254037844387076, 1.000000000000000000, 0.8660254037844387076, 1.000000000000000000, 0.8660254037844387076, 1.000000000000000000, 0.8660254037844387076, 1.000000000000000000, 0.8660254037844387076, 1.000000000000000000, 0.8660254037844387076, 1.000000000000000000, 0.8660254037844387076, 1.000000000000000000, 0.8660254037844387076, 1.000000000000000000, 0.8660254037844387076, 1.000000000000000000, 0.8660254037844387076, 1.000000000000000000, 0.8660254037844387076, 1.000000000000000000, 0.8660254037844387076, 1.000000000000000000, 0.8660254037844387076, 1.000000000000000000, 0.8660254037844387076, 1.000000000000000000, 0.8660254037844387076, 1.000000000000000000, 0.8660254037844387076, 1.000000000000000000, 0.8660254037844387076, 1.000000000000000000, 0.8660254037844387076, 1.000000000000000000, 0.8660254037844387076, 1.000000000000000000, 0.8660254037844387076, 1.000000000000000000, 0.8660254037844387076, 1.000000000000000000, 0.8660254037844387076, 1.000000000000000000, 0.8660254037844387076, 1.000000000000000000, 0.8660254037844387076, 1.000000000000000000, 0.8660254037844387076, 1.000000000000000000, 0.8660254037844387076, 1.000000000000000000, 0.8660254037844387076, 1.000000000000000000, 0.8660254037844387076, 1.000000000000000000, 0.8660254037844387076, 1.000000000000000000, 0.8660254037844387076, 1.000000000000000000, 0.8660254037844387076, 1.000000000000000000, 0.8660254037844387076, 1.000000000000000000, 0.8660254037844387076, 1.000000000000000000, 0.8660254037844387076, 1.000000000000000000, 0.8660254037844387076, 1.000000000000000000, 0.8660254037844387076, 1.000000000000000000, 0.8660254037844387076, 1.000000000000000000, 0.8660254037844387076, 1.000000000000000000, 0.8660254037844387076, 1.000000000000000000, 0.8660254037844387076, 1.000000000000000000, 0.8660254037844387076, 1.000000000000000000, 0.8660254037844387076, 1.000000000000000000, 0.8660254037844387076, 1.000000000000000000, 0.8660254037844387076, 1.000000000000000000, 0.8660254037844387076, 1.000000000000000000, 0.8660254037844387076, 1.000000000000000000, 0.8660254037844387076, 1.000000000000000000, 0.8660254037844387076, 1.000000000000000000, 0.8660254037844387076, 1.000000000000000000, 0.8660254037844387076, 1.000000000000000000, 0.8660254037844387076, 1.000000000000000000, 0.8660254037844387076, 1.000000000000000000, 0.8660254037844387076, 1.000000000000000000, 0.8660254037844387076, 1.000000000000000000, 0.8660254037844387076, 1.000000000000000000, 0.8660254037844387076, 1.000000000000000000, 0.8660254037844387076, 1.000000000000000000, 0.8660254037844387076, 1.000000000000000000, 0.8660254037844387076, 1.000000000000000000, 0.8660254037844387076, 1.000000000000000000, 0.8660254037844387076, 1.000000000000000000, 0.8660254037844387076, 1.000000000000000000, 0.8660254037844387076, 1.000000000000000000, 0.8660254037844387076, 1.000000000000000000, 0.8660254037844387076, 1.000000000000000000, 0.8660254037844387076, 1.000000000000000000, 0.8660254037844387076, 1.000000000000000000, 0.8660254037844387076, 1.000000000000000000, 0.8660254037844387076, 1.000000000000000000, 0.8660254037844387076, 1.000000000000000000, 0.8660254037844387076, 1.000000000000000000, 0.8660254037844387076, 1.000000000000000000, 0.8660254037844387076, 1.000000000000000000, 0.8660254037844387076, 1.000000000000000000, 0.8660254037844387076, 1.000000000000000000, 0.8660254037844387076, 1.000000000000000000, 0.8660254037844387076, 1.000000000000000000, 0.8660254037844387076, 1.000000000000000000, 0.8660254037844387076, 1.000000000000000000, 0.8660254037844387076, 1.000000000000000000, 0.8660254037844387076, 1.000000000000000000, 0.8660254037844387076, 1.000000000000000000, 0.8660254037844387076, 1.000000000000000000, 0.8660254037844387076, 1.000000000000000000, 0.8660254037844387076, 1.000000000000000000, 0.8660254037844387076, 1.000000000000000000, 0.8660254037844387076, 1.000000000000000000, 0.8660254037844387076, 1.000000000000000000, 0.8660254037844387076, 1.000000000000000000, 0.8660254037844387076, 1.000000000000000000, 0.8660254037844387076, 1.000000000000000000, 0.8660254037844387076, 1.000000000000000000, 0.8660254037844387076, 1.000000000000000000, 0.8660254037844387076, 1.000000000000000000, 0.8660254037844387076, 1.000000000000000000, 0.8660254037844387076, 1.000000000000000000, 0.8660254037844387076, 1.000000000000000000, 0.8660254037844387076, 1.000000000000000000, 0.8660254037844387076, 1.000000000000000000, 0.8660254037844387076, 1.000000000000000000, 0.8660254037844387076, 1.000000000000000000, 0.8660254037844387076, 1.000000000000000000, 0.8660254037844387076, 1.000000000000000000, 0.8660254037844387076, 1.000000000000000000, 0.8660254037844387076, 1.000000000000000000, 0.8660254037844387076, 1.000000000000000000, 0.8660254037844387076, 1.000000000000000000, 0.8660254037844387076, 1.000000000000000000, 0.8660254037844387076, 1.000000000000000000, 0.8660254037844387076, 1.000000000000000000, 0.8660254037844387076, 1.000000000000000000, 0.8660254037844387076, 1.000000000000000000, 0.8660254037844387076, 1.000000000000000000, 0.8660254037844387076, 1.000000000000000000, 0.8660254037844387076, 1.000000000000000000),
 ( 1.000000000000000000, 0.8660254037844387076, 1.000000000000000000, 0.8660254037844387076, 1.000000000000000000, 0.8660254037844387076, 1.000000000000000000, 0.8660254037844387076, 1.000000000000000000, 0.8660254037844387076, 1.000000000000000000, 0.8660254037844387076, 1.000000000000000000, 0.8660254037844387076, 1.000000000000000000, 0.8660254037844387076, 1.000000000000000000, 0.8660254037844387076, 1.000000000000000000, 0.8660254037844387076, 1.000000000000000000, 0.8660254037844387076, 1.000000000000000000, 0.8660254037844387076, 1.000000000000000000, 0.8660254037844387076, 1.000000000000000000, 0.8660254037844387076, 1.000000000000000000, 0.8660254037844387076, 1.000000000000000000, 0.8660254037844387076, 1.000000000000000000, 0.8660254037844387076, 1.000000000000000000, 0.8660254037844387076, 1.000000000000000000, 0.8660254037844387076, 1.000000000000000000, 0.8660254037844387076, 1.000000000000000000, 0.8660254037844387076, 1.000000000000000000, 0.8660254037844387076, 1.000000000000000000, 0.8660254037844387076, 1.000000000000000000, 0.8660254037844387076, 1.000000000000000000, 0.8660254037844387076, 1.000000000000000000, 0.8660254037844387076, 1.000000000000000000, 0.8660254037844387076, 1.000000000000000000, 0.8660254037844387076, 1.000000000000000000, 0.8660254037844387076, 1.000000000000000000, 0.8660254037844387076, 1.000000000000000000, 0.8660254037844387076, 1.000000000000000000, 0.8660254037844387076, 1.000000000000000000, 0.8660254037844387076, 1.000000000000000000, 0.8660254037844387076, 1.000000000000000000, 0.8660254037844387076, 1.000000000000000000, 0.8660254037844387076, 1.000000000000000000, 0.8660254037844387076, 1.000000000000000000, 0.8660254037844387076, 1.000000000000000000, 0.8660254037844387076, 1.000000000000000000, 0.8660254037844387076, 1.000000000000000000, 0.8660254037844387076, 1.000000000000000000, 0.8660254037844387076, 1.000000000000000000, 0.8660254037844387076, 1.000000000000000000, 0.8660254037844387076, 1.000000000000000000, 0.8660254037844387076, 1.000000000000000000, 0.8660254037844387076, 1.000000000000000000, 0.8660254037844387076, 1.000000000000000000, 0.8660254037844387076, 1.000000000000000000, 0.8660254037844387076, 1.000000000000000000, 0.8660254037844387076, 1.000000000000000000, 0.8660254037844387076, 1.000000000000000000, 0.8660254037844387076, 1.000000000000000000, 0.8660254037844387076, 1.000000000000000000, 0.8660254037844387076, 1.000000000000000000, 0.8660254037844387076, 1.000000000000000000, 0.8660254037844387076, 1.000000000000000000, 0.8660254037844387076, 1.000000000000000000, 0.8660254037844387076, 1.000000000000000000, 0.8660254037844387076, 1.000000000000000000, 0.8660254037844387076, 1.000000000000000000, 0.8660254037844387076, 1.000000000000000000, 0.8660254037844387076, 1.000000000000000000, 0.8660254037844387076, 1.000000000000000000, 0.8660254037844387076, 1.000000000000000000, 0.8660254037844387076, 1.000000000000000000, 0.8660254037844387076, 1.000000000000000000, 0.8660254037844387076, 1.000000000000000000, 0.8660254037844387076, 1.000000000000000000, 0.8660254037844387076, 1.000000000000000000, 0.8660254037844387076, 1.000000000000000000, 0.8660254037844387076, 1.000000000000000000, 0.8660254037844387076, 1.000000000000000000, 0.8660254037844387076, 1.000000000000000000, 0.8660254037844387076, 1.000000000000000000, 0.8660254037844387076, 1.000000000000000000, 0.8660254037844387076, 1.000000000000000000, 0.8660254037844387076, 1.000000000000000000, 0.8660254037844387076, 1.000000000000000000, 0.8660254037844387076, 1.000000000000000000, 0.8660254037844387076, 1.000000000000000000, 0.8660254037844387076, 1.000000000000000000, 0.8660254037844387076, 1.000000000000000000, 0.8660254037844387076, 1.000000000000000000, 0.8660254037844387076, 1.000000000000000000, 0.8660254037844387076, 1.000000000000000000, 0.8660254037844387076, 1.000000000000000000, 0.8660254037844387076, 1.000000000000000000, 0.8660254037844387076, 1.000000000000000000, 0.8660254037844387076, 1.000000000000000000, 0.8660254037844387076, 1.000000000000000000, 0.8660254037844387076, 1.000000000000000000, 0.8660254037844387076, 1.000000000000000000, 0.8660254037844387076, 1.000000000000000000, 0.8660254037844387076, 1.000000000000000000, 0.8660254037844387076, 1.000000000000000000, 0.8660254037844387076, 1.000000000000000000, 0.8660254037844387076, 1.000000000000000000, 0.8660254037844387076, 1.000000000000000000, 0.8660254037844387076, 1.000000000000000000, 0.8660254037844387076, 1.000000000000000000, 0.8660254037844387076, 1.000000000000000000, 0.8660254037844387076, 1.000000000000000000, 0.8660254037844387076, 1.000000000000000000, 0.8660254037844387076, 1.000000000000000000, 0.8660254037844387076, 1.000000000000000000, 0.8660254037844387076, 1.000000000000000000, 0.8660254037844387076, 1.000000000000000000, 0.8660254037844387076, 1.000000000000000000, 0.8660254037844387076, 1.000000000000000000, 0.8660254037844387076, 1.000000000000000000, 0.8660254037844387076, 1.000000000000000000, 0.8660254037844387076, 1.000000000000000000, 0.8660254037844387076, 1.000000000000000000, 0.8660254037844387076, 1.000000000000000000, 0.8660254037844387076, 1.000000000000000000, 0.8660254037844387076, 1.000000000000000000, 0.8660254037844387076, 1.000000000000000000, 0.8660254037844387076, 1.000000000000000000, 0.8660254037844387076, 1.000000000000000000, 0.8660254037844387076, 1.000000000000000000, 0.8660254037844387076, 1.000000000000000000, 0.8660254037844387076, 1.000000000000000000, 0.8660254037844387076, 1.000000000000000000, 0.8660254037844387076, 1.000000000000000000, 0.8660254037844387076, 1.000000000000000000, 0.8660254037844387076, 1.000000000000000000, 0.8660254037844387076, 1.000000000000000000, 0.8660254037844387076, 1.000000000000000000, 0.8660254037844387076, 1.000000000000000000, 0.8660254037844387076, 1.000000000000000000, 0.8660254037844387076, 1.000000000000000000, 0.8660254037844387076, 1.000000000000000000, 0.8660254037844387076, 1.000000000000000000, 0.8660254037844387076, 1.000000000000000000, 0.8660254037844387076, 1.000000000000000000, 0.8660254037844387076, 1.000000000000000000, 0.8660254037844387076, 1.000000000000000000, 0.8660254037844387076, 1.000000000000000000, 0.8660254037844387076, 1.000000000000000000, 0.8660254037844387076, 1.000000000000000000, 0.8660254037844387076, 1.000000000000000000, 0.8660254037844387076, 1.000000000000000000, 0.8660254037844387076, 1.000000000000000000, 0.8660254037844387076, 1.000000000000000000, 0.8660254037844387076, 1.000000000000000000, 0.8660254037844387076, 1.000000000000000000, 0.8660254037844387076, 1.000000000000000000, 0.8660254037844387076, 1.000000000000000000, 0.8660254037844387076, 1.000000000000000000, 0.8660254037844387076, 1.000000000000000000, 0.8660254037844387076, 1.000000000000000000, 0.8660254037844387076, 1.000000000000000000, 0.8660254037844387076, 1.000000000000000000, 0.8660254037844387076, 1.000000000000000000, 0.8660254037844387076, 1.000000000000000000, 0.8660254037844387076, 1.000000000000000000, 0.8660254037844387076, 1.000000000000000000, 0.8660254037844387076, 1.000000000000000000, 0.8660254037844387076, 1.000000000000000000, 0.8660254037844387076, 1.000000000000000000, 0.8660254037844387076, 1.000000000000000000, 0.8660254037844387076, 1.000000000000000000, 0.8660254037844387076, 1.000000000000000000, 0.8660254037844387076, 1.000000000000000000, 0.8660254037844387076, 1.000000000000000000, 0.8660254037844387076, 1.000000000000000000, 0.8660254037844387076, 1.000000000000000000, 0.8660254037844387076, 1.000000000000000000, 0.8660254037844387076, 1.000000000000000000, 0.8660254037844387076, 1.000000000000000000, 0.8660254037844387076, 1.000000000000000000, 0.8660254037844387076, 1.000000000000000000, 0.8660254037844387076, 1.000000000000000000, 0.8660254037844387076, 1.000000000000000000, 0.8660254037844387076, 1.000000000000000000, 0.8660254037844387076, 1.000000000000000000, 0.8660254037844387076, 1.000000000000000000, 0.8660254037844387076, 1.000000000000000000, 0.8660254037844387076, 1.000000000000000000, 0.8660254037844387076, 1.000000000000000000, 0.8660254037844387076, 1.000000000000000000, 0.8660254037844387076, 1.000000000000000000, 0.8660254037844387076, 1.000000000000000000, 0.8660254037844387076, 1.000000000000000000, 0.8660254037844387076, 1.000000000000000000, 0.8660254037844387076, 1.000000000000000000, 0.8660254037844387076, 1.000000000000000000, 0.8660254037844387076, 1.000000000000000000, 0.8660254037844387076, 1.000000000000000000, 0.8660254037844387076, 1.000000000000000000, 0.8660254037844387076, 1.000000000000000000, 0.8660254037844387076, 1.000000000000000000, 0.8660254037844387076, 1.000000000000000000, 0.8660254037844387076, 1.000000000000000000, 0.8660254037844387076, 1.000000000000000000, 0.8660254037844387076, 1.000000000000000000, 0.8660254037844387076, 1.000000000000000000, 0.8660254037844387076, 1.000000000000000000, 0.8660254037844387076, 1.000000000000000000, 0.8660254037844387076, 1.000000000000000000, 0.8660254037844387076, 1.000000000000000000, 0.8660254037844387076, 1.000000000000000000, 0.8660254037844387076, 1.000000000000000000, 0.8660254037844387076, 1.000000000000000000, 0.8660254037844387076, 1.000000000000000000, 0.8660254037844387076, 1.000000000000000000, 0.8660254037844387076, 1.000000000000000000, 0.8660254037844387076, 1.000000000000000000, 0.8660254037844387076, 1.000000000000000000, 0.8660254037844387076, 1.000000000000000000, 0.8660254037844387076, 1.000000000000000000, 0.8660254037844387076, 1.000000000000000000, 0.8660254037844387076, 1.000000000000000000, 0.8660254037844387076, 1.000000000000000000, 0.8660254037844387076, 1.000000000000000000, 0.8660254037844387076, 1.000000000000000000, 0.8660254037844387076, 1.000000000000000000, 0.8660254037844387076, 1.000000000000000000, 0.8660254037844387076, 1.000000000000000000, 0.8660254037844387076, 1.000000000000000000, 0.8660254037844387076, 1.000000000000000000, 0.8660254037844387076, 1.000000000000000000) ) ) 
 REPRESENTATION_ITEM ( '' )  SURFACE ( )  );
#4615 = VERTEX_POINT ( 'NONE', #5874 ) ;
#4616 = CARTESIAN_POINT ( 'NONE',  ( 1.175240473580825284, 5.519710834441635337E-15, -3.812500000000012879 ) ) ;
#4617 = CARTESIAN_POINT ( 'NONE',  ( -1.499999999999991340, -0.4019237886466876519, -3.290170900630761786 ) ) ;
#4618 = CARTESIAN_POINT ( 'NONE',  ( 0.6785254037844331565, 1.175240473580829059, 1.708333333333308168 ) ) ;
#4619 = CARTESIAN_POINT ( 'NONE',  ( 0.000000000000000000, -1.124999999999972022, -7.999999999999998224 ) ) ;
#4620 = CARTESIAN_POINT ( 'NONE',  ( -1.175240473580824174, 8.105259593732717402E-15, 0.8749999999999770184 ) ) ;
#4621 = CARTESIAN_POINT ( 'NONE',  ( -1.763300807568860318, 4.483001982712331095E-15, 6.171874999999964473 ) ) ;
#4622 = CARTESIAN_POINT ( 'NONE',  ( 1.017788105676650900, 0.5876202367904133084, -5.833333333333341919 ) ) ;
#4623 = CARTESIAN_POINT ( 'NONE',  ( 0.8816504037844311581, 1.527063293868253568, -7.526041666666671404 ) ) ;
#4624 = ORIENTED_EDGE ( 'NONE', *, *, #2630, .F. ) ;
#4625 = ADVANCED_FACE ( 'NONE', ( #121 ), #7706, .T. ) ;
#4626 = VERTEX_POINT ( 'NONE', #2106 ) ;
#4627 = CARTESIAN_POINT ( 'NONE',  ( 1.499999999999996447, -6.042630808230842937E-15, -2.062500000000024425 ) ) ;
#4628 = B_SPLINE_CURVE_WITH_KNOTS ( 'NONE', 3,
 ( #8160, #399, #2257, #1669, #948, #5520, #2927, #6108, #8202, #4844, #6871, #3528, #1077, #7507, #1711, #6917, #2301, #4927, #4285, #5473, #2886, #4247 ),
 .UNSPECIFIED., .F., .F.,
 ( 4, 2, 2, 2, 2, 2, 2, 2, 2, 2, 4 ),
 ( 0.003106457954156110861, 0.003647912360783904170, 0.004189366767411696613, 0.004460093970725593701, 0.004730821174039489922, 0.005272275580667282364, 0.005813729987295075674, 0.006355184393922868116, 0.006625911597236765205, 0.006896638800550662293, 0.007438093207178456470 ),
 .UNSPECIFIED. ) ;
#4629 = CARTESIAN_POINT ( 'NONE',  ( 1.175240473580825062, 4.375030948216173530E-15, -8.000000000000000000 ) ) ;
#4630 = CARTESIAN_POINT ( 'NONE',  ( -1.499999999999995559, 4.561024215828087150E-15, 5.624999999999972466 ) ) ;
#4631 = CARTESIAN_POINT ( 'NONE',  ( 0.5159517427925806032, 1.201772405563283463, -7.843093517762208755 ) ) ;
#4632 = EDGE_CURVE ( 'NONE', #911, #3073, #7524, .T. ) ;
#4633 = CARTESIAN_POINT ( 'NONE',  ( 1.017788105676648902, -0.5876202367904087565, -0.8541666666666861696 ) ) ;
#4634 = CARTESIAN_POINT ( 'NONE',  ( 1.499999999999993561, -0.4019237886466838217, 0.4151709006307100491 ) ) ;
#4635 = CARTESIAN_POINT ( 'NONE',  ( -1.357050807568865203, 4.458126344604650913E-15, -5.125000000000010658 ) ) ;
#4636 =( BOUNDED_CURVE ( )  B_SPLINE_CURVE ( 2, ( #6798, #6835, #4175, #6116, #8212, #2346, #4937, #4851, #3656 ),
 .UNSPECIFIED., .F., .F. ) 
 B_SPLINE_CURVE_WITH_KNOTS ( ( 3, 2, 2, 2, 3 ),
 ( 0.3040540540540541126, 0.3063063063063062863, 0.3108108108108108003, 0.3153153153153153143, 0.3175675675675675436 ),
 .UNSPECIFIED. ) 
 CURVE ( )  GEOMETRIC_REPRESENTATION_ITEM ( )  RATIONAL_B_SPLINE_CURVE ( ( 0.9330127018922192983, 0.9330127018922209636, 1.000000000000000000, 0.8660254037844387076, 1.000000000000000000, 0.8660254037844387076, 1.000000000000000000, 0.9330127018922202975, 0.9330127018922194093 ) ) 
 REPRESENTATION_ITEM ( '' )  );
#4637 = CARTESIAN_POINT ( 'NONE',  ( -1.322475605676645349, -0.7635316469341199008, 1.213541666666642316 ) ) ;
#4638 = DIRECTION ( 'NONE',  ( -0.000000000000000000, -0.000000000000000000, 1.000000000000000000 ) ) ;
#4639 = FACE_OUTER_BOUND ( 'NONE', #3522, .T. ) ;
#4640 = CARTESIAN_POINT ( 'NONE',  ( -0.6785254037844324904, 1.175240473580829281, -8.145833333333337478 ) ) ;
#4641 = CARTESIAN_POINT ( 'NONE',  ( -1.175240473580824174, 8.424821799937231689E-16, 1.937499999999975575 ) ) ;
#4642 = DIRECTION ( 'NONE',  ( 0.000000000000000000, 0.000000000000000000, -1.000000000000000000 ) ) ;
#4643 = AXIS2_PLACEMENT_3D ( 'NONE', #7049, #6365, #574 ) ;
#4644 = CARTESIAN_POINT ( 'NONE',  ( -1.299038105676654231, 0.7500000000000025535, -1.916666666666678287 ) ) ;
#4645 = ORIENTED_EDGE ( 'NONE', *, *, #8305, .F. ) ;
#4646 = VERTEX_POINT ( 'NONE', #4056 ) ;
#4647 = CARTESIAN_POINT ( 'NONE',  ( -1.322475605676645127, 0.7635316469341291157, -7.869791666666672292 ) ) ;
#4648 = CARTESIAN_POINT ( 'NONE',  ( 0.000000000000000000, -9.067116327485578019E-15, 7.749999999999998224 ) ) ;
#4649 = CARTESIAN_POINT ( 'NONE',  ( 1.175240473580825284, 5.287301957201987865E-15, -3.375000000000014211 ) ) ;
#4650 = CARTESIAN_POINT ( 'NONE',  ( -1.175240473580823952, -0.3149047358083453263, -5.602670900630748463 ) ) ;
#4651 = CARTESIAN_POINT ( 'NONE',  ( 1.322475605676645349, -0.7635316469341211221, 0.8489583333333109438 ) ) ;
#4652 = ORIENTED_EDGE ( 'NONE', *, *, #6422, .F. ) ;
#4653 = CARTESIAN_POINT ( 'NONE',  ( -1.357050807568865203, 4.458126344604650913E-15, 4.937499999999968914 ) ) ;
#4654 = ADVANCED_FACE ( 'NONE', ( #5960 ), #1479, .F. ) ;
#4655 = EDGE_CURVE ( 'NONE', #6418, #8336, #411, .T. ) ;
#4656 = DIRECTION ( 'NONE',  ( -1.000000000000000000, 0.000000000000000000, 0.000000000000000000 ) ) ;
#4657 = ORIENTED_EDGE ( 'NONE', *, *, #6213, .F. ) ;
#4658 = ORIENTED_EDGE ( 'NONE', *, *, #7630, .T. ) ;
#4659 = CARTESIAN_POINT ( 'NONE',  ( 0.8660254037844371533, 1.500000000000000222, -4.479166666666684726 ) ) ;
#4660 = CARTESIAN_POINT ( 'NONE',  ( -0.6785254037844329345, -1.175240473580820622, -0.5416666666666867247 ) ) ;
#4661 = CARTESIAN_POINT ( 'NONE',  ( 0.000000000000000000, 4.375030948216173530E-15, -8.000000000000000000 ) ) ;
#4662 = CARTESIAN_POINT ( 'NONE',  ( -0.8660254037844358210, 1.499999999999999778, 5.041666666666638541 ) ) ;
#4663 = CARTESIAN_POINT ( 'NONE',  ( 1.322475605676645127, -0.7635316469341209000, 6.880208333333295734 ) ) ;
#4664 = DIRECTION ( 'NONE',  ( 0.000000000000000000, 0.000000000000000000, -1.000000000000000000 ) ) ;
#4665 = LINE ( 'NONE', #2043, #7000 ) ;
#4666 = CARTESIAN_POINT ( 'NONE',  ( -1.870113174931165872E-16, -1.527063293868245131, -7.234375000000005329 ) ) ;
#4667 = ORIENTED_EDGE ( 'NONE', *, *, #2526, .F. ) ;
#4668 = ADVANCED_FACE ( 'NONE', ( #826 ), #238, .T. ) ;
#4669 = EDGE_LOOP ( 'NONE', ( #2026, #3783, #5502, #3243 ) ) ;
#4670 = DIRECTION ( 'NONE',  ( 1.000000000000000000, 0.000000000000000000, 0.000000000000000000 ) ) ;
#4671 = CARTESIAN_POINT ( 'NONE',  ( 1.175240473580825951, 0.3149047358083468251, -0.2901709006307602312 ) ) ;
#4672 = DIRECTION ( 'NONE',  ( 1.000000000000000000, 0.000000000000000000, 0.000000000000000000 ) ) ;
#4673 = EDGE_CURVE ( 'NONE', #2114, #7526, #7656, .T. ) ;
#4674 = CARTESIAN_POINT ( 'NONE',  ( 1.499999999999996447, 3.776644255144276145E-15, 7.437499999999954703 ) ) ;
#4676 = VECTOR ( 'NONE', #5582, 1000.000000000000000 ) ;
#4675 = APPROVAL ( #3539, 'UNSPECIFIED' ) ;
#4677 = CARTESIAN_POINT ( 'NONE',  ( -0.6785254037844329345, -1.175240473580820622, 0.5208333333333106108 ) ) ;
#4678 = CARTESIAN_POINT ( 'NONE',  ( 0.6785254037844496988, 1.175240473580819733, 1.270833333333309501 ) ) ;
#4679 = CARTESIAN_POINT ( 'NONE',  ( -1.439254484199176806E-16, -1.175240473580820844, -4.500000000000011546 ) ) ;
#4680 = VECTOR ( 'NONE', #6369, 1000.000000000000000 ) ;
#4681 = CARTESIAN_POINT ( 'NONE',  ( 1.763300807568860318, 4.051117844727701623E-15, 0.9218749999999765743 ) ) ;
#4682 = DIRECTION ( 'NONE',  ( 0.000000000000000000, 0.000000000000000000, -1.000000000000000000 ) ) ;
#4683 = CARTESIAN_POINT ( 'NONE',  ( 1.175240473580828615, 1.867986350813668840E-14, 2.687499999999974687 ) ) ;
#4684 = CARTESIAN_POINT ( 'NONE',  ( -1.017788105676648902, -0.5876202367904079793, -7.520833333333338366 ) ) ;
#4685 = DATE_AND_TIME ( #289, #5916 ) ;
#4686 =( BOUNDED_CURVE ( )  B_SPLINE_CURVE ( 2, ( #7197, #44, #2116, #3977, #4532, #5931, #87, #3933, #4065 ),
 .UNSPECIFIED., .F., .F. ) 
 B_SPLINE_CURVE_WITH_KNOTS ( ( 3, 2, 2, 2, 3 ),
 ( 0.08783783783783784271, 0.09009009009009008584, 0.09459459459459459985, 0.09909909909909909997, 0.1013513513513513570 ),
 .UNSPECIFIED. ) 
 CURVE ( )  GEOMETRIC_REPRESENTATION_ITEM ( )  RATIONAL_B_SPLINE_CURVE ( ( 0.9330127018922194093, 0.9330127018922196314, 1.000000000000000000, 0.8660254037844387076, 1.000000000000000000, 0.8660254037844387076, 1.000000000000000000, 0.9330127018922191873, 0.9330127018922194093 ) ) 
 REPRESENTATION_ITEM ( '' )  );
#4687 = CARTESIAN_POINT ( 'NONE',  ( 1.499999999999999112, 0.4019237886466822118, -4.040170900630759121 ) ) ;
#4688 = CARTESIAN_POINT ( 'NONE',  ( 1.500000000000000888, 0.4019237886466774379, -2.102670900630751127 ) ) ;
#4689 = ORIENTED_EDGE ( 'NONE', *, *, #1306, .F. ) ;
#4690 = ORIENTED_EDGE ( 'NONE', *, *, #3206, .F. ) ;
#4691 = CARTESIAN_POINT ( 'NONE',  ( 0.000000000000000000, 1.527063293868253568, -6.453125000000007994 ) ) ;
#4692 = VECTOR ( 'NONE', #2028, 1000.000000000000000 ) ;
#4693 = CARTESIAN_POINT ( 'NONE',  ( 1.175240473580821510, -0.3149047358083587045, 3.165170900630712936 ) ) ;
#4694 = DIRECTION ( 'NONE',  ( 1.000000000000000000, 0.000000000000000000, 0.000000000000000000 ) ) ;
#4695 = CARTESIAN_POINT ( 'NONE',  ( 0.000000000000000000, 4.375030948216173530E-15, -8.000000000000000000 ) ) ;
#4696 = CARTESIAN_POINT ( 'NONE',  ( -0.8816504037844309360, -1.527063293868244909, 1.723958333333308390 ) ) ;
#4697 = ORIENTED_EDGE ( 'NONE', *, *, #4762, .T. ) ;
#4698 = CARTESIAN_POINT ( 'NONE',  ( 1.017788105676649346, 0.5876202367904160839, 6.729166666666631436 ) ) ;
#4699 = VECTOR ( 'NONE', #5961, 1000.000000000000000 ) ;
#4700 = CARTESIAN_POINT ( 'NONE',  ( 1.175240473580828615, 1.748876801228349274E-14, 4.687499999999971578 ) ) ;
#4701 = ORIENTED_EDGE ( 'NONE', *, *, #1417, .F. ) ;
#4702 = EDGE_LOOP ( 'NONE', ( #5414, #5291, #8176, #2465 ) ) ;
#4703 = CARTESIAN_POINT ( 'NONE',  ( 1.299038105676654675, -0.7499999999999944489, -1.104166666666692498 ) ) ;
#4704 = CARTESIAN_POINT ( 'NONE',  ( -1.299038105676654897, -0.7499999999999935607, -3.270833333333354798 ) ) ;
#4705 = CARTESIAN_POINT ( 'NONE',  ( -1.017788105676648902, 0.5876202367904169721, 3.333333333333304616 ) ) ;
#4706 = CARTESIAN_POINT ( 'NONE',  ( 1.499999999999995559, -1.600716141988073932E-14, 2.374999999999978240 ) ) ;
#4707 = CARTESIAN_POINT ( 'NONE',  ( -1.299038105676654231, 0.7500000000000025535, 5.083333333333307280 ) ) ;
#4708 = CARTESIAN_POINT ( 'NONE',  ( -1.870113174931165379E-16, -1.527063293868244687, 7.796874999999961808 ) ) ;
#4709 = CC_DESIGN_APPROVAL ( #4162, ( #2500 ) ) ;
#4710 = CARTESIAN_POINT ( 'NONE',  ( -1.499999999999996447, -5.258250847547031931E-15, -4.312500000000018652 ) ) ;
#4711 = DIRECTION ( 'NONE',  ( -0.000000000000000000, -0.000000000000000000, 1.000000000000000000 ) ) ;
#4712 = CARTESIAN_POINT ( 'NONE',  ( -1.322475605676645793, -0.7635316469341201229, -4.817708333333343695 ) ) ;
#4713 = ORIENTED_EDGE ( 'NONE', *, *, #17, .T. ) ;
#4714 = ORIENTED_EDGE ( 'NONE', *, *, #3270, .F. ) ;
#4715 = CARTESIAN_POINT ( 'NONE',  ( -2.764096060758901554E-14, -1.175240473580820844, 3.562499999999970246 ) ) ;
#4716 = CARTESIAN_POINT ( 'NONE',  ( -1.017788105676653565, -0.5876202367904003188, 2.916666666666638541 ) ) ;
#4717 = EDGE_CURVE ( 'NONE', #6276, #3974, #6511, .T. ) ;
#4718 = FACE_OUTER_BOUND ( 'NONE', #258, .T. ) ;
#4719 = CARTESIAN_POINT ( 'NONE',  ( 1.245602363494112463, 0.1715976491127756132, -7.894905406990394781 ) ) ;
#4720 = CARTESIAN_POINT ( 'NONE',  ( 0.6785254037844321573, -1.175240473580821066, 0.1041666666666447999 ) ) ;
#4721 = B_SPLINE_CURVE_WITH_KNOTS ( 'NONE', 3,
 ( #2147, #4559, #2022, #2690, #7139, #7963, #7912, #3918, #3283, #70, #4006, #6588, #2730, #2650, #5953, #7315, #5237, #6630, #156, #5276, #7829, #754, #7269, #5994 ),
 .UNSPECIFIED., .F., .F.,
 ( 4, 2, 2, 2, 2, 2, 2, 2, 2, 2, 2, 4 ),
 ( 0.003090984567100115311, 0.003631928322784719939, 0.003902400200627022253, 0.004172872078469324134, 0.004713815834153927894, 0.004984287711996229775, 0.005254759589838531655, 0.005795703345523135416, 0.006336647101207739177, 0.006607118979050041058, 0.006877590856892342071, 0.007418534612576944964 ),
 .UNSPECIFIED. ) ;
#4722 = CARTESIAN_POINT ( 'NONE',  ( -1.299038105676654897, -0.7499999999999935607, 0.2291666666666387631 ) ) ;
#4723 = ADVANCED_FACE ( 'NONE', ( #1508 ), #7955, .T. ) ;
#4724 = CARTESIAN_POINT ( 'NONE',  ( 1.017788105676648902, -0.5876202367904087565, -3.916666666666679397 ) ) ;
#4725 = CARTESIAN_POINT ( 'NONE',  ( 1.175240473580824840, -0.3149047358083503223, -4.334829099369271965 ) ) ;
#4726 = CARTESIAN_POINT ( 'NONE',  ( 1.322475605676646015, 0.7635316469341278944, 0.4635416666666433705 ) ) ;
#4727 = CARTESIAN_POINT ( 'NONE',  ( -1.017788105676646904, 0.5876202367904206358, -3.166666666666681174 ) ) ;
#4728 = DIRECTION ( 'NONE',  ( -0.000000000000000000, -0.000000000000000000, 1.000000000000000000 ) ) ;
#4729 = CARTESIAN_POINT ( 'NONE',  ( 0.000000000000000000, 1.175240473580829503, -8.187500000000003553 ) ) ;
#4730 = CARTESIAN_POINT ( 'NONE',  ( -0.8660254037844369313, -1.499999999999991562, -5.729166666666682062 ) ) ;
#4731 = EDGE_CURVE ( 'NONE', #6922, #6810, #7390, .T. ) ;
#4732 = CARTESIAN_POINT ( 'NONE',  ( -1.499999999999995559, -1.519373034954197317E-14, -1.875000000000010214 ) ) ;
#4733 = VERTEX_POINT ( 'NONE', #1423 ) ;
#4734 = CARTESIAN_POINT ( 'NONE',  ( 1.322475605676645127, -0.7635316469341209000, -7.119791666666673180 ) ) ;
#4735 = CARTESIAN_POINT ( 'NONE',  ( -1.175240473580824396, -0.3149047358083443826, -4.040170900630752016 ) ) ;
#4736 = DIRECTION ( 'NONE',  ( 0.000000000000000000, 0.000000000000000000, -1.000000000000000000 ) ) ;
#4737 = CARTESIAN_POINT ( 'NONE',  ( -1.322475605676645793, -0.7635316469341201229, 2.182291666666641206 ) ) ;
#4738 =( BOUNDED_CURVE ( )  B_SPLINE_CURVE ( 2, ( #1218, #6970, #661, #3869, #2436, #3752, #579, #3114, #7649 ),
 .UNSPECIFIED., .F., .F. ) 
 B_SPLINE_CURVE_WITH_KNOTS ( ( 3, 2, 2, 2, 3 ),
 ( 0.1013513513513513570, 0.1036036036036036001, 0.1081081081081081141, 0.1126126126126126142, 0.1148648648648648712 ),
 .UNSPECIFIED. ) 
 CURVE ( )  GEOMETRIC_REPRESENTATION_ITEM ( )  RATIONAL_B_SPLINE_CURVE ( ( 0.9330127018922194093, 0.9330127018922196314, 1.000000000000000000, 0.8660254037844387076, 1.000000000000000000, 0.8660254037844387076, 1.000000000000000000, 0.9330127018922191873, 0.9330127018922194093 ) ) 
 REPRESENTATION_ITEM ( '' )  );
#4739 = ORIENTED_EDGE ( 'NONE', *, *, #5224, .T. ) ;
#4740 = CARTESIAN_POINT ( 'NONE',  ( -1.439254484199176806E-16, -1.175240473580820844, 7.562499999999961808 ) ) ;
#4741 = DIRECTION ( 'NONE',  ( 0.000000000000000000, -1.000000000000000000, -6.086749038515092337E-16 ) ) ;
#4742 = VERTEX_POINT ( 'NONE', #1549 ) ;
#4743 = ORIENTED_EDGE ( 'NONE', *, *, #2908, .T. ) ;
#4744 = CARTESIAN_POINT ( 'NONE',  ( -1.299038105676654897, -0.7499999999999935607, 4.729166666666628771 ) ) ;
#4745 = FACE_OUTER_BOUND ( 'NONE', #2627, .T. ) ;
#4746 = CARTESIAN_POINT ( 'NONE',  ( 1.357050807568865203, 4.125744759050742171E-15, 3.124999999999972022 ) ) ;
#4747 = CARTESIAN_POINT ( 'NONE',  ( -1.836970198721024757E-16, -1.499999999999991562, 2.249999999999980016 ) ) ;
#4748 = CARTESIAN_POINT ( 'NONE',  ( 1.175240473580826173, -0.3149047358083542081, 0.6651709006307173766 ) ) ;
#4749 = CARTESIAN_POINT ( 'NONE',  ( 1.763300807568860318, 4.051117844727701623E-15, 8.421874999999959144 ) ) ;
#4750 = DIRECTION ( 'NONE',  ( -1.000000000000000000, 0.000000000000000000, 0.000000000000000000 ) ) ;
#4751 = CARTESIAN_POINT ( 'NONE',  ( 1.322475605676646238, 0.7635316469341281165, -5.067708333333343695 ) ) ;
#4752 = ORIENTED_EDGE ( 'NONE', *, *, #4547, .T. ) ;
#4753 = CARTESIAN_POINT ( 'NONE',  ( -1.499999999999996225, 4.561024215828087150E-15, 5.687499999999959144 ) ) ;
#4754 = VERTEX_POINT ( 'NONE', #2643 ) ;
#4755 = CARTESIAN_POINT ( 'NONE',  ( 0.000000000000000000, 1.500000000000000666, -2.937500000000021760 ) ) ;
#4756 = CARTESIAN_POINT ( 'NONE',  ( -1.175240473580825284, 3.050366513770377797E-15, -4.562500000000010658 ) ) ;
#4757 = CARTESIAN_POINT ( 'NONE',  ( 1.299038105676655563, 0.7500000000000016653, 0.4791666666666372643 ) ) ;
#4758 = DIRECTION ( 'NONE',  ( -0.000000000000000000, -0.000000000000000000, 1.000000000000000000 ) ) ;
#4759 = ORIENTED_EDGE ( 'NONE', *, *, #5037, .T. ) ;
#4760 = CARTESIAN_POINT ( 'NONE',  ( 0.6785254037844321573, -1.175240473580821066, -1.395833333333351245 ) ) ;
#4761 = EDGE_CURVE ( 'NONE', #7868, #1897, #8266, .T. ) ;
#4762 = EDGE_CURVE ( 'NONE', #1249, #1497, #1870, .T. ) ;
#4763 = LINE ( 'NONE', #6708, #3859 ) ;
#4764 = AXIS2_PLACEMENT_3D ( 'NONE', #8185, #3632, #1740 ) ;
#4765 = CARTESIAN_POINT ( 'NONE',  ( -0.6785254037844324904, 1.175240473580829281, -3.708333333333347248 ) ) ;
#4766 = CARTESIAN_POINT ( 'NONE',  ( -1.175240473580828615, -5.403506395821810812E-15, 3.374999999999972911 ) ) ;
#4767 = CARTESIAN_POINT ( 'NONE',  ( 0.000000000000000000, -2.850000000000009859, 7.999999999999996447 ) ) ;
#4768 = CARTESIAN_POINT ( 'NONE',  ( 0.8816504037844296038, -1.527063293868245131, -0.1614583333333554638 ) ) ;
#4769 = CARTESIAN_POINT ( 'NONE',  ( -1.299038105676654231, 0.7500000000000025535, 3.583333333333310389 ) ) ;
#4770 = CYLINDRICAL_SURFACE ( 'NONE', #7960, 1.499999999999982014 ) ;
#4771 = EDGE_CURVE ( 'NONE', #6377, #270, #7057, .T. ) ;
#4772 = CARTESIAN_POINT ( 'NONE',  ( -0.8816504037844309360, -1.527063293868244909, 10.22395833333329307 ) ) ;
#4773 = DIRECTION ( 'NONE',  ( 0.000000000000000000, 0.000000000000000000, 1.000000000000000000 ) ) ;
#4774 = DIRECTION ( 'NONE',  ( 1.000000000000000000, 0.000000000000000000, 0.000000000000000000 ) ) ;
#4775 = CARTESIAN_POINT ( 'NONE',  ( -1.499999999999998446, 0.4019237886466830445, 0.1651709006307111316 ) ) ;
#4776 = AXIS2_PLACEMENT_3D ( 'NONE', #3604, #6188, #395 ) ;
#4777 = VERTEX_POINT ( 'NONE', #3654 ) ;
#4778 = CARTESIAN_POINT ( 'NONE',  ( 1.763300807568860318, 4.051117844727701623E-15, -6.578125000000007994 ) ) ;
#4779 = FACE_OUTER_BOUND ( 'NONE', #1432, .T. ) ;
#4780 = ADVANCED_FACE ( 'NONE', ( #8085 ), #6710, .F. ) ;
#4781 = CARTESIAN_POINT ( 'NONE',  ( -1.017788105676658228, -0.5876202367903922141, 4.479166666666634988 ) ) ;
#4782 = CARTESIAN_POINT ( 'NONE',  ( -1.870113174931165872E-16, -1.527063293868245131, 2.265624999999974243 ) ) ;
#4783 = EDGE_LOOP ( 'NONE', ( #7195, #2914, #7568, #5759 ) ) ;
#4784 = VECTOR ( 'NONE', #4682, 1000.000000000000000 ) ;
#4785 = CARTESIAN_POINT ( 'NONE',  ( 1.017788105676648902, -0.5876202367904087565, 7.145833333333295734 ) ) ;
#4786 = CARTESIAN_POINT ( 'NONE',  ( -1.175240473580828837, 0.3149047358083665871, 4.915170900630708495 ) ) ;
#4787 = EDGE_LOOP ( 'NONE', ( #6823, #3287, #1145, #5371 ) ) ;
#4788 = ORIENTED_EDGE ( 'NONE', *, *, #7354, .F. ) ;
#4789 = CARTESIAN_POINT ( 'NONE',  ( 1.500000000000000000, 0.4019237886466810461, -7.040170900630752904 ) ) ;
#4790 = CARTESIAN_POINT ( 'NONE',  ( -1.499999999999994671, -0.4019237886466807130, -3.790170900630759121 ) ) ;
#4791 = CARTESIAN_POINT ( 'NONE',  ( 0.6785254037844331565, 1.175240473580829059, 3.708333333333303283 ) ) ;
#4792 = CYLINDRICAL_SURFACE ( 'NONE', #4505, 1.175240473580825062 ) ;
#4793 = CARTESIAN_POINT ( 'NONE',  ( 1.175240473580825062, 4.375030948216173530E-15, -8.000000000000000000 ) ) ;
#4794 = CARTESIAN_POINT ( 'NONE',  ( 0.8816504037844310471, 1.527063293868253124, 7.505208333333296622 ) ) ;
#4795 =( BOUNDED_CURVE ( )  B_SPLINE_CURVE ( 2, ( #8268, #7140, #6463, #7659, #1895, #8388, #1979, #1815, #1346 ),
 .UNSPECIFIED., .F., .T. ) 
 B_SPLINE_CURVE_WITH_KNOTS ( ( 3, 2, 2, 2, 3 ),
 ( 0.3851351351351351981, 0.3873873873873874274, 0.3918918918918918859, 0.3963963963963963444, 0.3986486486486485736 ),
 .UNSPECIFIED. ) 
 CURVE ( )  GEOMETRIC_REPRESENTATION_ITEM ( )  RATIONAL_B_SPLINE_CURVE ( ( 0.9330127018922194093, 0.9330127018922210747, 1.000000000000000000, 0.8660254037844388186, 1.000000000000000000, 0.8660254037844388186, 1.000000000000000000, 0.9330127018922210747, 0.9330127018922194093 ) ) 
 REPRESENTATION_ITEM ( '' )  );
#4796 = CARTESIAN_POINT ( 'NONE',  ( 0.6785254037843986286, -1.175240473580840161, 6.041666666666632324 ) ) ;
#4797 = CARTESIAN_POINT ( 'NONE',  ( -1.322475605676645793, -0.7635316469341201229, -6.817708333333339255 ) ) ;
#4798 = VERTEX_POINT ( 'NONE', #5569 ) ;
#4799 = DIRECTION ( 'NONE',  ( 0.000000000000000000, -1.000000000000000000, -6.086749038515091351E-16 ) ) ;
#4800 = ORIENTED_EDGE ( 'NONE', *, *, #2860, .T. ) ;
#4801 = CARTESIAN_POINT ( 'NONE',  ( -1.499999999999990452, -0.4019237886466874854, -6.852670900630740469 ) ) ;
#4802 = CARTESIAN_POINT ( 'NONE',  ( -1.299038105676654897, -0.7499999999999935607, 2.229166666666633656 ) ) ;
#4803 = CARTESIAN_POINT ( 'NONE',  ( -1.007478138939423937E-15, -1.175240473580820844, -6.500000000000007105 ) ) ;
#4804 = CARTESIAN_POINT ( 'NONE',  ( 1.017788105676664001, 0.5876202367903909929, 2.729166666666640317 ) ) ;
#4805 = ORIENTED_EDGE ( 'NONE', *, *, #6314, .T. ) ;
#4806 = CARTESIAN_POINT ( 'NONE',  ( -0.6785254037844329345, -1.175240473580820622, -0.4791666666666867247 ) ) ;
#4807 = CARTESIAN_POINT ( 'NONE',  ( 1.299038105676654675, 0.7500000000000013323, -5.083333333333338366 ) ) ;
#4808 = CARTESIAN_POINT ( 'NONE',  ( 0.8660254037844357100, -1.499999999999991562, -3.208333333333341031 ) ) ;
#4809 = CARTESIAN_POINT ( 'NONE',  ( -1.870113174931165379E-16, -1.527063293868244687, 0.7968749999999764633 ) ) ;
#4810 = CONICAL_SURFACE ( 'NONE', #4402, 1.499999999999982014, 0.7853981633974500554 ) ;
#4811 = CARTESIAN_POINT ( 'NONE',  ( 0.1797625152601097509, -1.243147648234041114, 7.479122239356225776 ) ) ;
#4812 = CARTESIAN_POINT ( 'NONE',  ( 0.6785254037844503650, 1.175240473580819067, 2.270833333333306836 ) ) ;
#4813 = CARTESIAN_POINT ( 'NONE',  ( -1.439254484199176806E-16, -1.175240473580820844, -7.937500000000003553 ) ) ;
#4814 = APPROVAL_ROLE ( '' ) ;
#4815 = VECTOR ( 'NONE', #157, 1000.000000000000000 ) ;
#4816 = CARTESIAN_POINT ( 'NONE',  ( 1.499999999999996669, -1.597811031022578733E-14, 5.937499999999957367 ) ) ;
#4817 = ORIENTED_EDGE ( 'NONE', *, *, #1505, .F. ) ;
#4818 = CARTESIAN_POINT ( 'NONE',  ( -1.322475605676645127, 0.7635316469341291157, -7.369791666666673180 ) ) ;
#4819 = EDGE_CURVE ( 'NONE', #4615, #2493, #7942, .T. ) ;
#4820 = CARTESIAN_POINT ( 'NONE',  ( 1.175240473580825284, 5.519710834441635337E-15, -3.812500000000012879 ) ) ;
#4821 = CARTESIAN_POINT ( 'NONE',  ( -1.499999999999982014, -9.067116327485578019E-15, 12.24264068711923237 ) ) ;
#4822 = CARTESIAN_POINT ( 'NONE',  ( 1.763300807568860762, 4.051117844727701623E-15, 3.390624999999972022 ) ) ;
#4823 = EDGE_LOOP ( 'NONE', ( #139, #4159, #5880, #4885 ) ) ;
#4824 = CARTESIAN_POINT ( 'NONE',  ( 0.000000000000000000, 1.175240473580829503, 8.312499999999962697 ) ) ;
#4825 = CARTESIAN_POINT ( 'NONE',  ( -1.499999999999996447, -5.258250847547031931E-15, -5.312500000000016875 ) ) ;
#4826 = EDGE_CURVE ( 'NONE', #558, #2825, #2387, .T. ) ;
#4827 = ORIENTED_EDGE ( 'NONE', *, *, #7902, .F. ) ;
#4828 = ORIENTED_EDGE ( 'NONE', *, *, #4516, .T. ) ;
#4829 = CARTESIAN_POINT ( 'NONE',  ( 1.499999999999996891, 0.4019237886466868193, 3.459829099369224892 ) ) ;
#4830 = LINE ( 'NONE', #6010, #3603 ) ;
#4831 = CARTESIAN_POINT ( 'NONE',  ( 0.000000000000000000, 1.175240473580829503, 3.749999999999970246 ) ) ;
#4832 = CARTESIAN_POINT ( 'NONE',  ( 0.8660254037844357100, -1.499999999999991562, 2.291666666666646535 ) ) ;
#4833 = CARTESIAN_POINT ( 'NONE',  ( -1.175240473580823952, 1.728541024469880041E-14, 4.374999999999968026 ) ) ;
#4834 = CARTESIAN_POINT ( 'NONE',  ( -1.870113174931165379E-16, -1.527063293868244687, 7.296874999999961808 ) ) ;
#4835 = CARTESIAN_POINT ( 'NONE',  ( -1.299038105676654897, -0.7499999999999935607, -5.270833333333350801 ) ) ;
#4836 = CARTESIAN_POINT ( 'NONE',  ( -1.322475605676645571, 0.7635316469341293377, -5.401041666666675845 ) ) ;
#4837 = ORIENTED_EDGE ( 'NONE', *, *, #8207, .F. ) ;
#4838 = VECTOR ( 'NONE', #5214, 1000.000000000000000 ) ;
#4839 = CARTESIAN_POINT ( 'NONE',  ( -1.175240473580828393, 0.3149047358083676973, 6.852670900630704942 ) ) ;
#4840 =( BOUNDED_CURVE ( )  B_SPLINE_CURVE ( 2, ( #328, #6800, #2221, #8043, #8088, #2266, #365, #6714, #2937 ),
 .UNSPECIFIED., .F., .T. ) 
 B_SPLINE_CURVE_WITH_KNOTS ( ( 3, 2, 2, 2, 3 ),
 ( 0.3445945945945946276, 0.3468468468468468568, 0.3513513513513513709, 0.3558558558558558294, 0.3581081081081081141 ),
 .UNSPECIFIED. ) 
 CURVE ( )  GEOMETRIC_REPRESENTATION_ITEM ( )  RATIONAL_B_SPLINE_CURVE ( ( 0.9330127018922194093, 0.9330127018922201865, 1.000000000000000000, 0.8660254037844387076, 1.000000000000000000, 0.8660254037844387076, 1.000000000000000000, 0.9330127018922185211, 0.9330127018922194093 ) ) 
 REPRESENTATION_ITEM ( '' )  );
#4841 = VERTEX_POINT ( 'NONE', #7435 ) ;
#4842 = CARTESIAN_POINT ( 'NONE',  ( 1.299038105676654009, -0.7499999999999942268, -6.666666666666667851 ) ) ;
#4843 = CARTESIAN_POINT ( 'NONE',  ( -1.785112031064868308E-14, -1.175240473580820844, 1.062499999999976685 ) ) ;
#4844 = CARTESIAN_POINT ( 'NONE',  ( -1.348814803384920769, 0.2987506798721624168, -7.755362369318542726 ) ) ;
#4845 =( BOUNDED_CURVE ( )  B_SPLINE_CURVE ( 2, ( #10, #1244, #8172, #605, #407, #3183, #3855, #4539, #4496 ),
 .UNSPECIFIED., .F., .T. ) 
 B_SPLINE_CURVE_WITH_KNOTS ( ( 3, 2, 2, 2, 3 ),
 ( 0.3040540540540540571, 0.3063063063063062863, 0.3108108108108108003, 0.3153153153153153143, 0.3175675675675675991 ),
 .UNSPECIFIED. ) 
 CURVE ( )  GEOMETRIC_REPRESENTATION_ITEM ( )  RATIONAL_B_SPLINE_CURVE ( ( 0.9330127018922194093, 0.9330127018922194093, 1.000000000000000000, 0.8660254037844387076, 1.000000000000000000, 0.8660254037844387076, 1.000000000000000000, 0.9330127018922185211, 0.9330127018922194093 ) ) 
 REPRESENTATION_ITEM ( '' )  );
#4846 = CARTESIAN_POINT ( 'NONE',  ( 0.000000000000000000, 4.375030948216173530E-15, -8.000000000000000000 ) ) ;
#4847 = ORIENTED_EDGE ( 'NONE', *, *, #5172, .T. ) ;
#4848 = CARTESIAN_POINT ( 'NONE',  ( 1.017788105676649346, 0.5876202367904160839, 2.229166666666639873 ) ) ;
#4849 = EDGE_LOOP ( 'NONE', ( #1692, #6357, #3469, #5925 ) ) ;
#4850 = CARTESIAN_POINT ( 'NONE',  ( 1.017788105676658672, 0.5876202367903999857, -0.7708333333333533544 ) ) ;
#4851 = CARTESIAN_POINT ( 'NONE',  ( 1.499999999999993561, -0.4019237886466838217, -2.584829099369283512 ) ) ;
#4852 = CARTESIAN_POINT ( 'NONE',  ( 1.322475605676646015, 0.7635316469341278944, 2.963541666666638541 ) ) ;
#4853 = FACE_OUTER_BOUND ( 'NONE', #1266, .T. ) ;
#4854 = CARTESIAN_POINT ( 'NONE',  ( -1.175240473580825951, 0.3149047358083594816, -4.084829099369271965 ) ) ;
#4855 = CARTESIAN_POINT ( 'NONE',  ( -0.6785254037844324904, 1.175240473580829281, -6.145833333333342807 ) ) ;
#4856 = CARTESIAN_POINT ( 'NONE',  ( -1.499999999999995781, -0.4019237886466783261, 4.647329099369234662 ) ) ;
#4857 = CARTESIAN_POINT ( 'NONE',  ( -1.017788105676631583, 0.5876202367904468371, 5.895833333333300175 ) ) ;
#4858 = ORIENTED_EDGE ( 'NONE', *, *, #5757, .T. ) ;
#4859 = CARTESIAN_POINT ( 'NONE',  ( 1.322475605676646015, 0.7635316469341278944, -5.536458333333343695 ) ) ;
#4860 = CARTESIAN_POINT ( 'NONE',  ( 1.299038105676655563, 0.7500000000000016653, 2.479166666666634100 ) ) ;
#4861 = CARTESIAN_POINT ( 'NONE',  ( -1.499999999999995559, 4.561024215828087150E-15, 7.124999999999969802 ) ) ;
#4862 = CARTESIAN_POINT ( 'NONE',  ( -1.763300807568860762, 4.483001982712331095E-15, 3.640624999999972022 ) ) ;
#4863 = ORIENTED_EDGE ( 'NONE', *, *, #5612, .T. ) ;
#4864 = CARTESIAN_POINT ( 'NONE',  ( 1.357050807568865203, 4.125744759050742171E-15, 8.687499999999959144 ) ) ;
#4865 = EDGE_CURVE ( 'NONE', #2189, #3742, #5558, .T. ) ;
#4866 = CARTESIAN_POINT ( 'NONE',  ( 1.175240473580825284, 6.100733027540755593E-15, -4.875000000000010658 ) ) ;
#4867 = EDGE_CURVE ( 'NONE', #6773, #6633, #53, .T. ) ;
#4868 = VERTEX_POINT ( 'NONE', #2977 ) ;
#4869 = ORIENTED_EDGE ( 'NONE', *, *, #7403, .T. ) ;
#4870 = CARTESIAN_POINT ( 'NONE',  ( 1.299038105676654675, -0.7499999999999944489, 4.895833333333294846 ) ) ;
#4871 = DIRECTION ( 'NONE',  ( -1.000000000000000000, 0.000000000000000000, 0.000000000000000000 ) ) ;
#4872 = CARTESIAN_POINT ( 'NONE',  ( 0.6785254037844331565, 1.175240473580829059, 3.208333333333304171 ) ) ;
#4873 = CARTESIAN_POINT ( 'NONE',  ( -1.299038105676654231, 0.7500000000000025535, 7.583333333333301951 ) ) ;
#4874 = CARTESIAN_POINT ( 'NONE',  ( 0.000000000000000000, 1.527063293868253568, 9.046874999999959144 ) ) ;
#4875 = CARTESIAN_POINT ( 'NONE',  ( -0.8816504037844302699, 1.527063293868253790, -6.442708333333340143 ) ) ;
#4876 = EDGE_CURVE ( 'NONE', #4920, #7080, #101, .T. ) ;
#4877 = VERTEX_POINT ( 'NONE', #655 ) ;
#4878 = DIRECTION ( 'NONE',  ( -0.000000000000000000, -7.531071187239187305E-16, 1.000000000000000000 ) ) ;
#4879 = CARTESIAN_POINT ( 'NONE',  ( -0.8660254037844358210, 1.499999999999999778, 6.041666666666636765 ) ) ;
#4880 = CARTESIAN_POINT ( 'NONE',  ( 1.175240473580825062, 4.375030948216173530E-15, -8.000000000000000000 ) ) ;
#4881 = CARTESIAN_POINT ( 'NONE',  ( -1.499999999999996447, -1.519373034954197633E-14, 1.687499999999968914 ) ) ;
#4882 = CARTESIAN_POINT ( 'NONE',  ( 1.175240473580824174, 1.772117688952314140E-15, 4.124999999999970690 ) ) ;
#4883 = DIRECTION ( 'NONE',  ( -0.000000000000000000, -0.000000000000000000, 1.000000000000000000 ) ) ;
#4884 = ADVANCED_FACE ( 'NONE', ( #7767 ), #1125, .T. ) ;
#4885 = ORIENTED_EDGE ( 'NONE', *, *, #2908, .F. ) ;
#4886 = CARTESIAN_POINT ( 'NONE',  ( -0.6785254037844324904, 1.175240473580829281, 2.354166666666639873 ) ) ;
#4887 =( BOUNDED_CURVE ( )  B_SPLINE_CURVE ( 2, ( #536, #3022, #6965, #7688, #1252, #4979, #4337, #5099, #8377 ),
 .UNSPECIFIED., .F., .T. ) 
 B_SPLINE_CURVE_WITH_KNOTS ( ( 3, 2, 2, 2, 3 ),
 ( 0.7094594594594594295, 0.7117117117117117697, 0.7162162162162162282, 0.7207207207207206867, 0.7229729729729729160 ),
 .UNSPECIFIED. ) 
 CURVE ( )  GEOMETRIC_REPRESENTATION_ITEM ( )  RATIONAL_B_SPLINE_CURVE ( ( 0.9330127018922194093, 0.9330127018922177440, 1.000000000000000000, 0.8660254037844388186, 1.000000000000000000, 0.8660254037844388186, 1.000000000000000000, 0.9330127018922194093, 0.9330127018922194093 ) ) 
 REPRESENTATION_ITEM ( '' )  );
#4888 =( BOUNDED_CURVE ( )  B_SPLINE_CURVE ( 2, ( #8384, #6412, #4554, #3280, #2561, #5782, #6499, #4596, #6585 ),
 .UNSPECIFIED., .F., .T. ) 
 B_SPLINE_CURVE_WITH_KNOTS ( ( 3, 2, 2, 2, 3 ),
 ( 0.6148648648648649129, 0.6171171171171171421, 0.6216216216216216006, 0.6261261261261261701, 0.6283783783783783994 ),
 .UNSPECIFIED. ) 
 CURVE ( )  GEOMETRIC_REPRESENTATION_ITEM ( )  RATIONAL_B_SPLINE_CURVE ( ( 0.9330127018922194093, 0.9330127018922210747, 1.000000000000000000, 0.8660254037844388186, 1.000000000000000000, 0.8660254037844388186, 1.000000000000000000, 0.9330127018922194093, 0.9330127018922194093 ) ) 
 REPRESENTATION_ITEM ( '' )  );
#4889 = EDGE_LOOP ( 'NONE', ( #2892, #396, #7514, #7588 ) ) ;
#4890 = CARTESIAN_POINT ( 'NONE',  ( 0.000000000000000000, 1.500000000000000222, -5.000000000000004441 ) ) ;
#4891 = CARTESIAN_POINT ( 'NONE',  ( 1.017788105676642019, -0.5876202367904201918, 6.145833333333298398 ) ) ;
#4892 = CARTESIAN_POINT ( 'NONE',  ( -0.8816504037844300479, 1.527063293868253568, 2.088541666666639429 ) ) ;
#4893 = CARTESIAN_POINT ( 'NONE',  ( -1.499999999999996447, -5.258250847547031931E-15, 0.6874999999999708011 ) ) ;
#4894 = CARTESIAN_POINT ( 'NONE',  ( 0.000000000000000000, 4.375030948216173530E-15, -8.000000000000000000 ) ) ;
#4895 = CARTESIAN_POINT ( 'NONE',  ( -1.017788105676648902, -0.5876202367904079793, -5.520833333333342807 ) ) ;
#4896 = CARTESIAN_POINT ( 'NONE',  ( 0.000000000000000000, 4.375030948216173530E-15, -8.000000000000000000 ) ) ;
#4897 = DIRECTION ( 'NONE',  ( 0.000000000000000000, 0.000000000000000000, -1.000000000000000000 ) ) ;
#4898 = VERTEX_POINT ( 'NONE', #6321 ) ;
#4899 = CARTESIAN_POINT ( 'NONE',  ( 1.322475605676646015, 0.7635316469341278944, -5.036458333333344584 ) ) ;
#4900 = CARTESIAN_POINT ( 'NONE',  ( -1.499999999999995559, -1.519373034954197317E-14, 3.124999999999979572 ) ) ;
#4901 = CARTESIAN_POINT ( 'NONE',  ( 1.322475605676645349, -0.7635316469341211221, 6.348958333333298398 ) ) ;
#4902 = ORIENTED_EDGE ( 'NONE', *, *, #7250, .T. ) ;
#4903 = CARTESIAN_POINT ( 'NONE',  ( 1.175240473580825062, 4.375030948216173530E-15, -8.000000000000000000 ) ) ;
#4904 = CARTESIAN_POINT ( 'NONE',  ( -1.499999999999998446, 0.4019237886466830445, -5.334829099369276406 ) ) ;
#4905 = ORIENTED_EDGE ( 'NONE', *, *, #3058, .T. ) ;
#4906 = VERTEX_POINT ( 'NONE', #1213 ) ;
#4907 = DIRECTION ( 'NONE',  ( 1.000000000000000000, 0.000000000000000000, 0.000000000000000000 ) ) ;
#4908 = CARTESIAN_POINT ( 'NONE',  ( -1.175240473580823952, 5.287301957201986288E-15, 6.374999999999966249 ) ) ;
#4909 = CARTESIAN_POINT ( 'NONE',  ( 0.6785254037844331565, 1.175240473580829059, 7.208333333333295734 ) ) ;
#4910 = DIRECTION ( 'NONE',  ( -1.000000000000000000, 0.000000000000000000, 0.000000000000000000 ) ) ;
#4911 = CARTESIAN_POINT ( 'NONE',  ( 1.017788105676640020, -0.5876202367904236334, -1.416666666666684948 ) ) ;
#4912 = LINE ( 'NONE', #7496, #1035 ) ;
#4913 = CARTESIAN_POINT ( 'NONE',  ( -1.175240473580825284, 7.378981852358816687E-15, -3.562500000000013323 ) ) ;
#4914 = VECTOR ( 'NONE', #6785, 1000.000000000000000 ) ;
#4915 = ADVANCED_FACE ( 'NONE', ( #6964 ), #8252, .T. ) ;
#4916 = CARTESIAN_POINT ( 'NONE',  ( 0.8816504037844311581, 1.527063293868253568, -2.526041666666681618 ) ) ;
#4917 = EDGE_CURVE ( 'NONE', #1026, #5619, #2426, .T. ) ;
#4918 = EDGE_LOOP ( 'NONE', ( #992, #5035, #3963, #4714 ) ) ;
#4919 = CARTESIAN_POINT ( 'NONE',  ( 1.499999999999995781, -6.071681917885798082E-15, -3.625000000000007105 ) ) ;
#4920 = VERTEX_POINT ( 'NONE', #2468 ) ;
#4921 = AXIS2_PLACEMENT_3D ( 'NONE', #4661, #3936, #771 ) ;
#4922 = EDGE_CURVE ( 'NONE', #5250, #4733, #1802, .T. ) ;
#4923 = ORIENTED_EDGE ( 'NONE', *, *, #1828, .T. ) ;
#4924 = DIRECTION ( 'NONE',  ( 1.000000000000000000, 0.000000000000000000, 0.000000000000000000 ) ) ;
#4925 = CARTESIAN_POINT ( 'NONE',  ( -0.6785254037844329345, -1.175240473580820622, -1.041666666666686281 ) ) ;
#4926 = CARTESIAN_POINT ( 'NONE',  ( 1.299038105676654675, -0.7499999999999944489, -1.604166666666691166 ) ) ;
#4927 = CARTESIAN_POINT ( 'NONE',  ( -0.6885238355682771205, -1.262541333649720210, -7.689743312090958405 ) ) ;
#4928 = CARTESIAN_POINT ( 'NONE',  ( 0.000000000000000000, 4.375030948216173530E-15, -8.000000000000000000 ) ) ;
#4929 = ADVANCED_FACE ( 'NONE', ( #2428 ), #5017, .T. ) ;
#4930 = CARTESIAN_POINT ( 'NONE',  ( 1.175240473580832390, -0.3149047358083440495, 2.602670900630712936 ) ) ;
#4931 = ORIENTED_EDGE ( 'NONE', *, *, #3929, .F. ) ;
#4932 = CARTESIAN_POINT ( 'NONE',  ( 0.6785254037844331565, 1.175240473580829059, 1.270833333333309501 ) ) ;
#4933 = EDGE_CURVE ( 'NONE', #4266, #1115, #2681, .T. ) ;
#4934 = EDGE_CURVE ( 'NONE', #4439, #4104, #5006, .T. ) ;
#4935 = ORIENTED_EDGE ( 'NONE', *, *, #4922, .T. ) ;
#4936 = CARTESIAN_POINT ( 'NONE',  ( -1.175240473580828615, -4.241462009623571877E-15, 5.437499999999968914 ) ) ;
#4937 = CARTESIAN_POINT ( 'NONE',  ( 1.299038105676654675, -0.7499999999999944489, -2.604166666666689611 ) ) ;
#4938 = CARTESIAN_POINT ( 'NONE',  ( -0.8816504037844300479, 1.527063293868253568, 3.588541666666637209 ) ) ;
#4939 = CARTESIAN_POINT ( 'NONE',  ( 0.8936313543969457429, -0.9277323429922719189, 7.512103900993873928 ) ) ;
#4940 = CARTESIAN_POINT ( 'NONE',  ( 1.175240473580825729, 0.3149047358083479353, -2.352670900630755568 ) ) ;
#4941 = CARTESIAN_POINT ( 'NONE',  ( -1.017788105676648902, -0.5876202367904079793, -6.520833333333340143 ) ) ;
#4942 =( BOUNDED_CURVE ( )  B_SPLINE_CURVE ( 2, ( #5856, #7258, #2764, #6661, #7170, #744, #1501, #3399, #1462 ),
 .UNSPECIFIED., .F., .F. ) 
 B_SPLINE_CURVE_WITH_KNOTS ( ( 3, 2, 2, 2, 3 ),
 ( 0.2770270270270270285, 0.2792792792792792578, 0.2837837837837837718, 0.2882882882882882858, 0.2905405405405405705 ),
 .UNSPECIFIED. ) 
 CURVE ( )  GEOMETRIC_REPRESENTATION_ITEM ( )  RATIONAL_B_SPLINE_CURVE ( ( 0.9330127018922194093, 0.9330127018922194093, 1.000000000000000000, 0.8660254037844387076, 1.000000000000000000, 0.8660254037844387076, 1.000000000000000000, 0.9330127018922185211, 0.9330127018922194093 ) ) 
 REPRESENTATION_ITEM ( '' )  );
#4943 = CARTESIAN_POINT ( 'NONE',  ( 0.8660254037844357100, -1.499999999999991562, 4.791666666666639429 ) ) ;
#4944 = CARTESIAN_POINT ( 'NONE',  ( -1.499999999999996225, 4.561024215828087150E-15, 2.187499999999966693 ) ) ;
#4945 = ORIENTED_EDGE ( 'NONE', *, *, #2694, .T. ) ;
#4946 = CARTESIAN_POINT ( 'NONE',  ( 0.000000000000000000, 1.527063293868253568, -4.953125000000011546 ) ) ;
#4947 = LINE ( 'NONE', #457, #5103 ) ;
#4948 = CARTESIAN_POINT ( 'NONE',  ( 1.763300807568860762, 4.051117844727701623E-15, 4.890624999999968026 ) ) ;
#4949 = LINE ( 'NONE', #3668, #1198 ) ;
#4950 = FACE_OUTER_BOUND ( 'NONE', #6003, .T. ) ;
#4951 = ORIENTED_EDGE ( 'NONE', *, *, #6990, .F. ) ;
#4952 = ORIENTED_EDGE ( 'NONE', *, *, #8249, .T. ) ;
#4953 = CARTESIAN_POINT ( 'NONE',  ( 1.299038105676654675, 0.7500000000000013323, -6.083333333333336590 ) ) ;
#4954 = DIRECTION ( 'NONE',  ( -1.000000000000000000, 0.000000000000000000, 0.000000000000000000 ) ) ;
#4955 = CARTESIAN_POINT ( 'NONE',  ( -0.6785254037844324904, 1.175240473580829281, 4.791666666666634988 ) ) ;
#4956 = CIRCLE ( 'NONE', #5623, 2.850000000000009859 ) ;
#4957 = FACE_OUTER_BOUND ( 'NONE', #5997, .T. ) ;
#4958 = CARTESIAN_POINT ( 'NONE',  ( 0.6785254037844078434, -1.175240473580835054, 4.541666666666634988 ) ) ;
#4959 = CARTESIAN_POINT ( 'NONE',  ( -0.8428154764883273309, 0.6681007961515318394, 9.559249473037191080 ) ) ;
#4960 = CARTESIAN_POINT ( 'NONE',  ( -1.175240473580824396, -0.3149047358083447157, -4.602670900630752016 ) ) ;
#4961 = CARTESIAN_POINT ( 'NONE',  ( 0.8816504037844299368, -1.527063293868245353, -4.192708333333345472 ) ) ;
#4962 = ORIENTED_EDGE ( 'NONE', *, *, #692, .T. ) ;
#4963 = DIRECTION ( 'NONE',  ( -0.000000000000000000, -0.000000000000000000, 1.000000000000000000 ) ) ;
#4964 =( BOUNDED_CURVE ( )  B_SPLINE_CURVE ( 2, ( #3386, #4617, #4704, #7240, #5969, #175, #7286, #849, #5802 ),
 .UNSPECIFIED., .F., .F. ) 
 B_SPLINE_CURVE_WITH_KNOTS ( ( 3, 2, 2, 2, 3 ),
 ( 0.2770270270270270840, 0.2792792792792792578, 0.2837837837837837718, 0.2882882882882882858, 0.2905405405405405150 ),
 .UNSPECIFIED. ) 
 CURVE ( )  GEOMETRIC_REPRESENTATION_ITEM ( )  RATIONAL_B_SPLINE_CURVE ( ( 0.9330127018922192983, 0.9330127018922209636, 1.000000000000000000, 0.8660254037844387076, 1.000000000000000000, 0.8660254037844387076, 1.000000000000000000, 0.9330127018922202975, 0.9330127018922194093 ) ) 
 REPRESENTATION_ITEM ( '' )  );
#4965 = ORIENTED_EDGE ( 'NONE', *, *, #7833, .F. ) ;
#4966 = CARTESIAN_POINT ( 'NONE',  ( 1.499999999999996447, -6.042630808230842937E-15, -0.5625000000000276446 ) ) ;
#4967 = CARTESIAN_POINT ( 'NONE',  ( -1.175240473580819733, -0.3149047358083411075, 4.959829099369229333 ) ) ;
#4968 = CARTESIAN_POINT ( 'NONE',  ( 1.017788105676648902, -0.5876202367904087565, -2.416666666666683394 ) ) ;
#4969 = CARTESIAN_POINT ( 'NONE',  ( -2.807273695284876294E-15, -1.175240473580820844, -6.937500000000006217 ) ) ;
#4970 = AXIS2_PLACEMENT_3D ( 'NONE', #355, #8078, #8121 ) ;
#4971 = CARTESIAN_POINT ( 'NONE',  ( -1.175240473580824174, 8.105259593732717402E-15, 0.9374999999999771294 ) ) ;
#4972 = CARTESIAN_POINT ( 'NONE',  ( -0.6785254037844429265, -1.175240473580814404, -3.479166666666680285 ) ) ;
#4973 = VERTEX_POINT ( 'NONE', #2511 ) ;
#4974 = CARTESIAN_POINT ( 'NONE',  ( 1.017788105676649346, 0.5876202367904160839, 1.229166666666642316 ) ) ;
#4975 = ADVANCED_FACE ( 'NONE', ( #7687 ), #7045, .T. ) ;
#4976 = EDGE_CURVE ( 'NONE', #2496, #4877, #3284, .T. ) ;
#4977 = ORIENTED_EDGE ( 'NONE', *, *, #8350, .F. ) ;
#4978 = DIRECTION ( 'NONE',  ( -0.000000000000000000, -0.000000000000000000, 1.000000000000000000 ) ) ;
#4979 = CARTESIAN_POINT ( 'NONE',  ( -0.8660254037844363761, -1.499999999999990674, -2.791666666666675845 ) ) ;
#4980 = CARTESIAN_POINT ( 'NONE',  ( 1.299038105676654009, -0.7499999999999942268, 3.833333333333310833 ) ) ;
#4981 = CARTESIAN_POINT ( 'NONE',  ( -1.763300807568860318, 4.483001982712331095E-15, 4.171874999999968914 ) ) ;
#4982 = FACE_OUTER_BOUND ( 'NONE', #5139, .T. ) ;
#4983 = CARTESIAN_POINT ( 'NONE',  ( 1.017788105676648902, -0.5876202367904087565, -5.354166666666676733 ) ) ;
#4984 = ADVANCED_FACE ( 'NONE', ( #5853 ), #2048, .T. ) ;
#4985 = DIRECTION ( 'NONE',  ( 1.000000000000000000, 0.000000000000000000, 0.000000000000000000 ) ) ;
#4986 = CARTESIAN_POINT ( 'NONE',  ( 1.499999999999990008, -0.4019237886466882625, -4.147329099369267524 ) ) ;
#4987 = ORIENTED_EDGE ( 'NONE', *, *, #56, .T. ) ;
#4988 = CARTESIAN_POINT ( 'NONE',  ( -1.322475605676645127, 0.7635316469341291157, -5.369791666666677621 ) ) ;
#4989 = CARTESIAN_POINT ( 'NONE',  ( -1.175240473580825284, -0.3149047358083471027, -7.540170900630745798 ) ) ;
#4990 = CARTESIAN_POINT ( 'NONE',  ( 0.000000000000000000, 1.527063293868253790, 5.015624999999968026 ) ) ;
#4991 = ADVANCED_FACE ( 'NONE', ( #3266 ), #5260, .T. ) ;
#4992 = CARTESIAN_POINT ( 'NONE',  ( 0.000000000000000000, 1.175240473580829503, 9.812499999999957367 ) ) ;
#4993 = LINE ( 'NONE', #8061, #7242 ) ;
#4994 = ORIENTED_EDGE ( 'NONE', *, *, #3112, .F. ) ;
#4995 = ORIENTED_EDGE ( 'NONE', *, *, #8358, .T. ) ;
#4996 = FACE_OUTER_BOUND ( 'NONE', #8311, .T. ) ;
#4997 = CARTESIAN_POINT ( 'NONE',  ( 1.175240473580824174, 1.249197715163106737E-15, 7.187499999999963585 ) ) ;
#4998 = CARTESIAN_POINT ( 'NONE',  ( -1.439254484199176806E-16, -1.175240473580820844, 5.999999999999965361 ) ) ;
#4999 = CARTESIAN_POINT ( 'NONE',  ( 0.000000000000000000, 4.375030948216173530E-15, -8.000000000000000000 ) ) ;
#5000 = CARTESIAN_POINT ( 'NONE',  ( -1.175240473580829947, -0.3149047358083366110, 4.397329099369228445 ) ) ;
#5001 = CARTESIAN_POINT ( 'NONE',  ( -1.175240473580824618, 7.611390729598465736E-15, -0.1250000000000208444 ) ) ;
#5002 = CARTESIAN_POINT ( 'NONE',  ( 1.299038105676654009, -0.7499999999999942268, -1.166666666666679397 ) ) ;
#5003 = CARTESIAN_POINT ( 'NONE',  ( 0.8816504037844311581, 1.527063293868253568, -3.526041666666679841 ) ) ;
#5004 = ORIENTED_EDGE ( 'NONE', *, *, #3727, .F. ) ;
#5005 = CARTESIAN_POINT ( 'NONE',  ( -1.175240473580819955, -0.3149047358083399972, 6.959829099369225780 ) ) ;
#5006 = B_SPLINE_CURVE_WITH_KNOTS ( 'NONE', 3,
 ( #3143, #5731, #4425, #5098 ),
 .UNSPECIFIED., .F., .F.,
 ( 4, 4 ),
 ( 0.001281143171721447170, 0.001879577262376478080 ),
 .UNSPECIFIED. ) ;
#5007 = ORIENTED_EDGE ( 'NONE', *, *, #1248, .F. ) ;
#5008 = CARTESIAN_POINT ( 'NONE',  ( -1.050943903832393778, -1.070288237344271920, 7.750000000000003553 ) ) ;
#5009 = CARTESIAN_POINT ( 'NONE',  ( 1.299038105676655563, 0.7500000000000016653, 4.479166666666628771 ) ) ;
#5010 = CARTESIAN_POINT ( 'NONE',  ( 1.357050807568865203, 4.125744759050742171E-15, -2.375000000000016431 ) ) ;
#5011 = CARTESIAN_POINT ( 'NONE',  ( -1.232891898638283967, -0.1749553803533399343, 7.482891898638317052 ) ) ;
#5012 = CARTESIAN_POINT ( 'NONE',  ( 1.175240473580823952, 1.205621050680672915E-14, 0.6249999999999781286 ) ) ;
#5013 = ORIENTED_EDGE ( 'NONE', *, *, #4762, .F. ) ;
#5014 = CARTESIAN_POINT ( 'NONE',  ( 1.017788105676648902, -0.5876202367904087565, 2.145833333333306836 ) ) ;
#5015 =( BOUNDED_CURVE ( )  B_SPLINE_CURVE ( 2, ( #3113, #2473, #5066, #7648, #4430, #6368, #578, #6579, #5226 ),
 .UNSPECIFIED., .F., .T. ) 
 B_SPLINE_CURVE_WITH_KNOTS ( ( 3, 2, 2, 2, 3 ),
 ( 0.3716216216216216561, 0.3738738738738738854, 0.3783783783783783994, 0.3828828828828828579, 0.3851351351351351426 ),
 .UNSPECIFIED. ) 
 CURVE ( )  GEOMETRIC_REPRESENTATION_ITEM ( )  RATIONAL_B_SPLINE_CURVE ( ( 0.9330127018922194093, 0.9330127018922201865, 1.000000000000000000, 0.8660254037844387076, 1.000000000000000000, 0.8660254037844387076, 1.000000000000000000, 0.9330127018922185211, 0.9330127018922194093 ) ) 
 REPRESENTATION_ITEM ( '' )  );
#5016 = ORIENTED_EDGE ( 'NONE', *, *, #2035, .T. ) ;
#5017 = CYLINDRICAL_SURFACE ( 'NONE', #3868, 1.499999999999982014 ) ;
#5018 = CARTESIAN_POINT ( 'NONE',  ( 0.6785254037844274944, -1.175240473580823508, -0.4583333333333539650 ) ) ;
#5019 = CARTESIAN_POINT ( 'NONE',  ( 0.000000000000000000, 1.500000000000000666, -4.937500000000017764 ) ) ;
#5020 = CARTESIAN_POINT ( 'NONE',  ( -1.434671513095244766, -0.3929254192629378917, 7.724483480638392408 ) ) ;
#5021 = ADVANCED_FACE ( 'NONE', ( #3440 ), #7945, .T. ) ;
#5022 = CARTESIAN_POINT ( 'NONE',  ( 1.017788105676648902, -0.5876202367904087565, -6.854166666666673180 ) ) ;
#5023 = ADVANCED_FACE ( 'NONE', ( #4076 ), #7167, .T. ) ;
#5024 = CARTESIAN_POINT ( 'NONE',  ( 1.499999999999996669, -1.597811031022578733E-14, 2.937499999999964917 ) ) ;
#5025 = CARTESIAN_POINT ( 'NONE',  ( -1.357050807568865203, 4.458126344604650913E-15, -7.625000000000005329 ) ) ;
#5026 =( BOUNDED_CURVE ( )  B_SPLINE_CURVE ( 2, ( #5561, #2255, #3485, #2925, #2843, #5519, #3526, #5427, #8030 ),
 .UNSPECIFIED., .F., .F. ) 
 B_SPLINE_CURVE_WITH_KNOTS ( ( 3, 2, 2, 2, 3 ),
 ( 0.1689189189189189699, 0.1711711711711711992, 0.1756756756756756577, 0.1801801801801802272, 0.1824324324324324564 ),
 .UNSPECIFIED. ) 
 CURVE ( )  GEOMETRIC_REPRESENTATION_ITEM ( )  RATIONAL_B_SPLINE_CURVE ( ( 0.9330127018922194093, 0.9330127018922210747, 1.000000000000000000, 0.8660254037844388186, 1.000000000000000000, 0.8660254037844388186, 1.000000000000000000, 0.9330127018922194093, 0.9330127018922194093 ) ) 
 REPRESENTATION_ITEM ( '' )  );
#5027 = EDGE_CURVE ( 'NONE', #1115, #4165, #36, .T. ) ;
#5028 = CARTESIAN_POINT ( 'NONE',  ( -0.8816504037844300479, 1.527063293868253568, -4.411458333333346360 ) ) ;
#5029 = DIRECTION ( 'NONE',  ( 0.000000000000000000, 0.000000000000000000, -1.000000000000000000 ) ) ;
#5030 = CARTESIAN_POINT ( 'NONE',  ( 1.763300807568860762, 4.051117844727701623E-15, 4.390624999999969802 ) ) ;
#5031 = CARTESIAN_POINT ( 'NONE',  ( 1.017788105676649346, 0.5876202367904160839, 9.229166666666625218 ) ) ;
#5032 = CARTESIAN_POINT ( 'NONE',  ( 1.299038105676654009, -0.7499999999999942268, 0.8333333333333166060 ) ) ;
#5033 = CARTESIAN_POINT ( 'NONE',  ( -0.8660254037844358210, 1.499999999999999778, 0.5416666666666506424 ) ) ;
#5034 = ORIENTED_EDGE ( 'NONE', *, *, #1307, .T. ) ;
#5035 = ORIENTED_EDGE ( 'NONE', *, *, #5487, .F. ) ;
#5036 = DIRECTION ( 'NONE',  ( -1.000000000000000000, 0.000000000000000000, 0.000000000000000000 ) ) ;
#5037 = EDGE_CURVE ( 'NONE', #7080, #4521, #6966, .T. ) ;
#5038 = CARTESIAN_POINT ( 'NONE',  ( -1.499999999999982014, -9.067116327485578019E-15, 12.24264068711923237 ) ) ;
#5039 = CARTESIAN_POINT ( 'NONE',  ( -1.439254484199176806E-16, -1.175240473580820844, 6.499999999999964473 ) ) ;
#5040 = CARTESIAN_POINT ( 'NONE',  ( -1.499999999999996225, 4.561024215828087150E-15, 6.187499999999958256 ) ) ;
#5041 = CARTESIAN_POINT ( 'NONE',  ( -1.175240473580826395, -3.137519842735245204E-15, 0.3749999999999794609 ) ) ;
#5042 = CARTESIAN_POINT ( 'NONE',  ( 0.000000000000000000, 4.375030948216173530E-15, -8.000000000000000000 ) ) ;
#5043 = CARTESIAN_POINT ( 'NONE',  ( 1.499999999999995781, -0.4019237886466791032, -1.147329099369272853 ) ) ;
#5044 = CARTESIAN_POINT ( 'NONE',  ( 1.322475605676646238, 0.7635316469341281165, -3.067708333333347692 ) ) ;
#5045 = ORIENTED_EDGE ( 'NONE', *, *, #7940, .T. ) ;
#5046 = CARTESIAN_POINT ( 'NONE',  ( 0.6785254037844147268, -1.175240473580830836, 7.104166666666630547 ) ) ;
#5047 = EDGE_CURVE ( 'NONE', #964, #911, #1177, .T. ) ;
#5048 = VERTEX_POINT ( 'NONE', #2805 ) ;
#5049 = CYLINDRICAL_SURFACE ( 'NONE', #576, 1.175240473580825062 ) ;
#5050 = CARTESIAN_POINT ( 'NONE',  ( 1.017788105676643129, -0.5876202367904180823, 2.145833333333306836 ) ) ;
#5051 = CARTESIAN_POINT ( 'NONE',  ( -0.6785254037844329345, -1.175240473580820622, -2.041666666666683394 ) ) ;
#5052 = CARTESIAN_POINT ( 'NONE',  ( -1.017788105676652011, -0.5876202367904026502, -2.083333333333350357 ) ) ;
#5053 = CARTESIAN_POINT ( 'NONE',  ( 0.000000000000000000, 1.500000000000000666, 6.062499999999959144 ) ) ;
#5054 = LINE ( 'NONE', #7637, #490 ) ;
#5055 = DIRECTION ( 'NONE',  ( -0.000000000000000000, -0.000000000000000000, 1.000000000000000000 ) ) ;
#5056 = VERTEX_POINT ( 'NONE', #697 ) ;
#5057 = CARTESIAN_POINT ( 'NONE',  ( -1.357050807568865203, 4.458126344604650913E-15, 3.937499999999970690 ) ) ;
#5058 = CIRCLE ( 'NONE', #7755, 1.499999999999982014 ) ;
#5059 = ORIENTED_EDGE ( 'NONE', *, *, #7104, .T. ) ;
#5060 = CARTESIAN_POINT ( 'NONE',  ( 1.175240473580824174, 3.515184268249673134E-15, 3.187499999999973355 ) ) ;
#5061 = CARTESIAN_POINT ( 'NONE',  ( -1.175240473580827283, -0.3149047358083341130, -0.6026709006307601202 ) ) ;
#5062 = CARTESIAN_POINT ( 'NONE',  ( 1.499999999999996669, -1.597811031022578733E-14, 5.937499999999957367 ) ) ;
#5063 = CARTESIAN_POINT ( 'NONE',  ( 1.017788105676644905, -0.5876202367904153068, -3.416666666666680729 ) ) ;
#5064 =( BOUNDED_CURVE ( )  B_SPLINE_CURVE ( 2, ( #7850, #5975, #4622, #180, #1408, #2754, #5335, #2796, #5379 ),
 .UNSPECIFIED., .F., .T. ) 
 B_SPLINE_CURVE_WITH_KNOTS ( ( 3, 2, 2, 2, 3 ),
 ( 0.1283783783783783716, 0.1306306306306306286, 0.1351351351351351426, 0.1396396396396396289, 0.1418918918918919136 ),
 .UNSPECIFIED. ) 
 CURVE ( )  GEOMETRIC_REPRESENTATION_ITEM ( )  RATIONAL_B_SPLINE_CURVE ( ( 0.9330127018922194093, 0.9330127018922194093, 1.000000000000000000, 0.8660254037844387076, 1.000000000000000000, 0.8660254037844387076, 1.000000000000000000, 0.9330127018922185211, 0.9330127018922194093 ) ) 
 REPRESENTATION_ITEM ( '' )  );
#5065 = CARTESIAN_POINT ( 'NONE',  ( 0.6785254037844321573, -1.175240473580821066, -3.895833333333346804 ) ) ;
#5066 = CARTESIAN_POINT ( 'NONE',  ( 1.017788105676654453, 0.5876202367904074242, -1.270833333333352133 ) ) ;
#5067 = CARTESIAN_POINT ( 'NONE',  ( 0.8816504037844296038, -1.527063293868245131, -1.661458333333351689 ) ) ;
#5068 = CARTESIAN_POINT ( 'NONE',  ( -1.870113174931165872E-16, -1.527063293868245131, 7.265624999999962697 ) ) ;
#5069 = CARTESIAN_POINT ( 'NONE',  ( -1.439254484199176806E-16, -1.175240473580820844, 9.562499999999955591 ) ) ;
#5070 = CARTESIAN_POINT ( 'NONE',  ( 1.175240473580823952, 9.151099541311131024E-15, 3.624999999999972911 ) ) ;
#5071 = DIRECTION ( 'NONE',  ( -1.000000000000000000, 0.000000000000000000, 0.000000000000000000 ) ) ;
#5072 = ORIENTED_EDGE ( 'NONE', *, *, #3872, .F. ) ;
#5073 = ORIENTED_EDGE ( 'NONE', *, *, #1967, .T. ) ;
#5074 = EDGE_CURVE ( 'NONE', #2025, #7812, #1458, .T. ) ;
#5075 = FACE_OUTER_BOUND ( 'NONE', #3372, .T. ) ;
#5076 = CARTESIAN_POINT ( 'NONE',  ( 1.000000000000006217, -0.5773502691896360561, 9.650000000000000355 ) ) ;
#5077 = CARTESIAN_POINT ( 'NONE',  ( -0.6785254037844329345, -1.175240473580820622, 5.958333333333298398 ) ) ;
#5078 = CARTESIAN_POINT ( 'NONE',  ( 1.500000000000000000, 0.4019237886466810461, -6.540170900630753792 ) ) ;
#5079 = LINE ( 'NONE', #7668, #494 ) ;
#5080 = CIRCLE ( 'NONE', #1430, 1.499999999999981792 ) ;
#5081 = CARTESIAN_POINT ( 'NONE',  ( -1.322475605676645571, 0.7635316469341293377, -1.901041666666683616 ) ) ;
#5082 = EDGE_LOOP ( 'NONE', ( #6528, #2632, #401, #8014 ) ) ;
#5083 = ADVANCED_FACE ( 'NONE', ( #7988 ), #819, .T. ) ;
#5084 = DIRECTION ( 'NONE',  ( -1.000000000000000000, 0.000000000000000000, 0.000000000000000000 ) ) ;
#5085 = AXIS2_PLACEMENT_3D ( 'NONE', #6804, #1006, #6165 ) ;
#5086 = ORIENTED_EDGE ( 'NONE', *, *, #8305, .T. ) ;
#5087 = DIRECTION ( 'NONE',  ( -0.000000000000000000, -0.000000000000000000, 1.000000000000000000 ) ) ;
#5088 = DIRECTION ( 'NONE',  ( 1.000000000000000000, 0.000000000000000000, 0.000000000000000000 ) ) ;
#5089 = CARTESIAN_POINT ( 'NONE',  ( -0.6785254037844329345, -1.175240473580820622, -3.041666666666681618 ) ) ;
#5090 = CARTESIAN_POINT ( 'NONE',  ( -1.050943903832393778, -1.070288237344271920, 7.750000000000003553 ) ) ;
#5091 = CARTESIAN_POINT ( 'NONE',  ( 1.175240473580824618, -0.3149047358083516546, -1.834829099369277516 ) ) ;
#5092 = DIRECTION ( 'NONE',  ( 0.000000000000000000, 0.000000000000000000, -1.000000000000000000 ) ) ;
#5093 = CARTESIAN_POINT ( 'NONE',  ( -1.175240473580824174, -1.423504373092842538E-15, -2.125000000000015987 ) ) ;
#5094 = CARTESIAN_POINT ( 'NONE',  ( 1.175240473580826617, 8.570077348212010767E-15, 1.124999999999977573 ) ) ;
#5095 = ORIENTED_EDGE ( 'NONE', *, *, #1299, .F. ) ;
#5096 = ORIENTED_EDGE ( 'NONE', *, *, #2743, .T. ) ;
#5097 = AXIS2_PLACEMENT_3D ( 'NONE', #4400, #1106, #2450 ) ;
#5098 = CARTESIAN_POINT ( 'NONE',  ( 1.000000000000006217, 0.5773502691896216232, 9.650000000000000355 ) ) ;
#5099 = CARTESIAN_POINT ( 'NONE',  ( -1.499999999999995781, -0.4019237886466783261, -2.852670900630748907 ) ) ;
#5100 = LINE ( 'NONE', #4503, #7952 ) ;
#5101 = CARTESIAN_POINT ( 'NONE',  ( -1.175240473580825284, -0.3149047358083423842, -3.602670900630752904 ) ) ;
#5102 = CARTESIAN_POINT ( 'NONE',  ( -0.6785254037844329345, -1.175240473580820622, -3.479166666666680285 ) ) ;
#5103 = VECTOR ( 'NONE', #1180, 1000.000000000000000 ) ;
#5104 = CARTESIAN_POINT ( 'NONE',  ( 1.499999999999991340, -0.4019237886466884291, 2.915170900630705386 ) ) ;
#5105 = CARTESIAN_POINT ( 'NONE',  ( 0.000000000000000000, 1.175240473580829503, -7.250000000000006217 ) ) ;
#5106 =( BOUNDED_CURVE ( )  B_SPLINE_CURVE ( 2, ( #4710, #7936, #3348, #5936, #9, #2079, #4030, #7760, #1955 ),
 .UNSPECIFIED., .F., .T. ) 
 B_SPLINE_CURVE_WITH_KNOTS ( ( 3, 2, 2, 2, 3 ),
 ( 0.2229729729729729992, 0.2252252252252252285, 0.2297297297297297425, 0.2342342342342342287, 0.2364864864864864580 ),
 .UNSPECIFIED. ) 
 CURVE ( )  GEOMETRIC_REPRESENTATION_ITEM ( )  RATIONAL_B_SPLINE_CURVE ( ( 0.9330127018922194093, 0.9330127018922201865, 1.000000000000000000, 0.8660254037844387076, 1.000000000000000000, 0.8660254037844387076, 1.000000000000000000, 0.9330127018922202975, 0.9330127018922194093 ) ) 
 REPRESENTATION_ITEM ( '' )  );
#5107 = CARTESIAN_POINT ( 'NONE',  ( -0.8816504037844300479, 1.527063293868253568, -2.411458333333350357 ) ) ;
#5108 = APPROVAL_PERSON_ORGANIZATION ( #5488, #4675, #4814 ) ;
#5109 = CARTESIAN_POINT ( 'NONE',  ( -1.017788105676649346, -0.5876202367904073132, -7.520833333333338366 ) ) ;
#5110 =( BOUNDED_CURVE ( )  B_SPLINE_CURVE ( 2, ( #1597, #3537, #6672, #2938, #7959, #4178, #1471, #6626, #4129 ),
 .UNSPECIFIED., .F., .T. ) 
 B_SPLINE_CURVE_WITH_KNOTS ( ( 3, 2, 2, 2, 3 ),
 ( 0.4527027027027027417, 0.4549549549549549710, 0.4594594594594594850, 0.4639639639639639435, 0.4662162162162162837 ),
 .UNSPECIFIED. ) 
 CURVE ( )  GEOMETRIC_REPRESENTATION_ITEM ( )  RATIONAL_B_SPLINE_CURVE ( ( 0.9330127018922194093, 0.9330127018922201865, 1.000000000000000000, 0.8660254037844387076, 1.000000000000000000, 0.8660254037844387076, 1.000000000000000000, 0.9330127018922169668, 0.9330127018922194093 ) ) 
 REPRESENTATION_ITEM ( '' )  );
#5111 = CARTESIAN_POINT ( 'NONE',  ( 0.8816504037844311581, 1.527063293868253568, 8.473958333333293069 ) ) ;
#5112 = CARTESIAN_POINT ( 'NONE',  ( 1.175240473580827283, 0.3149047358083468251, 7.209829099369224004 ) ) ;
#5113 = LINE ( 'NONE', #1937, #1210 ) ;
#5114 = DIRECTION ( 'NONE',  ( 1.000000000000000000, 0.000000000000000000, 0.000000000000000000 ) ) ;
#5115 = VERTEX_POINT ( 'NONE', #3945 ) ;
#5116 = ORIENTED_EDGE ( 'NONE', *, *, #7037, .T. ) ;
#5117 = CARTESIAN_POINT ( 'NONE',  ( -1.836970198721024757E-16, -1.499999999999991562, 2.749999999999978684 ) ) ;
#5118 = CARTESIAN_POINT ( 'NONE',  ( -1.000000000000005551, -0.5773502691896371664, 9.650000000000000355 ) ) ;
#5119 = CARTESIAN_POINT ( 'NONE',  ( 1.017788105676648902, -0.5876202367904087565, 7.583333333333295734 ) ) ;
#5120 = CARTESIAN_POINT ( 'NONE',  ( -0.6785254037844452579, -1.175240473580813516, 0.4583333333333106108 ) ) ;
#5121 = CARTESIAN_POINT ( 'NONE',  ( 1.175240473580825507, 0.3149047358083543191, -6.790170900630746686 ) ) ;
#5122 = CARTESIAN_POINT ( 'NONE',  ( 2.014956277878847874E-15, 1.175240473580829503, -4.687500000000010658 ) ) ;
#5123 = CARTESIAN_POINT ( 'NONE',  ( -1.322475605676645793, -0.7635316469341201229, -0.8177083333333525772 ) ) ;
#5124 = ORIENTED_EDGE ( 'NONE', *, *, #3826, .F. ) ;
#5125 = EDGE_CURVE ( 'NONE', #446, #2006, #2949, .T. ) ;
#5126 = EDGE_CURVE ( 'NONE', #1188, #6092, #4164, .T. ) ;
#5127 = CARTESIAN_POINT ( 'NONE',  ( 0.6785254037844474784, 1.175240473580820844, -2.729166666666681174 ) ) ;
#5128 = ORIENTED_EDGE ( 'NONE', *, *, #6359, .F. ) ;
#5129 = CARTESIAN_POINT ( 'NONE',  ( -1.175240473580824174, 9.790223953720163148E-15, 3.874999999999971134 ) ) ;
#5130 = CARTESIAN_POINT ( 'NONE',  ( -1.017788105676653121, -0.5876202367904007628, 1.979166666666641206 ) ) ;
#5131 = CARTESIAN_POINT ( 'NONE',  ( 0.6785254037844331565, 1.175240473580829059, 0.7083333333333108328 ) ) ;
#5132 = CARTESIAN_POINT ( 'NONE',  ( 1.499999999999996225, 0.4019237886466866527, 0.8973290993692426554 ) ) ;
#5133 = CARTESIAN_POINT ( 'NONE',  ( -0.6785254037844377084, -1.175240473580817735, 1.958333333333306836 ) ) ;
#5134 = CARTESIAN_POINT ( 'NONE',  ( -1.322475605676645127, 0.7635316469341291157, 2.130208333333306836 ) ) ;
#5135 = ADVANCED_FACE ( 'NONE', ( #3011 ), #274, .T. ) ;
#5136 = CARTESIAN_POINT ( 'NONE',  ( 0.6785254037844095087, -1.175240473580834166, 1.604166666666642538 ) ) ;
#5137 = DIRECTION ( 'NONE',  ( 0.000000000000000000, -1.000000000000000000, -6.086749038515092337E-16 ) ) ;
#5138 = CARTESIAN_POINT ( 'NONE',  ( 0.000000000000000000, 1.527063293868253790, -6.984375000000006217 ) ) ;
#5139 = EDGE_LOOP ( 'NONE', ( #7282, #7143, #4448, #72 ) ) ;
#5140 = ORIENTED_EDGE ( 'NONE', *, *, #3017, .T. ) ;
#5141 = CARTESIAN_POINT ( 'NONE',  ( -1.175240473580828615, -5.403506395821810812E-15, 3.437499999999973355 ) ) ;
#5142 = CARTESIAN_POINT ( 'NONE',  ( 1.017788105676639798, -0.5876202367904241886, -0.4166666666666867247 ) ) ;
#5143 = CARTESIAN_POINT ( 'NONE',  ( -1.499999999999996447, -5.258250847547031931E-15, -4.812500000000016875 ) ) ;
#5144 = ADVANCED_FACE ( 'NONE', ( #8119 ), #3467, .T. ) ;
#5145 = CARTESIAN_POINT ( 'NONE',  ( -0.6785254037844031805, 1.175240473580846601, 5.354166666666634988 ) ) ;
#5146 = CARTESIAN_POINT ( 'NONE',  ( -1.017788105676648902, 0.5876202367904169721, -2.104166666666683838 ) ) ;
#5147 = CARTESIAN_POINT ( 'NONE',  ( -1.017788105676648902, -0.5876202367904079793, -6.583333333333340143 ) ) ;
#5148 = CARTESIAN_POINT ( 'NONE',  ( 1.322475605676645127, -0.7635316469341209000, -2.119791666666684726 ) ) ;
#5149 = CARTESIAN_POINT ( 'NONE',  ( -0.6785254037844314912, 1.175240473580829725, -7.645833333333337478 ) ) ;
#5150 = CARTESIAN_POINT ( 'NONE',  ( 1.322475605676646238, 0.7635316469341281165, 6.432291666666631436 ) ) ;
#5151 = CARTESIAN_POINT ( 'NONE',  ( 0.000000000000000000, 4.375030948216173530E-15, -8.000000000000000000 ) ) ;
#5152 = CARTESIAN_POINT ( 'NONE',  ( 1.499999999999995781, -0.4019237886466791032, 6.852670900630710271 ) ) ;
#5153 = CARTESIAN_POINT ( 'NONE',  ( 1.500000000000006439, 0.4019237886466682230, 0.3973290993692428774 ) ) ;
#5154 =( BOUNDED_CURVE ( )  B_SPLINE_CURVE ( 2, ( #7885, #1279, #3976, #684, #7114, #2618, #1319, #1446, #4490 ),
 .UNSPECIFIED., .F., .T. ) 
 B_SPLINE_CURVE_WITH_KNOTS ( ( 3, 2, 2, 2, 3 ),
 ( 0.2094594594594594850, 0.2117117117117117142, 0.2162162162162162282, 0.2207207207207207145, 0.2229729729729729992 ),
 .UNSPECIFIED. ) 
 CURVE ( )  GEOMETRIC_REPRESENTATION_ITEM ( )  RATIONAL_B_SPLINE_CURVE ( ( 0.9330127018922194093, 0.9330127018922201865, 1.000000000000000000, 0.8660254037844387076, 1.000000000000000000, 0.8660254037844387076, 1.000000000000000000, 0.9330127018922185211, 0.9330127018922194093 ) ) 
 REPRESENTATION_ITEM ( '' )  );
#5155 = ORIENTED_EDGE ( 'NONE', *, *, #3167, .F. ) ;
#5156 = ORIENTED_EDGE ( 'NONE', *, *, #6731, .T. ) ;
#5157 =( BOUNDED_CURVE ( )  B_SPLINE_CURVE ( 2, ( #5408, #7967, #4139, #7483, #1605, #1520, #6168, #8011, #1686 ),
 .UNSPECIFIED., .F., .T. ) 
 B_SPLINE_CURVE_WITH_KNOTS ( ( 3, 2, 2, 2, 3 ),
 ( 0.06081081081081081419, 0.06306306306306305731, 0.06756756756756757132, 0.07207207207207207145, 0.07432432432432432845 ),
 .UNSPECIFIED. ) 
 CURVE ( )  GEOMETRIC_REPRESENTATION_ITEM ( )  RATIONAL_B_SPLINE_CURVE ( ( 0.9330127018922194093, 0.9330127018922196314, 1.000000000000000000, 0.8660254037844387076, 1.000000000000000000, 0.8660254037844387076, 1.000000000000000000, 0.9330127018922191873, 0.9330127018922194093 ) ) 
 REPRESENTATION_ITEM ( '' )  );
#5158 = CARTESIAN_POINT ( 'NONE',  ( 0.3235293953625357211, -0.9679107548759495749, 9.511735735160801397 ) ) ;
#5159 = CARTESIAN_POINT ( 'NONE',  ( -1.017788105676648902, 0.5876202367904169721, 9.333333333333291293 ) ) ;
#5160 = CARTESIAN_POINT ( 'NONE',  ( 0.5891403177412720682, 0.8145602173408653668, 9.495516201587639316 ) ) ;
#5161 = CARTESIAN_POINT ( 'NONE',  ( -1.499999999999996447, -0.4019237886466784926, 1.209829099369229333 ) ) ;
#5162 = CARTESIAN_POINT ( 'NONE',  ( -1.175240473580823952, 0.3149047358083659764, 5.852670900630705830 ) ) ;
#5163 = CARTESIAN_POINT ( 'NONE',  ( 0.000000000000000000, 1.527063293868253790, -0.9843750000000182077 ) ) ;
#5164 = ORIENTED_EDGE ( 'NONE', *, *, #2890, .T. ) ;
#5165 = VECTOR ( 'NONE', #3811, 1000.000000000000000 ) ;
#5166 = CARTESIAN_POINT ( 'NONE',  ( -1.499999999999995559, 4.561024215828087150E-15, 1.624999999999981570 ) ) ;
#5167 = ORIENTED_EDGE ( 'NONE', *, *, #780, .T. ) ;
#5168 = CARTESIAN_POINT ( 'NONE',  ( 1.499999999999996447, -6.042630808230842937E-15, -4.562500000000019540 ) ) ;
#5169 = CARTESIAN_POINT ( 'NONE',  ( 1.299038105676654675, -0.7499999999999944489, 5.395833333333293069 ) ) ;
#5170 = CARTESIAN_POINT ( 'NONE',  ( -0.6785254037844329345, -1.175240473580820622, 1.458333333333308168 ) ) ;
#5171 = CARTESIAN_POINT ( 'NONE',  ( -1.175240473580824174, 1.040029725647423855E-14, 2.874999999999974243 ) ) ;
#5172 = EDGE_CURVE ( 'NONE', #6863, #3836, #910, .T. ) ;
#5173 = CARTESIAN_POINT ( 'NONE',  ( 1.500000000000000888, 0.4019237886466774379, -4.102670900630746686 ) ) ;
#5174 = CARTESIAN_POINT ( 'NONE',  ( -0.8816504037844307140, -1.527063293868244465, 6.755208333333297510 ) ) ;
#5175 = CARTESIAN_POINT ( 'NONE',  ( 6.908421524156049065E-15, 1.175240473580829503, 3.812499999999970246 ) ) ;
#5176 = CARTESIAN_POINT ( 'NONE',  ( 0.000000000000000000, 1.103216000196302414E-14, -7.949759526419155620 ) ) ;
#5177 = CARTESIAN_POINT ( 'NONE',  ( -1.175240473580824618, 7.030368536499346268E-15, -1.125000000000018652 ) ) ;
#5178 = ORIENTED_EDGE ( 'NONE', *, *, #22, .F. ) ;
#5179 = ADVANCED_FACE ( 'NONE', ( #3606 ), #6191, .T. ) ;
#5180 = ORIENTED_EDGE ( 'NONE', *, *, #1099, .F. ) ;
#5181 = CARTESIAN_POINT ( 'NONE',  ( -0.6785254037844372643, -1.175240473580817735, -6.041666666666675845 ) ) ;
#5182 = EDGE_CURVE ( 'NONE', #7812, #534, #5026, .T. ) ;
#5183 = DIRECTION ( 'NONE',  ( 0.000000000000000000, 0.000000000000000000, -1.000000000000000000 ) ) ;
#5184 = CARTESIAN_POINT ( 'NONE',  ( -1.499999999999995781, -7.814748497183156485E-15, -6.875000000000000000 ) ) ;
#5185 = AXIS2_PLACEMENT_3D ( 'NONE', #4318, #6905, #1105 ) ;
#5186 = CARTESIAN_POINT ( 'NONE',  ( 1.357050807568865203, 4.125744759050742171E-15, -2.312500000000016875 ) ) ;
#5187 = CARTESIAN_POINT ( 'NONE',  ( 1.499999999999995337, -9.906428392339985306E-15, -7.125000000000000000 ) ) ;
#5188 = ADVANCED_FACE ( 'NONE', ( #1585 ), #315, .T. ) ;
#5189 = CARTESIAN_POINT ( 'NONE',  ( 1.017788105676648902, -0.5876202367904087565, -7.416666666666672292 ) ) ;
#5190 = CARTESIAN_POINT ( 'NONE',  ( -0.8816504037844307140, -1.527063293868244465, -0.7447916666666869467 ) ) ;
#5191 = CARTESIAN_POINT ( 'NONE',  ( -1.017788105676641575, 0.5876202367904294066, -0.1666666666666882235 ) ) ;
#5192 = LINE ( 'NONE', #7777, #2804 ) ;
#5193 = CARTESIAN_POINT ( 'NONE',  ( -1.763300807568860762, 4.483001982712331095E-15, 7.640624999999962697 ) ) ;
#5194 = CARTESIAN_POINT ( 'NONE',  ( 0.6785254037844528074, 1.175240473580817735, 6.208333333333298398 ) ) ;
#5195 = LINE ( 'NONE', #1894, #8367 ) ;
#5196 = CARTESIAN_POINT ( 'NONE',  ( 0.7430897630981873059, -1.301652294314191050, -7.638436100631182946 ) ) ;
#5197 = ORIENTED_EDGE ( 'NONE', *, *, #3727, .T. ) ;
#5198 = ORIENTED_EDGE ( 'NONE', *, *, #8302, .F. ) ;
#5199 = CARTESIAN_POINT ( 'NONE',  ( -1.357050807568865203, 4.458126344604650913E-15, 9.374999999999960920 ) ) ;
#5200 = CARTESIAN_POINT ( 'NONE',  ( 1.499999999999996447, -6.042630808230842937E-15, -3.562500000000021316 ) ) ;
#5201 = CARTESIAN_POINT ( 'NONE',  ( 1.175240473580825951, 0.3149047358083528758, -5.790170900630748463 ) ) ;
#5202 = CARTESIAN_POINT ( 'NONE',  ( -1.017788105676651123, -0.5876202367904045376, -5.583333333333342807 ) ) ;
#5203 = CARTESIAN_POINT ( 'NONE',  ( -0.8816504037844302699, 1.527063293868253790, -0.9427083333333518000 ) ) ;
#5204 = ORIENTED_EDGE ( 'NONE', *, *, #949, .T. ) ;
#5205 = CARTESIAN_POINT ( 'NONE',  ( 1.017788105676649346, 0.5876202367904160839, 4.729166666666634988 ) ) ;
#5206 =( BOUNDED_CURVE ( )  B_SPLINE_CURVE ( 2, ( #2086, #2634, #3946, #5897, #6533, #99, #5261, #783, #4881 ),
 .UNSPECIFIED., .F., .T. ) 
 B_SPLINE_CURVE_WITH_KNOTS ( ( 3, 2, 2, 2, 3 ),
 ( 0.5337837837837837718, 0.5360360360360360010, 0.5405405405405405705, 0.5450450450450450290, 0.5472972972972973693 ),
 .UNSPECIFIED. ) 
 CURVE ( )  GEOMETRIC_REPRESENTATION_ITEM ( )  RATIONAL_B_SPLINE_CURVE ( ( 0.9330127018922194093, 0.9330127018922194093, 1.000000000000000000, 0.8660254037844387076, 1.000000000000000000, 0.8660254037844387076, 1.000000000000000000, 0.9330127018922176330, 0.9330127018922192983 ) ) 
 REPRESENTATION_ITEM ( '' )  );
#5207 = VERTEX_POINT ( 'NONE', #946 ) ;
#5208 = CARTESIAN_POINT ( 'NONE',  ( -1.499999999999998446, 0.4019237886466830445, -4.334829099369278183 ) ) ;
#5209 = CARTESIAN_POINT ( 'NONE',  ( -1.499999999999995781, 0.4019237886466874854, -7.397329099369259531 ) ) ;
#5210 = CARTESIAN_POINT ( 'NONE',  ( -1.017788105676648902, -0.5876202367904079793, 0.4166666666666450913 ) ) ;
#5211 = CARTESIAN_POINT ( 'NONE',  ( 1.175240473580828615, 1.867986350813668840E-14, 2.624999999999975131 ) ) ;
#5212 = CARTESIAN_POINT ( 'NONE',  ( -1.870113174931165379E-16, -1.527063293868244687, 6.796874999999962697 ) ) ;
#5213 = CARTESIAN_POINT ( 'NONE',  ( -1.499999999999998446, 0.4019237886466830445, -0.8348290993692865092 ) ) ;
#5214 = DIRECTION ( 'NONE',  ( 0.000000000000000000, 0.000000000000000000, -1.000000000000000000 ) ) ;
#5215 = CARTESIAN_POINT ( 'NONE',  ( 4.029912555757695748E-15, 1.175240473580829503, -1.250000000000018430 ) ) ;
#5216 = ORIENTED_EDGE ( 'NONE', *, *, #6952, .F. ) ;
#5217 = CIRCLE ( 'NONE', #7112, 1.175240473580825062 ) ;
#5218 = EDGE_LOOP ( 'NONE', ( #7586, #7785, #5302, #4817 ) ) ;
#5219 = DIRECTION ( 'NONE',  ( -0.000000000000000000, -0.000000000000000000, 1.000000000000000000 ) ) ;
#5220 = CARTESIAN_POINT ( 'NONE',  ( -1.836970198721024757E-16, -1.499999999999991562, 6.249999999999971578 ) ) ;
#5221 = DIRECTION ( 'NONE',  ( -0.000000000000000000, -0.000000000000000000, 1.000000000000000000 ) ) ;
#5222 = CARTESIAN_POINT ( 'NONE',  ( 1.175240473580825062, -0.3149047358083481019, -7.897329099369263972 ) ) ;
#5223 = CARTESIAN_POINT ( 'NONE',  ( 1.017788105676648902, -0.5876202367904087565, -1.854166666666684504 ) ) ;
#5224 = EDGE_CURVE ( 'NONE', #383, #5709, #4167, .T. ) ;
#5225 = EDGE_CURVE ( 'NONE', #2930, #3822, #7466, .T. ) ;
#5226 = CARTESIAN_POINT ( 'NONE',  ( -1.175240473580824618, 7.030368536499346268E-15, -1.062500000000018430 ) ) ;
#5227 = CARTESIAN_POINT ( 'NONE',  ( 0.6785254037844331565, 1.175240473580829059, -5.291666666666677621 ) ) ;
#5228 =( BOUNDED_CURVE ( )  B_SPLINE_CURVE ( 2, ( #3094, #4967, #3053, #1280, #561, #7549, #1239, #3134, #8241 ),
 .UNSPECIFIED., .F., .F. ) 
 B_SPLINE_CURVE_WITH_KNOTS ( ( 3, 2, 2, 2, 3 ),
 ( 0.7094594594594595405, 0.7117117117117116587, 0.7162162162162162282, 0.7207207207207206867, 0.7229729729729730270 ),
 .UNSPECIFIED. ) 
 CURVE ( )  GEOMETRIC_REPRESENTATION_ITEM ( )  RATIONAL_B_SPLINE_CURVE ( ( 0.9330127018922194093, 0.9330127018922226290, 1.000000000000000000, 0.8660254037844387076, 1.000000000000000000, 0.8660254037844387076, 1.000000000000000000, 0.9330127018922176330, 0.9330127018922192983 ) ) 
 REPRESENTATION_ITEM ( '' )  );
#5229 = CARTESIAN_POINT ( 'NONE',  ( -1.175240473580831058, 0.3149047358083573722, 3.352670900630711603 ) ) ;
#5230 = CARTESIAN_POINT ( 'NONE',  ( -1.763300807568860318, 4.483001982712331095E-15, -2.828125000000016431 ) ) ;
#5231 = CARTESIAN_POINT ( 'NONE',  ( 0.000000000000000000, 4.375030948216173530E-15, -8.000000000000000000 ) ) ;
#5232 = CARTESIAN_POINT ( 'NONE',  ( 2.878508968398353613E-16, 1.175240473580829503, -7.687500000000005329 ) ) ;
#5233 = EDGE_CURVE ( 'NONE', #2539, #2575, #85, .T. ) ;
#5234 = AXIS2_PLACEMENT_3D ( 'NONE', #4894, #6079, #1002 ) ;
#5235 = CARTESIAN_POINT ( 'NONE',  ( 1.322475605676645349, -0.7635316469341211221, 6.848958333333297510 ) ) ;
#5236 =( NAMED_UNIT ( * ) PLANE_ANGLE_UNIT ( ) SI_UNIT ( $, .RADIAN. ) );
#5237 = CARTESIAN_POINT ( 'NONE',  ( -0.9107670196817203578, 1.099727715989594401, 7.666484050573448172 ) ) ;
#5238 = CARTESIAN_POINT ( 'NONE',  ( 1.500000000000002220, 0.4019237886466776599, 1.959829099369227334 ) ) ;
#5239 = VECTOR ( 'NONE', #337, 1000.000000000000000 ) ;
#5240 = ORIENTED_EDGE ( 'NONE', *, *, #1211, .F. ) ;
#5241 = ORIENTED_EDGE ( 'NONE', *, *, #680, .T. ) ;
#5242 = CARTESIAN_POINT ( 'NONE',  ( -0.6785254037844324904, 1.175240473580829281, 7.791666666666626995 ) ) ;
#5243 = DIRECTION ( 'NONE',  ( -0.000000000000000000, -0.000000000000000000, 1.000000000000000000 ) ) ;
#5244 = EDGE_CURVE ( 'NONE', #7003, #6377, #5275, .T. ) ;
#5245 = CYLINDRICAL_SURFACE ( 'NONE', #376, 1.175240473580825062 ) ;
#5246 = CARTESIAN_POINT ( 'NONE',  ( 0.8816504037844311581, 1.527063293868253568, -0.5260416666666858365 ) ) ;
#5247 = ORIENTED_EDGE ( 'NONE', *, *, #694, .T. ) ;
#5248 = CARTESIAN_POINT ( 'NONE',  ( -1.439254484199176806E-16, -1.175240473580820844, 6.062499999999965361 ) ) ;
#5249 = CARTESIAN_POINT ( 'NONE',  ( 1.499999999999996447, 3.776644255144276145E-15, 4.437499999999961808 ) ) ;
#5250 = VERTEX_POINT ( 'NONE', #3733 ) ;
#5251 = CARTESIAN_POINT ( 'NONE',  ( 0.000000000000000000, 4.375030948216173530E-15, -8.000000000000000000 ) ) ;
#5252 = CARTESIAN_POINT ( 'NONE',  ( 1.499999999999992673, -0.4019237886466855980, -7.584829099369274630 ) ) ;
#5253 = CARTESIAN_POINT ( 'NONE',  ( -0.6785254037844329345, -1.175240473580820622, 1.958333333333306614 ) ) ;
#5254 = CARTESIAN_POINT ( 'NONE',  ( 1.017788105676664001, 0.5876202367903909929, 2.666666666666640317 ) ) ;
#5255 = LINE ( 'NONE', #7980, #1993 ) ;
#5256 = CARTESIAN_POINT ( 'NONE',  ( 0.8816504037844310471, 1.527063293868253124, 6.505208333333296622 ) ) ;
#5257 = CARTESIAN_POINT ( 'NONE',  ( -1.322475605676645793, -0.7635316469341201229, -7.817708333333338366 ) ) ;
#5258 = ORIENTED_EDGE ( 'NONE', *, *, #5270, .T. ) ;
#5259 = VERTEX_POINT ( 'NONE', #1202 ) ;
#5260 = CYLINDRICAL_SURFACE ( 'NONE', #3061, 1.175240473580825062 ) ;
#5261 = CARTESIAN_POINT ( 'NONE',  ( -1.299038105676654675, 0.7500000000000027756, 1.645833333333302173 ) ) ;
#5262 = CARTESIAN_POINT ( 'NONE',  ( -0.8660254037844358210, 1.499999999999999778, 5.541666666666639429 ) ) ;
#5263 = CARTESIAN_POINT ( 'NONE',  ( 1.299038105676654675, 0.7500000000000013323, -3.583333333333341031 ) ) ;
#5264 = CARTESIAN_POINT ( 'NONE',  ( 0.6785254037844331565, 1.175240473580829059, -0.2291666666666882790 ) ) ;
#5265 = LINE ( 'NONE', #703, #6837 ) ;
#5266 = CARTESIAN_POINT ( 'NONE',  ( 0.000000000000000000, 1.175240473580829503, -4.750000000000011546 ) ) ;
#5267 = CARTESIAN_POINT ( 'NONE',  ( 1.175240473580824174, 2.963213184805509206E-15, 2.124999999999975131 ) ) ;
#5268 = CARTESIAN_POINT ( 'NONE',  ( -0.8816504037844300479, 1.527063293868253568, 1.588541666666640984 ) ) ;
#5269 = CARTESIAN_POINT ( 'NONE',  ( 1.175240473580825062, 4.375030948216173530E-15, -8.000000000000000000 ) ) ;
#5270 = EDGE_CURVE ( 'NONE', #6091, #901, #4491, .T. ) ;
#5271 = CARTESIAN_POINT ( 'NONE',  ( -1.499999999999996225, 0.4019237886466875964, 1.165170900630709383 ) ) ;
#5272 = EDGE_CURVE ( 'NONE', #5056, #2586, #3547, .T. ) ;
#5273 = CARTESIAN_POINT ( 'NONE',  ( -1.357050807568865203, 4.458126344604650913E-15, -7.062500000000006217 ) ) ;
#5274 = CARTESIAN_POINT ( 'NONE',  ( -1.017788105676656896, -0.5876202367903947676, -0.5208333333333540205 ) ) ;
#5275 =( BOUNDED_CURVE ( )  B_SPLINE_CURVE ( 2, ( #5683, #1832, #4327, #478, #4412, #6995, #5722, #8284, #3688 ),
 .UNSPECIFIED., .F., .F. ) 
 B_SPLINE_CURVE_WITH_KNOTS ( ( 3, 2, 2, 2, 3 ),
 ( 0.8175675675675675436, 0.8198198198198198838, 0.8243243243243243423, 0.8288288288288288008, 0.8310810810810810301 ),
 .UNSPECIFIED. ) 
 CURVE ( )  GEOMETRIC_REPRESENTATION_ITEM ( )  RATIONAL_B_SPLINE_CURVE ( ( 0.9330127018922194093, 0.9330127018922177440, 1.000000000000000000, 0.8660254037844388186, 1.000000000000000000, 0.8660254037844388186, 1.000000000000000000, 0.9330127018922210747, 0.9330127018922194093 ) ) 
 REPRESENTATION_ITEM ( '' )  );
#5276 = CARTESIAN_POINT ( 'NONE',  ( -1.262454282769119862, 0.6884461199105891271, 7.685127762955791475 ) ) ;
#5277 = DIRECTION ( 'NONE',  ( 0.000000000000000000, -7.531071187239187305E-16, 1.000000000000000000 ) ) ;
#5278 = ORIENTED_EDGE ( 'NONE', *, *, #2630, .T. ) ;
#5279 = ORIENTED_EDGE ( 'NONE', *, *, #2845, .T. ) ;
#5280 = CARTESIAN_POINT ( 'NONE',  ( 1.357050807568865203, 4.125744759050742171E-15, 9.624999999999955591 ) ) ;
#5281 = EDGE_CURVE ( 'NONE', #5559, #5207, #5228, .T. ) ;
#5282 = CARTESIAN_POINT ( 'NONE',  ( 0.3272472668956685204, 0.9657642407454669620, 9.494872772280238848 ) ) ;
#5283 = CARTESIAN_POINT ( 'NONE',  ( 1.324405105901835423E-14, 1.175240473580829503, 0.2499999999999776845 ) ) ;
#5284 = DIRECTION ( 'NONE',  ( -0.000000000000000000, -0.000000000000000000, 1.000000000000000000 ) ) ;
#5285 = CARTESIAN_POINT ( 'NONE',  ( -0.8816504037844302699, 1.527063293868253790, 0.5572916666666452024 ) ) ;
#5286 = ORIENTED_EDGE ( 'NONE', *, *, #2284, .T. ) ;
#5287 = CARTESIAN_POINT ( 'NONE',  ( -0.6785254037844324904, 1.175240473580829281, 3.854166666666637653 ) ) ;
#5288 = FACE_OUTER_BOUND ( 'NONE', #2506, .T. ) ;
#5289 = ADVANCED_FACE ( 'NONE', ( #7034 ), #2498, .T. ) ;
#5290 = ORIENTED_EDGE ( 'NONE', *, *, #7248, .F. ) ;
#5291 = ORIENTED_EDGE ( 'NONE', *, *, #7508, .F. ) ;
#5292 = CARTESIAN_POINT ( 'NONE',  ( 1.017788105676649346, 0.5876202367904160839, -0.3333333333333538540 ) ) ;
#5293 = CC_DESIGN_DATE_AND_TIME_ASSIGNMENT ( #200, #5444, ( #2500 ) ) ;
#5294 = CARTESIAN_POINT ( 'NONE',  ( -1.499999999999990230, 0.4019237886466965892, 1.102670900630720929 ) ) ;
#5295 = CARTESIAN_POINT ( 'NONE',  ( 1.499999999999995559, -1.600716141988073932E-14, 4.374999999999973355 ) ) ;
#5296 = CARTESIAN_POINT ( 'NONE',  ( -0.8816504037844307140, -1.527063293868244465, 5.255208333333298398 ) ) ;
#5297 = CARTESIAN_POINT ( 'NONE',  ( -1.175240473580820622, 0.3149047358083720272, 3.915170900630710715 ) ) ;
#5298 = CARTESIAN_POINT ( 'NONE',  ( -1.499999999999996225, 4.561024215828087150E-15, 3.187499999999964473 ) ) ;
#5299 = CARTESIAN_POINT ( 'NONE',  ( -0.8816504037844309360, -1.527063293868244909, -7.276041666666673180 ) ) ;
#5300 = VERTEX_POINT ( 'NONE', #1751 ) ;
#5301 = ADVANCED_FACE ( 'NONE', ( #5639 ), #6299, .T. ) ;
#5302 = ORIENTED_EDGE ( 'NONE', *, *, #6413, .F. ) ;
#5303 = CARTESIAN_POINT ( 'NONE',  ( -1.299038105676654675, 0.7500000000000027756, -1.854166666666690499 ) ) ;
#5304 = CARTESIAN_POINT ( 'NONE',  ( 0.6785254037844304920, -1.175240473580821732, -5.958333333333341919 ) ) ;
#5305 = CARTESIAN_POINT ( 'NONE',  ( 1.499999999999995559, -1.600716141988073932E-14, 5.374999999999973355 ) ) ;
#5306 = CARTESIAN_POINT ( 'NONE',  ( -1.299038105676654897, -0.7499999999999935607, 1.729166666666634988 ) ) ;
#5307 = CARTESIAN_POINT ( 'NONE',  ( -0.6785254037844324904, 1.175240473580829281, 0.3541666666666450358 ) ) ;
#5308 = CARTESIAN_POINT ( 'NONE',  ( -0.8660254037844358210, 1.499999999999999778, -1.458333333333345694 ) ) ;
#5309 = CARTESIAN_POINT ( 'NONE',  ( 1.017788105676648902, -0.5876202367904087565, -4.916666666666677621 ) ) ;
#5310 = DIRECTION ( 'NONE',  ( 0.000000000000000000, 0.000000000000000000, -1.000000000000000000 ) ) ;
#5311 = CARTESIAN_POINT ( 'NONE',  ( -1.870113174931165379E-16, -1.527063293868244687, 1.796874999999973799 ) ) ;
#5312 = CARTESIAN_POINT ( 'NONE',  ( 1.017788105676653787, 0.5876202367904084234, -3.333333333333347692 ) ) ;
#5313 = CARTESIAN_POINT ( 'NONE',  ( 0.000000000000000000, 1.527063293868253790, 10.51562499999995737 ) ) ;
#5314 = DIRECTION ( 'NONE',  ( 0.000000000000000000, 0.000000000000000000, -1.000000000000000000 ) ) ;
#5315 = VECTOR ( 'NONE', #4092, 1000.000000000000000 ) ;
#5316 = CARTESIAN_POINT ( 'NONE',  ( 0.8660254037844371533, 1.500000000000000222, 0.02083333333330583334 ) ) ;
#5317 = ORIENTED_EDGE ( 'NONE', *, *, #2734, .T. ) ;
#5318 = EDGE_LOOP ( 'NONE', ( #4450, #4395, #654, #227 ) ) ;
#5319 = CARTESIAN_POINT ( 'NONE',  ( 0.8816504037844310471, 1.527063293868253124, -7.994791666666670515 ) ) ;
#5320 = CARTESIAN_POINT ( 'NONE',  ( -1.175240473580824174, 1.040029725647423855E-14, 2.937499999999973355 ) ) ;
#5321 = DIRECTION ( 'NONE',  ( 0.000000000000000000, 0.000000000000000000, 1.000000000000000000 ) ) ;
#5322 = CARTESIAN_POINT ( 'NONE',  ( 0.8816504037844311581, 1.527063293868253568, 2.973958333333305948 ) ) ;
#5323 =( BOUNDED_CURVE ( )  B_SPLINE_CURVE ( 2, ( #5752, #4484, #3332, #3290, #5283, #5921, #1902, #2029, #3924 ),
 .UNSPECIFIED., .F., .F. ) 
 B_SPLINE_CURVE_WITH_KNOTS ( ( 3, 2, 2, 2, 3 ),
 ( 0.4527027027027027417, 0.4549549549549549710, 0.4594594594594594850, 0.4639639639639639435, 0.4662162162162162837 ),
 .UNSPECIFIED. ) 
 CURVE ( )  GEOMETRIC_REPRESENTATION_ITEM ( )  RATIONAL_B_SPLINE_CURVE ( ( 0.9330127018922194093, 0.9330127018922201865, 1.000000000000000000, 0.8660254037844387076, 1.000000000000000000, 0.8660254037844387076, 1.000000000000000000, 0.9330127018922169668, 0.9330127018922194093 ) ) 
 REPRESENTATION_ITEM ( '' )  );
#5324 = EDGE_LOOP ( 'NONE', ( #7338, #7061, #3651, #2167 ) ) ;
#5325 = CARTESIAN_POINT ( 'NONE',  ( -1.439254484199176806E-16, -1.175240473580820844, 8.062499999999962697 ) ) ;
#5326 = EDGE_CURVE ( 'NONE', #6980, #2279, #6093, .T. ) ;
#5327 = CARTESIAN_POINT ( 'NONE',  ( -1.499999999999982014, -9.067116327485578019E-15, 12.24264068711923237 ) ) ;
#5328 = ORIENTED_EDGE ( 'NONE', *, *, #6273, .T. ) ;
#5329 = VERTEX_POINT ( 'NONE', #685 ) ;
#5330 = CARTESIAN_POINT ( 'NONE',  ( -1.299038105676654675, 0.7500000000000027756, -4.354166666666685614 ) ) ;
#5331 = CARTESIAN_POINT ( 'NONE',  ( -1.499999999999996447, -0.4019237886466784926, 5.209829099369221339 ) ) ;
#5332 = CARTESIAN_POINT ( 'NONE',  ( 1.357050807568865203, 4.125744759050742171E-15, 2.624999999999972911 ) ) ;
#5333 = CARTESIAN_POINT ( 'NONE',  ( -1.299038105676654231, 0.7500000000000025535, -6.416666666666668739 ) ) ;
#5334 = CARTESIAN_POINT ( 'NONE',  ( -1.322475605676645349, -0.7635316469341199008, 4.713541666666634988 ) ) ;
#5335 = CARTESIAN_POINT ( 'NONE',  ( -1.017788105676647570, 0.5876202367904194146, -5.666666666666675845 ) ) ;
#5336 = CARTESIAN_POINT ( 'NONE',  ( 1.499999999999982014, -8.883419307613476875E-15, 12.24264068711923237 ) ) ;
#5337 = CARTESIAN_POINT ( 'NONE',  ( -1.322475605676645793, -0.7635316469341201229, -6.317708333333340143 ) ) ;
#5338 = EDGE_CURVE ( 'NONE', #485, #1249, #4686, .T. ) ;
#5339 = ORIENTED_EDGE ( 'NONE', *, *, #5125, .F. ) ;
#5340 = CARTESIAN_POINT ( 'NONE',  ( -1.499999999999996225, 0.4019237886466875964, 6.665170900630698725 ) ) ;
#5341 = ORIENTED_EDGE ( 'NONE', *, *, #2439, .T. ) ;
#5342 = DIRECTION ( 'NONE',  ( 1.000000000000000000, 0.000000000000000000, 0.000000000000000000 ) ) ;
#5343 = CARTESIAN_POINT ( 'NONE',  ( 0.000000000000000000, -7.267483695685816380E-15, 9.650000000000000355 ) ) ;
#5344 = CARTESIAN_POINT ( 'NONE',  ( 0.000000000000000000, 1.500000000000000222, -3.500000000000008438 ) ) ;
#5345 = EDGE_CURVE ( 'NONE', #4898, #6773, #7561, .T. ) ;
#5346 = AXIS2_PLACEMENT_3D ( 'NONE', #5434, #2371, #3641 ) ;
#5347 = CARTESIAN_POINT ( 'NONE',  ( 0.6785254037844331565, 1.175240473580829059, 0.2708333333333122206 ) ) ;
#5348 = DIRECTION ( 'NONE',  ( -0.000000000000000000, -0.000000000000000000, 1.000000000000000000 ) ) ;
#5349 = CARTESIAN_POINT ( 'NONE',  ( -1.017788105676648902, 0.5876202367904169721, -6.166666666666674068 ) ) ;
#5350 = AXIS2_PLACEMENT_3D ( 'NONE', #2148, #3456, #3411 ) ;
#5351 = CARTESIAN_POINT ( 'NONE',  ( 1.017788105676651123, 0.5876202367904128643, 2.166666666666639873 ) ) ;
#5352 = CARTESIAN_POINT ( 'NONE',  ( 1.175240473580825062, 0.3149047358083458814, 6.709829099369225780 ) ) ;
#5353 = CARTESIAN_POINT ( 'NONE',  ( 0.8816504037844310471, 1.527063293868253124, -0.4947916666666885011 ) ) ;
#5354 = CARTESIAN_POINT ( 'NONE',  ( 0.6785254037844528074, 1.175240473580817735, 6.270833333333298398 ) ) ;
#5355 = CARTESIAN_POINT ( 'NONE',  ( -0.6785254037844217212, 1.175240473580835499, 2.354166666666639429 ) ) ;
#5356 = CARTESIAN_POINT ( 'NONE',  ( 0.8816504037844311581, 1.527063293868253568, 10.47395833333329129 ) ) ;
#5357 = APPLICATION_PROTOCOL_DEFINITION ( 'international standard', 'config_control_design', 1994, #1341 ) ;
#5358 = DIRECTION ( 'NONE',  ( -0.000000000000000000, -0.000000000000000000, 1.000000000000000000 ) ) ;
#5359 = CARTESIAN_POINT ( 'NONE',  ( -1.499999999999995781, 0.4019237886466874854, 6.602670900630709383 ) ) ;
#5360 = VERTEX_POINT ( 'NONE', #2706 ) ;
#5361 = CARTESIAN_POINT ( 'NONE',  ( 0.8816504037844296038, -1.527063293868245131, -8.161458333333337478 ) ) ;
#5362 = VECTOR ( 'NONE', #75, 1000.000000000000000 ) ;
#5363 = CARTESIAN_POINT ( 'NONE',  ( 1.499999999999996447, 3.776644255144276145E-15, 2.437499999999966693 ) ) ;
#5364 = CARTESIAN_POINT ( 'NONE',  ( -1.017788105676658672, -0.5876202367903913260, 6.479166666666631436 ) ) ;
#5365 = CARTESIAN_POINT ( 'NONE',  ( -1.322475605676645793, -0.7635316469341201229, 1.182291666666644092 ) ) ;
#5366 = ORIENTED_EDGE ( 'NONE', *, *, #1734, .F. ) ;
#5367 = CARTESIAN_POINT ( 'NONE',  ( -0.6785254037844329345, -1.175240473580820622, 7.520833333333296622 ) ) ;
#5368 = VECTOR ( 'NONE', #2797, 1000.000000000000000 ) ;
#5369 = CARTESIAN_POINT ( 'NONE',  ( -1.175240473580825062, 4.518956396636091433E-15, -8.000000000000000000 ) ) ;
#5370 = VERTEX_POINT ( 'NONE', #4576 ) ;
#5371 = ORIENTED_EDGE ( 'NONE', *, *, #5281, .F. ) ;
#5372 = DIRECTION ( 'NONE',  ( 0.000000000000000000, 0.000000000000000000, -1.000000000000000000 ) ) ;
#5373 = DIRECTION ( 'NONE',  ( -0.000000000000000000, -0.000000000000000000, 1.000000000000000000 ) ) ;
#5374 = CARTESIAN_POINT ( 'NONE',  ( 1.017788105676649346, 0.5876202367904160839, 2.666666666666640317 ) ) ;
#5375 = CARTESIAN_POINT ( 'NONE',  ( -0.8660254037844358210, 1.499999999999999778, 7.541666666666632324 ) ) ;
#5376 = CARTESIAN_POINT ( 'NONE',  ( 1.500000000000000888, 0.4019237886466774379, -0.1026709006307553185 ) ) ;
#5377 = CARTESIAN_POINT ( 'NONE',  ( 1.763300807568860318, 4.051117844727701623E-15, 7.421874999999961808 ) ) ;
#5378 =( BOUNDED_CURVE ( )  B_SPLINE_CURVE ( 2, ( #2003, #6441, #1284, #2121, #4581, #6608, #91, #2711, #650 ),
 .UNSPECIFIED., .F., .T. ) 
 B_SPLINE_CURVE_WITH_KNOTS ( ( 3, 2, 2, 2, 3 ),
 ( 0.2229729729729729992, 0.2252252252252252285, 0.2297297297297297425, 0.2342342342342342287, 0.2364864864864865135 ),
 .UNSPECIFIED. ) 
 CURVE ( )  GEOMETRIC_REPRESENTATION_ITEM ( )  RATIONAL_B_SPLINE_CURVE ( ( 0.9330127018922194093, 0.9330127018922201865, 1.000000000000000000, 0.8660254037844387076, 1.000000000000000000, 0.8660254037844387076, 1.000000000000000000, 0.9330127018922185211, 0.9330127018922194093 ) ) 
 REPRESENTATION_ITEM ( '' )  );
#5379 = CARTESIAN_POINT ( 'NONE',  ( -1.175240473580825284, 2.469344320671257935E-15, -5.625000000000008882 ) ) ;
#5380 = CARTESIAN_POINT ( 'NONE',  ( 1.017788105676645349, -0.5876202367904145296, -5.354166666666676733 ) ) ;
#5381 = EDGE_CURVE ( 'NONE', #1896, #4410, #1774, .T. ) ;
#5382 = CARTESIAN_POINT ( 'NONE',  ( 1.322475605676645349, -0.7635316469341211221, -6.651041666666673180 ) ) ;
#5383 = EDGE_CURVE ( 'NONE', #6092, #5329, #1183, .T. ) ;
#5384 =( BOUNDED_CURVE ( )  B_SPLINE_CURVE ( 2, ( #8151, #2329, #980, #1024, #2250, #6100, #7422, #1660, #5421 ),
 .UNSPECIFIED., .F., .T. ) 
 B_SPLINE_CURVE_WITH_KNOTS ( ( 3, 2, 2, 2, 3 ),
 ( 0.6418918918918919969, 0.6441441441441441151, 0.6486486486486486847, 0.6531531531531531432, 0.6554054054054054834 ),
 .UNSPECIFIED. ) 
 CURVE ( )  GEOMETRIC_REPRESENTATION_ITEM ( )  RATIONAL_B_SPLINE_CURVE ( ( 0.9330127018922194093, 0.9330127018922226290, 1.000000000000000000, 0.8660254037844387076, 1.000000000000000000, 0.8660254037844387076, 1.000000000000000000, 0.9330127018922176330, 0.9330127018922192983 ) ) 
 REPRESENTATION_ITEM ( '' )  );
#5385 = ORIENTED_EDGE ( 'NONE', *, *, #5795, .F. ) ;
#5386 = CYLINDRICAL_SURFACE ( 'NONE', #4776, 1.499999999999982014 ) ;
#5387 = EDGE_CURVE ( 'NONE', #1188, #435, #2038, .T. ) ;
#5388 = ORIENTED_EDGE ( 'NONE', *, *, #7523, .T. ) ;
#5389 = CARTESIAN_POINT ( 'NONE',  ( 1.499999999999982014, -8.883419307613476875E-15, 12.24264068711923237 ) ) ;
#5390 = DIRECTION ( 'NONE',  ( -1.000000000000000000, 0.000000000000000000, 0.000000000000000000 ) ) ;
#5391 = CARTESIAN_POINT ( 'NONE',  ( -1.299038105676654675, 0.7500000000000027756, 0.6458333333333029502 ) ) ;
#5392 = CARTESIAN_POINT ( 'NONE',  ( -1.499999999999982014, -9.067116327485578019E-15, 12.24264068711923237 ) ) ;
#5393 = CARTESIAN_POINT ( 'NONE',  ( 1.357050807568865203, 4.125744759050742171E-15, 0.6874999999999763522 ) ) ;
#5394 = FACE_OUTER_BOUND ( 'NONE', #118, .T. ) ;
#5395 = CARTESIAN_POINT ( 'NONE',  ( -1.439254484199176806E-16, -1.175240473580820844, -4.000000000000013323 ) ) ;
#5396 = EDGE_CURVE ( 'NONE', #1237, #6294, #5882, .T. ) ;
#5397 = CARTESIAN_POINT ( 'NONE',  ( -0.8660254037844358210, 1.499999999999999778, -2.958333333333341475 ) ) ;
#5398 = CARTESIAN_POINT ( 'NONE',  ( 1.175240473580825062, 4.375030948216173530E-15, -8.000000000000000000 ) ) ;
#5399 = CARTESIAN_POINT ( 'NONE',  ( -1.870113174931165379E-16, -1.527063293868244687, -0.7031250000000205391 ) ) ;
#5400 = CARTESIAN_POINT ( 'NONE',  ( 1.175240473580824174, 5.810221930991194676E-16, 6.187499999999966249 ) ) ;
#5401 = CARTESIAN_POINT ( 'NONE',  ( 1.299038105676654675, 0.7500000000000013323, 2.416666666666645646 ) ) ;
#5402 = CARTESIAN_POINT ( 'NONE',  ( -1.763300807568860762, 4.483001982712331095E-15, 9.140624999999959144 ) ) ;
#5403 = SHAPE_DEFINITION_REPRESENTATION ( #3935, #6879 ) ;
#5404 = DIRECTION ( 'NONE',  ( -0.000000000000000000, -0.000000000000000000, 1.000000000000000000 ) ) ;
#5405 = CARTESIAN_POINT ( 'NONE',  ( 1.299038105676655563, 0.7500000000000016653, -0.02083333333336144857 ) ) ;
#5406 = ORIENTED_EDGE ( 'NONE', *, *, #2743, .F. ) ;
#5407 = CARTESIAN_POINT ( 'NONE',  ( -1.870113174931165379E-16, -1.527063293868244687, -6.703125000000007994 ) ) ;
#5408 = CARTESIAN_POINT ( 'NONE',  ( -1.175240473580824840, 4.619126435137999807E-15, -7.125000000000005329 ) ) ;
#5409 = LINE ( 'NONE', #4098, #5776 ) ;
#5410 = CARTESIAN_POINT ( 'NONE',  ( 1.322475605676645349, -0.7635316469341211221, 2.848958333333305948 ) ) ;
#5411 = ORIENTED_EDGE ( 'NONE', *, *, #154, .F. ) ;
#5412 = CARTESIAN_POINT ( 'NONE',  ( 0.6785254037844331565, 1.175240473580829059, 7.270833333333295734 ) ) ;
#5413 = DIRECTION ( 'NONE',  ( 0.000000000000000000, 0.000000000000000000, -1.000000000000000000 ) ) ;
#5414 = ORIENTED_EDGE ( 'NONE', *, *, #5443, .F. ) ;
#5415 = ORIENTED_EDGE ( 'NONE', *, *, #4095, .F. ) ;
#5416 = CARTESIAN_POINT ( 'NONE',  ( 0.000000000000000000, 4.375030948216173530E-15, -8.000000000000000000 ) ) ;
#5417 = CARTESIAN_POINT ( 'NONE',  ( 0.000000000000000000, 1.500000000000000222, -2.500000000000009770 ) ) ;
#5418 = CARTESIAN_POINT ( 'NONE',  ( -0.6785254037844324904, 1.175240473580829281, 3.291666666666637209 ) ) ;
#5419 = CARTESIAN_POINT ( 'NONE',  ( -1.499999999999996225, 0.4019237886466875964, 7.665170900630696060 ) ) ;
#5420 = CARTESIAN_POINT ( 'NONE',  ( 0.8816504037844310471, 1.527063293868253124, 9.005208333333289517 ) ) ;
#5421 = CARTESIAN_POINT ( 'NONE',  ( -1.175240473580824174, 9.790223953720163148E-15, 3.874999999999971134 ) ) ;
#5422 = CARTESIAN_POINT ( 'NONE',  ( 1.322475605676645349, -0.7635316469341211221, -6.151041666666674068 ) ) ;
#5423 = ORIENTED_EDGE ( 'NONE', *, *, #4405, .F. ) ;
#5424 = CARTESIAN_POINT ( 'NONE',  ( 1.299038105676655563, 0.7500000000000016653, 5.479166666666625218 ) ) ;
#5425 =( BOUNDED_CURVE ( )  B_SPLINE_CURVE ( 2, ( #6421, #5749, #3838, #7702, #5117, #1898, #629, #2529, #4480 ),
 .UNSPECIFIED., .F., .T. ) 
 B_SPLINE_CURVE_WITH_KNOTS ( ( 3, 2, 2, 2, 3 ),
 ( 0.4121621621621621712, 0.4144144144144144004, 0.4189189189189189699, 0.4234234234234234284, 0.4256756756756756577 ),
 .UNSPECIFIED. ) 
 CURVE ( )  GEOMETRIC_REPRESENTATION_ITEM ( )  RATIONAL_B_SPLINE_CURVE ( ( 0.9330127018922194093, 0.9330127018922194093, 1.000000000000000000, 0.8660254037844388186, 1.000000000000000000, 0.8660254037844388186, 1.000000000000000000, 0.9330127018922194093, 0.9330127018922194093 ) ) 
 REPRESENTATION_ITEM ( '' )  );
#5426 = VERTEX_POINT ( 'NONE', #7753 ) ;
#5427 = CARTESIAN_POINT ( 'NONE',  ( -1.499999999999995781, -0.4019237886466783261, 7.147329099369231109 ) ) ;
#5428 = CARTESIAN_POINT ( 'NONE',  ( 0.6785254037844170583, -1.175240473580829725, 3.041666666666638541 ) ) ;
#5429 = DIRECTION ( 'NONE',  ( -1.000000000000000000, 0.000000000000000000, 0.000000000000000000 ) ) ;
#5430 =( BOUNDED_CURVE ( )  B_SPLINE_CURVE ( 2, ( #1233, #7625, #7584, #3806, #593, #5754, #2413, #3211, #3724 ),
 .UNSPECIFIED., .F., .T. ) 
 B_SPLINE_CURVE_WITH_KNOTS ( ( 3, 2, 2, 2, 3 ),
 ( 0.5878378378378378288, 0.5900900900900900581, 0.5945945945945945166, 0.5990990990990990861, 0.6013513513513513153 ),
 .UNSPECIFIED. ) 
 CURVE ( )  GEOMETRIC_REPRESENTATION_ITEM ( )  RATIONAL_B_SPLINE_CURVE ( ( 0.9330127018922194093, 0.9330127018922194093, 1.000000000000000000, 0.8660254037844388186, 1.000000000000000000, 0.8660254037844388186, 1.000000000000000000, 0.9330127018922210747, 0.9330127018922194093 ) ) 
 REPRESENTATION_ITEM ( '' )  );
#5431 = CARTESIAN_POINT ( 'NONE',  ( -1.175240473580824174, 1.040029725647423855E-14, 2.937499999999973355 ) ) ;
#5432 = ORIENTED_EDGE ( 'NONE', *, *, #1417, .T. ) ;
#5433 = CARTESIAN_POINT ( 'NONE',  ( -1.017788105676648902, 0.5876202367904169721, 0.8958333333333092785 ) ) ;
#5434 = CARTESIAN_POINT ( 'NONE',  ( 0.000000000000000000, -9.067116327485578019E-15, 12.24264068711923237 ) ) ;
#5435 = AXIS2_PLACEMENT_3D ( 'NONE', #2540, #1073, #4369 ) ;
#5436 = EDGE_CURVE ( 'NONE', #5583, #6863, #4964, .T. ) ;
#5437 = CARTESIAN_POINT ( 'NONE',  ( -1.017788105676648902, 0.5876202367904169721, -3.666666666666679841 ) ) ;
#5438 = CARTESIAN_POINT ( 'NONE',  ( -1.299038105676654231, 0.7500000000000025535, -4.916666666666671404 ) ) ;
#5439 = PLANE ( 'NONE',  #6448 ) ;
#5440 = CARTESIAN_POINT ( 'NONE',  ( -1.322475605676645127, 0.7635316469341291157, 0.6302083333333090565 ) ) ;
#5441 = CARTESIAN_POINT ( 'NONE',  ( -0.8660254037844358210, 1.499999999999999778, 2.541666666666645202 ) ) ;
#5442 = CARTESIAN_POINT ( 'NONE',  ( -1.322475605676645793, -0.7635316469341201229, 9.182291666666625218 ) ) ;
#5443 = EDGE_CURVE ( 'NONE', #4251, #5812, #3, .T. ) ;
#5444 = DATE_TIME_ROLE ( 'creation_date' ) ;
#5445 = CARTESIAN_POINT ( 'NONE',  ( -1.836970198721024757E-16, -1.499999999999991562, 1.249999999999982458 ) ) ;
#5446 = EDGE_CURVE ( 'NONE', #6770, #2653, #1232, .T. ) ;
#5447 = DIRECTION ( 'NONE',  ( 0.000000000000000000, 0.000000000000000000, -1.000000000000000000 ) ) ;
#5448 = AXIS2_PLACEMENT_3D ( 'NONE', #3691, #3735, #6311 ) ;
#5449 = ORIENTED_EDGE ( 'NONE', *, *, #3228, .F. ) ;
#5450 = CARTESIAN_POINT ( 'NONE',  ( -1.763300807568860318, 4.483001982712331095E-15, -6.328125000000008882 ) ) ;
#5451 = CARTESIAN_POINT ( 'NONE',  ( -0.8660254037844363761, -1.499999999999990674, -0.2916666666666810070 ) ) ;
#5452 = CARTESIAN_POINT ( 'NONE',  ( 1.499999999999996225, 0.4019237886466866527, 6.897329099369231109 ) ) ;
#5453 = CARTESIAN_POINT ( 'NONE',  ( -1.763300807568860762, 4.483001982712331095E-15, 2.140624999999974243 ) ) ;
#5454 = ORIENTED_EDGE ( 'NONE', *, *, #3159, .F. ) ;
#5455 = VECTOR ( 'NONE', #1021, 1000.000000000000000 ) ;
#5456 = CARTESIAN_POINT ( 'NONE',  ( 1.017788105676648902, -0.5876202367904087565, 8.145833333333293069 ) ) ;
#5457 = CARTESIAN_POINT ( 'NONE',  ( 0.6785254037844434816, 1.175240473580823064, 4.770833333333301951 ) ) ;
#5458 = ORIENTED_EDGE ( 'NONE', *, *, #796, .F. ) ;
#5459 = VERTEX_POINT ( 'NONE', #8020 ) ;
#5460 = FACE_OUTER_BOUND ( 'NONE', #8124, .T. ) ;
#5461 = CARTESIAN_POINT ( 'NONE',  ( 0.8660254037844368202, 1.499999999999999334, -2.541666666666676289 ) ) ;
#5462 = CARTESIAN_POINT ( 'NONE',  ( 1.017788105676649346, 0.5876202367904160839, 2.166666666666639873 ) ) ;
#5463 = CARTESIAN_POINT ( 'NONE',  ( 1.499999999999990008, -0.4019237886466882625, 2.352670900630718709 ) ) ;
#5464 = CARTESIAN_POINT ( 'NONE',  ( 0.000000000000000000, -9.067116327485578019E-15, 12.24264068711923237 ) ) ;
#5465 = CARTESIAN_POINT ( 'NONE',  ( -0.8816504037844307140, -1.527063293868244465, 9.255208333333289517 ) ) ;
#5466 = CARTESIAN_POINT ( 'NONE',  ( -1.499999999999996447, -5.258250847547031931E-15, -5.312500000000016875 ) ) ;
#5467 = CARTESIAN_POINT ( 'NONE',  ( -1.870113174931165872E-16, -1.527063293868245131, -4.734375000000011546 ) ) ;
#5468 = VERTEX_POINT ( 'NONE', #4908 ) ;
#5469 = CARTESIAN_POINT ( 'NONE',  ( 1.175240473580823952, 1.205621050680672915E-14, 0.6249999999999782396 ) ) ;
#5470 = DIRECTION ( 'NONE',  ( -1.000000000000000000, 0.000000000000000000, 0.000000000000000000 ) ) ;
#5471 = CARTESIAN_POINT ( 'NONE',  ( 0.000000000000000000, 4.375030948216173530E-15, -8.000000000000000000 ) ) ;
#5472 = CARTESIAN_POINT ( 'NONE',  ( 1.175240473580824174, 3.515184268249673134E-15, 3.124999999999973355 ) ) ;
#5473 = CARTESIAN_POINT ( 'NONE',  ( -0.3601219342228477727, -1.414601214265758466, -7.676585975794372629 ) ) ;
#5474 = CARTESIAN_POINT ( 'NONE',  ( 0.000000000000000000, 4.375030948216173530E-15, -8.000000000000000000 ) ) ;
#5475 = ORIENTED_EDGE ( 'NONE', *, *, #152, .T. ) ;
#5476 = CARTESIAN_POINT ( 'NONE',  ( -1.017788105676648902, -0.5876202367904079793, 0.9791666666666438701 ) ) ;
#5477 =( BOUNDED_CURVE ( )  B_SPLINE_CURVE ( 2, ( #6700, #7943, #5424, #6146, #944, #2127, #904, #7986, #4753 ),
 .UNSPECIFIED., .F., .T. ) 
 B_SPLINE_CURVE_WITH_KNOTS ( ( 3, 2, 2, 2, 3 ),
 ( 0.7500000000000000000, 0.7522522522522522292, 0.7567567567567567988, 0.7612612612612612573, 0.7635135135135134865 ),
 .UNSPECIFIED. ) 
 CURVE ( )  GEOMETRIC_REPRESENTATION_ITEM ( )  RATIONAL_B_SPLINE_CURVE ( ( 0.9330127018922194093, 0.9330127018922194093, 1.000000000000000000, 0.8660254037844387076, 1.000000000000000000, 0.8660254037844387076, 1.000000000000000000, 0.9330127018922194093, 0.9330127018922194093 ) ) 
 REPRESENTATION_ITEM ( '' )  );
#5478 =( BOUNDED_CURVE ( )  B_SPLINE_CURVE ( 2, ( #6884, #691, #2583, #1878, #6839, #1088, #7721, #1285, #4299 ),
 .UNSPECIFIED., .F., .T. ) 
 B_SPLINE_CURVE_WITH_KNOTS ( ( 3, 2, 2, 2, 3 ),
 ( 0.3445945945945945166, 0.3468468468468468568, 0.3513513513513513153, 0.3558558558558558849, 0.3581081081081081141 ),
 .UNSPECIFIED. ) 
 CURVE ( )  GEOMETRIC_REPRESENTATION_ITEM ( )  RATIONAL_B_SPLINE_CURVE ( ( 0.9330127018922194093, 0.9330127018922177440, 1.000000000000000000, 0.8660254037844388186, 1.000000000000000000, 0.8660254037844388186, 1.000000000000000000, 0.9330127018922194093, 0.9330127018922194093 ) ) 
 REPRESENTATION_ITEM ( '' )  );
#5479 = ORIENTED_EDGE ( 'NONE', *, *, #5644, .F. ) ;
#5480 = CARTESIAN_POINT ( 'NONE',  ( 0.3589330988018742952, -1.217116003642329636, -7.868303309558495329 ) ) ;
#5481 = CARTESIAN_POINT ( 'NONE',  ( 1.322475605676646015, 0.7635316469341278944, 1.963541666666639429 ) ) ;
#5482 = VECTOR ( 'NONE', #931, 1000.000000000000000 ) ;
#5483 = LINE ( 'NONE', #6758, #1273 ) ;
#5484 = CYLINDRICAL_SURFACE ( 'NONE', #1325, 1.175240473580825062 ) ;
#5485 = EDGE_CURVE ( 'NONE', #653, #8397, #4830, .T. ) ;
#5486 = CARTESIAN_POINT ( 'NONE',  ( 0.6785254037844321573, -1.175240473580821066, -5.895833333333341919 ) ) ;
#5487 = EDGE_CURVE ( 'NONE', #4973, #6743, #3771, .T. ) ;
#5488 = PERSON_AND_ORGANIZATION ( #2628, #6318 ) ;
#5489 = CARTESIAN_POINT ( 'NONE',  ( 1.299038105676654009, -0.7499999999999942268, 4.833333333333308168 ) ) ;
#5490 = AXIS2_PLACEMENT_3D ( 'NONE', #5715, #1194, #470 ) ;
#5491 = CARTESIAN_POINT ( 'NONE',  ( 1.175240473580823952, 8.018106264767847233E-15, 5.687499999999968026 ) ) ;
#5492 = ORIENTED_EDGE ( 'NONE', *, *, #3984, .F. ) ;
#5493 = ADVANCED_FACE ( 'NONE', ( #4745 ), #6692, .F. ) ;
#5494 = CARTESIAN_POINT ( 'NONE',  ( 1.763300807568860318, 4.051117844727701623E-15, -4.578125000000012434 ) ) ;
#5495 = LINE ( 'NONE', #4223, #3065 ) ;
#5496 = CARTESIAN_POINT ( 'NONE',  ( -1.175240473580825062, 1.164949497163734292E-14, -3.125000000000014655 ) ) ;
#5497 = CARTESIAN_POINT ( 'NONE',  ( -1.870113174931165872E-16, -1.527063293868245131, 1.265624999999976907 ) ) ;
#5498 = EDGE_LOOP ( 'NONE', ( #4355, #3380, #3395, #6874 ) ) ;
#5499 = CARTESIAN_POINT ( 'NONE',  ( -1.017788105676648902, -0.5876202367904079793, 7.979166666666627883 ) ) ;
#5500 = CYLINDRICAL_SURFACE ( 'NONE', #3050, 1.499999999999982014 ) ;
#5501 = VECTOR ( 'NONE', #2339, 1000.000000000000000 ) ;
#5502 = ORIENTED_EDGE ( 'NONE', *, *, #6109, .T. ) ;
#5503 = ORIENTED_EDGE ( 'NONE', *, *, #6843, .F. ) ;
#5504 =( BOUNDED_CURVE ( )  B_SPLINE_CURVE ( 2, ( #1461, #1416, #2009, #1374, #7341, #3355, #4588, #1500, #4039 ),
 .UNSPECIFIED., .F., .F. ) 
 B_SPLINE_CURVE_WITH_KNOTS ( ( 3, 2, 2, 2, 3 ),
 ( 0.2364864864864865135, 0.2387387387387387427, 0.2432432432432432567, 0.2477477477477477430, 0.2500000000000000000 ),
 .UNSPECIFIED. ) 
 CURVE ( )  GEOMETRIC_REPRESENTATION_ITEM ( )  RATIONAL_B_SPLINE_CURVE ( ( 0.9330127018922194093, 0.9330127018922201865, 1.000000000000000000, 0.8660254037844387076, 1.000000000000000000, 0.8660254037844387076, 1.000000000000000000, 0.9330127018922189652, 0.9330127018922194093 ) ) 
 REPRESENTATION_ITEM ( '' )  );
#5505 = CARTESIAN_POINT ( 'NONE',  ( -1.499999999999996447, -1.519373034954197633E-14, 3.687499999999964917 ) ) ;
#5506 = ADVANCED_FACE ( 'NONE', ( #5549 ), #6984, .F. ) ;
#5507 = DIRECTION ( 'NONE',  ( -0.000000000000000000, -0.000000000000000000, 1.000000000000000000 ) ) ;
#5508 = CARTESIAN_POINT ( 'NONE',  ( -1.017788105676648902, 0.5876202367904169721, 2.833333333333305948 ) ) ;
#5509 = DIRECTION ( 'NONE',  ( 1.000000000000000000, 0.000000000000000000, 0.000000000000000000 ) ) ;
#5510 = CARTESIAN_POINT ( 'NONE',  ( 1.175240473580825284, 6.100733027540755593E-15, -4.875000000000010658 ) ) ;
#5511 = CARTESIAN_POINT ( 'NONE',  ( -1.322475605676645349, -0.7635316469341199008, 9.713541666666621666 ) ) ;
#5512 = CARTESIAN_POINT ( 'NONE',  ( -1.499999999999993783, -0.4019237886466829890, -5.290170900630756456 ) ) ;
#5513 = CARTESIAN_POINT ( 'NONE',  ( -0.8816504037844302699, 1.527063293868253790, -4.442708333333344584 ) ) ;
#5514 = ORIENTED_EDGE ( 'NONE', *, *, #1734, .T. ) ;
#5515 = AXIS2_PLACEMENT_3D ( 'NONE', #5176, #5573, #1956 ) ;
#5516 = CARTESIAN_POINT ( 'NONE',  ( -1.499999999999995559, -5.258250847547031143E-15, -3.875000000000006661 ) ) ;
#5517 = CARTESIAN_POINT ( 'NONE',  ( -1.299038105676654231, 0.7500000000000025535, 2.083333333333314386 ) ) ;
#5518 = VECTOR ( 'NONE', #5688, 1000.000000000000000 ) ;
#5519 = CARTESIAN_POINT ( 'NONE',  ( -0.8660254037844363761, -1.499999999999990674, 7.208333333333301951 ) ) ;
#5520 = CARTESIAN_POINT ( 'NONE',  ( -1.047690716105614150, 0.8517972425553376192, -7.777813080843844595 ) ) ;
#5521 = DIRECTION ( 'NONE',  ( -1.000000000000000000, 0.000000000000000000, 0.000000000000000000 ) ) ;
#5522 = ORIENTED_EDGE ( 'NONE', *, *, #7403, .F. ) ;
#5523 = CARTESIAN_POINT ( 'NONE',  ( 0.6785254037844331565, 1.175240473580829059, 2.270833333333307280 ) ) ;
#5524 = ORIENTED_EDGE ( 'NONE', *, *, #4407, .F. ) ;
#5525 = CARTESIAN_POINT ( 'NONE',  ( 1.294026314952448908, -0.5875994350617467221, -7.706587941190536029 ) ) ;
#5526 = DIRECTION ( 'NONE',  ( -0.8660254037844385966, -0.4999999999999998890, 0.000000000000000000 ) ) ;
#5527 = CARTESIAN_POINT ( 'NONE',  ( -1.322475605676645127, 0.7635316469341291157, 3.630208333333302839 ) ) ;
#5528 = CARTESIAN_POINT ( 'NONE',  ( -1.499999999999995781, -0.4019237886466783261, -1.852670900630751127 ) ) ;
#5529 = CARTESIAN_POINT ( 'NONE',  ( 1.175240473580825284, 0.3149047358083535975, -4.290170900630752016 ) ) ;
#5530 = B_SPLINE_CURVE_WITH_KNOTS ( 'NONE', 3,
 ( #3146, #5732, #8340, #2514, #4719, #4546, #7301, #4631, #7213, #3356 ),
 .UNSPECIFIED., .F., .F.,
 ( 4, 2, 2, 2, 4 ),
 ( 3.825651692127580584E-15, 0.0007766144885418969478, 0.001553228977079968397, 0.002329843465618039629, 0.003106457954156110861 ),
 .UNSPECIFIED. ) ;
#5531 = CARTESIAN_POINT ( 'NONE',  ( 0.6785254037844331565, 1.175240473580829059, -6.729166666666672292 ) ) ;
#5532 = CARTESIAN_POINT ( 'NONE',  ( -1.499999999999991340, -0.4019237886466876519, 3.709829099369224448 ) ) ;
#5533 = CYLINDRICAL_SURFACE ( 'NONE', #1437, 1.499999999999982014 ) ;
#5534 = ORIENTED_EDGE ( 'NONE', *, *, #3521, .T. ) ;
#5535 = ADVANCED_FACE ( 'NONE', ( #2959 ), #304, .T. ) ;
#5536 = EDGE_CURVE ( 'NONE', #5459, #444, #2902, .T. ) ;
#5537 = CARTESIAN_POINT ( 'NONE',  ( -0.8816504037844300479, 1.527063293868253568, -5.411458333333344584 ) ) ;
#5538 = CARTESIAN_POINT ( 'NONE',  ( 1.175240473580824396, -2.295037662741521937E-15, -1.312500000000017986 ) ) ;
#5539 = CARTESIAN_POINT ( 'NONE',  ( -0.6785254037844538066, -1.175240473580808187, 0.9583333333333092785 ) ) ;
#5540 = CARTESIAN_POINT ( 'NONE',  ( 0.8816504037844299368, -1.527063293868245353, 5.807291666666634100 ) ) ;
#5541 = ORIENTED_EDGE ( 'NONE', *, *, #4136, .T. ) ;
#5542 = CARTESIAN_POINT ( 'NONE',  ( -1.299038105676654231, 0.7500000000000025535, -6.916666666666666963 ) ) ;
#5543 = ADVANCED_FACE ( 'NONE', ( #2792 ), #1019, .T. ) ;
#5544 = CARTESIAN_POINT ( 'NONE',  ( 1.499999999999996447, -6.042630808230842937E-15, -1.562500000000025313 ) ) ;
#5545 = ORIENTED_EDGE ( 'NONE', *, *, #3317, .F. ) ;
#5546 = VERTEX_POINT ( 'NONE', #2286 ) ;
#5547 = ADVANCED_FACE ( 'NONE', ( #3513 ), #6095, .T. ) ;
#5548 = DIRECTION ( 'NONE',  ( 0.000000000000000000, 0.000000000000000000, -1.000000000000000000 ) ) ;
#5549 = FACE_OUTER_BOUND ( 'NONE', #4100, .T. ) ;
#5550 = CARTESIAN_POINT ( 'NONE',  ( -1.017788105676648902, -0.5876202367904079793, 6.916666666666629659 ) ) ;
#5551 = CYLINDRICAL_SURFACE ( 'NONE', #4101, 1.175240473580825062 ) ;
#5552 = CARTESIAN_POINT ( 'NONE',  ( -1.836970198721024757E-16, -1.499999999999991562, -0.7500000000000133227 ) ) ;
#5553 = CARTESIAN_POINT ( 'NONE',  ( -1.870113174931165379E-16, -1.527063293868244687, 9.796874999999957367 ) ) ;
#5554 = CARTESIAN_POINT ( 'NONE',  ( -1.836970198721025250E-16, -1.499999999999991784, -5.187500000000017764 ) ) ;
#5555 = CARTESIAN_POINT ( 'NONE',  ( 1.322475605676645349, -0.7635316469341211221, -4.151041666666678509 ) ) ;
#5556 = ORIENTED_EDGE ( 'NONE', *, *, #1828, .F. ) ;
#5557 = ADVANCED_FACE ( 'NONE', ( #1655 ), #6775, .T. ) ;
#5558 =( BOUNDED_CURVE ( )  B_SPLINE_CURVE ( 2, ( #1761, #6834, #4850, #3572, #4336, #4214, #6156, #915, #8040 ),
 .UNSPECIFIED., .F., .F. ) 
 B_SPLINE_CURVE_WITH_KNOTS ( ( 3, 2, 2, 2, 3 ),
 ( 0.3986486486486486847, 0.4009009009009009139, 0.4054054054054054279, 0.4099099099099098864, 0.4121621621621621712 ),
 .UNSPECIFIED. ) 
 CURVE ( )  GEOMETRIC_REPRESENTATION_ITEM ( )  RATIONAL_B_SPLINE_CURVE ( ( 0.9330127018922194093, 0.9330127018922201865, 1.000000000000000000, 0.8660254037844387076, 1.000000000000000000, 0.8660254037844387076, 1.000000000000000000, 0.9330127018922185211, 0.9330127018922194093 ) ) 
 REPRESENTATION_ITEM ( '' )  );
#5559 = VERTEX_POINT ( 'NONE', #3593 ) ;
#5560 = CARTESIAN_POINT ( 'NONE',  ( 1.499999999999995559, 3.747593145489319422E-15, 5.874999999999972466 ) ) ;
#5561 = CARTESIAN_POINT ( 'NONE',  ( 1.499999999999995559, -1.600716141988073932E-14, 7.374999999999967137 ) ) ;
#5562 = CARTESIAN_POINT ( 'NONE',  ( -0.6785254037844324904, 1.175240473580829281, -1.208333333333352133 ) ) ;
#5563 = CARTESIAN_POINT ( 'NONE',  ( 1.499999999999996447, 3.776644255144276145E-15, 2.437499999999966693 ) ) ;
#5564 = CARTESIAN_POINT ( 'NONE',  ( 0.6785254037844377084, 1.175240473580826395, -5.291666666666676733 ) ) ;
#5565 = CARTESIAN_POINT ( 'NONE',  ( -1.499999999999996225, 4.561024215828087150E-15, 4.687499999999960920 ) ) ;
#5566 = VERTEX_POINT ( 'NONE', #6179 ) ;
#5567 = CARTESIAN_POINT ( 'NONE',  ( 1.017788105676648902, -0.5876202367904087565, 1.645833333333308168 ) ) ;
#5568 = VERTEX_POINT ( 'NONE', #387 ) ;
#5569 = CARTESIAN_POINT ( 'NONE',  ( -1.460376587736486931, 4.561024215828087150E-15, 7.710376587736503140 ) ) ;
#5570 = FACE_OUTER_BOUND ( 'NONE', #3695, .T. ) ;
#5571 = CARTESIAN_POINT ( 'NONE',  ( 0.8816504037844296038, -1.527063293868245131, 2.838541666666638541 ) ) ;
#5572 = CARTESIAN_POINT ( 'NONE',  ( 1.500000000000000888, 0.4019237886466774379, 3.397329099369236882 ) ) ;
#5573 = DIRECTION ( 'NONE',  ( -0.000000000000000000, -7.531071187239187305E-16, 1.000000000000000000 ) ) ;
#5574 = CARTESIAN_POINT ( 'NONE',  ( 0.6785254037844321573, -1.175240473580821066, -6.895833333333339255 ) ) ;
#5575 = CARTESIAN_POINT ( 'NONE',  ( 1.299038105676654675, -0.7499999999999944489, 3.895833333333297066 ) ) ;
#5576 = CARTESIAN_POINT ( 'NONE',  ( -0.6785254037844112851, 1.175240473580841716, 5.854166666666632324 ) ) ;
#5577 = ORIENTED_EDGE ( 'NONE', *, *, #3063, .F. ) ;
#5578 = CARTESIAN_POINT ( 'NONE',  ( -1.870113174931165379E-16, -1.527063293868244687, -3.703125000000014655 ) ) ;
#5579 = CARTESIAN_POINT ( 'NONE',  ( -1.175240473580825062, 4.561024215828087939E-15, -7.562500000000006217 ) ) ;
#5580 = CARTESIAN_POINT ( 'NONE',  ( -1.870113174931165872E-16, -1.527063293868245131, 4.765624999999969802 ) ) ;
#5581 = CARTESIAN_POINT ( 'NONE',  ( 1.357050807568865203, 4.125744759050742171E-15, 9.687499999999955591 ) ) ;
#5582 = DIRECTION ( 'NONE',  ( 0.000000000000000000, 0.000000000000000000, -1.000000000000000000 ) ) ;
#5583 = VERTEX_POINT ( 'NONE', #5586 ) ;
#5584 = ORIENTED_EDGE ( 'NONE', *, *, #8097, .F. ) ;
#5585 = DIRECTION ( 'NONE',  ( 1.000000000000000000, 0.000000000000000000, 0.000000000000000000 ) ) ;
#5586 = CARTESIAN_POINT ( 'NONE',  ( -1.499999999999996447, -1.519373034954197633E-14, -3.312500000000020428 ) ) ;
#5587 = CARTESIAN_POINT ( 'NONE',  ( -1.357050807568865203, 4.458126344604650913E-15, 5.374999999999966249 ) ) ;
#5588 = CARTESIAN_POINT ( 'NONE',  ( -1.299038105676654897, -0.7499999999999935607, -0.7708333333333604598 ) ) ;
#5589 = CARTESIAN_POINT ( 'NONE',  ( -1.175240473580825507, 0.3149047358083653658, -1.647329099369277738 ) ) ;
#5590 = LINE ( 'NONE', #3127, #7941 ) ;
#5591 = CARTESIAN_POINT ( 'NONE',  ( -1.175240473580823952, -4.502921996518175282E-15, 5.874999999999967137 ) ) ;
#5592 = CARTESIAN_POINT ( 'NONE',  ( 1.322475605676645349, -0.7635316469341211221, -3.651041666666678953 ) ) ;
#5593 = ORIENTED_EDGE ( 'NONE', *, *, #4731, .T. ) ;
#5594 = EDGE_CURVE ( 'NONE', #6963, #4333, #7231, .T. ) ;
#5595 = CARTESIAN_POINT ( 'NONE',  ( -1.017788105676654675, -0.5876202367903982093, 6.979166666666629659 ) ) ;
#5596 = ORIENTED_EDGE ( 'NONE', *, *, #386, .F. ) ;
#5597 = CARTESIAN_POINT ( 'NONE',  ( 0.000000000000000000, 1.106999646026481692E-14, -7.999999999999998224 ) ) ;
#5598 = CARTESIAN_POINT ( 'NONE',  ( -1.439254484199176806E-16, -1.175240473580820844, -2.500000000000015987 ) ) ;
#5599 = CARTESIAN_POINT ( 'NONE',  ( 1.499999999999982014, -8.883419307613476875E-15, 12.24264068711923237 ) ) ;
#5600 = CARTESIAN_POINT ( 'NONE',  ( -1.017788105676647348, 0.5876202367904196366, -5.166666666666676733 ) ) ;
#5601 = EDGE_CURVE ( 'NONE', #933, #2252, #4422, .T. ) ;
#5602 = CARTESIAN_POINT ( 'NONE',  ( 0.6785254037844159480, -1.175240473580830169, 5.041666666666632324 ) ) ;
#5603 = EDGE_CURVE ( 'NONE', #8134, #6963, #5820, .T. ) ;
#5604 = CARTESIAN_POINT ( 'NONE',  ( -1.017788105676666888, -0.5876202367903773371, 5.416666666666634100 ) ) ;
#5605 = ORIENTED_EDGE ( 'NONE', *, *, #7902, .T. ) ;
#5606 = CARTESIAN_POINT ( 'NONE',  ( -0.6785254037844329345, -1.175240473580820622, 3.020833333333305948 ) ) ;
#5607 =( BOUNDED_CURVE ( )  B_SPLINE_CURVE ( 2, ( #2611, #5161, #7230, #2697, #3842, #4525, #7791, #5833, #1987 ),
 .UNSPECIFIED., .F., .F. ) 
 B_SPLINE_CURVE_WITH_KNOTS ( ( 3, 2, 2, 2, 3 ),
 ( 0.5202702702702702853, 0.5225225225225225145, 0.5270270270270269730, 0.5315315315315315425, 0.5337837837837837718 ),
 .UNSPECIFIED. ) 
 CURVE ( )  GEOMETRIC_REPRESENTATION_ITEM ( )  RATIONAL_B_SPLINE_CURVE ( ( 0.9330127018922194093, 0.9330127018922194093, 1.000000000000000000, 0.8660254037844387076, 1.000000000000000000, 0.8660254037844387076, 1.000000000000000000, 0.9330127018922194093, 0.9330127018922194093 ) ) 
 REPRESENTATION_ITEM ( '' )  );
#5608 = EDGE_LOOP ( 'NONE', ( #5729, #1982, #6560, #2676 ) ) ;
#5609 = CARTESIAN_POINT ( 'NONE',  ( 1.175240473580823952, 8.018106264767847233E-15, 5.687499999999968026 ) ) ;
#5610 = DIRECTION ( 'NONE',  ( 1.000000000000000000, 0.000000000000000000, 0.000000000000000000 ) ) ;
#5611 = CARTESIAN_POINT ( 'NONE',  ( 6.322682138062729176E-18, 1.154700538379250352, 8.495000000000000995 ) ) ;
#5612 = EDGE_CURVE ( 'NONE', #911, #4439, #6410, .T. ) ;
#5613 = CARTESIAN_POINT ( 'NONE',  ( 0.8816504037844296038, -1.527063293868245131, 3.838541666666636321 ) ) ;
#5614 = CARTESIAN_POINT ( 'NONE',  ( -0.08994992995561730542, -1.243981807339425760, 7.469883840964049782 ) ) ;
#5615 = CARTESIAN_POINT ( 'NONE',  ( -0.6785254037844329345, -1.175240473580820622, -6.479166666666674068 ) ) ;
#5616 = CARTESIAN_POINT ( 'NONE',  ( 1.299038105676654675, 0.7500000000000013323, 1.416666666666648089 ) ) ;
#5617 = CARTESIAN_POINT ( 'NONE',  ( 1.499999999999995781, -6.071681917885798082E-15, -0.1250000000000154599 ) ) ;
#5618 = VECTOR ( 'NONE', #2270, 1000.000000000000000 ) ;
#5619 = VERTEX_POINT ( 'NONE', #2530 ) ;
#5620 = CARTESIAN_POINT ( 'NONE',  ( 1.322475605676645127, -0.7635316469341209000, -4.119791666666679397 ) ) ;
#5621 = CARTESIAN_POINT ( 'NONE',  ( -1.017788105676647348, 0.5876202367904199697, -4.666666666666678509 ) ) ;
#5622 = CARTESIAN_POINT ( 'NONE',  ( 0.000000000000000000, 1.527063293868253790, 4.015624999999970690 ) ) ;
#5623 = AXIS2_PLACEMENT_3D ( 'NONE', #1303, #3879, #5827 ) ;
#5624 = CARTESIAN_POINT ( 'NONE',  ( -1.017788105676648902, -0.5876202367904079793, 9.479166666666625218 ) ) ;
#5625 = FACE_OUTER_BOUND ( 'NONE', #1485, .T. ) ;
#5626 = ORIENTED_EDGE ( 'NONE', *, *, #1876, .F. ) ;
#5627 = EDGE_LOOP ( 'NONE', ( #4574, #2913, #357, #6007 ) ) ;
#5628 = DIRECTION ( 'NONE',  ( -0.000000000000000000, -0.000000000000000000, 1.000000000000000000 ) ) ;
#5629 = CARTESIAN_POINT ( 'NONE',  ( 1.017788105676648902, -0.5876202367904087565, 5.583333333333299286 ) ) ;
#5630 = CARTESIAN_POINT ( 'NONE',  ( -0.8660254037844369313, -1.499999999999991562, -0.7291666666666931640 ) ) ;
#5631 = CARTESIAN_POINT ( 'NONE',  ( 1.299038105676655563, 0.7500000000000016653, -6.520833333333348136 ) ) ;
#5632 = CYLINDRICAL_SURFACE ( 'NONE', #5490, 1.499999999999982014 ) ;
#5633 = CARTESIAN_POINT ( 'NONE',  ( 0.6785254037844380415, 1.175240473580826173, -4.729166666666678509 ) ) ;
#5634 = CARTESIAN_POINT ( 'NONE',  ( 1.322475605676646238, 0.7635316469341281165, -3.567708333333346360 ) ) ;
#5635 = VERTEX_POINT ( 'NONE', #4442 ) ;
#5636 = VECTOR ( 'NONE', #4244, 1000.000000000000000 ) ;
#5637 = CARTESIAN_POINT ( 'NONE',  ( -1.499999999999990452, -0.4019237886466874854, -3.852670900630746242 ) ) ;
#5638 = VERTEX_POINT ( 'NONE', #3675 ) ;
#5639 = FACE_OUTER_BOUND ( 'NONE', #7987, .T. ) ;
#5640 = CARTESIAN_POINT ( 'NONE',  ( -1.357050807568865203, 4.458126344604650913E-15, -1.625000000000017986 ) ) ;
#5641 = DIRECTION ( 'NONE',  ( 0.000000000000000000, 0.000000000000000000, -1.000000000000000000 ) ) ;
#5642 = ADVANCED_FACE ( 'NONE', ( #2998 ), #3763, .T. ) ;
#5643 = CARTESIAN_POINT ( 'NONE',  ( 0.000000000000000000, 1.500000000000000222, -4.000000000000007105 ) ) ;
#5644 = EDGE_CURVE ( 'NONE', #901, #6111, #3481, .T. ) ;
#5645 = AXIS2_PLACEMENT_3D ( 'NONE', #976, #5507, #4232 ) ;
#5646 = CARTESIAN_POINT ( 'NONE',  ( -3.685509911084966693E-14, -1.175240473580820844, 4.999999999999968026 ) ) ;
#5647 = CARTESIAN_POINT ( 'NONE',  ( 1.017788105676643573, -0.5876202367904177493, 1.083333333333309501 ) ) ;
#5648 = ORIENTED_EDGE ( 'NONE', *, *, #5047, .T. ) ;
#5649 = CARTESIAN_POINT ( 'NONE',  ( 0.6785254037844321573, -1.175240473580821066, 3.604166666666637653 ) ) ;
#5650 = EDGE_CURVE ( 'NONE', #5568, #964, #2982, .T. ) ;
#5651 = CIRCLE ( 'NONE', #6728, 3.171922267359732928 ) ;
#5652 = ORIENTED_EDGE ( 'NONE', *, *, #8153, .T. ) ;
#5653 = CARTESIAN_POINT ( 'NONE',  ( 1.175240473580826839, 0.3149047358083490455, 3.209829099369232885 ) ) ;
#5654 = B_SPLINE_CURVE_WITH_KNOTS ( 'NONE', 3,
 ( #120, #3416, #2696, #7790, #5160, #5282, #7873, #1986 ),
 .UNSPECIFIED., .F., .F.,
 ( 4, 2, 2, 4 ),
 ( 2.544396950727284188E-07, 0.0002984430161323472098, 0.0005966315925696217626, 0.001193008745444170760 ),
 .UNSPECIFIED. ) ;
#5655 = DIRECTION ( 'NONE',  ( 0.000000000000000000, 0.000000000000000000, -1.000000000000000000 ) ) ;
#5656 = CARTESIAN_POINT ( 'NONE',  ( -0.6785254037844233865, 1.175240473580834610, -0.7083333333333533544 ) ) ;
#5657 = CARTESIAN_POINT ( 'NONE',  ( 1.763300807568860318, 4.051117844727701623E-15, 3.421874999999970246 ) ) ;
#5658 = CARTESIAN_POINT ( 'NONE',  ( -1.050943903832393778, -1.070288237344271920, 7.750000000000003553 ) ) ;
#5659 =( BOUNDED_CURVE ( )  B_SPLINE_CURVE ( 2, ( #674, #5121, #7186, #1353, #8394, #7836, #1392, #7874, #634 ),
 .UNSPECIFIED., .F., .F. ) 
 B_SPLINE_CURVE_WITH_KNOTS ( ( 3, 2, 2, 2, 3 ),
 ( 0.07432432432432432845, 0.07657657657657657158, 0.08108108108108108558, 0.08558558558558558571, 0.08783783783783784271 ),
 .UNSPECIFIED. ) 
 CURVE ( )  GEOMETRIC_REPRESENTATION_ITEM ( )  RATIONAL_B_SPLINE_CURVE ( ( 0.9330127018922194093, 0.9330127018922196314, 1.000000000000000000, 0.8660254037844387076, 1.000000000000000000, 0.8660254037844387076, 1.000000000000000000, 0.9330127018922191873, 0.9330127018922194093 ) ) 
 REPRESENTATION_ITEM ( '' )  );
#5660 = LOCAL_TIME ( 16, 7, 20.00000000000000000, #2819 ) ;
#5661 = CARTESIAN_POINT ( 'NONE',  ( -0.6785254037844329345, -1.175240473580820622, -5.979166666666675845 ) ) ;
#5662 = LINE ( 'NONE', #614, #4534 ) ;
#5663 = EDGE_CURVE ( 'NONE', #8357, #4898, #466, .T. ) ;
#5664 = CARTESIAN_POINT ( 'NONE',  ( -1.357050807568865203, 4.458126344604650913E-15, -7.125000000000007105 ) ) ;
#5665 = VECTOR ( 'NONE', #604, 1000.000000000000000 ) ;
#5666 = ORIENTED_EDGE ( 'NONE', *, *, #748, .F. ) ;
#5667 = CARTESIAN_POINT ( 'NONE',  ( -1.322475605676645127, 0.7635316469341291157, -4.369791666666679397 ) ) ;
#5668 = CARTESIAN_POINT ( 'NONE',  ( -0.6785254037844031805, 1.175240473580846601, 5.291666666666634100 ) ) ;
#5669 = CARTESIAN_POINT ( 'NONE',  ( 0.000000000000000000, 1.527063293868253790, 6.015624999999967137 ) ) ;
#5670 = CARTESIAN_POINT ( 'NONE',  ( 0.6785254037844331565, 1.175240473580829059, 9.270833333333289517 ) ) ;
#5671 = CYLINDRICAL_SURFACE ( 'NONE', #7388, 1.499999999999982014 ) ;
#5672 = VERTEX_POINT ( 'NONE', #6217 ) ;
#5673 = EDGE_LOOP ( 'NONE', ( #5216, #7915, #1277, #1440 ) ) ;
#5674 = DIRECTION ( 'NONE',  ( -0.000000000000000000, -7.531071187239187305E-16, 1.000000000000000000 ) ) ;
#5675 = DIRECTION ( 'NONE',  ( 0.000000000000000000, -1.000000000000000000, -6.086749038515091351E-16 ) ) ;
#5676 = CARTESIAN_POINT ( 'NONE',  ( -1.357050807568865203, 4.458126344604650913E-15, 4.874999999999968026 ) ) ;
#5677 = DIRECTION ( 'NONE',  ( 0.000000000000000000, 0.000000000000000000, -1.000000000000000000 ) ) ;
#5678 = CARTESIAN_POINT ( 'NONE',  ( -0.6785254037843951869, 1.175240473580851042, 4.791666666666634988 ) ) ;
#5679 = CARTESIAN_POINT ( 'NONE',  ( -1.763300807568860762, 4.483001982712331095E-15, -2.859375000000014655 ) ) ;
#5680 = ORIENTED_EDGE ( 'NONE', *, *, #1460, .T. ) ;
#5681 = FACE_OUTER_BOUND ( 'NONE', #7317, .T. ) ;
#5682 = VERTEX_POINT ( 'NONE', #4997 ) ;
#5683 = CARTESIAN_POINT ( 'NONE',  ( 1.499999999999995781, -6.071681917885798082E-15, -4.625000000000006217 ) ) ;
#5684 = CARTESIAN_POINT ( 'NONE',  ( -1.357050807568865203, 4.458126344604650913E-15, -2.625000000000016431 ) ) ;
#5685 = CARTESIAN_POINT ( 'NONE',  ( 1.499999999999996447, -6.042630808230842937E-15, -4.562500000000019540 ) ) ;
#5686 = CARTESIAN_POINT ( 'NONE',  ( 1.500000000000002220, 0.4019237886466776599, 5.959829099369218675 ) ) ;
#5687 = CARTESIAN_POINT ( 'NONE',  ( 0.000000000000000000, -9.067116327485578019E-15, 12.24264068711923237 ) ) ;
#5688 = DIRECTION ( 'NONE',  ( 0.000000000000000000, 0.000000000000000000, -1.000000000000000000 ) ) ;
#5689 = ORIENTED_EDGE ( 'NONE', *, *, #667, .T. ) ;
#5690 = CARTESIAN_POINT ( 'NONE',  ( 0.6785254037844331565, 1.175240473580829059, 3.770833333333303283 ) ) ;
#5691 = ORIENTED_EDGE ( 'NONE', *, *, #5326, .F. ) ;
#5692 = CARTESIAN_POINT ( 'NONE',  ( 1.175240473580823508, 0.3149047358083565396, -2.852670900630755568 ) ) ;
#5693 = DIRECTION ( 'NONE',  ( -0.000000000000000000, -0.000000000000000000, 1.000000000000000000 ) ) ;
#5694 = CARTESIAN_POINT ( 'NONE',  ( 0.8660254037844371533, 1.500000000000000222, -4.979166666666684726 ) ) ;
#5695 = CARTESIAN_POINT ( 'NONE',  ( 1.175240473580827283, 0.3149047358083479908, 5.209829099369230221 ) ) ;
#5696 = CARTESIAN_POINT ( 'NONE',  ( -1.017788105676648902, 0.5876202367904169721, -4.104166666666679397 ) ) ;
#5697 = ADVANCED_FACE ( 'NONE', ( #7620 ), #2655, .T. ) ;
#5698 = CARTESIAN_POINT ( 'NONE',  ( 1.500000000000000888, 0.4019237886466774379, 1.397329099369241323 ) ) ;
#5699 = FACE_OUTER_BOUND ( 'NONE', #4489, .T. ) ;
#5700 =( BOUNDED_CURVE ( )  B_SPLINE_CURVE ( 2, ( #286, #1679, #6118, #1553, #4257, #1638, #2896, #5528, #3617 ),
 .UNSPECIFIED., .F., .T. ) 
 B_SPLINE_CURVE_WITH_KNOTS ( ( 3, 2, 2, 2, 3 ),
 ( 0.6554054054054054834, 0.6576576576576576016, 0.6621621621621621712, 0.6666666666666667407, 0.6689189189189189699 ),
 .UNSPECIFIED. ) 
 CURVE ( )  GEOMETRIC_REPRESENTATION_ITEM ( )  RATIONAL_B_SPLINE_CURVE ( ( 0.9330127018922194093, 0.9330127018922227400, 1.000000000000000000, 0.8660254037844388186, 1.000000000000000000, 0.8660254037844388186, 1.000000000000000000, 0.9330127018922194093, 0.9330127018922194093 ) ) 
 REPRESENTATION_ITEM ( '' )  );
#5701 = CARTESIAN_POINT ( 'NONE',  ( 0.8816504037844310471, 1.527063293868253124, -2.494791666666683394 ) ) ;
#5702 = FACE_OUTER_BOUND ( 'NONE', #7724, .T. ) ;
#5703 =( BOUNDED_CURVE ( )  B_SPLINE_CURVE ( 2, ( #7333, #2165, #92, #7203, #3349, #855, #2080, #7247, #5298 ),
 .UNSPECIFIED., .F., .T. ) 
 B_SPLINE_CURVE_WITH_KNOTS ( ( 3, 2, 2, 2, 3 ),
 ( 0.6148648648648648019, 0.6171171171171171421, 0.6216216216216216006, 0.6261261261261261701, 0.6283783783783783994 ),
 .UNSPECIFIED. ) 
 CURVE ( )  GEOMETRIC_REPRESENTATION_ITEM ( )  RATIONAL_B_SPLINE_CURVE ( ( 0.9330127018922192983, 0.9330127018922176330, 1.000000000000000000, 0.8660254037844387076, 1.000000000000000000, 0.8660254037844387076, 1.000000000000000000, 0.9330127018922194093, 0.9330127018922194093 ) ) 
 REPRESENTATION_ITEM ( '' )  );
#5704 = ADVANCED_FACE ( 'NONE', ( #5712, #7307 ), #5439, .T. ) ;
#5705 = CARTESIAN_POINT ( 'NONE',  ( -0.8816504037844302699, 1.527063293868253790, 5.057291666666634100 ) ) ;
#5706 = CARTESIAN_POINT ( 'NONE',  ( 0.8660254037844368202, 1.499999999999999334, -7.041666666666666075 ) ) ;
#5707 = DIRECTION ( 'NONE',  ( -0.000000000000000000, -0.000000000000000000, 1.000000000000000000 ) ) ;
#5708 = CYLINDRICAL_SURFACE ( 'NONE', #2383, 1.499999999999982014 ) ;
#5709 = VERTEX_POINT ( 'NONE', #32 ) ;
#5710 = ORIENTED_EDGE ( 'NONE', *, *, #8277, .T. ) ;
#5711 = CARTESIAN_POINT ( 'NONE',  ( 1.499999999999995781, -8.628179567521924213E-15, -6.625000000000001776 ) ) ;
#5712 = FACE_BOUND ( 'NONE', #7701, .T. ) ;
#5713 = CARTESIAN_POINT ( 'NONE',  ( 1.357050807568865203, 4.125744759050742171E-15, 6.124999999999966249 ) ) ;
#5714 = DIRECTION ( 'NONE',  ( 1.000000000000000000, 0.000000000000000000, 0.000000000000000000 ) ) ;
#5715 = CARTESIAN_POINT ( 'NONE',  ( 0.000000000000000000, -9.067116327485578019E-15, 12.24264068711923237 ) ) ;
#5716 = CARTESIAN_POINT ( 'NONE',  ( 1.175240473580824174, 5.810221930991194676E-16, 6.124999999999966249 ) ) ;
#5717 = CARTESIAN_POINT ( 'NONE',  ( -0.8816504037844302699, 1.527063293868253790, -2.442708333333349024 ) ) ;
#5718 = ORIENTED_EDGE ( 'NONE', *, *, #6213, .T. ) ;
#5719 = DIRECTION ( 'NONE',  ( -0.000000000000000000, -0.000000000000000000, 1.000000000000000000 ) ) ;
#5720 = EDGE_LOOP ( 'NONE', ( #2032, #4073, #7799, #463 ) ) ;
#5721 = CARTESIAN_POINT ( 'NONE',  ( 1.499999999999982014, -8.883419307613476875E-15, 12.24264068711923237 ) ) ;
#5722 = CARTESIAN_POINT ( 'NONE',  ( -1.299038105676654453, -0.7499999999999933387, -4.833333333333338366 ) ) ;
#5723 = CARTESIAN_POINT ( 'NONE',  ( -1.017788105676648902, -0.5876202367904079793, -1.083333333333352799 ) ) ;
#5724 = AXIS2_PLACEMENT_3D ( 'NONE', #4426, #3785, #7007 ) ;
#5725 = CARTESIAN_POINT ( 'NONE',  ( 1.175240473580824840, -0.3149047358083495451, -6.834829099369265748 ) ) ;
#5726 = CARTESIAN_POINT ( 'NONE',  ( 1.175240473580826395, -0.3149047358083592596, 2.102670900630714268 ) ) ;
#5727 = CARTESIAN_POINT ( 'NONE',  ( 1.017788105676634025, -0.5876202367904340695, 5.083333333333301063 ) ) ;
#5728 = CARTESIAN_POINT ( 'NONE',  ( 3.490243377569968387E-16, 2.850000000000008527, 8.000000000000000000 ) ) ;
#5729 = ORIENTED_EDGE ( 'NONE', *, *, #943, .T. ) ;
#5730 = ORIENTED_EDGE ( 'NONE', *, *, #7948, .F. ) ;
#5731 = CARTESIAN_POINT ( 'NONE',  ( 1.000000000000006217, 0.2033615549488266561, 9.495299461620749781 ) ) ;
#5732 = CARTESIAN_POINT ( 'NONE',  ( 0.9083675233902903656, -0.8077276232308414627, -7.938040838942050037 ) ) ;
#5733 = CARTESIAN_POINT ( 'NONE',  ( -1.357050807568865203, 4.458126344604650913E-15, -3.062500000000015099 ) ) ;
#5734 = CARTESIAN_POINT ( 'NONE',  ( -1.836970198721025250E-16, -1.499999999999991784, 2.812499999999965361 ) ) ;
#5735 = CARTESIAN_POINT ( 'NONE',  ( -0.6785254037844329345, -1.175240473580820622, -7.541666666666671404 ) ) ;
#5736 = CARTESIAN_POINT ( 'NONE',  ( -0.8816504037844307140, -1.527063293868244465, -1.244791666666686725 ) ) ;
#5737 = EDGE_CURVE ( 'NONE', #3327, #2189, #2046, .T. ) ;
#5738 = DIRECTION ( 'NONE',  ( -1.000000000000000000, 0.000000000000000000, 0.000000000000000000 ) ) ;
#5739 = EDGE_CURVE ( 'NONE', #4868, #2424, #6408, .T. ) ;
#5740 = CARTESIAN_POINT ( 'NONE',  ( -1.870113174931165872E-16, -1.527063293868245131, 7.765624999999961808 ) ) ;
#5741 = CARTESIAN_POINT ( 'NONE',  ( 2.245818956227901035E-14, 1.175240473580829503, 1.812499999999973799 ) ) ;
#5742 = DIRECTION ( 'NONE',  ( -1.000000000000000000, 0.000000000000000000, 0.000000000000000000 ) ) ;
#5743 = CARTESIAN_POINT ( 'NONE',  ( 0.9086131841035182122, -1.200821613802659282, -7.631582176548706187 ) ) ;
#5744 =( BOUNDED_CURVE ( )  B_SPLINE_CURVE ( 2, ( #4168, #6659, #4802, #6827, #2971, #2171, #7340, #987, #5563 ),
 .UNSPECIFIED., .F., .T. ) 
 B_SPLINE_CURVE_WITH_KNOTS ( ( 3, 2, 2, 2, 3 ),
 ( 0.5743243243243243423, 0.5765765765765765716, 0.5810810810810810301, 0.5855855855855855996, 0.5878378378378378288 ),
 .UNSPECIFIED. ) 
 CURVE ( )  GEOMETRIC_REPRESENTATION_ITEM ( )  RATIONAL_B_SPLINE_CURVE ( ( 0.9330127018922194093, 0.9330127018922194093, 1.000000000000000000, 0.8660254037844387076, 1.000000000000000000, 0.8660254037844387076, 1.000000000000000000, 0.9330127018922194093, 0.9330127018922194093 ) ) 
 REPRESENTATION_ITEM ( '' )  );
#5745 = EDGE_CURVE ( 'NONE', #964, #911, #3277, .T. ) ;
#5746 = ORIENTED_EDGE ( 'NONE', *, *, #4043, .F. ) ;
#5747 = ORIENTED_EDGE ( 'NONE', *, *, #5396, .T. ) ;
#5748 =( BOUNDED_CURVE ( )  B_SPLINE_CURVE ( 2, ( #5466, #5512, #4835, #7461, #5554, #6908, #349, #8070, #6861 ),
 .UNSPECIFIED., .F., .T. ) 
 B_SPLINE_CURVE_WITH_KNOTS ( ( 3, 2, 2, 2, 3 ),
 ( 0.1689189189189189422, 0.1711711711711711714, 0.1756756756756756854, 0.1801801801801801717, 0.1824324324324324009 ),
 .UNSPECIFIED. ) 
 CURVE ( )  GEOMETRIC_REPRESENTATION_ITEM ( )  RATIONAL_B_SPLINE_CURVE ( ( 0.9330127018922194093, 0.9330127018922201865, 1.000000000000000000, 0.8660254037844387076, 1.000000000000000000, 0.8660254037844387076, 1.000000000000000000, 0.9330127018922202975, 0.9330127018922194093 ) ) 
 REPRESENTATION_ITEM ( '' )  );
#5749 = CARTESIAN_POINT ( 'NONE',  ( 1.499999999999995781, -0.4019237886466791032, 2.852670900630718265 ) ) ;
#5750 = CARTESIAN_POINT ( 'NONE',  ( -1.017788105676648902, -0.5876202367904079793, 8.916666666666625218 ) ) ;
#5751 = CARTESIAN_POINT ( 'NONE',  ( -1.017788105676657118, -0.5876202367903942125, 0.4166666666666450913 ) ) ;
#5752 = CARTESIAN_POINT ( 'NONE',  ( 1.175240473580826395, 1.278248824818062868E-15, 0.1249999999999785866 ) ) ;
#5753 = AXIS2_PLACEMENT_3D ( 'NONE', #1829, #2850, #8039 ) ;
#5754 = CARTESIAN_POINT ( 'NONE',  ( 0.8660254037844368202, 1.499999999999999334, -0.5416666666666802854 ) ) ;
#5755 = CARTESIAN_POINT ( 'NONE',  ( 1.322475605676646238, 0.7635316469341281165, 0.9322916666666437591 ) ) ;
#5756 = ORIENTED_EDGE ( 'NONE', *, *, #104, .F. ) ;
#5757 = EDGE_CURVE ( 'NONE', #6531, #6754, #4555, .T. ) ;
#5758 = VECTOR ( 'NONE', #6261, 1000.000000000000227 ) ;
#5759 = ORIENTED_EDGE ( 'NONE', *, *, #2587, .F. ) ;
#5760 = CARTESIAN_POINT ( 'NONE',  ( -1.957822569168769475E-14, -1.175240473580820844, 3.999999999999970690 ) ) ;
#5761 = CARTESIAN_POINT ( 'NONE',  ( 1.499999999999996447, 3.776644255144276145E-15, 4.437499999999961808 ) ) ;
#5762 = CARTESIAN_POINT ( 'NONE',  ( -0.6785254037844329345, -1.175240473580820622, 0.4583333333333106108 ) ) ;
#5763 = CARTESIAN_POINT ( 'NONE',  ( -1.836970198721024757E-16, -1.499999999999991562, 7.749999999999967137 ) ) ;
#5764 = CARTESIAN_POINT ( 'NONE',  ( -1.000000000000005551, 0.5773502691896214012, 8.495000000000000995 ) ) ;
#5765 = CYLINDRICAL_SURFACE ( 'NONE', #2399, 1.499999999999982014 ) ;
#5766 = CARTESIAN_POINT ( 'NONE',  ( 0.000000000000000000, 4.375030948216173530E-15, -8.000000000000000000 ) ) ;
#5767 = ORIENTED_EDGE ( 'NONE', *, *, #1094, .F. ) ;
#5768 = AXIS2_PLACEMENT_3D ( 'NONE', #215, #1573, #261 ) ;
#5769 = ORIENTED_EDGE ( 'NONE', *, *, #5795, .T. ) ;
#5770 = VECTOR ( 'NONE', #1720, 1000.000000000000000 ) ;
#5771 = CARTESIAN_POINT ( 'NONE',  ( 1.299038105676654675, -0.7499999999999944489, -2.104166666666690944 ) ) ;
#5772 = CARTESIAN_POINT ( 'NONE',  ( 1.175240473580825062, 4.375030948216173530E-15, -8.000000000000000000 ) ) ;
#5773 = CARTESIAN_POINT ( 'NONE',  ( 1.499999999999996669, -1.597811031022578733E-14, 3.937499999999962697 ) ) ;
#5774 = DIRECTION ( 'NONE',  ( -1.000000000000000000, 0.000000000000000000, 0.000000000000000000 ) ) ;
#5775 = CARTESIAN_POINT ( 'NONE',  ( 1.017788105676649346, 0.5876202367904160839, -3.770833333333346360 ) ) ;
#5776 = VECTOR ( 'NONE', #1011, 1000.000000000000000 ) ;
#5777 = CARTESIAN_POINT ( 'NONE',  ( 1.175240473580820177, 0.3149047358083565396, 1.647329099369235994 ) ) ;
#5778 = CARTESIAN_POINT ( 'NONE',  ( -1.439254484199176806E-16, -1.175240473580820844, -7.500000000000006217 ) ) ;
#5779 = CARTESIAN_POINT ( 'NONE',  ( -1.870113174931165379E-16, -1.527063293868244687, -1.703125000000018874 ) ) ;
#5780 = VECTOR ( 'NONE', #4351, 1000.000000000000000 ) ;
#5781 = MANIFOLD_SOLID_BREP ( 'Boss-Extrude1', #3671 ) ;
#5782 = CARTESIAN_POINT ( 'NONE',  ( 0.8660254037844368202, 1.499999999999999334, -1.041666666666679841 ) ) ;
#5783 = CARTESIAN_POINT ( 'NONE',  ( 0.8816504037844299368, -1.527063293868245353, 7.307291666666630547 ) ) ;
#5784 = CARTESIAN_POINT ( 'NONE',  ( -0.6785254037844445918, -1.175240473580813738, -0.4791666666666867247 ) ) ;
#5785 = CARTESIAN_POINT ( 'NONE',  ( 1.499999999999995781, -6.071681917885798082E-15, 0.8749999999999819034 ) ) ;
#5786 = ADVANCED_FACE ( 'NONE', ( #1509, #1269 ), #3448, .F. ) ;
#5787 = CARTESIAN_POINT ( 'NONE',  ( 0.09650893904936930223, -1.463400184841662677, -7.661599815158369076 ) ) ;
#5788 = ORIENTED_EDGE ( 'NONE', *, *, #6489, .F. ) ;
#5789 = EDGE_LOOP ( 'NONE', ( #6786, #7099, #3602, #3092 ) ) ;
#5790 = CARTESIAN_POINT ( 'NONE',  ( 1.175240473580824396, -0.3149047358083522652, -0.8348290993692795148 ) ) ;
#5791 = CARTESIAN_POINT ( 'NONE',  ( -0.6785254037844329345, -1.175240473580820622, 8.958333333333294846 ) ) ;
#5792 = CARTESIAN_POINT ( 'NONE',  ( -0.8660254037844363761, -1.499999999999990674, -5.291666666666670515 ) ) ;
#5793 = CARTESIAN_POINT ( 'NONE',  ( -1.017788105676647570, 0.5876202367904194146, -5.604166666666675845 ) ) ;
#5794 = CARTESIAN_POINT ( 'NONE',  ( 1.322475605676645349, -0.7635316469341211221, -1.151041666666684726 ) ) ;
#5795 = EDGE_CURVE ( 'NONE', #670, #2006, #283, .T. ) ;
#5796 = VERTEX_POINT ( 'NONE', #6468 ) ;
#5797 =( BOUNDED_CURVE ( )  B_SPLINE_CURVE ( 2, ( #4966, #4411, #1201, #7547, #3773, #1908, #1750, #4326, #6350 ),
 .UNSPECIFIED., .F., .F. ) 
 B_SPLINE_CURVE_WITH_KNOTS ( ( 3, 2, 2, 2, 3 ),
 ( 0.4256756756756756577, 0.4279279279279279424, 0.4324324324324324564, 0.4369369369369369149, 0.4391891891891891997 ),
 .UNSPECIFIED. ) 
 CURVE ( )  GEOMETRIC_REPRESENTATION_ITEM ( )  RATIONAL_B_SPLINE_CURVE ( ( 0.9330127018922194093, 0.9330127018922185211, 1.000000000000000000, 0.8660254037844387076, 1.000000000000000000, 0.8660254037844387076, 1.000000000000000000, 0.9330127018922185211, 0.9330127018922194093 ) ) 
 REPRESENTATION_ITEM ( '' )  );
#5798 = EDGE_CURVE ( 'NONE', #1016, #6053, #6145, .T. ) ;
#5799 = CARTESIAN_POINT ( 'NONE',  ( 1.499999999999995781, -6.071681917885798082E-15, 0.3749999999999832356 ) ) ;
#5800 = ORIENTED_EDGE ( 'NONE', *, *, #6832, .F. ) ;
#5801 = DIRECTION ( 'NONE',  ( -1.000000000000000000, 0.000000000000000000, 0.000000000000000000 ) ) ;
#5802 = CARTESIAN_POINT ( 'NONE',  ( 1.499999999999996447, -6.042630808230842937E-15, -3.062500000000023093 ) ) ;
#5803 = CARTESIAN_POINT ( 'NONE',  ( 1.017788105676648902, -0.5876202367904087565, 1.083333333333309501 ) ) ;
#5804 = CARTESIAN_POINT ( 'NONE',  ( -1.299038105676654453, -0.7499999999999933387, 7.666666666666636765 ) ) ;
#5805 = FACE_OUTER_BOUND ( 'NONE', #570, .T. ) ;
#5806 = CARTESIAN_POINT ( 'NONE',  ( -1.763300807568860318, 4.483001982712331095E-15, 6.671874999999964473 ) ) ;
#5807 = CARTESIAN_POINT ( 'NONE',  ( 0.000000000000000000, 1.500000000000000666, -0.9375000000000259792 ) ) ;
#5808 = CYLINDRICAL_SURFACE ( 'NONE', #4562, 1.175240473580825062 ) ;
#5809 = CARTESIAN_POINT ( 'NONE',  ( -1.175240473580823286, 0.3149047358083650883, -1.147329099369279071 ) ) ;
#5810 = EDGE_CURVE ( 'NONE', #2272, #6846, #3207, .T. ) ;
#5811 = ORIENTED_EDGE ( 'NONE', *, *, #1623, .F. ) ;
#5812 = VERTEX_POINT ( 'NONE', #7063 ) ;
#5813 = CARTESIAN_POINT ( 'NONE',  ( 0.000000000000000000, -9.067116327485578019E-15, 12.24264068711923237 ) ) ;
#5814 = CARTESIAN_POINT ( 'NONE',  ( 1.175240473580824840, 4.299564228933483745E-15, -7.375000000000006217 ) ) ;
#5815 = CARTESIAN_POINT ( 'NONE',  ( -0.8660254037844369313, -1.499999999999991562, 5.770833333333292181 ) ) ;
#5816 = CARTESIAN_POINT ( 'NONE',  ( 0.6785254037844206110, -1.175240473580827727, -3.458333333333347248 ) ) ;
#5817 = CARTESIAN_POINT ( 'NONE',  ( -1.017788105676648902, 0.5876202367904169721, -2.604166666666682506 ) ) ;
#5818 = CARTESIAN_POINT ( 'NONE',  ( -1.499999999999996225, 4.561024215828087150E-15, 4.187499999999962697 ) ) ;
#5819 = CARTESIAN_POINT ( 'NONE',  ( -1.017788105676648902, -0.5876202367904079793, -7.583333333333338366 ) ) ;
#5820 =( BOUNDED_CURVE ( )  B_SPLINE_CURVE ( 2, ( #3168, #425, #3083, #8314, #4316, #3634, #8231, #1859, #6903 ),
 .UNSPECIFIED., .F., .F. ) 
 B_SPLINE_CURVE_WITH_KNOTS ( ( 3, 2, 2, 2, 3 ),
 ( 0.3040540540540540571, 0.3063063063063062863, 0.3108108108108108003, 0.3153153153153153143, 0.3175675675675675991 ),
 .UNSPECIFIED. ) 
 CURVE ( )  GEOMETRIC_REPRESENTATION_ITEM ( )  RATIONAL_B_SPLINE_CURVE ( ( 0.9330127018922194093, 0.9330127018922194093, 1.000000000000000000, 0.8660254037844387076, 1.000000000000000000, 0.8660254037844387076, 1.000000000000000000, 0.9330127018922185211, 0.9330127018922194093 ) ) 
 REPRESENTATION_ITEM ( '' )  );
#5821 = CARTESIAN_POINT ( 'NONE',  ( -1.322475605676645127, 0.7635316469341291157, -0.8697916666666870578 ) ) ;
#5822 = CARTESIAN_POINT ( 'NONE',  ( -1.499999999999993783, -0.4019237886466829890, -0.7901709006307665595 ) ) ;
#5823 = CYLINDRICAL_SURFACE ( 'NONE', #3203, 1.499999999999982014 ) ;
#5824 = CARTESIAN_POINT ( 'NONE',  ( 0.8816504037844311581, 1.527063293868253568, 7.973958333333296622 ) ) ;
#5825 = CARTESIAN_POINT ( 'NONE',  ( 1.499999999999995781, -6.071681917885798082E-15, -3.125000000000009326 ) ) ;
#5826 = FACE_OUTER_BOUND ( 'NONE', #1749, .T. ) ;
#5827 = DIRECTION ( 'NONE',  ( 0.000000000000000000, -1.000000000000000000, -6.086749038515091351E-16 ) ) ;
#5828 = ORIENTED_EDGE ( 'NONE', *, *, #2845, .F. ) ;
#5829 = EDGE_LOOP ( 'NONE', ( #4528, #6348 ) ) ;
#5830 = CARTESIAN_POINT ( 'NONE',  ( 1.175240473580825284, 5.810221930991195465E-15, -4.312500000000012434 ) ) ;
#5831 = CARTESIAN_POINT ( 'NONE',  ( 1.357050807568865203, 4.125744759050742171E-15, 8.624999999999959144 ) ) ;
#5832 = CARTESIAN_POINT ( 'NONE',  ( 0.8660254037844357100, -1.499999999999991562, -7.208333333333333037 ) ) ;
#5833 = CARTESIAN_POINT ( 'NONE',  ( 1.499999999999996225, -0.4019237886466792142, 1.415170900630708495 ) ) ;
#5834 = CARTESIAN_POINT ( 'NONE',  ( 1.175240473580825062, 4.375030948216173530E-15, -8.000000000000000000 ) ) ;
#5835 = CARTESIAN_POINT ( 'NONE',  ( -1.322475605676645793, -0.7635316469341201229, 0.1822916666666448693 ) ) ;
#5836 = ORIENTED_EDGE ( 'NONE', *, *, #2395, .T. ) ;
#5837 = CARTESIAN_POINT ( 'NONE',  ( -1.017788105676648902, 0.5876202367904169721, 3.895833333333303283 ) ) ;
#5838 = CARTESIAN_POINT ( 'NONE',  ( -1.836970198721024757E-16, -1.499999999999991562, 0.2499999999999849287 ) ) ;
#5839 = ORIENTED_EDGE ( 'NONE', *, *, #5957, .T. ) ;
#5840 = CARTESIAN_POINT ( 'NONE',  ( -1.175240473580823952, 5.287301957201986288E-15, 6.437499999999966249 ) ) ;
#5841 = CARTESIAN_POINT ( 'NONE',  ( -1.500000000000006217, 0.4019237886466690557, -2.397329099369269745 ) ) ;
#5842 = CARTESIAN_POINT ( 'NONE',  ( 1.017788105676649346, 0.5876202367904160839, 1.166666666666642316 ) ) ;
#5843 = DIRECTION ( 'NONE',  ( -0.000000000000000000, -0.000000000000000000, 1.000000000000000000 ) ) ;
#5844 = CARTESIAN_POINT ( 'NONE',  ( 1.763300807568860318, 4.051117844727701623E-15, 6.421874999999964473 ) ) ;
#5845 = DIRECTION ( 'NONE',  ( -0.000000000000000000, -0.000000000000000000, 1.000000000000000000 ) ) ;
#5846 = CARTESIAN_POINT ( 'NONE',  ( 1.175240473580824174, -1.772117688952314534E-15, -2.375000000000015987 ) ) ;
#5847 = EDGE_CURVE ( 'NONE', #7432, #531, #5988, .T. ) ;
#5848 = EDGE_CURVE ( 'NONE', #8336, #5635, #8123, .T. ) ;
#5849 = ORIENTED_EDGE ( 'NONE', *, *, #8162, .T. ) ;
#5850 = VECTOR ( 'NONE', #4587, 1000.000000000000000 ) ;
#5851 = EDGE_CURVE ( 'NONE', #1897, #6186, #7014, .T. ) ;
#5852 = VERTEX_POINT ( 'NONE', #7393 ) ;
#5853 = FACE_OUTER_BOUND ( 'NONE', #6389, .T. ) ;
#5854 = CARTESIAN_POINT ( 'NONE',  ( -1.175240473580824840, 4.619126435137999807E-15, -7.125000000000005329 ) ) ;
#5855 = CARTESIAN_POINT ( 'NONE',  ( -0.6785254037844372643, -1.175240473580817735, -5.979166666666674956 ) ) ;
#5856 = CARTESIAN_POINT ( 'NONE',  ( -1.175240473580825284, 1.164949497163734292E-14, -3.062500000000014655 ) ) ;
#5857 = AXIS2_PLACEMENT_3D ( 'NONE', #6883, #1722, #958 ) ;
#5858 = CARTESIAN_POINT ( 'NONE',  ( -1.017788105676648902, -0.5876202367904079793, -2.020833333333350357 ) ) ;
#5859 = CARTESIAN_POINT ( 'NONE',  ( 1.499999999999996447, -6.042630808230842937E-15, 0.4374999999999699130 ) ) ;
#5860 = CARTESIAN_POINT ( 'NONE',  ( 1.017788105676649346, 0.5876202367904160839, -3.833333333333346360 ) ) ;
#5861 = EDGE_CURVE ( 'NONE', #3836, #7499, #4636, .T. ) ;
#5862 = CARTESIAN_POINT ( 'NONE',  ( -1.175240473580821288, -0.3149047358083437720, 1.397329099369236660 ) ) ;
#5863 = CARTESIAN_POINT ( 'NONE',  ( -1.870113174931165379E-16, -1.527063293868244687, -2.703125000000016431 ) ) ;
#5864 = CARTESIAN_POINT ( 'NONE',  ( 1.175240473580825284, 0.3149047358083530423, -3.352670900630753792 ) ) ;
#5865 = CARTESIAN_POINT ( 'NONE',  ( 0.000000000000000000, -9.067116327485578019E-15, 12.24264068711923237 ) ) ;
#5866 = CARTESIAN_POINT ( 'NONE',  ( 0.8816504037844299368, -1.527063293868245353, 6.807291666666630547 ) ) ;
#5867 =( BOUNDED_CURVE ( )  B_SPLINE_CURVE ( 2, ( #1868, #3254, #640, #5127, #6992, #2574, #3131, #1994, #82 ),
 .UNSPECIFIED., .F., .T. ) 
 B_SPLINE_CURVE_WITH_KNOTS ( ( 3, 2, 2, 2, 3 ),
 ( 0.2905405405405405705, 0.2927927927927927998, 0.2972972972972973138, 0.3018018018018018278, 0.3040540540540540571 ),
 .UNSPECIFIED. ) 
 CURVE ( )  GEOMETRIC_REPRESENTATION_ITEM ( )  RATIONAL_B_SPLINE_CURVE ( ( 0.9330127018922194093, 0.9330127018922201865, 1.000000000000000000, 0.8660254037844387076, 1.000000000000000000, 0.8660254037844387076, 1.000000000000000000, 0.9330127018922194093, 0.9330127018922194093 ) ) 
 REPRESENTATION_ITEM ( '' )  );
#5868 = CARTESIAN_POINT ( 'NONE',  ( 1.175240473580822398, 0.3149047358083473247, 4.147329099369231109 ) ) ;
#5869 = CARTESIAN_POINT ( 'NONE',  ( -1.175240473580825284, 2.730804307565861340E-15, -5.062500000000010658 ) ) ;
#5870 = ORIENTED_EDGE ( 'NONE', *, *, #3874, .T. ) ;
#5871 = ORIENTED_EDGE ( 'NONE', *, *, #831, .T. ) ;
#5872 = CARTESIAN_POINT ( 'NONE',  ( 0.000000000000000000, 1.175240473580829503, 9.749999999999957367 ) ) ;
#5873 = CARTESIAN_POINT ( 'NONE',  ( -1.017788105676653565, -0.5876202367904003188, 2.979166666666638541 ) ) ;
#5874 = CARTESIAN_POINT ( 'NONE',  ( -1.175240473580828615, -4.241462009623571877E-15, 5.437499999999968914 ) ) ;
#5875 = CARTESIAN_POINT ( 'NONE',  ( 1.499999999999996447, -9.877377282685031739E-15, -7.562500000000013323 ) ) ;
#5876 = CARTESIAN_POINT ( 'NONE',  ( 1.322475605676646238, 0.7635316469341281165, -0.06770833333335363191 ) ) ;
#5877 = ORIENTED_EDGE ( 'NONE', *, *, #789, .F. ) ;
#5878 = CARTESIAN_POINT ( 'NONE',  ( -1.017788105676648902, -0.5876202367904079793, 5.979166666666632324 ) ) ;
#5879 = CARTESIAN_POINT ( 'NONE',  ( -0.8660254037844363761, -1.499999999999990674, 1.708333333333313719 ) ) ;
#5880 = ORIENTED_EDGE ( 'NONE', *, *, #6420, .F. ) ;
#5881 = CARTESIAN_POINT ( 'NONE',  ( -0.6785254037844251629, 1.175240473580833500, -3.645833333333347248 ) ) ;
#5882 = LINE ( 'NONE', #7929, #1582 ) ;
#5883 = CARTESIAN_POINT ( 'NONE',  ( -0.6785254037844324904, 1.175240473580829281, 1.791666666666641206 ) ) ;
#5884 = AXIS2_PLACEMENT_3D ( 'NONE', #211, #5413, #4656 ) ;
#5885 = DIRECTION ( 'NONE',  ( 1.000000000000000000, 0.000000000000000000, 0.000000000000000000 ) ) ;
#5886 =( BOUNDED_CURVE ( )  B_SPLINE_CURVE ( 2, ( #4381, #7048, #1290, #5694, #5019, #1214, #3232, #2470, #5143 ),
 .UNSPECIFIED., .F., .F. ) 
 B_SPLINE_CURVE_WITH_KNOTS ( ( 3, 2, 2, 2, 3 ),
 ( 0.1824324324324324009, 0.1846846846846846857, 0.1891891891891891997, 0.1936936936936936859, 0.1959459459459459707 ),
 .UNSPECIFIED. ) 
 CURVE ( )  GEOMETRIC_REPRESENTATION_ITEM ( )  RATIONAL_B_SPLINE_CURVE ( ( 0.9330127018922194093, 0.9330127018922185211, 1.000000000000000000, 0.8660254037844387076, 1.000000000000000000, 0.8660254037844387076, 1.000000000000000000, 0.9330127018922185211, 0.9330127018922194093 ) ) 
 REPRESENTATION_ITEM ( '' )  );
#5887 = CARTESIAN_POINT ( 'NONE',  ( 0.6785254037844515862, 1.175240473580818179, 4.270833333333303727 ) ) ;
#5888 = CARTESIAN_POINT ( 'NONE',  ( -1.322475605676645127, 0.7635316469341291157, 4.630208333333300175 ) ) ;
#5889 = DIRECTION ( 'NONE',  ( -0.000000000000000000, -7.531071187239187305E-16, 1.000000000000000000 ) ) ;
#5890 = CARTESIAN_POINT ( 'NONE',  ( 1.175240473580825284, 6.362193014435358999E-15, -5.312500000000009770 ) ) ;
#5891 = CARTESIAN_POINT ( 'NONE',  ( -1.870113174931165872E-16, -1.527063293868245131, -7.734375000000004441 ) ) ;
#5892 = ORIENTED_EDGE ( 'NONE', *, *, #6637, .F. ) ;
#5893 = VECTOR ( 'NONE', #1474, 1000.000000000000000 ) ;
#5894 = EDGE_CURVE ( 'NONE', #3567, #7322, #1677, .T. ) ;
#5895 = EDGE_CURVE ( 'NONE', #2496, #5459, #7437, .T. ) ;
#5896 = EDGE_LOOP ( 'NONE', ( #7182, #4305, #4965, #5978 ) ) ;
#5897 = CARTESIAN_POINT ( 'NONE',  ( 0.8660254037844371533, 1.500000000000000222, 1.520833333333301507 ) ) ;
#5898 = DIRECTION ( 'NONE',  ( 0.000000000000000000, 0.000000000000000000, 1.000000000000000000 ) ) ;
#5899 = VECTOR ( 'NONE', #1960, 1000.000000000000000 ) ;
#5900 = CARTESIAN_POINT ( 'NONE',  ( -1.299038105676654231, 0.7500000000000025535, -3.416666666666674068 ) ) ;
#5901 = CARTESIAN_POINT ( 'NONE',  ( -0.6785254037844324904, 1.175240473580829281, -0.1458333333333536874 ) ) ;
#5902 = EDGE_CURVE ( 'NONE', #5250, #558, #2978, .T. ) ;
#5903 = CARTESIAN_POINT ( 'NONE',  ( -1.499999999999995559, -5.258250847547031143E-15, -1.375000000000011546 ) ) ;
#5904 = AXIS2_PLACEMENT_3D ( 'NONE', #4455, #1204, #1913 ) ;
#5905 = EDGE_CURVE ( 'NONE', #2485, #1571, #7884, .T. ) ;
#5906 = CARTESIAN_POINT ( 'NONE',  ( -0.6785254037844329345, -1.175240473580820622, -5.041666666666676733 ) ) ;
#5907 = CARTESIAN_POINT ( 'NONE',  ( -9.788385394747365449E-15, -1.175240473580820844, 1.499999999999975353 ) ) ;
#5908 = CARTESIAN_POINT ( 'NONE',  ( -1.322475605676645349, -0.7635316469341199008, 0.2135416666666448693 ) ) ;
#5909 = CARTESIAN_POINT ( 'NONE',  ( 0.000000000000000000, -9.067116327485578019E-15, 12.24264068711923237 ) ) ;
#5910 = DIRECTION ( 'NONE',  ( 1.000000000000000000, 6.982962677686266711E-15, 5.258918902348965394E-30 ) ) ;
#5911 = CARTESIAN_POINT ( 'NONE',  ( 0.8816504037844299368, -1.527063293868245353, 8.807291666666628771 ) ) ;
#5912 = ADVANCED_FACE ( 'NONE', ( #5570 ), #362, .T. ) ;
#5913 = CARTESIAN_POINT ( 'NONE',  ( 1.175240473580824174, 1.772117688952314140E-15, 4.124999999999970690 ) ) ;
#5914 = PRODUCT_RELATED_PRODUCT_CATEGORY ( 'detail', '', ( #3797 ) ) ;
#5915 = PLANE ( 'NONE',  #1715 ) ;
#5916 = LOCAL_TIME ( 16, 7, 20.00000000000000000, #3499 ) ;
#5917 = ORIENTED_EDGE ( 'NONE', *, *, #1674, .T. ) ;
#5918 = VERTEX_POINT ( 'NONE', #7560 ) ;
#5919 = CARTESIAN_POINT ( 'NONE',  ( 1.017788105676649346, 0.5876202367904160839, 8.166666666666626995 ) ) ;
#5920 = CARTESIAN_POINT ( 'NONE',  ( -1.499999999999995559, -9.092997322001219156E-15, -7.374999999999996447 ) ) ;
#5921 = CARTESIAN_POINT ( 'NONE',  ( -0.6785254037844228314, 1.175240473580835054, 0.2916666666666449803 ) ) ;
#5922 = CARTESIAN_POINT ( 'NONE',  ( 0.6785254037844302699, -1.175240473580821954, -5.458333333333342807 ) ) ;
#5923 = CARTESIAN_POINT ( 'NONE',  ( -1.870113174931165872E-16, -1.527063293868245131, 0.2656249999999794054 ) ) ;
#5924 =( BOUNDED_CURVE ( )  B_SPLINE_CURVE ( 2, ( #6266, #475, #3049, #6953, #6030, #235, #2811, #2538, #4408 ),
 .UNSPECIFIED., .F., .T. ) 
 B_SPLINE_CURVE_WITH_KNOTS ( ( 3, 2, 2, 2, 3 ),
 ( 0.4391891891891891997, 0.4414414414414414289, 0.4459459459459459429, 0.4504504504504504570, 0.4527027027027026862 ),
 .UNSPECIFIED. ) 
 CURVE ( )  GEOMETRIC_REPRESENTATION_ITEM ( )  RATIONAL_B_SPLINE_CURVE ( ( 0.9330127018922194093, 0.9330127018922201865, 1.000000000000000000, 0.8660254037844387076, 1.000000000000000000, 0.8660254037844387076, 1.000000000000000000, 0.9330127018922202975, 0.9330127018922194093 ) ) 
 REPRESENTATION_ITEM ( '' )  );
#5925 = ORIENTED_EDGE ( 'NONE', *, *, #5601, .F. ) ;
#5926 = CARTESIAN_POINT ( 'NONE',  ( -1.357050807568865203, 4.458126344604650913E-15, 5.937499999999965361 ) ) ;
#5927 = DIRECTION ( 'NONE',  ( -0.000000000000000000, -0.000000000000000000, 1.000000000000000000 ) ) ;
#5928 = ORIENTED_EDGE ( 'NONE', *, *, #988, .F. ) ;
#5929 = EDGE_LOOP ( 'NONE', ( #7032, #2974, #1482, #3244 ) ) ;
#5930 = DIRECTION ( 'NONE',  ( -1.000000000000000000, 0.000000000000000000, 0.000000000000000000 ) ) ;
#5931 = CARTESIAN_POINT ( 'NONE',  ( 0.6785254037844309360, -1.175240473580821732, -6.395833333333341031 ) ) ;
#5932 = CARTESIAN_POINT ( 'NONE',  ( 0.6785254037844331565, 1.175240473580829059, 0.2083333333333121096 ) ) ;
#5933 = CARTESIAN_POINT ( 'NONE',  ( 0.000000000000000000, 1.103216000196302414E-14, -7.949759526419155620 ) ) ;
#5934 = CARTESIAN_POINT ( 'NONE',  ( 1.017788105676639576, -0.5876202367904246326, 0.6458333333333108328 ) ) ;
#5935 = CARTESIAN_POINT ( 'NONE',  ( 1.322475605676645127, -0.7635316469341209000, 5.880208333333298398 ) ) ;
#5936 = CARTESIAN_POINT ( 'NONE',  ( -0.8660254037844369313, -1.499999999999991562, -4.229166666666685614 ) ) ;
#5937 = CARTESIAN_POINT ( 'NONE',  ( -1.017788105676651123, -0.5876202367904045376, -5.520833333333342807 ) ) ;
#5938 = CARTESIAN_POINT ( 'NONE',  ( 0.000000000000000000, 1.500000000000000222, -4.500000000000005329 ) ) ;
#5939 = ORIENTED_EDGE ( 'NONE', *, *, #6413, .T. ) ;
#5940 = ORIENTED_EDGE ( 'NONE', *, *, #4673, .F. ) ;
#5941 = CARTESIAN_POINT ( 'NONE',  ( 1.175240473580827949, -0.3149047358083613690, 3.665170900630712048 ) ) ;
#5942 = CARTESIAN_POINT ( 'NONE',  ( 0.8660254037844357100, -1.499999999999991562, 6.291666666666637653 ) ) ;
#5943 = CARTESIAN_POINT ( 'NONE',  ( -1.499999999999996225, 4.561024215828087150E-15, 7.687499999999954703 ) ) ;
#5944 = LINE ( 'NONE', #7129, #1001 ) ;
#5945 = CARTESIAN_POINT ( 'NONE',  ( 0.000000000000000000, 1.175240473580829503, -0.1875000000000209832 ) ) ;
#5946 = CARTESIAN_POINT ( 'NONE',  ( -1.500000000000000888, 0.4019237886466782705, -1.397329099369271521 ) ) ;
#5947 = CARTESIAN_POINT ( 'NONE',  ( 0.000000000000000000, 1.175240473580829503, -5.250000000000009770 ) ) ;
#5948 = CARTESIAN_POINT ( 'NONE',  ( -1.017788105676644905, 0.5876202367904238555, 3.333333333333304616 ) ) ;
#5949 = CARTESIAN_POINT ( 'NONE',  ( -0.8816504037844307140, -1.527063293868244465, -0.2447916666666883068 ) ) ;
#5950 = DIRECTION ( 'NONE',  ( -0.000000000000000000, -7.531071187239187305E-16, 1.000000000000000000 ) ) ;
#5951 = EDGE_CURVE ( 'NONE', #1939, #7700, #701, .T. ) ;
#5952 = CARTESIAN_POINT ( 'NONE',  ( -1.357050807568865203, 4.458126344604650913E-15, -7.562500000000004441 ) ) ;
#5953 = CARTESIAN_POINT ( 'NONE',  ( -0.4247220712083006333, 1.342046373062756315, 7.646104219646768563 ) ) ;
#5954 = CARTESIAN_POINT ( 'NONE',  ( 0.000000000000000000, 9.797174393178831574E-16, -8.000000000000000000 ) ) ;
#5955 = ORIENTED_EDGE ( 'NONE', *, *, #8297, .F. ) ;
#5956 = ORIENTED_EDGE ( 'NONE', *, *, #4161, .F. ) ;
#5957 = EDGE_CURVE ( 'NONE', #1634, #4171, #2089, .T. ) ;
#5958 = CARTESIAN_POINT ( 'NONE',  ( 0.000000000000000000, 1.527063293868253568, -7.453125000000006217 ) ) ;
#5959 = DIRECTION ( 'NONE',  ( 0.000000000000000000, 0.000000000000000000, -1.000000000000000000 ) ) ;
#5960 = FACE_OUTER_BOUND ( 'NONE', #3881, .T. ) ;
#5961 = DIRECTION ( 'NONE',  ( 0.000000000000000000, 0.000000000000000000, -1.000000000000000000 ) ) ;
#5962 = CARTESIAN_POINT ( 'NONE',  ( 0.8816504037844311581, 1.527063293868253568, 1.973958333333308612 ) ) ;
#5963 = ORIENTED_EDGE ( 'NONE', *, *, #7725, .T. ) ;
#5964 = CARTESIAN_POINT ( 'NONE',  ( 1.357050807568865203, 4.125744759050742171E-15, 6.187499999999964473 ) ) ;
#5965 = DIRECTION ( 'NONE',  ( -1.000000000000000000, 0.000000000000000000, 0.000000000000000000 ) ) ;
#5966 = ORIENTED_EDGE ( 'NONE', *, *, #7425, .T. ) ;
#5967 = ORIENTED_EDGE ( 'NONE', *, *, #1912, .T. ) ;
#5968 = CARTESIAN_POINT ( 'NONE',  ( 0.6785254037844385966, 1.175240473580825729, -3.729166666666680285 ) ) ;
#5969 = CARTESIAN_POINT ( 'NONE',  ( -1.836970198721025250E-16, -1.499999999999991784, -3.187500000000021316 ) ) ;
#5970 = CARTESIAN_POINT ( 'NONE',  ( -0.6785254037844329345, -1.175240473580820622, 4.458333333333301951 ) ) ;
#5971 = CARTESIAN_POINT ( 'NONE',  ( -1.017788105676666222, -0.5876202367903783363, 3.416666666666637209 ) ) ;
#5972 = CARTESIAN_POINT ( 'NONE',  ( -1.499999999999996447, -5.258250847547031931E-15, -5.312500000000016875 ) ) ;
#5973 = CARTESIAN_POINT ( 'NONE',  ( 0.8816504037844310471, 1.527063293868253124, 6.005208333333298398 ) ) ;
#5974 =( BOUNDED_CURVE ( )  B_SPLINE_CURVE ( 2, ( #4700, #7281, #257, #5457, #2828, #8016, #2197, #4786, #7368 ),
 .UNSPECIFIED., .F., .T. ) 
 B_SPLINE_CURVE_WITH_KNOTS ( ( 3, 2, 2, 2, 3 ),
 ( 0.6959459459459460540, 0.6981981981981981722, 0.7027027027027027417, 0.7072072072072072002, 0.7094594594594595405 ),
 .UNSPECIFIED. ) 
 CURVE ( )  GEOMETRIC_REPRESENTATION_ITEM ( )  RATIONAL_B_SPLINE_CURVE ( ( 0.9330127018922194093, 0.9330127018922226290, 1.000000000000000000, 0.8660254037844387076, 1.000000000000000000, 0.8660254037844387076, 1.000000000000000000, 0.9330127018922160786, 0.9330127018922194093 ) ) 
 REPRESENTATION_ITEM ( '' )  );
#5975 = CARTESIAN_POINT ( 'NONE',  ( 1.175240473580825951, 0.3149047358083528758, -5.852670900630748463 ) ) ;
#5976 = CARTESIAN_POINT ( 'NONE',  ( 0.8816504037844311581, 1.527063293868253568, -7.026041666666672292 ) ) ;
#5977 =( BOUNDED_CURVE ( )  B_SPLINE_CURVE ( 2, ( #3451, #5529, #2856, #3407, #2267, #874, #8130, #4854, #7353 ),
 .UNSPECIFIED., .F., .T. ) 
 B_SPLINE_CURVE_WITH_KNOTS ( ( 3, 2, 2, 2, 3 ),
 ( 0.2094594594594594850, 0.2117117117117117142, 0.2162162162162162282, 0.2207207207207207145, 0.2229729729729729992 ),
 .UNSPECIFIED. ) 
 CURVE ( )  GEOMETRIC_REPRESENTATION_ITEM ( )  RATIONAL_B_SPLINE_CURVE ( ( 0.9330127018922194093, 0.9330127018922201865, 1.000000000000000000, 0.8660254037844387076, 1.000000000000000000, 0.8660254037844387076, 1.000000000000000000, 0.9330127018922185211, 0.9330127018922194093 ) ) 
 REPRESENTATION_ITEM ( '' )  );
#5978 = ORIENTED_EDGE ( 'NONE', *, *, #281, .F. ) ;
#5979 = ORIENTED_EDGE ( 'NONE', *, *, #2694, .F. ) ;
#5980 = CARTESIAN_POINT ( 'NONE',  ( 1.299038105676655563, 0.7500000000000016653, -6.020833333333349024 ) ) ;
#5981 = CARTESIAN_POINT ( 'NONE',  ( -1.499999999999985345, -0.4019237886466967558, -2.352670900630748907 ) ) ;
#5982 = CARTESIAN_POINT ( 'NONE',  ( -1.499999999999982014, -9.067116327485578019E-15, 12.24264068711923237 ) ) ;
#5983 = CARTESIAN_POINT ( 'NONE',  ( -1.175240473580828615, -4.241462009623571877E-15, 5.374999999999968914 ) ) ;
#5984 = CARTESIAN_POINT ( 'NONE',  ( 1.017788105676649346, 0.5876202367904160839, -0.7708333333333533544 ) ) ;
#5985 = CARTESIAN_POINT ( 'NONE',  ( 1.017788105676659338, 0.5876202367903989865, 1.229166666666642316 ) ) ;
#5986 = CARTESIAN_POINT ( 'NONE',  ( 1.017788105676649346, 0.5876202367904160839, -4.333333333333345472 ) ) ;
#5987 = DIRECTION ( 'NONE',  ( 1.000000000000000000, 0.000000000000000000, 0.000000000000000000 ) ) ;
#5988 = LINE ( 'NONE', #6423, #2258 ) ;
#5989 = CARTESIAN_POINT ( 'NONE',  ( 1.763300807568860318, 4.051117844727701623E-15, 1.921874999999974021 ) ) ;
#5990 = CARTESIAN_POINT ( 'NONE',  ( 1.017788105676652455, 0.5876202367904108659, 6.229166666666631436 ) ) ;
#5991 = CARTESIAN_POINT ( 'NONE',  ( -1.175240473580823952, 1.612336585850056306E-14, 2.437499999999972466 ) ) ;
#5992 = CARTESIAN_POINT ( 'NONE',  ( -1.017788105676648902, 0.5876202367904169721, -7.104166666666672292 ) ) ;
#5993 = PERSON_AND_ORGANIZATION ( #2628, #6318 ) ;
#5994 = CARTESIAN_POINT ( 'NONE',  ( -1.460376587736486931, 4.561024215828087150E-15, 7.710376587736503140 ) ) ;
#5995 = VECTOR ( 'NONE', #658, 1000.000000000000000 ) ;
#5996 = CARTESIAN_POINT ( 'NONE',  ( 1.175240473580824840, -0.3149047358083499892, -4.834829099369271077 ) ) ;
#5997 = EDGE_LOOP ( 'NONE', ( #2880, #1484, #8282, #4191 ) ) ;
#5998 = EDGE_CURVE ( 'NONE', #1940, #5250, #8339, .T. ) ;
#5999 = EDGE_CURVE ( 'NONE', #4585, #1497, #2513, .T. ) ;
#6000 = CARTESIAN_POINT ( 'NONE',  ( 1.763300807568860318, 4.051117844727701623E-15, -8.078125000000005329 ) ) ;
#6001 = CARTESIAN_POINT ( 'NONE',  ( 1.017788105676633359, -0.5876202367904350687, 7.083333333333295734 ) ) ;
#6002 = CARTESIAN_POINT ( 'NONE',  ( 1.763300807568860762, 4.051117844727701623E-15, 2.390624999999974243 ) ) ;
#6003 = EDGE_LOOP ( 'NONE', ( #2047, #5710, #5290, #4572 ) ) ;
#6004 = CARTESIAN_POINT ( 'NONE',  ( 1.017788105676649346, 0.5876202367904160839, 7.229166666666630547 ) ) ;
#6005 = EDGE_CURVE ( 'NONE', #4920, #6770, #5100, .T. ) ;
#6006 = CARTESIAN_POINT ( 'NONE',  ( -1.175240473580825062, 4.518956396636091433E-15, -8.000000000000000000 ) ) ;
#6007 = ORIENTED_EDGE ( 'NONE', *, *, #2035, .F. ) ;
#6008 = EDGE_LOOP ( 'NONE', ( #335, #6556 ) ) ;
#6009 = LINE ( 'NONE', #4106, #1251 ) ;
#6010 = CARTESIAN_POINT ( 'NONE',  ( 1.175240473580825062, 4.375030948216173530E-15, -8.000000000000000000 ) ) ;
#6011 = CARTESIAN_POINT ( 'NONE',  ( 1.357050807568865203, 4.125744759050742171E-15, 4.624999999999968026 ) ) ;
#6012 = CARTESIAN_POINT ( 'NONE',  ( -1.500000000000000888, 0.4019237886466782705, 7.602670900630709383 ) ) ;
#6013 = B_SPLINE_CURVE_WITH_KNOTS ( 'NONE', 3,
 ( #3575, #3658, #3025, #5614, #4811, #1000, #4939, #8129, #918, #7519 ),
 .UNSPECIFIED., .F., .F.,
 ( 4, 2, 2, 2, 4 ),
 ( 3.225168896593828952E-17, 0.0007727461417750532222, 0.001545492283550074352, 0.002318238425325094398, 0.003090984567100115311 ),
 .UNSPECIFIED. ) ;
#6014 = CARTESIAN_POINT ( 'NONE',  ( -1.499999999999996225, 4.561024215828087150E-15, 6.187499999999958256 ) ) ;
#6015 = CARTESIAN_POINT ( 'NONE',  ( -1.322475605676645349, -0.7635316469341199008, 8.213541666666626995 ) ) ;
#6016 = CARTESIAN_POINT ( 'NONE',  ( -1.499999999999982014, -9.067116327485578019E-15, 12.24264068711923237 ) ) ;
#6017 = LINE ( 'NONE', #6568, #6187 ) ;
#6018 = CARTESIAN_POINT ( 'NONE',  ( -1.322475605676645793, -0.7635316469341201229, -4.317708333333345472 ) ) ;
#6019 = ORIENTED_EDGE ( 'NONE', *, *, #8299, .T. ) ;
#6020 = EDGE_CURVE ( 'NONE', #3351, #3463, #5886, .T. ) ;
#6021 =( BOUNDED_CURVE ( )  B_SPLINE_CURVE ( 2, ( #610, #5061, #2512, #448, #489, #5018, #5142, #3067, #3190 ),
 .UNSPECIFIED., .F., .T. ) 
 B_SPLINE_CURVE_WITH_KNOTS ( ( 3, 2, 2, 2, 3 ),
 ( 0.4121621621621621712, 0.4144144144144144004, 0.4189189189189189144, 0.4234234234234234284, 0.4256756756756757132 ),
 .UNSPECIFIED. ) 
 CURVE ( )  GEOMETRIC_REPRESENTATION_ITEM ( )  RATIONAL_B_SPLINE_CURVE ( ( 0.9330127018922194093, 0.9330127018922201865, 1.000000000000000000, 0.8660254037844387076, 1.000000000000000000, 0.8660254037844387076, 1.000000000000000000, 0.9330127018922185211, 0.9330127018922194093 ) ) 
 REPRESENTATION_ITEM ( '' )  );
#6022 = CARTESIAN_POINT ( 'NONE',  ( 1.299038105676654675, 0.7500000000000013323, 1.916666666666646757 ) ) ;
#6023 = CARTESIAN_POINT ( 'NONE',  ( 1.299038105676655563, 0.7500000000000016653, -2.020833333333357018 ) ) ;
#6024 = CARTESIAN_POINT ( 'NONE',  ( -1.017788105676657784, -0.5876202367903932133, 2.479166666666639873 ) ) ;
#6025 = CARTESIAN_POINT ( 'NONE',  ( 0.8660254037844371533, 1.500000000000000222, 0.5208333333333046156 ) ) ;
#6026 =( BOUNDED_CURVE ( )  B_SPLINE_CURVE ( 2, ( #7875, #2782, #5364, #123, #4570, #6509, #7232, #4057, #3925 ),
 .UNSPECIFIED., .F., .F. ) 
 B_SPLINE_CURVE_WITH_KNOTS ( ( 3, 2, 2, 2, 3 ),
 ( 0.7905405405405406816, 0.7927927927927927998, 0.7972972972972972583, 0.8018018018018018278, 0.8040540540540541681 ),
 .UNSPECIFIED. ) 
 CURVE ( )  GEOMETRIC_REPRESENTATION_ITEM ( )  RATIONAL_B_SPLINE_CURVE ( ( 0.9330127018922194093, 0.9330127018922226290, 1.000000000000000000, 0.8660254037844387076, 1.000000000000000000, 0.8660254037844387076, 1.000000000000000000, 0.9330127018922160786, 0.9330127018922194093 ) ) 
 REPRESENTATION_ITEM ( '' )  );
#6027 = AXIS2_PLACEMENT_3D ( 'NONE', #4846, #6150, #6872 ) ;
#6028 = VECTOR ( 'NONE', #765, 1000.000000000000000 ) ;
#6029 = CARTESIAN_POINT ( 'NONE',  ( 1.017788105676648902, -0.5876202367904087565, -1.354166666666684948 ) ) ;
#6030 = CARTESIAN_POINT ( 'NONE',  ( -1.836970198721025250E-16, -1.499999999999991784, -0.1875000000000271172 ) ) ;
#6031 = CARTESIAN_POINT ( 'NONE',  ( -1.017788105676648902, 0.5876202367904169721, -4.166666666666679397 ) ) ;
#6032 = AXIS2_PLACEMENT_3D ( 'NONE', #625, #2525, #5114 ) ;
#6033 = DIRECTION ( 'NONE',  ( 0.000000000000000000, 0.000000000000000000, -1.000000000000000000 ) ) ;
#6034 = CARTESIAN_POINT ( 'NONE',  ( 0.8816504037844310471, 1.527063293868253124, 1.005208333333309279 ) ) ;
#6035 = DIRECTION ( 'NONE',  ( 1.000000000000000000, 0.000000000000000000, 0.000000000000000000 ) ) ;
#6036 = CARTESIAN_POINT ( 'NONE',  ( 1.763300807568860762, 4.051117844727701623E-15, 9.390624999999960920 ) ) ;
#6037 = AXIS2_PLACEMENT_3D ( 'NONE', #6636, #164, #7918 ) ;
#6038 = PERSON_AND_ORGANIZATION ( #2628, #6318 ) ;
#6039 = CARTESIAN_POINT ( 'NONE',  ( 1.499999999999995559, 3.747593145489319422E-15, 1.874999999999980682 ) ) ;
#6040 = CARTESIAN_POINT ( 'NONE',  ( 0.000000000000000000, 1.500000000000000666, 0.06249999999997137706 ) ) ;
#6041 = ORIENTED_EDGE ( 'NONE', *, *, #5182, .T. ) ;
#6042 = CARTESIAN_POINT ( 'NONE',  ( 1.763300807568860318, 4.051117844727701623E-15, -7.078125000000007994 ) ) ;
#6043 = VECTOR ( 'NONE', #6033, 1000.000000000000000 ) ;
#6044 = CARTESIAN_POINT ( 'NONE',  ( -1.299038105676654675, 0.7500000000000027756, 2.645833333333299731 ) ) ;
#6045 = CARTESIAN_POINT ( 'NONE',  ( 1.017788105676646682, -0.5876202367904121981, 4.645833333333301951 ) ) ;
#6046 = CARTESIAN_POINT ( 'NONE',  ( -1.322475605676645571, 0.7635316469341293377, 2.098958333333308612 ) ) ;
#6047 = VERTEX_POINT ( 'NONE', #7600 ) ;
#6048 = CARTESIAN_POINT ( 'NONE',  ( -1.017788105676648902, 0.5876202367904169721, 7.395833333333295734 ) ) ;
#6049 = EDGE_CURVE ( 'NONE', #3293, #911, #1334, .T. ) ;
#6050 = CIRCLE ( 'NONE', #5515, 1.175240473580825062 ) ;
#6051 = CARTESIAN_POINT ( 'NONE',  ( -1.175240473580823952, 1.612336585850056306E-14, 2.437499999999972911 ) ) ;
#6052 = VERTEX_POINT ( 'NONE', #5773 ) ;
#6053 = VERTEX_POINT ( 'NONE', #1253 ) ;
#6054 = CARTESIAN_POINT ( 'NONE',  ( 1.175240473580826395, 1.278248824818062868E-15, 0.1249999999999785866 ) ) ;
#6055 = CARTESIAN_POINT ( 'NONE',  ( 1.357050807568865203, 4.125744759050742171E-15, 2.124999999999973799 ) ) ;
#6056 = DIRECTION ( 'NONE',  ( 0.000000000000000000, 0.000000000000000000, -1.000000000000000000 ) ) ;
#6057 = CARTESIAN_POINT ( 'NONE',  ( -0.8816504037844307140, -1.527063293868244465, 7.755208333333293069 ) ) ;
#6058 = EDGE_CURVE ( 'NONE', #1497, #1051, #1567, .T. ) ;
#6059 = DIRECTION ( 'NONE',  ( -1.000000000000000000, -6.982962677686266711E-15, -5.258918902348964693E-30 ) ) ;
#6060 = CARTESIAN_POINT ( 'NONE',  ( -1.763300807568860762, 4.483001982712331095E-15, -5.859375000000008882 ) ) ;
#6061 = ORIENTED_EDGE ( 'NONE', *, *, #3367, .T. ) ;
#6062 = EDGE_CURVE ( 'NONE', #6743, #5583, #6364, .T. ) ;
#6063 = LINE ( 'NONE', #4163, #2321 ) ;
#6064 = CARTESIAN_POINT ( 'NONE',  ( 1.499999999999996669, -8.599128457866967490E-15, -6.562500000000015099 ) ) ;
#6065 = CARTESIAN_POINT ( 'NONE',  ( -1.299038105676654453, -0.7499999999999933387, -6.833333333333334814 ) ) ;
#6066 = DIRECTION ( 'NONE',  ( 0.000000000000000000, 0.000000000000000000, -1.000000000000000000 ) ) ;
#6067 = CARTESIAN_POINT ( 'NONE',  ( -1.175240473580825951, 0.3149047358083588155, -5.147329099369269301 ) ) ;
#6068 = ADVANCED_FACE ( 'NONE', ( #1926 ), #7084, .T. ) ;
#6069 = CARTESIAN_POINT ( 'NONE',  ( 1.175240473580824396, -2.295037662741521937E-15, -1.375000000000018208 ) ) ;
#6070 = ORIENTED_EDGE ( 'NONE', *, *, #3893, .T. ) ;
#6071 = CARTESIAN_POINT ( 'NONE',  ( -1.017788105676648902, -0.5876202367904079793, -1.020833333333352799 ) ) ;
#6072 =( BOUNDED_CURVE ( )  B_SPLINE_CURVE ( 2, ( #1572, #4789, #214, #975, #3592, #2160, #2791, #6691, #4151 ),
 .UNSPECIFIED., .F., .F. ) 
 B_SPLINE_CURVE_WITH_KNOTS ( ( 3, 2, 2, 2, 3 ),
 ( 0.07432432432432428682, 0.07657657657657657158, 0.08108108108108108558, 0.08558558558558558571, 0.08783783783783787047 ),
 .UNSPECIFIED. ) 
 CURVE ( )  GEOMETRIC_REPRESENTATION_ITEM ( )  RATIONAL_B_SPLINE_CURVE ( ( 0.9330127018922194093, 0.9330127018922182991, 1.000000000000000000, 0.8660254037844387076, 1.000000000000000000, 0.8660254037844387076, 1.000000000000000000, 0.9330127018922182991, 0.9330127018922192983 ) ) 
 REPRESENTATION_ITEM ( '' )  );
#6073 = CARTESIAN_POINT ( 'NONE',  ( -1.175240473580824396, 7.030368536499346268E-15, -1.062500000000018430 ) ) ;
#6074 = CARTESIAN_POINT ( 'NONE',  ( 1.357050807568865203, 4.125744759050742171E-15, -3.375000000000014655 ) ) ;
#6075 = CARTESIAN_POINT ( 'NONE',  ( 1.420878312579585412, -0.3508570252699366732, -7.672258417285702237 ) ) ;
#6076 = DIRECTION ( 'NONE',  ( 0.000000000000000000, 7.531071187239187305E-16, -1.000000000000000000 ) ) ;
#6077 = CARTESIAN_POINT ( 'NONE',  ( -1.870113174931165379E-16, -1.527063293868244687, 0.2968749999999776845 ) ) ;
#6078 = CARTESIAN_POINT ( 'NONE',  ( -1.836970198721025250E-16, -1.499999999999991784, -4.687500000000017764 ) ) ;
#6079 = DIRECTION ( 'NONE',  ( -0.000000000000000000, -0.000000000000000000, 1.000000000000000000 ) ) ;
#6080 = CARTESIAN_POINT ( 'NONE',  ( 1.322475605676645349, -0.7635316469341211221, 9.848958333333291293 ) ) ;
#6081 = CALENDAR_DATE ( 2026, 25, 6 ) ;
#6082 = CARTESIAN_POINT ( 'NONE',  ( 1.175240473580825062, 3.428030939284804149E-15, -6.875000000000006217 ) ) ;
#6083 = CARTESIAN_POINT ( 'NONE',  ( -1.836970198721024757E-16, -1.499999999999991562, -4.250000000000006217 ) ) ;
#6084 = ORIENTED_EDGE ( 'NONE', *, *, #2138, .T. ) ;
#6085 = CARTESIAN_POINT ( 'NONE',  ( 1.322475605676645127, -0.7635316469341209000, -6.619791666666674956 ) ) ;
#6086 = DIRECTION ( 'NONE',  ( 0.000000000000000000, 0.000000000000000000, -1.000000000000000000 ) ) ;
#6087 = CARTESIAN_POINT ( 'NONE',  ( -0.8816504037844302699, 1.527063293868253790, 1.557291666666642760 ) ) ;
#6088 = ORIENTED_EDGE ( 'NONE', *, *, #3270, .T. ) ;
#6089 = CARTESIAN_POINT ( 'NONE',  ( -1.017788105676648902, -0.5876202367904079793, 6.979166666666629659 ) ) ;
#6090 = DIRECTION ( 'NONE',  ( -1.000000000000000000, 0.000000000000000000, 0.000000000000000000 ) ) ;
#6091 = VERTEX_POINT ( 'NONE', #657 ) ;
#6092 = VERTEX_POINT ( 'NONE', #1962 ) ;
#6093 =( BOUNDED_CURVE ( )  B_SPLINE_CURVE ( 2, ( #5761, #6391, #5009, #600, #7590, #1793, #8362, #2541, #6519 ),
 .UNSPECIFIED., .F., .F. ) 
 B_SPLINE_CURVE_WITH_KNOTS ( ( 3, 2, 2, 2, 3 ),
 ( 0.6959459459459459429, 0.6981981981981981722, 0.7027027027027027417, 0.7072072072072072002, 0.7094594594594594295 ),
 .UNSPECIFIED. ) 
 CURVE ( )  GEOMETRIC_REPRESENTATION_ITEM ( )  RATIONAL_B_SPLINE_CURVE ( ( 0.9330127018922194093, 0.9330127018922194093, 1.000000000000000000, 0.8660254037844387076, 1.000000000000000000, 0.8660254037844387076, 1.000000000000000000, 0.9330127018922194093, 0.9330127018922194093 ) ) 
 REPRESENTATION_ITEM ( '' )  );
#6094 = CARTESIAN_POINT ( 'NONE',  ( 1.499999999999996447, -6.042630808230842937E-15, -1.062500000000026645 ) ) ;
#6095 = CYLINDRICAL_SURFACE ( 'NONE', #6446, 1.175240473580825062 ) ;
#6096 = CARTESIAN_POINT ( 'NONE',  ( 0.000000000000000000, 1.175240473580829503, 4.249999999999968914 ) ) ;
#6097 = CARTESIAN_POINT ( 'NONE',  ( -1.299038105676654453, -0.7499999999999933387, 5.666666666666640317 ) ) ;
#6098 = CARTESIAN_POINT ( 'NONE',  ( -8.061280013708353774E-15, -1.175240473580820844, -1.500000000000018652 ) ) ;
#6099 = CARTESIAN_POINT ( 'NONE',  ( 1.322475605676645127, -0.7635316469341209000, 7.380208333333295734 ) ) ;
#6100 = CARTESIAN_POINT ( 'NONE',  ( -0.6785254037844123953, 1.175240473580840828, 3.791666666666637209 ) ) ;
#6101 = CARTESIAN_POINT ( 'NONE',  ( -0.8816504037844309360, -1.527063293868244909, -4.776041666666676733 ) ) ;
#6102 = ORIENTED_EDGE ( 'NONE', *, *, #423, .T. ) ;
#6103 = CARTESIAN_POINT ( 'NONE',  ( 0.8660254037844357100, -1.499999999999991562, -5.708333333333334814 ) ) ;
#6104 = ORIENTED_EDGE ( 'NONE', *, *, #5345, .T. ) ;
#6105 = CARTESIAN_POINT ( 'NONE',  ( 0.8660254037844371533, 1.500000000000000222, -2.979166666666688279 ) ) ;
#6106 = CARTESIAN_POINT ( 'NONE',  ( -1.017788105676652899, -0.5876202367904013180, 0.9791666666666438701 ) ) ;
#6107 = ADVANCED_FACE ( 'NONE', ( #3947 ), #6616, .F. ) ;
#6108 = CARTESIAN_POINT ( 'NONE',  ( -1.204068081879192231, 0.6314671517709188331, -7.768381843563743949 ) ) ;
#6109 = EDGE_CURVE ( 'NONE', #7555, #4868, #2763, .T. ) ;
#6110 = CARTESIAN_POINT ( 'NONE',  ( -1.836970198721024757E-16, -1.499999999999991562, 7.749999999999967137 ) ) ;
#6111 = VERTEX_POINT ( 'NONE', #784 ) ;
#6112 = CARTESIAN_POINT ( 'NONE',  ( 1.017788105676649346, 0.5876202367904160839, 3.229166666666638985 ) ) ;
#6113 = EDGE_CURVE ( 'NONE', #3265, #1237, #2629, .T. ) ;
#6114 = ORIENTED_EDGE ( 'NONE', *, *, #423, .F. ) ;
#6115 = CARTESIAN_POINT ( 'NONE',  ( 1.499999999999995781, -6.071681917885798082E-15, -5.125000000000004441 ) ) ;
#6116 = CARTESIAN_POINT ( 'NONE',  ( -0.8660254037844369313, -1.499999999999991562, -2.729166666666687835 ) ) ;
#6117 = CARTESIAN_POINT ( 'NONE',  ( 0.000000000000000000, 1.527063293868253568, 4.546874999999968026 ) ) ;
#6118 = CARTESIAN_POINT ( 'NONE',  ( 1.299038105676654009, -0.7499999999999942268, -1.666666666666678953 ) ) ;
#6119 = CARTESIAN_POINT ( 'NONE',  ( 0.8660254037844368202, 1.499999999999999334, 2.458333333333312609 ) ) ;
#6120 = CARTESIAN_POINT ( 'NONE',  ( 1.322475605676645349, -0.7635316469341211221, 9.348958333333294846 ) ) ;
#6121 = DIRECTION ( 'NONE',  ( 1.000000000000000000, 0.000000000000000000, 0.000000000000000000 ) ) ;
#6122 = CARTESIAN_POINT ( 'NONE',  ( 1.299038105676654009, -0.7499999999999942268, 1.333333333333315274 ) ) ;
#6123 = EDGE_CURVE ( 'NONE', #4733, #2825, #2126, .T. ) ;
#6124 = FACE_OUTER_BOUND ( 'NONE', #7965, .T. ) ;
#6125 = ORIENTED_EDGE ( 'NONE', *, *, #5650, .F. ) ;
#6126 = CARTESIAN_POINT ( 'NONE',  ( 0.8816504037844296038, -1.527063293868245131, -7.161458333333340143 ) ) ;
#6127 = LINE ( 'NONE', #1053, #1588 ) ;
#6128 = CARTESIAN_POINT ( 'NONE',  ( -1.299038105676654231, 0.7500000000000025535, 7.083333333333303727 ) ) ;
#6129 = CARTESIAN_POINT ( 'NONE',  ( 0.000000000000000000, 1.527063293868253790, 3.515624999999972022 ) ) ;
#6130 = ORIENTED_EDGE ( 'NONE', *, *, #7764, .F. ) ;
#6131 = AXIS2_PLACEMENT_3D ( 'NONE', #4928, #6790, #1033 ) ;
#6132 = CARTESIAN_POINT ( 'NONE',  ( 0.6785254037844321573, -1.175240473580821066, 8.604166666666626995 ) ) ;
#6133 = DIRECTION ( 'NONE',  ( -0.000000000000000000, -7.531071187239187305E-16, 1.000000000000000000 ) ) ;
#6134 = ORIENTED_EDGE ( 'NONE', *, *, #7733, .F. ) ;
#6135 = ORIENTED_EDGE ( 'NONE', *, *, #4717, .T. ) ;
#6136 = CARTESIAN_POINT ( 'NONE',  ( -1.299038105676654897, -0.7499999999999935607, -1.270833333333359239 ) ) ;
#6137 = CARTESIAN_POINT ( 'NONE',  ( -1.836970198721025250E-16, -1.499999999999991784, -3.687500000000020428 ) ) ;
#6138 = CARTESIAN_POINT ( 'NONE',  ( 0.6785254037844321573, -1.175240473580821066, 3.541666666666637209 ) ) ;
#6139 = DIRECTION ( 'NONE',  ( 0.000000000000000000, 0.000000000000000000, 1.000000000000000000 ) ) ;
#6140 = CARTESIAN_POINT ( 'NONE',  ( -1.175240473580826395, 1.118467721715805113E-14, -1.625000000000017542 ) ) ;
#6141 = CARTESIAN_POINT ( 'NONE',  ( -1.322475605676645127, 0.7635316469341291157, 9.630208333333291293 ) ) ;
#6142 = FACE_OUTER_BOUND ( 'NONE', #4823, .T. ) ;
#6143 = CARTESIAN_POINT ( 'NONE',  ( -1.763300807568860762, 4.483001982712331095E-15, -6.359375000000007105 ) ) ;
#6144 = VERTEX_POINT ( 'NONE', #5943 ) ;
#6145 =( BOUNDED_CURVE ( )  B_SPLINE_CURVE ( 2, ( #239, #3245, #7787, #3403, #4084, #2814, #1983, #4725, #5830 ),
 .UNSPECIFIED., .F., .F. ) 
 B_SPLINE_CURVE_WITH_KNOTS ( ( 3, 2, 2, 2, 3 ),
 ( 0.1959459459459459707, 0.1981981981981981999, 0.2027027027027027140, 0.2072072072072072002, 0.2094594594594594850 ),
 .UNSPECIFIED. ) 
 CURVE ( )  GEOMETRIC_REPRESENTATION_ITEM ( )  RATIONAL_B_SPLINE_CURVE ( ( 0.9330127018922194093, 0.9330127018922201865, 1.000000000000000000, 0.8660254037844387076, 1.000000000000000000, 0.8660254037844387076, 1.000000000000000000, 0.9330127018922185211, 0.9330127018922194093 ) ) 
 REPRESENTATION_ITEM ( '' )  );
#6146 = CARTESIAN_POINT ( 'NONE',  ( 0.8660254037844371533, 1.500000000000000222, 5.520833333333293069 ) ) ;
#6147 = ORIENTED_EDGE ( 'NONE', *, *, #3377, .F. ) ;
#6148 = DIRECTION ( 'NONE',  ( -0.000000000000000000, -0.000000000000000000, 1.000000000000000000 ) ) ;
#6149 = CARTESIAN_POINT ( 'NONE',  ( 0.6785254037844309360, -1.175240473580821732, -6.458333333333340143 ) ) ;
#6150 = DIRECTION ( 'NONE',  ( -0.000000000000000000, -0.000000000000000000, 1.000000000000000000 ) ) ;
#6151 = ORIENTED_EDGE ( 'NONE', *, *, #4516, .F. ) ;
#6152 = CARTESIAN_POINT ( 'NONE',  ( -0.6785254037844329345, -1.175240473580820622, 1.520833333333308390 ) ) ;
#6153 = EDGE_CURVE ( 'NONE', #5370, #6234, #5504, .T. ) ;
#6154 = EDGE_CURVE ( 'NONE', #6900, #3339, #6759, .T. ) ;
#6155 = VERTEX_POINT ( 'NONE', #6576 ) ;
#6156 = CARTESIAN_POINT ( 'NONE',  ( -1.017788105676646015, 0.5876202367904218571, -0.6041666666666868357 ) ) ;
#6157 = CARTESIAN_POINT ( 'NONE',  ( -1.499999999999995781, -0.4019237886466783261, 3.647329099369237770 ) ) ;
#6158 = CARTESIAN_POINT ( 'NONE',  ( 1.763300807568860318, 4.051117844727701623E-15, 3.921874999999968914 ) ) ;
#6159 = VECTOR ( 'NONE', #4963, 1000.000000000000000 ) ;
#6160 = DIRECTION ( 'NONE',  ( -0.000000000000000000, -0.000000000000000000, 1.000000000000000000 ) ) ;
#6161 = FACE_OUTER_BOUND ( 'NONE', #7206, .T. ) ;
#6162 = EDGE_CURVE ( 'NONE', #1197, #4841, #635, .T. ) ;
#6163 = CARTESIAN_POINT ( 'NONE',  ( -0.6785254037844329345, -1.175240473580820622, -6.979166666666673180 ) ) ;
#6164 = EDGE_CURVE ( 'NONE', #4877, #6173, #7900, .T. ) ;
#6165 = DIRECTION ( 'NONE',  ( 1.000000000000000000, 0.000000000000000000, 0.000000000000000000 ) ) ;
#6166 = ORIENTED_EDGE ( 'NONE', *, *, #7513, .F. ) ;
#6167 = CARTESIAN_POINT ( 'NONE',  ( 0.000000000000000000, 1.527063293868253568, -3.953125000000013767 ) ) ;
#6168 = CARTESIAN_POINT ( 'NONE',  ( 1.017788105676648014, -0.5876202367904100887, -6.916666666666673180 ) ) ;
#6169 = EDGE_CURVE ( 'NONE', #2825, #5568, #6852, .T. ) ;
#6170 = VECTOR ( 'NONE', #2336, 1000.000000000000000 ) ;
#6171 = CARTESIAN_POINT ( 'NONE',  ( -1.017788105676652899, -0.5876202367904013180, 0.9166666666666437591 ) ) ;
#6172 = CARTESIAN_POINT ( 'NONE',  ( -1.870113174931165872E-16, -1.527063293868245131, 6.265624999999965361 ) ) ;
#6173 = VERTEX_POINT ( 'NONE', #7256 ) ;
#6174 = CARTESIAN_POINT ( 'NONE',  ( -1.017788105676648902, 0.5876202367904169721, 8.895833333333293069 ) ) ;
#6175 = CARTESIAN_POINT ( 'NONE',  ( 1.499999999999999112, 0.4019237886466822118, -5.540170900630756456 ) ) ;
#6176 = ORIENTED_EDGE ( 'NONE', *, *, #1397, .T. ) ;
#6177 = ORIENTED_EDGE ( 'NONE', *, *, #4248, .T. ) ;
#6178 = CARTESIAN_POINT ( 'NONE',  ( 0.000000000000000000, -9.067116327485578019E-15, 12.24264068711923237 ) ) ;
#6179 = CARTESIAN_POINT ( 'NONE',  ( -1.175240473580824396, 7.611390729598465736E-15, -0.06250000000002078893 ) ) ;
#6180 = CARTESIAN_POINT ( 'NONE',  ( 0.000000000000000000, 1.175240473580829503, 6.249999999999965361 ) ) ;
#6181 = CARTESIAN_POINT ( 'NONE',  ( 1.499999999999982014, -8.883419307613476875E-15, 12.24264068711923237 ) ) ;
#6182 = CYLINDRICAL_SURFACE ( 'NONE', #2520, 1.499999999999982014 ) ;
#6183 = CARTESIAN_POINT ( 'NONE',  ( 1.322475605676645127, -0.7635316469341209000, 9.380208333333291293 ) ) ;
#6184 = CARTESIAN_POINT ( 'NONE',  ( 1.499999999999996891, -8.599128457866967490E-15, -7.062500000000015099 ) ) ;
#6185 = CARTESIAN_POINT ( 'NONE',  ( 0.8816504037844299368, -1.527063293868245353, -1.692708333333350579 ) ) ;
#6186 = VERTEX_POINT ( 'NONE', #187 ) ;
#6187 = VECTOR ( 'NONE', #7937, 1000.000000000000000 ) ;
#6188 = DIRECTION ( 'NONE',  ( 0.000000000000000000, 0.000000000000000000, -1.000000000000000000 ) ) ;
#6189 = CARTESIAN_POINT ( 'NONE',  ( 1.299038105676654675, 0.7500000000000013323, 5.916666666666637653 ) ) ;
#6190 = CC_DESIGN_APPROVAL ( #4675, ( #6867 ) ) ;
#6191 = CYLINDRICAL_SURFACE ( 'NONE', #8223, 1.175240473580825062 ) ;
#6192 = CARTESIAN_POINT ( 'NONE',  ( -1.036408718842703706E-14, -1.175240473580820844, 2.562499999999972911 ) ) ;
#6193 = CARTESIAN_POINT ( 'NONE',  ( 1.175240473580825284, 6.362193014435358999E-15, -5.375000000000009770 ) ) ;
#6194 = CARTESIAN_POINT ( 'NONE',  ( 0.6785254037844422603, 1.175240473580823730, 2.770833333333305948 ) ) ;
#6195 = VERTEX_POINT ( 'NONE', #2133 ) ;
#6196 = CARTESIAN_POINT ( 'NONE',  ( -0.6785254037844324904, 1.175240473580829281, 2.854166666666638541 ) ) ;
#6197 =( BOUNDED_CURVE ( )  B_SPLINE_CURVE ( 2, ( #5001, #4401, #3042, #4362, #4445, #6860, #6948, #6343, #514 ),
 .UNSPECIFIED., .F., .F. ) 
 B_SPLINE_CURVE_WITH_KNOTS ( ( 3, 2, 2, 2, 3 ),
 ( 0.4391891891891891997, 0.4414414414414414289, 0.4459459459459459429, 0.4504504504504504570, 0.4527027027027027417 ),
 .UNSPECIFIED. ) 
 CURVE ( )  GEOMETRIC_REPRESENTATION_ITEM ( )  RATIONAL_B_SPLINE_CURVE ( ( 0.9330127018922194093, 0.9330127018922201865, 1.000000000000000000, 0.8660254037844387076, 1.000000000000000000, 0.8660254037844387076, 1.000000000000000000, 0.9330127018922185211, 0.9330127018922194093 ) ) 
 REPRESENTATION_ITEM ( '' )  );
#6198 = ORIENTED_EDGE ( 'NONE', *, *, #1725, .T. ) ;
#6199 = CARTESIAN_POINT ( 'NONE',  ( 0.1759092833274119860, -1.229189442694174295, -7.895810557305795285 ) ) ;
#6200 = CARTESIAN_POINT ( 'NONE',  ( 0.000000000000000000, -1.124999999999972022, -7.999999999999998224 ) ) ;
#6201 = CARTESIAN_POINT ( 'NONE',  ( -1.322475605676645127, 0.7635316469341291157, 2.630208333333305504 ) ) ;
#6202 = CARTESIAN_POINT ( 'NONE',  ( 1.499999999999996447, -6.042630808230842937E-15, -1.062500000000026645 ) ) ;
#6203 = CARTESIAN_POINT ( 'NONE',  ( -1.299038105676654897, -0.7499999999999935607, 6.229166666666625218 ) ) ;
#6204 = CARTESIAN_POINT ( 'NONE',  ( 0.000000000000000000, 1.175240473580829503, -6.187500000000007994 ) ) ;
#6205 = DIRECTION ( 'NONE',  ( -0.000000000000000000, -0.000000000000000000, 1.000000000000000000 ) ) ;
#6206 = EDGE_LOOP ( 'NONE', ( #302, #569, #3571, #2703 ) ) ;
#6207 = CARTESIAN_POINT ( 'NONE',  ( 0.000000000000000000, 1.527063293868253568, -5.953125000000009770 ) ) ;
#6208 = ADVANCED_FACE ( 'NONE', ( #4718 ), #317, .T. ) ;
#6209 = CARTESIAN_POINT ( 'NONE',  ( 0.000000000000000000, -9.067116327485578019E-15, 12.24264068711923237 ) ) ;
#6210 = CARTESIAN_POINT ( 'NONE',  ( -1.322475605676645793, -0.7635316469341201229, 4.682291666666634988 ) ) ;
#6211 = CARTESIAN_POINT ( 'NONE',  ( -0.6785254037844329345, -1.175240473580820622, 10.02083333333329129 ) ) ;
#6212 = CARTESIAN_POINT ( 'NONE',  ( -1.499999999999982014, -9.067116327485578019E-15, 12.24264068711923237 ) ) ;
#6213 = EDGE_CURVE ( 'NONE', #6155, #8335, #4628, .T. ) ;
#6214 = ORIENTED_EDGE ( 'NONE', *, *, #879, .F. ) ;
#6215 = VERTEX_POINT ( 'NONE', #2846 ) ;
#6216 = CARTESIAN_POINT ( 'NONE',  ( 1.499999999999995781, -6.071681917885798082E-15, -1.625000000000012212 ) ) ;
#6217 = CARTESIAN_POINT ( 'NONE',  ( 0.6892176704427538381, -0.9519291851245749170, -7.949759526419174271 ) ) ;
#6218 = CARTESIAN_POINT ( 'NONE',  ( 1.357050807568865203, 4.125744759050742171E-15, 6.624999999999964473 ) ) ;
#6219 = CARTESIAN_POINT ( 'NONE',  ( -1.175240473580825284, -0.3149047358083421067, -0.04017090063076100143 ) ) ;
#6220 = CARTESIAN_POINT ( 'NONE',  ( -0.6785254037844337116, -1.175240473580820177, -5.041666666666676733 ) ) ;
#6221 = DIRECTION ( 'NONE',  ( 1.000000000000000000, 0.000000000000000000, 0.000000000000000000 ) ) ;
#6222 = CARTESIAN_POINT ( 'NONE',  ( 1.499999999999992895, -0.4019237886466849874, -7.084829099369272853 ) ) ;
#6223 = CARTESIAN_POINT ( 'NONE',  ( -1.763300807568860762, 4.483001982712331095E-15, -3.359375000000013323 ) ) ;
#6224 = ORIENTED_EDGE ( 'NONE', *, *, #6892, .F. ) ;
#6225 = LINE ( 'NONE', #1547, #6159 ) ;
#6226 = EDGE_CURVE ( 'NONE', #3265, #6195, #4169, .T. ) ;
#6227 = EDGE_LOOP ( 'NONE', ( #924, #3164, #2208, #607 ) ) ;
#6228 = CARTESIAN_POINT ( 'NONE',  ( -0.6785254037844348218, -1.175240473580819733, -3.041666666666682062 ) ) ;
#6229 = CARTESIAN_POINT ( 'NONE',  ( -1.439254484199176806E-16, -1.175240473580820844, -3.000000000000014655 ) ) ;
#6230 = CARTESIAN_POINT ( 'NONE',  ( 1.017788105676648014, -0.5876202367904100887, -6.854166666666673180 ) ) ;
#6231 = CARTESIAN_POINT ( 'NONE',  ( -1.175240473580825507, -0.3149047358083454928, -6.602670900630747575 ) ) ;
#6232 = CYLINDRICAL_SURFACE ( 'NONE', #352, 1.499999999999982014 ) ;
#6233 = LINE ( 'NONE', #568, #5518 ) ;
#6234 = VERTEX_POINT ( 'NONE', #3648 ) ;
#6235 = CARTESIAN_POINT ( 'NONE',  ( -1.017788105676648902, 0.5876202367904169721, 2.895833333333305948 ) ) ;
#6236 = ORIENTED_EDGE ( 'NONE', *, *, #2587, .T. ) ;
#6237 = CARTESIAN_POINT ( 'NONE',  ( -1.499999999999995559, -5.258250847547031143E-15, -4.875000000000004441 ) ) ;
#6238 = LINE ( 'NONE', #8294, #856 ) ;
#6239 = CARTESIAN_POINT ( 'NONE',  ( 1.175240473580828615, 0.3149047358083477688, -0.8526709006307595651 ) ) ;
#6240 = CARTESIAN_POINT ( 'NONE',  ( 1.322475605676646015, 0.7635316469341278944, 3.963541666666635876 ) ) ;
#6241 = CARTESIAN_POINT ( 'NONE',  ( -1.175240473580824396, 7.611390729598465736E-15, -0.1250000000000208444 ) ) ;
#6242 =( BOUNDED_CURVE ( )  B_SPLINE_CURVE ( 2, ( #7161, #1451, #7202, #1366, #5175, #1326, #6485, #5297, #2042 ),
 .UNSPECIFIED., .F., .T. ) 
 B_SPLINE_CURVE_WITH_KNOTS ( ( 3, 2, 2, 2, 3 ),
 ( 0.6418918918918919969, 0.6441441441441441151, 0.6486486486486486847, 0.6531531531531531432, 0.6554054054054054834 ),
 .UNSPECIFIED. ) 
 CURVE ( )  GEOMETRIC_REPRESENTATION_ITEM ( )  RATIONAL_B_SPLINE_CURVE ( ( 0.9330127018922194093, 0.9330127018922226290, 1.000000000000000000, 0.8660254037844387076, 1.000000000000000000, 0.8660254037844387076, 1.000000000000000000, 0.9330127018922176330, 0.9330127018922192983 ) ) 
 REPRESENTATION_ITEM ( '' )  );
#6243 = CARTESIAN_POINT ( 'NONE',  ( 1.017788105676648902, -0.5876202367904087565, -4.854166666666677621 ) ) ;
#6244 =( BOUNDED_CURVE ( )  B_SPLINE_CURVE ( 2, ( #2277, #6808, #6171, #5539, #883, #3461, #5647, #4332, #5094 ),
 .UNSPECIFIED., .F., .F. ) 
 B_SPLINE_CURVE_WITH_KNOTS ( ( 3, 2, 2, 2, 3 ),
 ( 0.4932432432432432567, 0.4954954954954954860, 0.5000000000000000000, 0.5045045045045044585, 0.5067567567567567988 ),
 .UNSPECIFIED. ) 
 CURVE ( )  GEOMETRIC_REPRESENTATION_ITEM ( )  RATIONAL_B_SPLINE_CURVE ( ( 0.9330127018922194093, 0.9330127018922201865, 1.000000000000000000, 0.8660254037844387076, 1.000000000000000000, 0.8660254037844387076, 1.000000000000000000, 0.9330127018922176330, 0.9330127018922192983 ) ) 
 REPRESENTATION_ITEM ( '' )  );
#6245 = CARTESIAN_POINT ( 'NONE',  ( 1.499999999999992895, -0.4019237886466849874, -6.584829099369273742 ) ) ;
#6246 = CARTESIAN_POINT ( 'NONE',  ( 1.175240473580825062, 4.375030948216173530E-15, -8.000000000000000000 ) ) ;
#6247 = EDGE_LOOP ( 'NONE', ( #2967, #6613, #2652, #3653 ) ) ;
#6248 = CARTESIAN_POINT ( 'NONE',  ( -1.763300807568860318, 4.483001982712331095E-15, -5.828125000000009770 ) ) ;
#6249 = CARTESIAN_POINT ( 'NONE',  ( -1.299038105676654675, 0.7500000000000027756, 1.145833333333303505 ) ) ;
#6250 = CARTESIAN_POINT ( 'NONE',  ( -1.870113174931165872E-16, -1.527063293868245131, 5.265624999999968026 ) ) ;
#6251 = LINE ( 'NONE', #4903, #5780 ) ;
#6252 = AXIS2_PLACEMENT_3D ( 'NONE', #229, #1668, #3607 ) ;
#6253 = ADVANCED_FACE ( 'NONE', ( #1629 ), #4330, .T. ) ;
#6254 = LINE ( 'NONE', #461, #1845 ) ;
#6255 = ORIENTED_EDGE ( 'NONE', *, *, #4500, .F. ) ;
#6256 = ORIENTED_EDGE ( 'NONE', *, *, #1055, .F. ) ;
#6257 = CARTESIAN_POINT ( 'NONE',  ( -1.175240473580825062, 5.403506395821810812E-15, -6.562500000000007105 ) ) ;
#6258 = CARTESIAN_POINT ( 'NONE',  ( -0.6764706046374705517, -0.7641400526929539305, 9.511735735160803173 ) ) ;
#6259 = CARTESIAN_POINT ( 'NONE',  ( 0.6785254037844321573, -1.175240473580821066, 6.041666666666632324 ) ) ;
#6260 = CYLINDRICAL_SURFACE ( 'NONE', #5185, 1.175240473580825062 ) ;
#6261 = DIRECTION ( 'NONE',  ( 0.8660254037844385966, 0.4999999999999998890, 0.000000000000000000 ) ) ;
#6262 = CARTESIAN_POINT ( 'NONE',  ( 1.175240473580824840, -0.3149047358083503223, -4.397329099369272853 ) ) ;
#6263 = CARTESIAN_POINT ( 'NONE',  ( -1.870113174931165872E-16, -1.527063293868245131, -4.234375000000011546 ) ) ;
#6264 = ADVANCED_FACE ( 'NONE', ( #8032 ), #2379, .T. ) ;
#6265 = ORIENTED_EDGE ( 'NONE', *, *, #5951, .T. ) ;
#6266 = CARTESIAN_POINT ( 'NONE',  ( -1.499999999999996447, -5.258250847547031931E-15, -0.3125000000000270894 ) ) ;
#6267 = ORIENTED_EDGE ( 'NONE', *, *, #1674, .F. ) ;
#6268 = CARTESIAN_POINT ( 'NONE',  ( -1.017788105676651789, -0.5876202367904032053, -3.083333333333348580 ) ) ;
#6269 = CARTESIAN_POINT ( 'NONE',  ( 0.6785254037844321573, -1.175240473580821066, -1.458333333333351467 ) ) ;
#6270 = CARTESIAN_POINT ( 'NONE',  ( -1.175240473580822398, -0.3149047358083469361, -2.102670900630756012 ) ) ;
#6271 = CARTESIAN_POINT ( 'NONE',  ( -1.499999999999995559, -5.258250847547031143E-15, -3.875000000000006661 ) ) ;
#6272 = CARTESIAN_POINT ( 'NONE',  ( 0.6785254037844412611, 1.175240473580824396, 0.7708333333333108328 ) ) ;
#6273 = EDGE_CURVE ( 'NONE', #2700, #2821, #7626, .T. ) ;
#6274 = ORIENTED_EDGE ( 'NONE', *, *, #4867, .F. ) ;
#6275 = CARTESIAN_POINT ( 'NONE',  ( -0.6785254037844329345, -1.175240473580820622, 2.520833333333307724 ) ) ;
#6276 = VERTEX_POINT ( 'NONE', #1754 ) ;
#6277 = CARTESIAN_POINT ( 'NONE',  ( 1.175240473580824618, 6.885112988224566599E-15, -2.875000000000015099 ) ) ;
#6278 = FACE_OUTER_BOUND ( 'NONE', #5082, .T. ) ;
#6279 = CARTESIAN_POINT ( 'NONE',  ( 1.266834926533868262E-14, 1.175240473580829503, -0.7500000000000197620 ) ) ;
#6280 = CARTESIAN_POINT ( 'NONE',  ( -1.763300807568860318, 4.483001982712331095E-15, 2.171874999999972466 ) ) ;
#6281 = CARTESIAN_POINT ( 'NONE',  ( -1.187187058697566133, -0.9270653478921099255, 7.743262759430244557 ) ) ;
#6282 = CARTESIAN_POINT ( 'NONE',  ( -0.6785254037844324904, 1.175240473580829281, -4.645833333333344584 ) ) ;
#6283 = CARTESIAN_POINT ( 'NONE',  ( 1.175240473580825284, 0.3149047358083541526, -5.290170900630750239 ) ) ;
#6284 = CARTESIAN_POINT ( 'NONE',  ( -0.6785254037844324904, 1.175240473580829281, -7.708333333333338366 ) ) ;
#6285 = VECTOR ( 'NONE', #4642, 1000.000000000000000 ) ;
#6286 = ORIENTED_EDGE ( 'NONE', *, *, #2347, .T. ) ;
#6287 =( BOUNDED_CURVE ( )  B_SPLINE_CURVE ( 2, ( #3732, #3133, #6268, #6228, #7714, #6955, #1158, #1116, #7632 ),
 .UNSPECIFIED., .F., .T. ) 
 B_SPLINE_CURVE_WITH_KNOTS ( ( 3, 2, 2, 2, 3 ),
 ( 0.2770270270270270285, 0.2792792792792792578, 0.2837837837837837718, 0.2882882882882882858, 0.2905405405405405705 ),
 .UNSPECIFIED. ) 
 CURVE ( )  GEOMETRIC_REPRESENTATION_ITEM ( )  RATIONAL_B_SPLINE_CURVE ( ( 0.9330127018922194093, 0.9330127018922194093, 1.000000000000000000, 0.8660254037844387076, 1.000000000000000000, 0.8660254037844387076, 1.000000000000000000, 0.9330127018922185211, 0.9330127018922194093 ) ) 
 REPRESENTATION_ITEM ( '' )  );
#6288 = CARTESIAN_POINT ( 'NONE',  ( 1.763300807568860318, 4.051117844727701623E-15, -5.078125000000010658 ) ) ;
#6289 = CARTESIAN_POINT ( 'NONE',  ( 1.175240473580824174, 2.411242101361345672E-15, 5.124999999999968914 ) ) ;
#6290 =( BOUNDED_CURVE ( )  B_SPLINE_CURVE ( 2, ( #6949, #2533, #471, #5633, #5122, #4403, #7747, #1787, #6987 ),
 .UNSPECIFIED., .F., .F. ) 
 B_SPLINE_CURVE_WITH_KNOTS ( ( 3, 2, 2, 2, 3 ),
 ( 0.1824324324324324564, 0.1846846846846846857, 0.1891891891891891997, 0.1936936936936936859, 0.1959459459459459707 ),
 .UNSPECIFIED. ) 
 CURVE ( )  GEOMETRIC_REPRESENTATION_ITEM ( )  RATIONAL_B_SPLINE_CURVE ( ( 0.9330127018922194093, 0.9330127018922201865, 1.000000000000000000, 0.8660254037844387076, 1.000000000000000000, 0.8660254037844387076, 1.000000000000000000, 0.9330127018922185211, 0.9330127018922194093 ) ) 
 REPRESENTATION_ITEM ( '' )  );
#6291 = CARTESIAN_POINT ( 'NONE',  ( 1.322475605676645349, -0.7635316469341211221, 5.348958333333301063 ) ) ;
#6292 = DIRECTION ( 'NONE',  ( -0.000000000000000000, -0.000000000000000000, 1.000000000000000000 ) ) ;
#6293 = DIRECTION ( 'NONE',  ( -1.000000000000000000, 0.000000000000000000, 0.000000000000000000 ) ) ;
#6294 = VERTEX_POINT ( 'NONE', #1032 ) ;
#6295 = ORIENTED_EDGE ( 'NONE', *, *, #3006, .T. ) ;
#6296 = CARTESIAN_POINT ( 'NONE',  ( -0.8660254037844358210, 1.499999999999999778, -5.958333333333335702 ) ) ;
#6297 = CARTESIAN_POINT ( 'NONE',  ( 1.000000000000006217, -0.3984623138739214476, 9.560556022342144189 ) ) ;
#6298 = CARTESIAN_POINT ( 'NONE',  ( 1.357050807568865203, 4.125744759050742171E-15, 5.624999999999967137 ) ) ;
#6299 = CONICAL_SURFACE ( 'NONE', #2649, 1.124999999999982903, 0.7853981633974463916 ) ;
#6300 = DIRECTION ( 'NONE',  ( 0.000000000000000000, 0.000000000000000000, -1.000000000000000000 ) ) ;
#6301 = CARTESIAN_POINT ( 'NONE',  ( -1.499999999999995781, -0.4019237886466783261, -5.352670900630744022 ) ) ;
#6302 = FACE_OUTER_BOUND ( 'NONE', #2693, .T. ) ;
#6303 = CARTESIAN_POINT ( 'NONE',  ( 8.059825111515391496E-15, 1.175240473580829503, 5.749999999999967137 ) ) ;
#6304 = CARTESIAN_POINT ( 'NONE',  ( 0.000000000000000000, 1.527063293868253790, -2.484375000000015099 ) ) ;
#6305 = ORIENTED_EDGE ( 'NONE', *, *, #5047, .F. ) ;
#6306 = CARTESIAN_POINT ( 'NONE',  ( -0.8660254037844363761, -1.499999999999990674, -3.791666666666673624 ) ) ;
#6307 = VERTEX_POINT ( 'NONE', #4882 ) ;
#6308 = CARTESIAN_POINT ( 'NONE',  ( -1.299038105676654897, -0.7499999999999935607, 7.729166666666619889 ) ) ;
#6309 = CARTESIAN_POINT ( 'NONE',  ( -0.6785254037844021813, 1.175240473580846823, 7.291666666666628771 ) ) ;
#6310 = CARTESIAN_POINT ( 'NONE',  ( -0.6785254037844324904, 1.175240473580829281, -2.208333333333349913 ) ) ;
#6311 = DIRECTION ( 'NONE',  ( 1.000000000000000000, 0.000000000000000000, -0.000000000000000000 ) ) ;
#6312 = CARTESIAN_POINT ( 'NONE',  ( 0.000000000000000000, 4.375030948216173530E-15, -8.000000000000000000 ) ) ;
#6313 = CARTESIAN_POINT ( 'NONE',  ( -1.111300395342260883, -0.6976315211225618818, 7.559112142824745639 ) ) ;
#6314 = EDGE_CURVE ( 'NONE', #1918, #73, #363, .T. ) ;
#6315 = CARTESIAN_POINT ( 'NONE',  ( -1.175240473580823064, 0.3149047358083661985, 0.8526709006307160443 ) ) ;
#6316 = ORIENTED_EDGE ( 'NONE', *, *, #4933, .T. ) ;
#6317 = CARTESIAN_POINT ( 'NONE',  ( 0.6785254037844321573, -1.175240473580821066, 5.104166666666633212 ) ) ;
#6318 = ORGANIZATION ( 'UNSPECIFIED', 'UNSPECIFIED', '' ) ;
#6319 = EDGE_CURVE ( 'NONE', #4294, #6276, #3821, .T. ) ;
#6320 = ORIENTED_EDGE ( 'NONE', *, *, #1661, .F. ) ;
#6321 = CARTESIAN_POINT ( 'NONE',  ( -1.499999999999995559, -9.092997322001219156E-15, -7.374999999999997335 ) ) ;
#6322 = CARTESIAN_POINT ( 'NONE',  ( -1.299038105676654897, -0.7499999999999935607, 3.229166666666630992 ) ) ;
#6323 = CARTESIAN_POINT ( 'NONE',  ( 1.017788105676647570, -0.5876202367904106438, -5.854166666666675845 ) ) ;
#6324 = CYLINDRICAL_SURFACE ( 'NONE', #2350, 1.499999999999982014 ) ;
#6325 = CARTESIAN_POINT ( 'NONE',  ( 1.017788105676648902, -0.5876202367904087565, -2.854166666666682062 ) ) ;
#6326 = CARTESIAN_POINT ( 'NONE',  ( -1.175240473580825284, 2.730804307565861340E-15, -5.062500000000010658 ) ) ;
#6327 = CARTESIAN_POINT ( 'NONE',  ( -1.439254484199176806E-16, -1.175240473580820844, -8.000000000000003553 ) ) ;
#6328 = VECTOR ( 'NONE', #5845, 1000.000000000000000 ) ;
#6329 = CARTESIAN_POINT ( 'NONE',  ( 1.322475605676646015, 0.7635316469341278944, -4.036458333333346360 ) ) ;
#6330 = DIRECTION ( 'NONE',  ( -1.000000000000000000, 0.000000000000000000, 0.000000000000000000 ) ) ;
#6331 = CARTESIAN_POINT ( 'NONE',  ( 0.8816504037844311581, 1.527063293868253568, 4.473958333333303727 ) ) ;
#6332 = CARTESIAN_POINT ( 'NONE',  ( -1.017788105676648902, -0.5876202367904079793, 9.979166666666621666 ) ) ;
#6333 = CARTESIAN_POINT ( 'NONE',  ( 5.757017936796707225E-16, 1.175240473580829503, -7.187500000000006217 ) ) ;
#6334 = CYLINDRICAL_SURFACE ( 'NONE', #6032, 1.175240473580825062 ) ;
#6335 =( BOUNDED_CURVE ( )  B_SPLINE_CURVE ( 2, ( #2132, #2844, #4716, #7299, #7384, #5428, #8031, #947, #5472 ),
 .UNSPECIFIED., .F., .T. ) 
 B_SPLINE_CURVE_WITH_KNOTS ( ( 3, 2, 2, 2, 3 ),
 ( 0.6013513513513514264, 0.6036036036036036556, 0.6081081081081081141, 0.6126126126126125726, 0.6148648648648649129 ),
 .UNSPECIFIED. ) 
 CURVE ( )  GEOMETRIC_REPRESENTATION_ITEM ( )  RATIONAL_B_SPLINE_CURVE ( ( 0.9330127018922192983, 0.9330127018922209636, 1.000000000000000000, 0.8660254037844387076, 1.000000000000000000, 0.8660254037844387076, 1.000000000000000000, 0.9330127018922176330, 0.9330127018922192983 ) ) 
 REPRESENTATION_ITEM ( '' )  );
#6336 = ORIENTED_EDGE ( 'NONE', *, *, #748, .T. ) ;
#6337 = VERTEX_POINT ( 'NONE', #8331 ) ;
#6338 =( BOUNDED_CURVE ( )  B_SPLINE_CURVE ( 2, ( #5875, #2698, #2108, #1393, #2612, #78, #6595, #165, #3291 ),
 .UNSPECIFIED., .F., .F. ) 
 B_SPLINE_CURVE_WITH_KNOTS ( ( 3, 2, 2, 2, 3 ),
 ( 0.04729729729729725829, 0.04954954954954954999, 0.05405405405405405705, 0.05855855855855855718, 0.06081081081081084194 ),
 .UNSPECIFIED. ) 
 CURVE ( )  GEOMETRIC_REPRESENTATION_ITEM ( )  RATIONAL_B_SPLINE_CURVE ( ( 0.9330127018922191873, 0.9330127018922181881, 1.000000000000000000, 0.8660254037844387076, 1.000000000000000000, 0.8660254037844387076, 1.000000000000000000, 0.9330127018922182991, 0.9330127018922192983 ) ) 
 REPRESENTATION_ITEM ( '' )  );
#6339 = CARTESIAN_POINT ( 'NONE',  ( 0.8660254037844368202, 1.499999999999999334, -6.041666666666667851 ) ) ;
#6340 = CARTESIAN_POINT ( 'NONE',  ( -2.059984127722458425E-15, -1.154700538379265895, 9.650000000000000355 ) ) ;
#6341 = CARTESIAN_POINT ( 'NONE',  ( 1.017788105676648902, -0.5876202367904087565, 5.083333333333301063 ) ) ;
#6342 = CARTESIAN_POINT ( 'NONE',  ( -1.299038105676654453, -0.7499999999999933387, -5.333333333333337478 ) ) ;
#6343 = CARTESIAN_POINT ( 'NONE',  ( 1.175240473580824174, -0.3149047358083529313, 0.1026709006307181815 ) ) ;
#6344 = CYLINDRICAL_SURFACE ( 'NONE', #649, 1.499999999999982014 ) ;
#6345 = CARTESIAN_POINT ( 'NONE',  ( -1.322475605676645571, 0.7635316469341293377, -3.901041666666679397 ) ) ;
#6346 = ORIENTED_EDGE ( 'NONE', *, *, #2483, .T. ) ;
#6347 = CARTESIAN_POINT ( 'NONE',  ( 0.000000000000000000, -9.067116327485578019E-15, 12.24264068711923237 ) ) ;
#6348 = ORIENTED_EDGE ( 'NONE', *, *, #6795, .F. ) ;
#6349 = ORIENTED_EDGE ( 'NONE', *, *, #2378, .T. ) ;
#6350 = CARTESIAN_POINT ( 'NONE',  ( -1.499999999999996447, -5.258250847547031931E-15, -0.3125000000000270894 ) ) ;
#6351 = CARTESIAN_POINT ( 'NONE',  ( 0.000000000000000000, 1.175240473580829503, -2.250000000000016875 ) ) ;
#6352 = CARTESIAN_POINT ( 'NONE',  ( -1.175240473580824840, 4.619126435137999807E-15, -7.062500000000006217 ) ) ;
#6353 = CARTESIAN_POINT ( 'NONE',  ( -1.175240473580822398, -0.3149047358083469361, -2.040170900630756012 ) ) ;
#6354 = CARTESIAN_POINT ( 'NONE',  ( 1.017788105676639132, -0.5876202367904250767, 1.645833333333308168 ) ) ;
#6355 = CARTESIAN_POINT ( 'NONE',  ( -1.499999999999996447, -0.4019237886466784926, 6.209829099369217786 ) ) ;
#6356 = CARTESIAN_POINT ( 'NONE',  ( 2.188248776859934190E-14, 1.175240473580829503, 0.7499999999999763522 ) ) ;
#6357 = ORIENTED_EDGE ( 'NONE', *, *, #104, .T. ) ;
#6358 = EDGE_CURVE ( 'NONE', #1026, #4543, #603, .T. ) ;
#6359 = EDGE_CURVE ( 'NONE', #4333, #8375, #6744, .T. ) ;
#6360 = VERTEX_POINT ( 'NONE', #1875 ) ;
#6361 = DIRECTION ( 'NONE',  ( -0.000000000000000000, -0.000000000000000000, 1.000000000000000000 ) ) ;
#6362 = CARTESIAN_POINT ( 'NONE',  ( 1.499999999999995781, -6.071681917885798082E-15, -2.125000000000011546 ) ) ;
#6363 = CARTESIAN_POINT ( 'NONE',  ( 1.175240473580824174, -0.3149047358083510995, -5.834829099369269301 ) ) ;
#6364 =( BOUNDED_CURVE ( )  B_SPLINE_CURVE ( 2, ( #6401, #7645, #4545, #7769, #537, #611, #3191, #8378, #7728 ),
 .UNSPECIFIED., .F., .F. ) 
 B_SPLINE_CURVE_WITH_KNOTS ( ( 3, 2, 2, 2, 3 ),
 ( 0.2635135135135134865, 0.2657657657657657713, 0.2702702702702702853, 0.2747747747747747993, 0.2770270270270270840 ),
 .UNSPECIFIED. ) 
 CURVE ( )  GEOMETRIC_REPRESENTATION_ITEM ( )  RATIONAL_B_SPLINE_CURVE ( ( 0.9330127018922194093, 0.9330127018922185211, 1.000000000000000000, 0.8660254037844387076, 1.000000000000000000, 0.8660254037844387076, 1.000000000000000000, 0.9330127018922176330, 0.9330127018922192983 ) ) 
 REPRESENTATION_ITEM ( '' )  );
#6365 = DIRECTION ( 'NONE',  ( 0.000000000000000000, 0.000000000000000000, -1.000000000000000000 ) ) ;
#6366 = CARTESIAN_POINT ( 'NONE',  ( 1.017788105676649346, 0.5876202367904160839, -3.270833333333347692 ) ) ;
#6367 = ADVANCED_FACE ( 'NONE', ( #3736 ), #8365, .T. ) ;
#6368 = CARTESIAN_POINT ( 'NONE',  ( -0.6785254037844151709, 1.175240473580839495, -1.145833333333351911 ) ) ;
#6369 = DIRECTION ( 'NONE',  ( 0.000000000000000000, 0.000000000000000000, -1.000000000000000000 ) ) ;
#6370 = CARTESIAN_POINT ( 'NONE',  ( 1.322475605676646015, 0.7635316469341278944, -2.036458333333351245 ) ) ;
#6371 = CARTESIAN_POINT ( 'NONE',  ( 1.175240473580824840, 4.299564228933483745E-15, -7.312500000000006217 ) ) ;
#6372 = CARTESIAN_POINT ( 'NONE',  ( -1.322475605676645793, -0.7635316469341201229, 7.682291666666630547 ) ) ;
#6373 = EDGE_CURVE ( 'NONE', #642, #2660, #971, .T. ) ;
#6374 = CARTESIAN_POINT ( 'NONE',  ( -1.017788105676648902, 0.5876202367904169721, 9.395833333333291293 ) ) ;
#6375 = CARTESIAN_POINT ( 'NONE',  ( -1.836970198721024757E-16, -1.499999999999991562, 6.749999999999970690 ) ) ;
#6376 = DIRECTION ( 'NONE',  ( 1.000000000000000000, 6.982962677686266711E-15, 5.258918902348965394E-30 ) ) ;
#6377 = VERTEX_POINT ( 'NONE', #6439 ) ;
#6378 = VECTOR ( 'NONE', #725, 1000.000000000000000 ) ;
#6379 = VERTEX_POINT ( 'NONE', #1282 ) ;
#6380 = DIRECTION ( 'NONE',  ( 0.000000000000000000, -1.000000000000000000, 0.000000000000000000 ) ) ;
#6381 = CARTESIAN_POINT ( 'NONE',  ( -1.017788105676662225, -0.5876202367903852197, 3.979166666666635876 ) ) ;
#6382 = CARTESIAN_POINT ( 'NONE',  ( -1.439254484199176806E-16, -1.175240473580820844, 7.499999999999961808 ) ) ;
#6383 = CARTESIAN_POINT ( 'NONE',  ( -1.175240473580823952, -3.921899803419055815E-15, 4.874999999999969802 ) ) ;
#6384 = CARTESIAN_POINT ( 'NONE',  ( 0.000000000000000000, 4.375030948216173530E-15, -8.000000000000000000 ) ) ;
#6385 = CARTESIAN_POINT ( 'NONE',  ( 0.000000000000000000, 4.375030948216173530E-15, -8.000000000000000000 ) ) ;
#6386 = CARTESIAN_POINT ( 'NONE',  ( 0.000000000000000000, 1.527063293868253790, 0.01562499999997919720 ) ) ;
#6387 = ORIENTED_EDGE ( 'NONE', *, *, #1765, .F. ) ;
#6388 = LINE ( 'NONE', #7070, #2237 ) ;
#6389 = EDGE_LOOP ( 'NONE', ( #4805, #1189, #8209, #1672 ) ) ;
#6390 = DIRECTION ( 'NONE',  ( -1.000000000000000000, 0.000000000000000000, 0.000000000000000000 ) ) ;
#6391 = CARTESIAN_POINT ( 'NONE',  ( 1.499999999999996891, 0.4019237886466868193, 4.459829099369222227 ) ) ;
#6392 = CARTESIAN_POINT ( 'NONE',  ( 0.6785254037844331565, 1.175240473580829059, -1.291666666666685614 ) ) ;
#6393 = CARTESIAN_POINT ( 'NONE',  ( -1.499999999999995559, 4.561024215828087150E-15, 5.624999999999972466 ) ) ;
#6394 = CARTESIAN_POINT ( 'NONE',  ( 1.175240473580821732, 0.3149047358083534309, 0.7098290993692376594 ) ) ;
#6395 = CARTESIAN_POINT ( 'NONE',  ( -1.036408718842703706E-14, -1.175240473580820844, 2.499999999999972911 ) ) ;
#6396 = EDGE_LOOP ( 'NONE', ( #559, #1707, #1155 ) ) ;
#6397 = CIRCLE ( 'NONE', #1539, 1.154700538379258568 ) ;
#6398 = ORIENTED_EDGE ( 'NONE', *, *, #3532, .T. ) ;
#6399 = DIRECTION ( 'NONE',  ( 0.000000000000000000, -1.000000000000000000, -6.086749038515091351E-16 ) ) ;
#6400 = CARTESIAN_POINT ( 'NONE',  ( 0.000000000000000000, -7.267483695685816380E-15, 9.650000000000000355 ) ) ;
#6401 = CARTESIAN_POINT ( 'NONE',  ( 1.499999999999996447, -6.042630808230842937E-15, -3.562500000000021316 ) ) ;
#6402 = LINE ( 'NONE', #4428, #5995 ) ;
#6403 = ADVANCED_FACE ( 'NONE', ( #5805 ), #4494, .T. ) ;
#6404 = CARTESIAN_POINT ( 'NONE',  ( -0.6785254037844324904, 1.175240473580829281, -3.645833333333347248 ) ) ;
#6405 = EDGE_CURVE ( 'NONE', #4841, #2262, #3500, .T. ) ;
#6406 = CARTESIAN_POINT ( 'NONE',  ( -1.499999999999995559, 4.561024215828087150E-15, 1.624999999999981570 ) ) ;
#6407 = CARTESIAN_POINT ( 'NONE',  ( 1.357050807568865203, 4.125744759050742171E-15, -6.875000000000006217 ) ) ;
#6408 =( BOUNDED_CURVE ( )  B_SPLINE_CURVE ( 2, ( #671, #5352, #4522, #6623, #827, #7100, #916, #3494, #2568 ),
 .UNSPECIFIED., .F., .F. ) 
 B_SPLINE_CURVE_WITH_KNOTS ( ( 3, 2, 2, 2, 3 ),
 ( 0.8040540540540541681, 0.8063063063063062863, 0.8108108108108108558, 0.8153153153153153143, 0.8175675675675676546 ),
 .UNSPECIFIED. ) 
 CURVE ( )  GEOMETRIC_REPRESENTATION_ITEM ( )  RATIONAL_B_SPLINE_CURVE ( ( 0.9330127018922194093, 0.9330127018922226290, 1.000000000000000000, 0.8660254037844387076, 1.000000000000000000, 0.8660254037844387076, 1.000000000000000000, 0.9330127018922160786, 0.9330127018922194093 ) ) 
 REPRESENTATION_ITEM ( '' )  );
#6409 = EDGE_CURVE ( 'NONE', #4171, #1495, #2358, .T. ) ;
#6411 = CARTESIAN_POINT ( 'NONE',  ( -0.8816504037844300479, 1.527063293868253568, -0.9114583333333534654 ) ) ;
#6410 = B_SPLINE_CURVE_WITH_KNOTS ( 'NONE', 3,
 ( #5076, #6297, #4397, #6982 ),
 .UNSPECIFIED., .F., .F.,
 ( 4, 4 ),
 ( 0.0006828325726426528845, 0.001281143171721447170 ),
 .UNSPECIFIED. ) ;
#6412 = CARTESIAN_POINT ( 'NONE',  ( -1.499999999999990230, 0.4019237886466965892, -0.8973290993692739637 ) ) ;
#6413 = EDGE_CURVE ( 'NONE', #2262, #435, #7837, .T. ) ;
#6414 = CARTESIAN_POINT ( 'NONE',  ( 0.000000000000000000, 1.527063293868253790, 7.015624999999964473 ) ) ;
#6415 = CARTESIAN_POINT ( 'NONE',  ( -1.017788105676643795, 0.5876202367904258539, 7.395833333333295734 ) ) ;
#6416 = CARTESIAN_POINT ( 'NONE',  ( 0.8660254037844357100, -1.499999999999991562, 0.7916666666666490881 ) ) ;
#6417 = DIRECTION ( 'NONE',  ( -0.000000000000000000, -0.000000000000000000, 1.000000000000000000 ) ) ;
#6418 = VERTEX_POINT ( 'NONE', #730 ) ;
#6419 = ORIENTED_EDGE ( 'NONE', *, *, #7608, .T. ) ;
#6420 = EDGE_CURVE ( 'NONE', #4213, #4192, #7284, .T. ) ;
#6421 = CARTESIAN_POINT ( 'NONE',  ( 1.499999999999995559, 3.747593145489319422E-15, 2.874999999999978684 ) ) ;
#6422 = EDGE_CURVE ( 'NONE', #2252, #2254, #1840, .T. ) ;
#6423 = CARTESIAN_POINT ( 'NONE',  ( -1.175240473580825062, 4.518956396636091433E-15, -8.000000000000000000 ) ) ;
#6424 = CARTESIAN_POINT ( 'NONE',  ( 1.017788105676648902, -0.5876202367904087565, 8.583333333333293069 ) ) ;
#6425 = CARTESIAN_POINT ( 'NONE',  ( -1.499999999999999556, 0.4019237886466818788, -6.334829099369272853 ) ) ;
#6426 = LINE ( 'NONE', #2065, #6432 ) ;
#6427 = VECTOR ( 'NONE', #2616, 1000.000000000000000 ) ;
#6428 = DIRECTION ( 'NONE',  ( 1.000000000000000000, 0.000000000000000000, 0.000000000000000000 ) ) ;
#6429 = CARTESIAN_POINT ( 'NONE',  ( 0.000000000000000000, 1.527063293868253790, 1.015624999999976685 ) ) ;
#6430 = ORIENTED_EDGE ( 'NONE', *, *, #7683, .F. ) ;
#6431 = LINE ( 'NONE', #681, #6427 ) ;
#6432 = VECTOR ( 'NONE', #5243, 1000.000000000000000 ) ;
#6433 = ORIENTED_EDGE ( 'NONE', *, *, #4290, .F. ) ;
#6434 = EDGE_CURVE ( 'NONE', #5048, #4333, #5255, .T. ) ;
#6435 = CYLINDRICAL_SURFACE ( 'NONE', #6655, 1.175240473580825062 ) ;
#6436 = DIRECTION ( 'NONE',  ( 0.7071067811865487940, -8.659560562354948882E-17, 0.7071067811865463515 ) ) ;
#6437 = CARTESIAN_POINT ( 'NONE',  ( 1.017788105676648902, -0.5876202367904087565, -0.4166666666666867247 ) ) ;
#6438 = CARTESIAN_POINT ( 'NONE',  ( -1.175240473580824840, 0.3149047358083726378, 2.852670900630713380 ) ) ;
#6439 = CARTESIAN_POINT ( 'NONE',  ( -1.499999999999995559, -5.258250847547031143E-15, -4.875000000000004441 ) ) ;
#6440 = CARTESIAN_POINT ( 'NONE',  ( -1.870113174931165379E-16, -1.527063293868244687, 6.296874999999963585 ) ) ;
#6441 = CARTESIAN_POINT ( 'NONE',  ( -1.175240473580824396, -0.3149047358083443826, -4.102670900630751127 ) ) ;
#6442 = B_SPLINE_CURVE_WITH_KNOTS ( 'NONE', 3,
 ( #1854, #4518, #7019, #6462 ),
 .UNSPECIFIED., .F., .F.,
 ( 4, 4 ),
 ( 0.002158198828139294614, 0.002337714511348596563 ),
 .UNSPECIFIED. ) ;
#6443 = DIRECTION ( 'NONE',  ( 1.000000000000000000, 0.000000000000000000, 0.000000000000000000 ) ) ;
#6444 = CARTESIAN_POINT ( 'NONE',  ( 1.499999999999995781, -6.071681917885798082E-15, -0.6250000000000147660 ) ) ;
#6445 = ORIENTED_EDGE ( 'NONE', *, *, #8204, .F. ) ;
#6446 = AXIS2_PLACEMENT_3D ( 'NONE', #2916, #2246, #4194 ) ;
#6447 = VERTEX_POINT ( 'NONE', #4620 ) ;
#6448 = AXIS2_PLACEMENT_3D ( 'NONE', #4767, #8391, #1468 ) ;
#6449 = CARTESIAN_POINT ( 'NONE',  ( 0.000000000000000000, 4.375030948216173530E-15, -8.000000000000000000 ) ) ;
#6450 = CARTESIAN_POINT ( 'NONE',  ( 1.499999999999995559, -1.600716141988073932E-14, 6.374999999999969802 ) ) ;
#6451 = DIRECTION ( 'NONE',  ( -1.000000000000000000, 0.000000000000000000, 0.000000000000000000 ) ) ;
#6452 = CARTESIAN_POINT ( 'NONE',  ( 1.175240473580825284, 6.362193014435358999E-15, -5.375000000000009770 ) ) ;
#6453 = CARTESIAN_POINT ( 'NONE',  ( -0.6785254037844329345, -1.175240473580820622, -2.479166666666682062 ) ) ;
#6454 = AXIS2_PLACEMENT_3D ( 'NONE', #6209, #5029, #6330 ) ;
#6455 = FACE_OUTER_BOUND ( 'NONE', #4787, .T. ) ;
#6456 = CARTESIAN_POINT ( 'NONE',  ( 1.763300807568860318, 4.051117844727701623E-15, -2.578125000000017319 ) ) ;
#6457 = FACE_OUTER_BOUND ( 'NONE', #2933, .T. ) ;
#6458 = CARTESIAN_POINT ( 'NONE',  ( -1.175240473580824174, 1.040029725647423855E-14, 2.874999999999974243 ) ) ;
#6459 = CARTESIAN_POINT ( 'NONE',  ( -1.870113174931165872E-16, -1.527063293868245131, 6.765624999999964473 ) ) ;
#6460 = CARTESIAN_POINT ( 'NONE',  ( -1.017788105676635801, 0.5876202367904398427, 6.333333333333298398 ) ) ;
#6461 =( BOUNDED_CURVE ( )  B_SPLINE_CURVE ( 2, ( #4093, #2651, #5405, #5316, #6040, #756, #6589, #4775, #7359 ),
 .UNSPECIFIED., .F., .T. ) 
 B_SPLINE_CURVE_WITH_KNOTS ( ( 3, 2, 2, 2, 3 ),
 ( 0.4527027027027026862, 0.4549549549549549710, 0.4594594594594594850, 0.4639639639639639435, 0.4662162162162162282 ),
 .UNSPECIFIED. ) 
 CURVE ( )  GEOMETRIC_REPRESENTATION_ITEM ( )  RATIONAL_B_SPLINE_CURVE ( ( 0.9330127018922194093, 0.9330127018922185211, 1.000000000000000000, 0.8660254037844387076, 1.000000000000000000, 0.8660254037844387076, 1.000000000000000000, 0.9330127018922185211, 0.9330127018922194093 ) ) 
 REPRESENTATION_ITEM ( '' )  );
#6462 = CARTESIAN_POINT ( 'NONE',  ( -1.162453265119556267, 0.1728946996161729310, 7.425240473580845268 ) ) ;
#6463 = CARTESIAN_POINT ( 'NONE',  ( 1.299038105676654009, -0.7499999999999942268, 3.333333333333311721 ) ) ;
#6464 = ORIENTED_EDGE ( 'NONE', *, *, #4260, .T. ) ;
#6465 = ORIENTED_EDGE ( 'NONE', *, *, #6467, .F. ) ;
#6466 = EDGE_CURVE ( 'NONE', #2789, #678, #772, .T. ) ;
#6467 = EDGE_CURVE ( 'NONE', #1401, #8397, #7606, .T. ) ;
#6468 = CARTESIAN_POINT ( 'NONE',  ( -1.499999999999996225, 4.561024215828087150E-15, 2.187499999999966693 ) ) ;
#6469 = CARTESIAN_POINT ( 'NONE',  ( -1.439254484199176806E-16, -1.175240473580820844, 8.999999999999959144 ) ) ;
#6470 = CARTESIAN_POINT ( 'NONE',  ( 1.175240473580824618, -2.295037662741521937E-15, -1.312500000000017986 ) ) ;
#6471 = CARTESIAN_POINT ( 'NONE',  ( -1.499999999999996447, -5.258250847547031931E-15, -1.812500000000023759 ) ) ;
#6472 = LINE ( 'NONE', #5834, #7406 ) ;
#6473 = CARTESIAN_POINT ( 'NONE',  ( -1.322475605676645571, 0.7635316469341293377, -0.9010416666666853924 ) ) ;
#6474 = ORIENTED_EDGE ( 'NONE', *, *, #1717, .F. ) ;
#6475 = CARTESIAN_POINT ( 'NONE',  ( 1.017788105676649346, 0.5876202367904160839, 3.729166666666637653 ) ) ;
#6476 = EDGE_CURVE ( 'NONE', #2905, #1995, #956, .T. ) ;
#6477 = CARTESIAN_POINT ( 'NONE',  ( -1.499999999999995559, -1.519373034954197317E-14, -1.875000000000010214 ) ) ;
#6478 = ORIENTED_EDGE ( 'NONE', *, *, #3415, .T. ) ;
#6479 = CARTESIAN_POINT ( 'NONE',  ( 1.017788105676629584, -0.5876202367904421742, 6.583333333333296622 ) ) ;
#6480 = DIRECTION ( 'NONE',  ( 0.000000000000000000, 0.000000000000000000, -1.000000000000000000 ) ) ;
#6481 = CARTESIAN_POINT ( 'NONE',  ( -1.017788105676648902, -0.5876202367904079793, -0.5833333333333541315 ) ) ;
#6482 = CARTESIAN_POINT ( 'NONE',  ( -1.499999999999990452, -0.4019237886466874854, 7.647329099369229333 ) ) ;
#6483 = CARTESIAN_POINT ( 'NONE',  ( -0.8660254037844363761, -1.499999999999990674, 4.208333333333308168 ) ) ;
#6484 = CARTESIAN_POINT ( 'NONE',  ( -0.8816504037844300479, 1.527063293868253568, 6.088541666666630547 ) ) ;
#6485 = CARTESIAN_POINT ( 'NONE',  ( -1.017788105676632027, 0.5876202367904458379, 3.895833333333303283 ) ) ;
#6486 = FACE_OUTER_BOUND ( 'NONE', #4669, .T. ) ;
#6487 = CARTESIAN_POINT ( 'NONE',  ( 1.499999999999990452, 0.4019237886466957566, -4.602670900630743134 ) ) ;
#6488 = VERTEX_POINT ( 'NONE', #5972 ) ;
#6489 = EDGE_CURVE ( 'NONE', #73, #3769, #1825, .T. ) ;
#6490 = ORIENTED_EDGE ( 'NONE', *, *, #1767, .F. ) ;
#6491 = CARTESIAN_POINT ( 'NONE',  ( 0.000000000000000000, 4.375030948216173530E-15, -8.000000000000000000 ) ) ;
#6492 = CARTESIAN_POINT ( 'NONE',  ( -1.836970198721025250E-16, -1.499999999999991784, 5.812499999999959144 ) ) ;
#6493 = DIRECTION ( 'NONE',  ( 1.000000000000000000, 0.000000000000000000, 0.000000000000000000 ) ) ;
#6494 = CARTESIAN_POINT ( 'NONE',  ( -1.439254484199176806E-16, -1.175240473580820844, -2.937500000000014655 ) ) ;
#6495 = CYLINDRICAL_SURFACE ( 'NONE', #7931, 1.499999999999982014 ) ;
#6496 = CARTESIAN_POINT ( 'NONE',  ( 0.6785254037844331565, 1.175240473580829059, -4.291666666666678509 ) ) ;
#6497 = CARTESIAN_POINT ( 'NONE',  ( -0.8816504037844300479, 1.527063293868253568, -2.911458333333349469 ) ) ;
#6498 = CYLINDRICAL_SURFACE ( 'NONE', #2882, 1.175240473580825062 ) ;
#6499 = CARTESIAN_POINT ( 'NONE',  ( 1.299038105676654675, 0.7500000000000013323, -1.083333333333346360 ) ) ;
#6500 = CARTESIAN_POINT ( 'NONE',  ( 1.763300807568860762, 4.051117844727701623E-15, 6.390624999999966249 ) ) ;
#6501 = CARTESIAN_POINT ( 'NONE',  ( 1.017788105676652455, 0.5876202367904108659, 6.166666666666631436 ) ) ;
#6502 = CARTESIAN_POINT ( 'NONE',  ( -1.175240473580825062, 4.518956396636091433E-15, -8.000000000000000000 ) ) ;
#6503 = FACE_OUTER_BOUND ( 'NONE', #1167, .T. ) ;
#6504 = ORIENTED_EDGE ( 'NONE', *, *, #4547, .F. ) ;
#6505 = ORIENTED_EDGE ( 'NONE', *, *, #6999, .T. ) ;
#6506 = CARTESIAN_POINT ( 'NONE',  ( 1.017788105676649346, 0.5876202367904160839, 9.666666666666625218 ) ) ;
#6507 = CARTESIAN_POINT ( 'NONE',  ( -1.175240473580825062, 4.518956396636091433E-15, -8.000000000000000000 ) ) ;
#6508 = CARTESIAN_POINT ( 'NONE',  ( -1.499999999999996225, 4.561024215828087150E-15, 6.687499999999958256 ) ) ;
#6509 = CARTESIAN_POINT ( 'NONE',  ( 0.6785254037844066222, -1.175240473580835499, 6.604166666666631436 ) ) ;
#6510 = CARTESIAN_POINT ( 'NONE',  ( -0.8816504037844309360, -1.527063293868244909, -1.276041666666684726 ) ) ;
#6511 =( BOUNDED_CURVE ( )  B_SPLINE_CURVE ( 2, ( #5267, #2723, #5351, #7999, #4593, #2178, #1380, #107, #791 ),
 .UNSPECIFIED., .F., .F. ) 
 B_SPLINE_CURVE_WITH_KNOTS ( ( 3, 2, 2, 2, 3 ),
 ( 0.5608108108108108558, 0.5630630630630630851, 0.5675675675675675436, 0.5720720720720721131, 0.5743243243243243423 ),
 .UNSPECIFIED. ) 
 CURVE ( )  GEOMETRIC_REPRESENTATION_ITEM ( )  RATIONAL_B_SPLINE_CURVE ( ( 0.9330127018922192983, 0.9330127018922209636, 1.000000000000000000, 0.8660254037844387076, 1.000000000000000000, 0.8660254037844387076, 1.000000000000000000, 0.9330127018922194093, 0.9330127018922194093 ) ) 
 REPRESENTATION_ITEM ( '' )  );
#6512 = ORIENTED_EDGE ( 'NONE', *, *, #1818, .T. ) ;
#6513 = CARTESIAN_POINT ( 'NONE',  ( 0.6785254037844321573, -1.175240473580821066, 5.604166666666634988 ) ) ;
#6514 = EDGE_CURVE ( 'NONE', #8205, #8292, #8168, .T. ) ;
#6515 = EDGE_CURVE ( 'NONE', #2025, #6144, #4366, .T. ) ;
#6516 = CARTESIAN_POINT ( 'NONE',  ( -1.175240473580825062, 4.518956396636091433E-15, -8.000000000000000000 ) ) ;
#6517 = ORIENTED_EDGE ( 'NONE', *, *, #2128, .T. ) ;
#6518 = CYLINDRICAL_SURFACE ( 'NONE', #7736, 1.499999999999982014 ) ;
#6519 = CARTESIAN_POINT ( 'NONE',  ( -1.499999999999996225, 4.561024215828087150E-15, 4.687499999999960920 ) ) ;
#6520 = CARTESIAN_POINT ( 'NONE',  ( 1.357050807568865203, 4.125744759050742171E-15, 1.624999999999975353 ) ) ;
#6521 = DIRECTION ( 'NONE',  ( -0.000000000000000000, -0.000000000000000000, 1.000000000000000000 ) ) ;
#6522 = CARTESIAN_POINT ( 'NONE',  ( 1.175240473580822398, 0.3149047358083473247, 4.209829099369231109 ) ) ;
#6523 = CARTESIAN_POINT ( 'NONE',  ( 0.000000000000000000, 1.527063293868253568, 5.046874999999966249 ) ) ;
#6524 = EDGE_CURVE ( 'NONE', #384, #2272, #1502, .T. ) ;
#6525 = CARTESIAN_POINT ( 'NONE',  ( 1.499999999999996447, -6.042630808230842937E-15, -1.062500000000026645 ) ) ;
#6526 = CARTESIAN_POINT ( 'NONE',  ( -1.836970198721025250E-16, -1.499999999999991784, -7.187500000000012434 ) ) ;
#6527 = CARTESIAN_POINT ( 'NONE',  ( 0.6785254037844400399, 1.175240473580825062, -1.291666666666686059 ) ) ;
#6528 = ORIENTED_EDGE ( 'NONE', *, *, #6729, .T. ) ;
#6529 = B_SPLINE_CURVE_WITH_KNOTS ( 'NONE', 3,
 ( #6978, #5787, #8347, #3163, #3919, #5196, #5743, #1224 ),
 .UNSPECIFIED., .F., .F.,
 ( 4, 2, 2, 4 ),
 ( 0.007438093207178456470, 0.007724488525938163520, 0.008010883844697870571, 0.008583674482217282936 ),
 .UNSPECIFIED. ) ;
#6530 = VECTOR ( 'NONE', #8330, 1000.000000000000000 ) ;
#6531 = VERTEX_POINT ( 'NONE', #428 ) ;
#6532 = DIRECTION ( 'NONE',  ( -0.000000000000000000, -0.000000000000000000, 1.000000000000000000 ) ) ;
#6533 = CARTESIAN_POINT ( 'NONE',  ( 0.000000000000000000, 1.500000000000000666, 1.562499999999967581 ) ) ;
#6534 = CARTESIAN_POINT ( 'NONE',  ( 1.175240473580825062, 4.375030948216173530E-15, -8.000000000000000000 ) ) ;
#6535 = EDGE_CURVE ( 'NONE', #1691, #384, #3227, .T. ) ;
#6536 = CARTESIAN_POINT ( 'NONE',  ( 1.499999999999996669, -1.597811031022578733E-14, 1.937499999999966693 ) ) ;
#6537 = CC_DESIGN_PERSON_AND_ORGANIZATION_ASSIGNMENT ( #6038, #247, ( #6867 ) ) ;
#6538 = VECTOR ( 'NONE', #2326, 1000.000000000000000 ) ;
#6539 = CARTESIAN_POINT ( 'NONE',  ( 1.357050807568865203, 4.125744759050742171E-15, 0.1874999999999776013 ) ) ;
#6540 = CARTESIAN_POINT ( 'NONE',  ( -1.499999999999996225, 0.4019237886466875964, 4.165170900630702278 ) ) ;
#6541 = CARTESIAN_POINT ( 'NONE',  ( 1.017788105676649346, 0.5876202367904160839, -6.333333333333341919 ) ) ;
#6542 = CARTESIAN_POINT ( 'NONE',  ( -1.175240473580823952, -6.478397453055181157E-15, 1.374999999999977796 ) ) ;
#6543 = CARTESIAN_POINT ( 'NONE',  ( 1.322475605676646015, 0.7635316469341278944, -2.536458333333349913 ) ) ;
#6544 = CARTESIAN_POINT ( 'NONE',  ( 1.499999999999996447, -6.042630808230842937E-15, -5.562500000000017764 ) ) ;
#6545 = DIRECTION ( 'NONE',  ( 0.000000000000000000, 0.000000000000000000, -1.000000000000000000 ) ) ;
#6546 = CARTESIAN_POINT ( 'NONE',  ( 1.322475605676645349, -0.7635316469341211221, 8.848958333333293069 ) ) ;
#6547 = CARTESIAN_POINT ( 'NONE',  ( -8.636981807388023807E-15, -1.175240473580820844, -0.4375000000000203171 ) ) ;
#6548 = LINE ( 'NONE', #6502, #5315 ) ;
#6549 = CARTESIAN_POINT ( 'NONE',  ( 1.499999999999995559, -1.600716141988073932E-14, 6.374999999999969802 ) ) ;
#6550 = VERTEX_POINT ( 'NONE', #7459 ) ;
#6551 = ORIENTED_EDGE ( 'NONE', *, *, #1967, .F. ) ;
#6552 = CARTESIAN_POINT ( 'NONE',  ( -0.6785254037844329345, -1.175240473580820622, 7.458333333333296622 ) ) ;
#6553 = CARTESIAN_POINT ( 'NONE',  ( -1.175240473580825284, 5.403506395821810812E-15, -6.625000000000007105 ) ) ;
#6554 = CARTESIAN_POINT ( 'NONE',  ( 1.499999999999996669, -1.597811031022578733E-14, 6.937499999999955591 ) ) ;
#6555 = CARTESIAN_POINT ( 'NONE',  ( 1.763300807568860762, 4.051117844727701623E-15, 0.8906249999999764633 ) ) ;
#6556 = ORIENTED_EDGE ( 'NONE', *, *, #2537, .T. ) ;
#6557 = CARTESIAN_POINT ( 'NONE',  ( -1.439254484199176806E-16, -1.175240473580820844, 4.562499999999969802 ) ) ;
#6558 = CYLINDRICAL_SURFACE ( 'NONE', #2636, 1.499999999999982014 ) ;
#6559 = VERTEX_POINT ( 'NONE', #4111 ) ;
#6560 = ORIENTED_EDGE ( 'NONE', *, *, #2596, .F. ) ;
#6561 = CARTESIAN_POINT ( 'NONE',  ( 1.017788105676649346, 0.5876202367904160839, 0.6666666666666435370 ) ) ;
#6562 = VECTOR ( 'NONE', #5358, 1000.000000000000000 ) ;
#6563 = CARTESIAN_POINT ( 'NONE',  ( -1.499999999999996447, -5.258250847547031931E-15, 0.6874999999999708011 ) ) ;
#6564 = CARTESIAN_POINT ( 'NONE',  ( 0.6785254037844101749, -1.175240473580833500, 0.6041666666666436480 ) ) ;
#6565 = CARTESIAN_POINT ( 'NONE',  ( -1.763300807568860318, 4.483001982712331095E-15, 7.171874999999962697 ) ) ;
#6566 =( BOUNDED_CURVE ( )  B_SPLINE_CURVE ( 2, ( #3110, #5695, #1927, #1129, #1215, #5145, #3787, #3865, #3233 ),
 .UNSPECIFIED., .F., .T. ) 
 B_SPLINE_CURVE_WITH_KNOTS ( ( 3, 2, 2, 2, 3 ),
 ( 0.7229729729729730270, 0.7252252252252252562, 0.7297297297297297147, 0.7342342342342342842, 0.7364864864864866245 ),
 .UNSPECIFIED. ) 
 CURVE ( )  GEOMETRIC_REPRESENTATION_ITEM ( )  RATIONAL_B_SPLINE_CURVE ( ( 0.9330127018922192983, 0.9330127018922209636, 1.000000000000000000, 0.8660254037844387076, 1.000000000000000000, 0.8660254037844387076, 1.000000000000000000, 0.9330127018922160786, 0.9330127018922194093 ) ) 
 REPRESENTATION_ITEM ( '' )  );
#6567 = CARTESIAN_POINT ( 'NONE',  ( -1.299038105676654675, 0.7500000000000027756, -0.8541666666666931640 ) ) ;
#6568 = CARTESIAN_POINT ( 'NONE',  ( -1.175240473580825062, 4.518956396636091433E-15, -8.000000000000000000 ) ) ;
#6569 = CARTESIAN_POINT ( 'NONE',  ( -0.8816504037844302699, 1.527063293868253790, -7.442708333333337478 ) ) ;
#6570 = ORIENTED_EDGE ( 'NONE', *, *, #7052, .T. ) ;
#6571 = VECTOR ( 'NONE', #3638, 1000.000000000000000 ) ;
#6572 = ORIENTED_EDGE ( 'NONE', *, *, #7630, .F. ) ;
#6573 = CARTESIAN_POINT ( 'NONE',  ( 0.000000000000000000, -9.067116327485578019E-15, 12.24264068711923237 ) ) ;
#6574 = CARTESIAN_POINT ( 'NONE',  ( -1.175240473580824174, 9.790223953720163148E-15, 3.937499999999971578 ) ) ;
#6575 = EDGE_CURVE ( 'NONE', #6307, #2252, #4235, .T. ) ;
#6576 = CARTESIAN_POINT ( 'NONE',  ( -1.133087908215559733E-13, 1.301882938682628055, -7.823117061317358178 ) ) ;
#6577 = CARTESIAN_POINT ( 'NONE',  ( 0.000000000000000000, -9.067116327485578019E-15, 7.749999999999998224 ) ) ;
#6578 = CARTESIAN_POINT ( 'NONE',  ( 0.6785254037844321573, -1.175240473580821066, -0.8958333333333525772 ) ) ;
#6579 = CARTESIAN_POINT ( 'NONE',  ( -1.175240473580823286, 0.3149047358083650883, -1.084829099369278849 ) ) ;
#6580 = ADVANCED_FACE ( 'NONE', ( #8189 ), #6182, .T. ) ;
#6581 = CARTESIAN_POINT ( 'NONE',  ( -1.357050807568865203, 4.458126344604650913E-15, -5.625000000000009770 ) ) ;
#6582 = CARTESIAN_POINT ( 'NONE',  ( -1.669971672328933986E-14, -1.175240473580820844, -1.000000000000019096 ) ) ;
#6583 = CARTESIAN_POINT ( 'NONE',  ( -0.8816504037844307140, -1.527063293868244465, 1.755208333333306392 ) ) ;
#6584 = CARTESIAN_POINT ( 'NONE',  ( 1.122909478113950517E-14, 1.175240473580829503, -3.250000000000015099 ) ) ;
#6585 = CARTESIAN_POINT ( 'NONE',  ( 1.499999999999995781, -6.071681917885798082E-15, -1.125000000000013323 ) ) ;
#6586 = CARTESIAN_POINT ( 'NONE',  ( -0.6785254037844324904, 1.175240473580829281, -7.645833333333338366 ) ) ;
#6587 = SECURITY_CLASSIFICATION_LEVEL ( 'unclassified' ) ;
#6588 = CARTESIAN_POINT ( 'NONE',  ( 0.1190346901002748842, 1.374956320678249133, 7.627140739398090119 ) ) ;
#6589 = CARTESIAN_POINT ( 'NONE',  ( -1.299038105676654675, 0.7500000000000027756, 0.1458333333333041992 ) ) ;
#6590 = VERTEX_POINT ( 'NONE', #1697 ) ;
#6591 = ORIENTED_EDGE ( 'NONE', *, *, #7725, .F. ) ;
#6592 = CARTESIAN_POINT ( 'NONE',  ( 1.357050807568865203, 4.125744759050742171E-15, 10.12499999999995914 ) ) ;
#6593 = LINE ( 'NONE', #4524, #5362 ) ;
#6594 = CARTESIAN_POINT ( 'NONE',  ( 1.175240473580824396, 6.885112988224566599E-15, -2.812500000000015099 ) ) ;
#6595 = CARTESIAN_POINT ( 'NONE',  ( -1.299038105676654675, 0.7500000000000027756, -7.354166666666679397 ) ) ;
#6596 = CARTESIAN_POINT ( 'NONE',  ( -1.322475605676645793, -0.7635316469341201229, 3.682291666666637653 ) ) ;
#6597 = ORIENTED_EDGE ( 'NONE', *, *, #6113, .T. ) ;
#6598 = CARTESIAN_POINT ( 'NONE',  ( -1.017788105676648902, 0.5876202367904169721, 5.895833333333300175 ) ) ;
#6599 = DIRECTION ( 'NONE',  ( -0.000000000000000000, -0.000000000000000000, 1.000000000000000000 ) ) ;
#6600 = ORIENTED_EDGE ( 'NONE', *, *, #2017, .T. ) ;
#6601 = VERTEX_POINT ( 'NONE', #7420 ) ;
#6602 = DIRECTION ( 'NONE',  ( -0.000000000000000000, -0.000000000000000000, 1.000000000000000000 ) ) ;
#6603 = CARTESIAN_POINT ( 'NONE',  ( 1.499999999999996447, -9.877377282685031739E-15, -7.562500000000013323 ) ) ;
#6604 = CARTESIAN_POINT ( 'NONE',  ( -1.357050807568865203, 4.458126344604650913E-15, 2.874999999999972911 ) ) ;
#6605 = CARTESIAN_POINT ( 'NONE',  ( 1.299038105676654675, 0.7500000000000013323, 0.9166666666666493102 ) ) ;
#6606 = CARTESIAN_POINT ( 'NONE',  ( 0.8660254037844357100, -1.499999999999991562, 4.291666666666640317 ) ) ;
#6607 = CARTESIAN_POINT ( 'NONE',  ( 1.322475605676646015, 0.7635316469341278944, 4.963541666666633212 ) ) ;
#6608 = CARTESIAN_POINT ( 'NONE',  ( 0.6785254037844293817, -1.175240473580822398, -3.958333333333346804 ) ) ;
#6609 = CARTESIAN_POINT ( 'NONE',  ( -1.175240473580824174, 8.105259593732717402E-15, 0.9374999999999771294 ) ) ;
#6610 = CARTESIAN_POINT ( 'NONE',  ( 0.8660254037844368202, 1.499999999999999334, -4.541666666666673180 ) ) ;
#6611 = VERTEX_POINT ( 'NONE', #2836 ) ;
#6612 =( BOUNDED_CURVE ( )  B_SPLINE_CURVE ( 2, ( #151, #3954, #241, #706, #3405, #7909, #109, #7864, #2055 ),
 .UNSPECIFIED., .F., .T. ) 
 B_SPLINE_CURVE_WITH_KNOTS ( ( 3, 2, 2, 2, 3 ),
 ( 0.3175675675675675436, 0.3198198198198198283, 0.3243243243243243423, 0.3288288288288288563, 0.3310810810810811411 ),
 .UNSPECIFIED. ) 
 CURVE ( )  GEOMETRIC_REPRESENTATION_ITEM ( )  RATIONAL_B_SPLINE_CURVE ( ( 0.9330127018922194093, 0.9330127018922185211, 1.000000000000000000, 0.8660254037844387076, 1.000000000000000000, 0.8660254037844387076, 1.000000000000000000, 0.9330127018922176330, 0.9330127018922192983 ) ) 
 REPRESENTATION_ITEM ( '' )  );
#6613 = ORIENTED_EDGE ( 'NONE', *, *, #6524, .T. ) ;
#6614 = CARTESIAN_POINT ( 'NONE',  ( -1.017788105676666222, -0.5876202367903783363, 3.479166666666637209 ) ) ;
#6615 = CARTESIAN_POINT ( 'NONE',  ( -1.299038105676654453, -0.7499999999999933387, 6.166666666666638541 ) ) ;
#6616 = PLANE ( 'NONE',  #236 ) ;
#6617 =( BOUNDED_CURVE ( )  B_SPLINE_CURVE ( 2, ( #3128, #7707, #1903, #8278, #6303, #3767, #8319, #5162, #3844 ),
 .UNSPECIFIED., .F., .T. ) 
 B_SPLINE_CURVE_WITH_KNOTS ( ( 3, 2, 2, 2, 3 ),
 ( 0.7500000000000001110, 0.7522522522522522292, 0.7567567567567567988, 0.7612612612612612573, 0.7635135135135135975 ),
 .UNSPECIFIED. ) 
 CURVE ( )  GEOMETRIC_REPRESENTATION_ITEM ( )  RATIONAL_B_SPLINE_CURVE ( ( 0.9330127018922194093, 0.9330127018922226290, 1.000000000000000000, 0.8660254037844387076, 1.000000000000000000, 0.8660254037844387076, 1.000000000000000000, 0.9330127018922160786, 0.9330127018922194093 ) ) 
 REPRESENTATION_ITEM ( '' )  );
#6618 = DIRECTION ( 'NONE',  ( -0.000000000000000000, -0.000000000000000000, 1.000000000000000000 ) ) ;
#6619 = CARTESIAN_POINT ( 'NONE',  ( -1.017788105676648902, 0.5876202367904169721, -1.104166666666685614 ) ) ;
#6620 = EDGE_CURVE ( 'NONE', #2675, #383, #4091, .T. ) ;
#6621 = CARTESIAN_POINT ( 'NONE',  ( 0.8660254037844371533, 1.500000000000000222, 4.020833333333297510 ) ) ;
#6622 = CARTESIAN_POINT ( 'NONE',  ( -1.357050807568865203, 4.458126344604650913E-15, -6.125000000000008882 ) ) ;
#6623 = CARTESIAN_POINT ( 'NONE',  ( 0.6785254037844445918, 1.175240473580822398, 6.770833333333296622 ) ) ;
#6624 = CARTESIAN_POINT ( 'NONE',  ( 1.322475605676646015, 0.7635316469341278944, -0.03645833333335533888 ) ) ;
#6625 = CARTESIAN_POINT ( 'NONE',  ( -1.175240473580823952, 0.3149047358083635895, -3.147329099369275074 ) ) ;
#6626 = CARTESIAN_POINT ( 'NONE',  ( -1.175240473580829503, 0.3149047358083592596, 0.4151709006307179872 ) ) ;
#6627 = EDGE_CURVE ( 'NONE', #383, #6688, #6690, .T. ) ;
#6628 = CARTESIAN_POINT ( 'NONE',  ( 0.8816504037844311581, 1.527063293868253568, 9.973958333333289517 ) ) ;
#6629 = CALENDAR_DATE ( 2026, 25, 6 ) ;
#6630 = CARTESIAN_POINT ( 'NONE',  ( -1.102528502466997073, 0.9089962467975789551, 7.676087528331478005 ) ) ;
#6631 = CARTESIAN_POINT ( 'NONE',  ( -0.6785254037844337116, -1.175240473580820177, -4.979166666666676733 ) ) ;
#6632 = B_SPLINE_CURVE_WITH_KNOTS ( 'NONE', 3,
 ( #6110, #2887, #318, #2341, #8079, #1630, #7681, #4373, #8369, #6313, #3138, #3182, #5011, #441 ),
 .UNSPECIFIED., .F., .F.,
 ( 4, 2, 2, 2, 2, 2, 4 ),
 ( 6.106935327248271570E-16, 0.0005395497070352818373, 0.0008093245605526171735, 0.001079099414069952618, 0.001348874267587287954, 0.001618649121104623291, 0.002158198828139294614 ),
 .UNSPECIFIED. ) ;
#6633 = VERTEX_POINT ( 'NONE', #1230 ) ;
#6634 = CARTESIAN_POINT ( 'NONE',  ( -1.870113174931165379E-16, -1.527063293868244687, -7.703125000000006217 ) ) ;
#6635 = CARTESIAN_POINT ( 'NONE',  ( -1.836970198721024757E-16, -1.499999999999991562, -7.250000000000000888 ) ) ;
#6636 = CARTESIAN_POINT ( 'NONE',  ( 6.322682138062729176E-18, 1.154700538379250352, 8.495000000000000995 ) ) ;
#6637 = EDGE_CURVE ( 'NONE', #270, #2170, #319, .T. ) ;
#6638 = DIRECTION ( 'NONE',  ( -0.000000000000000000, -0.000000000000000000, 1.000000000000000000 ) ) ;
#6639 = CARTESIAN_POINT ( 'NONE',  ( -0.8816504037844302699, 1.527063293868253790, 3.057291666666638985 ) ) ;
#6640 = ORIENTED_EDGE ( 'NONE', *, *, #6273, .F. ) ;
#6641 = CARTESIAN_POINT ( 'NONE',  ( 1.017788105676648902, -0.5876202367904087565, 6.645833333333296622 ) ) ;
#6642 = LINE ( 'NONE', #6006, #6028 ) ;
#6643 = ORIENTED_EDGE ( 'NONE', *, *, #1988, .T. ) ;
#6644 = ORIENTED_EDGE ( 'NONE', *, *, #5847, .F. ) ;
#6645 = CARTESIAN_POINT ( 'NONE',  ( -1.836970198721025250E-16, -1.499999999999991784, -1.187500000000025313 ) ) ;
#6646 = CARTESIAN_POINT ( 'NONE',  ( -0.8660254037844369313, -1.499999999999991562, 5.270833333333293069 ) ) ;
#6647 = CARTESIAN_POINT ( 'NONE',  ( 0.6785254037844321573, -1.175240473580821066, 4.541666666666634100 ) ) ;
#6648 = CARTESIAN_POINT ( 'NONE',  ( 0.000000000000000000, -9.067116327485578019E-15, 12.24264068711923237 ) ) ;
#6649 = CARTESIAN_POINT ( 'NONE',  ( -1.499999999999995559, -5.258250847547031143E-15, 0.1249999999999849010 ) ) ;
#6650 = CARTESIAN_POINT ( 'NONE',  ( 1.322475605676646015, 0.7635316469341278944, 7.963541666666627883 ) ) ;
#6651 = LINE ( 'NONE', #4070, #2951 ) ;
#6652 = CARTESIAN_POINT ( 'NONE',  ( 0.6785254037844302699, -1.175240473580821954, -5.395833333333342807 ) ) ;
#6653 = CARTESIAN_POINT ( 'NONE',  ( -0.8816504037844302699, 1.527063293868253790, -4.942708333333344584 ) ) ;
#6654 = VERTEX_POINT ( 'NONE', #7667 ) ;
#6655 = AXIS2_PLACEMENT_3D ( 'NONE', #5251, #6602, #2576 ) ;
#6656 = CARTESIAN_POINT ( 'NONE',  ( -1.017788105676639798, 0.5876202367904328483, 6.833333333333297510 ) ) ;
#6657 = ORIENTED_EDGE ( 'NONE', *, *, #47, .F. ) ;
#6658 = CARTESIAN_POINT ( 'NONE',  ( -1.499999999999998446, 0.4019237886466830445, -5.834829099369275518 ) ) ;
#6659 = CARTESIAN_POINT ( 'NONE',  ( -1.499999999999996447, -0.4019237886466784926, 2.209829099369226668 ) ) ;
#6660 = CARTESIAN_POINT ( 'NONE',  ( -1.017788105676646904, 0.5876202367904206358, -3.104166666666681174 ) ) ;
#6661 = CARTESIAN_POINT ( 'NONE',  ( -0.6785254037844348218, -1.175240473580819733, -2.979166666666682062 ) ) ;
#6662 = CARTESIAN_POINT ( 'NONE',  ( 1.357050807568865203, 4.125744759050742171E-15, -1.312500000000018430 ) ) ;
#6663 =( BOUNDED_CURVE ( )  B_SPLINE_CURVE ( 2, ( #2726, #5864, #5312, #65, #6584, #2816, #4727, #6625, #1470 ),
 .UNSPECIFIED., .F., .T. ) 
 B_SPLINE_CURVE_WITH_KNOTS ( ( 3, 2, 2, 2, 3 ),
 ( 0.2635135135135135420, 0.2657657657657657713, 0.2702702702702702853, 0.2747747747747747993, 0.2770270270270270285 ),
 .UNSPECIFIED. ) 
 CURVE ( )  GEOMETRIC_REPRESENTATION_ITEM ( )  RATIONAL_B_SPLINE_CURVE ( ( 0.9330127018922194093, 0.9330127018922201865, 1.000000000000000000, 0.8660254037844387076, 1.000000000000000000, 0.8660254037844387076, 1.000000000000000000, 0.9330127018922194093, 0.9330127018922194093 ) ) 
 REPRESENTATION_ITEM ( '' )  );
#6664 = CYLINDRICAL_SURFACE ( 'NONE', #1705, 1.499999999999982014 ) ;
#6665 = CARTESIAN_POINT ( 'NONE',  ( 0.6785254037844331565, 1.175240473580829059, -5.791666666666675845 ) ) ;
#6666 = CARTESIAN_POINT ( 'NONE',  ( -1.499999999999995559, -1.519373034954197317E-14, -2.875000000000007105 ) ) ;
#6667 = CARTESIAN_POINT ( 'NONE',  ( 1.047444401652942846E-14, -1.500000000000011324, 9.649999999999998579 ) ) ;
#6668 = CARTESIAN_POINT ( 'NONE',  ( 1.322475605676645127, -0.7635316469341209000, -0.1197916666666881680 ) ) ;
#6669 = CARTESIAN_POINT ( 'NONE',  ( 1.175240473580822842, 0.3149047358083461035, 6.209829099369225780 ) ) ;
#6670 = VECTOR ( 'NONE', #4638, 1000.000000000000000 ) ;
#6671 = ADVANCED_FACE ( 'NONE', ( #591 ), #3765, .T. ) ;
#6672 = CARTESIAN_POINT ( 'NONE',  ( 1.017788105676658894, 0.5876202367903994306, 0.2291666666666448970 ) ) ;
#6673 = CARTESIAN_POINT ( 'NONE',  ( 1.322475605676645349, -0.7635316469341211221, 10.34895833333329129 ) ) ;
#6674 = PERSON_AND_ORGANIZATION_ROLE ( 'creator' ) ;
#6675 = LINE ( 'NONE', #3326, #6562 ) ;
#6676 = CARTESIAN_POINT ( 'NONE',  ( -1.017788105676651123, -0.5876202367904042045, -5.020833333333344584 ) ) ;
#6677 = ORIENTED_EDGE ( 'NONE', *, *, #1554, .F. ) ;
#6678 = CARTESIAN_POINT ( 'NONE',  ( 1.017788105676649346, 0.5876202367904160839, 10.16666666666662167 ) ) ;
#6679 = EDGE_CURVE ( 'NONE', #31, #5918, #4565, .T. ) ;
#6680 = CARTESIAN_POINT ( 'NONE',  ( 0.000000000000000000, 1.500000000000000666, 2.562499999999966693 ) ) ;
#6681 = CARTESIAN_POINT ( 'NONE',  ( -0.6785254037844641317, -1.175240473580802414, 4.520833333333301951 ) ) ;
#6682 = CARTESIAN_POINT ( 'NONE',  ( 1.322475605676645349, -0.7635316469341211221, 2.348958333333307280 ) ) ;
#6683 = VERTEX_POINT ( 'NONE', #7026 ) ;
#6684 = CARTESIAN_POINT ( 'NONE',  ( -0.6785254037844324904, 1.175240473580829281, 7.854166666666627883 ) ) ;
#6685 = CARTESIAN_POINT ( 'NONE',  ( 0.000000000000000000, -9.067116327485578019E-15, 12.24264068711923237 ) ) ;
#6686 = ADVANCED_FACE ( 'NONE', ( #4361 ), #3170, .T. ) ;
#6687 = EDGE_CURVE ( 'NONE', #6830, #653, #3152, .T. ) ;
#6688 = VERTEX_POINT ( 'NONE', #4319 ) ;
#6689 = ORIENTED_EDGE ( 'NONE', *, *, #2018, .F. ) ;
#6690 =( BOUNDED_CURVE ( )  B_SPLINE_CURVE ( 2, ( #6906, #8275, #3209, #2410, #8393, #5678, #1193, #3041, #6383 ),
 .UNSPECIFIED., .F., .F. ) 
 B_SPLINE_CURVE_WITH_KNOTS ( ( 3, 2, 2, 2, 3 ),
 ( 0.6959459459459460540, 0.6981981981981981722, 0.7027027027027027417, 0.7072072072072072002, 0.7094594594594595405 ),
 .UNSPECIFIED. ) 
 CURVE ( )  GEOMETRIC_REPRESENTATION_ITEM ( )  RATIONAL_B_SPLINE_CURVE ( ( 0.9330127018922194093, 0.9330127018922226290, 1.000000000000000000, 0.8660254037844387076, 1.000000000000000000, 0.8660254037844387076, 1.000000000000000000, 0.9330127018922160786, 0.9330127018922194093 ) ) 
 REPRESENTATION_ITEM ( '' )  );
#6691 = CARTESIAN_POINT ( 'NONE',  ( -1.499999999999999556, 0.4019237886466818788, -6.834829099369272853 ) ) ;
#6692 = PLANE ( 'NONE',  #3740 ) ;
#6693 = CARTESIAN_POINT ( 'NONE',  ( 0.6785254037844321573, -1.175240473580821066, 2.541666666666639873 ) ) ;
#6694 = CARTESIAN_POINT ( 'NONE',  ( -1.499999999999995559, -1.519373034954197317E-14, 7.624999999999969802 ) ) ;
#6695 = CARTESIAN_POINT ( 'NONE',  ( 1.175240473580823508, 0.3149047358083559844, -1.852670900630757123 ) ) ;
#6696 = CARTESIAN_POINT ( 'NONE',  ( -1.322475605676645349, -0.7635316469341199008, 7.713541666666626995 ) ) ;
#6697 = CYLINDRICAL_SURFACE ( 'NONE', #2662, 1.499999999999982014 ) ;
#6698 = CARTESIAN_POINT ( 'NONE',  ( 0.000000000000000000, 1.527063293868253790, -5.984375000000007994 ) ) ;
#6699 = ORIENTED_EDGE ( 'NONE', *, *, #6319, .F. ) ;
#6700 = CARTESIAN_POINT ( 'NONE',  ( 1.499999999999996447, 3.776644255144276145E-15, 5.437499999999960920 ) ) ;
#6701 = CARTESIAN_POINT ( 'NONE',  ( -1.299038105676654231, 0.7500000000000025535, 6.083333333333306392 ) ) ;
#6702 = CARTESIAN_POINT ( 'NONE',  ( -1.499999999999996447, -1.519373034954197633E-14, -2.812500000000021316 ) ) ;
#6703 = DIRECTION ( 'NONE',  ( -0.000000000000000000, -7.531071187239187305E-16, 1.000000000000000000 ) ) ;
#6704 = CARTESIAN_POINT ( 'NONE',  ( -1.499999999999998446, 0.4019237886466830445, 0.6651709006307098271 ) ) ;
#6705 = DIRECTION ( 'NONE',  ( 1.000000000000000000, 0.000000000000000000, 0.000000000000000000 ) ) ;
#6706 = ORIENTED_EDGE ( 'NONE', *, *, #6514, .F. ) ;
#6707 = CARTESIAN_POINT ( 'NONE',  ( -1.017788105676648902, -0.5876202367904079793, 0.4791666666666450913 ) ) ;
#6708 = CARTESIAN_POINT ( 'NONE',  ( 1.175240473580825062, 4.375030948216173530E-15, -8.000000000000000000 ) ) ;
#6709 = CARTESIAN_POINT ( 'NONE',  ( -0.6785254037844329345, -1.175240473580820622, -3.541666666666681174 ) ) ;
#6710 = CONICAL_SURFACE ( 'NONE', #1040, 1.154700538379258568, 0.7853981633974500554 ) ;
#6711 = CARTESIAN_POINT ( 'NONE',  ( 1.017788105676659782, 0.5876202367903978763, 3.166666666666638985 ) ) ;
#6712 = CARTESIAN_POINT ( 'NONE',  ( -1.175240473580825284, -0.3149047358083427173, -1.040170900630758677 ) ) ;
#6713 = CARTESIAN_POINT ( 'NONE',  ( 0.8816504037844310471, 1.527063293868253124, 0.005208333333311943036 ) ) ;
#6714 = CARTESIAN_POINT ( 'NONE',  ( -1.175240473580825507, 0.3149047358083653658, -1.584829099369277516 ) ) ;
#6715 = DIRECTION ( 'NONE',  ( -1.000000000000000000, 0.000000000000000000, 0.000000000000000000 ) ) ;
#6716 = CARTESIAN_POINT ( 'NONE',  ( 1.017788105676648902, -0.5876202367904087565, -7.354166666666672292 ) ) ;
#6717 = PERSON_AND_ORGANIZATION_ROLE ( 'design_supplier' ) ;
#6718 = CARTESIAN_POINT ( 'NONE',  ( -1.499999999999995559, -5.258250847547031143E-15, 1.124999999999982458 ) ) ;
#6719 = CARTESIAN_POINT ( 'NONE',  ( -1.499999999999996447, -1.519373034954197633E-14, 7.187499999999958256 ) ) ;
#6720 = ORIENTED_EDGE ( 'NONE', *, *, #5225, .T. ) ;
#6721 = CARTESIAN_POINT ( 'NONE',  ( -1.870113174931165379E-16, -1.527063293868244687, -8.203125000000003553 ) ) ;
#6722 = VECTOR ( 'NONE', #5843, 1000.000000000000000 ) ;
#6723 = DIRECTION ( 'NONE',  ( 0.000000000000000000, 0.000000000000000000, -1.000000000000000000 ) ) ;
#6724 = CARTESIAN_POINT ( 'NONE',  ( 1.299038105676654675, 0.7500000000000013323, 6.916666666666637653 ) ) ;
#6725 = CARTESIAN_POINT ( 'NONE',  ( 1.322475605676645349, -0.7635316469341211221, 3.348958333333306392 ) ) ;
#6726 = ORIENTED_EDGE ( 'NONE', *, *, #6154, .F. ) ;
#6727 = CARTESIAN_POINT ( 'NONE',  ( 1.017788105676649346, 0.5876202367904160839, 8.229166666666626995 ) ) ;
#6728 = AXIS2_PLACEMENT_3D ( 'NONE', #1367, #6059, #7807 ) ;
#6729 = EDGE_CURVE ( 'NONE', #2930, #2700, #8324, .T. ) ;
#6730 = LINE ( 'NONE', #5327, #5482 ) ;
#6731 = EDGE_CURVE ( 'NONE', #7366, #6047, #7835, .T. ) ;
#6732 = EDGE_LOOP ( 'NONE', ( #4269, #7642, #6114, #3772 ) ) ;
#6733 = ORIENTED_EDGE ( 'NONE', *, *, #7252, .F. ) ;
#6734 = CARTESIAN_POINT ( 'NONE',  ( 1.499999999999996447, 3.776644255144276145E-15, 3.437499999999964473 ) ) ;
#6735 = CARTESIAN_POINT ( 'NONE',  ( 0.000000000000000000, -9.067116327485578019E-15, 12.24264068711923237 ) ) ;
#6736 = CARTESIAN_POINT ( 'NONE',  ( 1.017788105676649346, 0.5876202367904160839, 3.166666666666638985 ) ) ;
#6737 = CARTESIAN_POINT ( 'NONE',  ( -2.764096060758901554E-14, -1.175240473580820844, 3.499999999999970246 ) ) ;
#6738 = CARTESIAN_POINT ( 'NONE',  ( -0.6785254037844439257, -1.175240473580813960, -1.541666666666685170 ) ) ;
#6739 = CARTESIAN_POINT ( 'NONE',  ( 1.763300807568860318, 4.051117844727701623E-15, 7.921874999999961808 ) ) ;
#6740 = CARTESIAN_POINT ( 'NONE',  ( 0.8660254037844359321, -1.499999999999992673, -7.145833333333347248 ) ) ;
#6741 = CARTESIAN_POINT ( 'NONE',  ( -1.870113174931165872E-16, -1.527063293868245131, -6.734375000000006217 ) ) ;
#6742 = EDGE_CURVE ( 'NONE', #6379, #476, #6593, .T. ) ;
#6743 = VERTEX_POINT ( 'NONE', #5200 ) ;
#6744 =( BOUNDED_CURVE ( )  B_SPLINE_CURVE ( 2, ( #4536, #6353, #2544, #7718, #3097, #1162, #6998, #5091, #6 ),
 .UNSPECIFIED., .F., .F. ) 
 B_SPLINE_CURVE_WITH_KNOTS ( ( 3, 2, 2, 2, 3 ),
 ( 0.3310810810810811411, 0.3333333333333333148, 0.3378378378378378288, 0.3423423423423423428, 0.3445945945945946276 ),
 .UNSPECIFIED. ) 
 CURVE ( )  GEOMETRIC_REPRESENTATION_ITEM ( )  RATIONAL_B_SPLINE_CURVE ( ( 0.9330127018922192983, 0.9330127018922209636, 1.000000000000000000, 0.8660254037844387076, 1.000000000000000000, 0.8660254037844387076, 1.000000000000000000, 0.9330127018922185211, 0.9330127018922194093 ) ) 
 REPRESENTATION_ITEM ( '' )  );
#6745 = FACE_OUTER_BOUND ( 'NONE', #1739, .T. ) ;
#6746 = ORIENTED_EDGE ( 'NONE', *, *, #4203, .T. ) ;
#6747 = DIRECTION ( 'NONE',  ( -0.000000000000000000, -0.000000000000000000, 1.000000000000000000 ) ) ;
#6748 = CARTESIAN_POINT ( 'NONE',  ( -2.059984127722458425E-15, -1.154700538379265895, 9.650000000000000355 ) ) ;
#6749 = CARTESIAN_POINT ( 'NONE',  ( -1.017788105676650678, -0.5876202367904049817, -6.583333333333340143 ) ) ;
#6750 = FACE_OUTER_BOUND ( 'NONE', #2061, .T. ) ;
#6751 = EDGE_CURVE ( 'NONE', #4008, #6846, #6895, .T. ) ;
#6752 = ORIENTED_EDGE ( 'NONE', *, *, #4602, .F. ) ;
#6753 = CARTESIAN_POINT ( 'NONE',  ( -1.017788105676648902, 0.5876202367904169721, 1.895833333333308390 ) ) ;
#6754 = VERTEX_POINT ( 'NONE', #7275 ) ;
#6755 = CARTESIAN_POINT ( 'NONE',  ( 0.7002505782037908855, -1.111347564236319974, -7.814402006737988238 ) ) ;
#6756 = CARTESIAN_POINT ( 'NONE',  ( -0.6785254037844400399, -1.175240473580816403, 6.020833333333298398 ) ) ;
#6757 = CARTESIAN_POINT ( 'NONE',  ( 0.8816504037844310471, 1.527063293868253124, 4.505208333333301951 ) ) ;
#6758 = CARTESIAN_POINT ( 'NONE',  ( -1.175240473580825062, 4.518956396636091433E-15, -8.000000000000000000 ) ) ;
#6759 =( BOUNDED_CURVE ( )  B_SPLINE_CURVE ( 2, ( #4078, #1543, #2679, #4120, #908, #3487, #6660, #7857, #3992 ),
 .UNSPECIFIED., .F., .F. ) 
 B_SPLINE_CURVE_WITH_KNOTS ( ( 3, 2, 2, 2, 3 ),
 ( 0.2635135135135135420, 0.2657657657657657713, 0.2702702702702702853, 0.2747747747747747993, 0.2770270270270270285 ),
 .UNSPECIFIED. ) 
 CURVE ( )  GEOMETRIC_REPRESENTATION_ITEM ( )  RATIONAL_B_SPLINE_CURVE ( ( 0.9330127018922194093, 0.9330127018922201865, 1.000000000000000000, 0.8660254037844387076, 1.000000000000000000, 0.8660254037844387076, 1.000000000000000000, 0.9330127018922194093, 0.9330127018922194093 ) ) 
 REPRESENTATION_ITEM ( '' )  );
#6760 = LINE ( 'NONE', #3497, #97 ) ;
#6761 = CARTESIAN_POINT ( 'NONE',  ( 1.763300807568860762, 4.051117844727701623E-15, 9.890624999999957367 ) ) ;
#6762 = PERSON_AND_ORGANIZATION_ROLE ( 'design_owner' ) ;
#6763 = CYLINDRICAL_SURFACE ( 'NONE', #616, 1.175240473580825062 ) ;
#6764 = CARTESIAN_POINT ( 'NONE',  ( -1.299038105676654453, -0.7499999999999933387, -4.333333333333340143 ) ) ;
#6765 = ORIENTED_EDGE ( 'NONE', *, *, #7779, .T. ) ;
#6766 = CARTESIAN_POINT ( 'NONE',  ( 1.322475605676646015, 0.7635316469341278944, -7.536458333333339255 ) ) ;
#6767 = CARTESIAN_POINT ( 'NONE',  ( -1.000000000000006439, 0.5773502691896210681, 9.650000000000000355 ) ) ;
#6768 = CARTESIAN_POINT ( 'NONE',  ( 0.8660254037844359321, -1.499999999999992673, -6.145833333333349913 ) ) ;
#6769 = CARTESIAN_POINT ( 'NONE',  ( -1.763300807568860762, 4.483001982712331095E-15, 3.140624999999973355 ) ) ;
#6770 = VERTEX_POINT ( 'NONE', #4605 ) ;
#6771 = CARTESIAN_POINT ( 'NONE',  ( -1.017788105676648902, 0.5876202367904169721, 7.895833333333296622 ) ) ;
#6772 = ORIENTED_EDGE ( 'NONE', *, *, #4632, .T. ) ;
#6773 = VERTEX_POINT ( 'NONE', #3375 ) ;
#6774 = CARTESIAN_POINT ( 'NONE',  ( 1.175240473580828615, 1.748876801228349274E-14, 4.624999999999970690 ) ) ;
#6775 = CYLINDRICAL_SURFACE ( 'NONE', #5645, 1.175240473580825062 ) ;
#6776 = CARTESIAN_POINT ( 'NONE',  ( -0.6785254037844324904, 1.175240473580829281, 4.291666666666636765 ) ) ;
#6777 = CARTESIAN_POINT ( 'NONE',  ( -1.499999999999995781, 0.4019237886466874854, -6.397329099369262195 ) ) ;
#6778 = CARTESIAN_POINT ( 'NONE',  ( 0.6785254037844298258, -1.175240473580821954, -4.958333333333343695 ) ) ;
#6779 = CARTESIAN_POINT ( 'NONE',  ( 0.8816504037844296038, -1.527063293868245131, 9.338541666666626995 ) ) ;
#6780 = CYLINDRICAL_SURFACE ( 'NONE', #2932, 1.175240473580825062 ) ;
#6781 = EDGE_CURVE ( 'NONE', #476, #901, #7125, .T. ) ;
#6782 = CARTESIAN_POINT ( 'NONE',  ( 1.322475605676645349, -0.7635316469341211221, -4.651041666666677621 ) ) ;
#6783 = EDGE_CURVE ( 'NONE', #7414, #4266, #1060, .T. ) ;
#6784 = EDGE_LOOP ( 'NONE', ( #117, #298, #4739, #2528 ) ) ;
#6785 = DIRECTION ( 'NONE',  ( -0.000000000000000000, -0.000000000000000000, 1.000000000000000000 ) ) ;
#6786 = ORIENTED_EDGE ( 'NONE', *, *, #6731, .F. ) ;
#6787 = CARTESIAN_POINT ( 'NONE',  ( 0.8660254037844371533, 1.500000000000000222, 5.020833333333293957 ) ) ;
#6788 = CARTESIAN_POINT ( 'NONE',  ( 1.175240473580826617, 8.570077348212010767E-15, 1.187499999999977351 ) ) ;
#6789 = DIRECTION ( 'NONE',  ( -1.000000000000000000, 0.000000000000000000, 0.000000000000000000 ) ) ;
#6790 = DIRECTION ( 'NONE',  ( -0.000000000000000000, -0.000000000000000000, 1.000000000000000000 ) ) ;
#6791 = EDGE_CURVE ( 'NONE', #3188, #4898, #2829, .T. ) ;
#6792 = ORIENTED_EDGE ( 'NONE', *, *, #5951, .F. ) ;
#6793 = CARTESIAN_POINT ( 'NONE',  ( 1.017788105676648902, -0.5876202367904087565, 2.645833333333305504 ) ) ;
#6794 =( BOUNDED_CURVE ( )  B_SPLINE_CURVE ( 2, ( #300, #4147, #1399, #4061, #889, #7236, #4613 ),
 .UNSPECIFIED., .F., .T. ) 
 B_SPLINE_CURVE_WITH_KNOTS ( ( 3, 2, 2, 3 ),
 ( 0.01279364697641298398, 0.01351351351351351426, 0.01801801801801801786, 0.02027027027027027140 ),
 .UNSPECIFIED. ) 
 CURVE ( )  GEOMETRIC_REPRESENTATION_ITEM ( )  RATIONAL_B_SPLINE_CURVE ( ( 0.9640221895668417140, 0.9785894700425553649, 1.000000000000000000, 0.8660254037844387076, 1.000000000000000000, 0.9330127018922192983, 0.9330127018922194093 ) ) 
 REPRESENTATION_ITEM ( '' )  );
#6795 = EDGE_CURVE ( 'NONE', #4104, #4733, #5654, .T. ) ;
#6796 = EDGE_LOOP ( 'NONE', ( #8348, #1880, #42, #1959 ) ) ;
#6797 = CARTESIAN_POINT ( 'NONE',  ( 0.6785254037844372643, 1.175240473580826395, -6.229166666666675845 ) ) ;
#6798 = CARTESIAN_POINT ( 'NONE',  ( -1.499999999999996447, -1.519373034954197633E-14, -2.812500000000021316 ) ) ;
#6799 = CARTESIAN_POINT ( 'NONE',  ( -1.763300807568860318, 4.483001982712331095E-15, 3.171874999999971578 ) ) ;
#6800 = CARTESIAN_POINT ( 'NONE',  ( 1.175240473580823508, 0.3149047358083559844, -1.790170900630757123 ) ) ;
#6801 = FACE_OUTER_BOUND ( 'NONE', #6954, .T. ) ;
#6802 = CARTESIAN_POINT ( 'NONE',  ( -0.6785254037844329345, -1.175240473580820622, -5.479166666666676733 ) ) ;
#6803 = CARTESIAN_POINT ( 'NONE',  ( -1.499999999999996447, -5.258250847547031931E-15, 0.1874999999999720224 ) ) ;
#6804 = CARTESIAN_POINT ( 'NONE',  ( 0.000000000000000000, 4.375030948216173530E-15, -8.000000000000000000 ) ) ;
#6805 = ORIENTED_EDGE ( 'NONE', *, *, #6123, .F. ) ;
#6806 = CARTESIAN_POINT ( 'NONE',  ( 1.322475605676646015, 0.7635316469341278944, -4.536458333333345472 ) ) ;
#6807 = DIRECTION ( 'NONE',  ( -1.000000000000000000, 0.000000000000000000, 0.000000000000000000 ) ) ;
#6808 = CARTESIAN_POINT ( 'NONE',  ( -1.175240473580825284, -0.3149047358083416071, 0.8973290993692373263 ) ) ;
#6809 = CARTESIAN_POINT ( 'NONE',  ( 0.8816504037844299368, -1.527063293868245353, 5.307291666666634100 ) ) ;
#6810 = VERTEX_POINT ( 'NONE', #2064 ) ;
#6811 = CARTESIAN_POINT ( 'NONE',  ( -0.6785254037844324904, 1.175240473580829281, 8.854166666666625218 ) ) ;
#6812 = DIRECTION ( 'NONE',  ( 8.659560562354914369E-17, 0.7071067811865455743, 0.7071067811865493491 ) ) ;
#6813 = ORIENTED_EDGE ( 'NONE', *, *, #4917, .F. ) ;
#6814 = ORIENTED_EDGE ( 'NONE', *, *, #8170, .T. ) ;
#6815 = CARTESIAN_POINT ( 'NONE',  ( -0.8660254037844369313, -1.499999999999991562, 4.770833333333294846 ) ) ;
#6816 = CARTESIAN_POINT ( 'NONE',  ( 1.499999999999995781, -6.071681917885798082E-15, -2.625000000000010658 ) ) ;
#6817 = CARTESIAN_POINT ( 'NONE',  ( -1.017788105676648902, 0.5876202367904169721, 5.833333333333300175 ) ) ;
#6818 = CARTESIAN_POINT ( 'NONE',  ( -0.8660254037844358210, 1.499999999999999778, -6.458333333333333925 ) ) ;
#6819 = CARTESIAN_POINT ( 'NONE',  ( -0.6785254037844239416, 1.175240473580834166, -1.708333333333351689 ) ) ;
#6820 = CARTESIAN_POINT ( 'NONE',  ( -1.322475605676645349, -0.7635316469341199008, 8.713541666666625218 ) ) ;
#6821 = CARTESIAN_POINT ( 'NONE',  ( -0.9434779557953433260, -0.7007421192355377526, 7.425240473580831058 ) ) ;
#6822 = CARTESIAN_POINT ( 'NONE',  ( 0.8816504037844299368, -1.527063293868245353, -5.692708333333341031 ) ) ;
#6823 = ORIENTED_EDGE ( 'NONE', *, *, #3406, .F. ) ;
#6824 = CARTESIAN_POINT ( 'NONE',  ( 1.499999999999996891, 0.4019237886466868193, 6.459829099369218675 ) ) ;
#6825 = ORIENTED_EDGE ( 'NONE', *, *, #2477, .F. ) ;
#6826 = CARTESIAN_POINT ( 'NONE',  ( -0.8660254037844362651, 1.500000000000000666, -2.895833333333355242 ) ) ;
#6827 = CARTESIAN_POINT ( 'NONE',  ( -0.8660254037844369313, -1.499999999999991562, 2.270833333333300619 ) ) ;
#6828 = DIRECTION ( 'NONE',  ( 0.000000000000000000, 0.000000000000000000, -1.000000000000000000 ) ) ;
#6829 = DIRECTION ( 'NONE',  ( -0.000000000000000000, -0.000000000000000000, 1.000000000000000000 ) ) ;
#6830 = VERTEX_POINT ( 'NONE', #1435 ) ;
#6831 = CARTESIAN_POINT ( 'NONE',  ( -1.017788105676648902, -0.5876202367904079793, 2.479166666666639873 ) ) ;
#6832 = EDGE_CURVE ( 'NONE', #4192, #7970, #7484, .T. ) ;
#6833 = ORIENTED_EDGE ( 'NONE', *, *, #4354, .F. ) ;
#6834 = CARTESIAN_POINT ( 'NONE',  ( 1.175240473580828615, 0.3149047358083477688, -0.7901709006307595651 ) ) ;
#6835 = CARTESIAN_POINT ( 'NONE',  ( -1.499999999999991340, -0.4019237886466876519, -2.790170900630762230 ) ) ;
#6836 = CARTESIAN_POINT ( 'NONE',  ( 1.763300807568860318, 4.051117844727701623E-15, 2.921874999999971134 ) ) ;
#6837 = VECTOR ( 'NONE', #105, 1000.000000000000000 ) ;
#6838 = CARTESIAN_POINT ( 'NONE',  ( 1.499999999999995559, -1.600716141988073932E-14, 3.374999999999976907 ) ) ;
#6839 = CARTESIAN_POINT ( 'NONE',  ( 0.000000000000000000, 1.500000000000000222, 3.999999999999976019 ) ) ;
#6840 =( BOUNDED_CURVE ( )  B_SPLINE_CURVE ( 2, ( #4134, #5238, #8051, #7567, #4304, #2396, #3028, #2354, #4944 ),
 .UNSPECIFIED., .F., .T. ) 
 B_SPLINE_CURVE_WITH_KNOTS ( ( 3, 2, 2, 2, 3 ),
 ( 0.5608108108108107448, 0.5630630630630630851, 0.5675675675675675436, 0.5720720720720721131, 0.5743243243243243423 ),
 .UNSPECIFIED. ) 
 CURVE ( )  GEOMETRIC_REPRESENTATION_ITEM ( )  RATIONAL_B_SPLINE_CURVE ( ( 0.9330127018922192983, 0.9330127018922176330, 1.000000000000000000, 0.8660254037844387076, 1.000000000000000000, 0.8660254037844387076, 1.000000000000000000, 0.9330127018922194093, 0.9330127018922194093 ) ) 
 REPRESENTATION_ITEM ( '' )  );
#6841 = CARTESIAN_POINT ( 'NONE',  ( -1.017788105676648902, -0.5876202367904079793, -7.020833333333340143 ) ) ;
#6842 =( BOUNDED_CURVE ( )  B_SPLINE_CURVE ( 2, ( #2291, #8191, #4200, #3559, #6821 ),
 .UNSPECIFIED., .F., .T. ) 
 B_SPLINE_CURVE_WITH_KNOTS ( ( 3, 2, 3 ),
 ( 0.8445945945945946276, 0.8468468468468468568, 0.8473585599611559438 ),
 .UNSPECIFIED. ) 
 CURVE ( )  GEOMETRIC_REPRESENTATION_ITEM ( )  RATIONAL_B_SPLINE_CURVE ( ( 0.9330127018922192983, 0.9330127018922209636, 1.000000000000000000, 0.9847804441533555275, 0.9730187808730963450 ) ) 
 REPRESENTATION_ITEM ( '' )  );
#6843 = EDGE_CURVE ( 'NONE', #2825, #5568, #902, .T. ) ;
#6844 = CARTESIAN_POINT ( 'NONE',  ( -0.8660254037844362651, 1.500000000000000666, -3.895833333333353465 ) ) ;
#6845 = CARTESIAN_POINT ( 'NONE',  ( 1.175240473580824174, 3.515184268249673134E-15, 3.187499999999973355 ) ) ;
#6846 = VERTEX_POINT ( 'NONE', #5538 ) ;
#6847 = CARTESIAN_POINT ( 'NONE',  ( -0.8816504037844307140, -1.527063293868244465, -5.744791666666675845 ) ) ;
#6848 = CARTESIAN_POINT ( 'NONE',  ( 1.499999999999996447, -6.042630808230842937E-15, -3.062500000000022649 ) ) ;
#6849 = CARTESIAN_POINT ( 'NONE',  ( 0.8816504037844311581, 1.527063293868253568, 5.473958333333301063 ) ) ;
#6850 = CARTESIAN_POINT ( 'NONE',  ( 1.017788105676649346, 0.5876202367904160839, 10.22916666666662167 ) ) ;
#6851 = FACE_OUTER_BOUND ( 'NONE', #7713, .T. ) ;
#6852 = CIRCLE ( 'NONE', #7534, 1.154700538379258568 ) ;
#6853 = ORIENTED_EDGE ( 'NONE', *, *, #2734, .F. ) ;
#6854 = ORIENTED_EDGE ( 'NONE', *, *, #7870, .F. ) ;
#6855 = CARTESIAN_POINT ( 'NONE',  ( -1.499999999999995781, -7.814748497183156485E-15, -6.375000000000000888 ) ) ;
#6856 = CARTESIAN_POINT ( 'NONE',  ( -1.836970198721024757E-16, -1.499999999999991562, -6.250000000000001776 ) ) ;
#6857 = CARTESIAN_POINT ( 'NONE',  ( 0.6785254037844321573, -1.175240473580821066, 6.541666666666630547 ) ) ;
#6858 = CARTESIAN_POINT ( 'NONE',  ( 1.175240473580826395, 1.278248824818062868E-15, 0.1874999999999786282 ) ) ;
#6859 = CARTESIAN_POINT ( 'NONE',  ( -6.046323735829506295E-15, -1.175240473580820844, -5.000000000000011546 ) ) ;
#6860 = CARTESIAN_POINT ( 'NONE',  ( 0.6785254037844188346, -1.175240473580828615, 0.04166666666664473051 ) ) ;
#6861 = CARTESIAN_POINT ( 'NONE',  ( 1.499999999999996447, -6.042630808230842937E-15, -5.062500000000019540 ) ) ;
#6862 = CARTESIAN_POINT ( 'NONE',  ( 0.000000000000000000, 1.527063293868253790, -2.984375000000014655 ) ) ;
#6863 = VERTEX_POINT ( 'NONE', #6848 ) ;
#6864 = CARTESIAN_POINT ( 'NONE',  ( 0.000000000000000000, 1.500000000000000222, -1.500000000000012434 ) ) ;
#6865 = ORIENTED_EDGE ( 'NONE', *, *, #2347, .F. ) ;
#6866 = CARTESIAN_POINT ( 'NONE',  ( 1.175240473580824840, -0.3149047358083485459, -7.397329099369265748 ) ) ;
#6867 = SECURITY_CLASSIFICATION ( '', '', #6587 ) ;
#6868 = CARTESIAN_POINT ( 'NONE',  ( -1.299038105676654675, 0.7500000000000027756, 5.145833333333294846 ) ) ;
#6869 = CARTESIAN_POINT ( 'NONE',  ( 0.6785254037844321573, -1.175240473580821066, -2.458333333333349469 ) ) ;
#6870 = CARTESIAN_POINT ( 'NONE',  ( -0.8660254037844369313, -1.499999999999991562, -1.729166666666691388 ) ) ;
#6871 = CARTESIAN_POINT ( 'NONE',  ( -1.383454034693783363, 0.1169006416651777736, -7.748322188415673217 ) ) ;
#6872 = DIRECTION ( 'NONE',  ( 1.000000000000000000, 0.000000000000000000, 0.000000000000000000 ) ) ;
#6873 = CARTESIAN_POINT ( 'NONE',  ( -2.879236419494835561E-14, -1.175240473580820844, 5.499999999999967137 ) ) ;
#6874 = ORIENTED_EDGE ( 'NONE', *, *, #5536, .F. ) ;
#6875 = CARTESIAN_POINT ( 'NONE',  ( -1.357050807568865203, 4.458126344604650913E-15, 1.437499999999975131 ) ) ;
#6876 = CIRCLE ( 'NONE', #7971, 1.500000000000009104 ) ;
#6877 = ORIENTED_EDGE ( 'NONE', *, *, #6627, .F. ) ;
#6878 = CARTESIAN_POINT ( 'NONE',  ( 1.151403587359341445E-15, 1.175240473580829503, -6.187500000000007994 ) ) ;
#6879 = ADVANCED_BREP_SHAPE_REPRESENTATION ( '92095A184_18-8 Stainless Steel Button Head Hex-Drive Screw', ( #5781, #2268 ), #4029 ) ;
#6880 = CARTESIAN_POINT ( 'NONE',  ( -1.836970198721025250E-16, -1.499999999999991784, 3.312499999999964029 ) ) ;
#6881 = CARTESIAN_POINT ( 'NONE',  ( 0.8660254037844357100, -1.499999999999991562, 3.791666666666642538 ) ) ;
#6882 = CARTESIAN_POINT ( 'NONE',  ( 0.8816504037844310471, 1.527063293868253124, 2.005208333333306836 ) ) ;
#6883 = CARTESIAN_POINT ( 'NONE',  ( 1.000000000000006217, 0.5773502691896212902, 8.495000000000000995 ) ) ;
#6884 = CARTESIAN_POINT ( 'NONE',  ( -1.499999999999995559, -1.519373034954197317E-14, 4.124999999999976907 ) ) ;
#6885 = ADVANCED_FACE ( 'NONE', ( #4779 ), #1645, .T. ) ;
#6886 = CARTESIAN_POINT ( 'NONE',  ( 0.000000000000000000, 1.175240473580829503, -4.687500000000010658 ) ) ;
#6887 = EDGE_CURVE ( 'NONE', #5638, #3371, #2509, .T. ) ;
#6888 = CARTESIAN_POINT ( 'NONE',  ( -1.499999999999982014, -9.067116327485578019E-15, 12.24264068711923237 ) ) ;
#6889 = DIRECTION ( 'NONE',  ( 1.000000000000000000, 0.000000000000000000, 0.000000000000000000 ) ) ;
#6890 = VERTEX_POINT ( 'NONE', #4900 ) ;
#6891 =( BOUNDED_CURVE ( )  B_SPLINE_CURVE ( 2, ( #2010, #700, #5306, #822, #7770, #7901, #4589, #2635, #6536 ),
 .UNSPECIFIED., .F., .T. ) 
 B_SPLINE_CURVE_WITH_KNOTS ( ( 3, 2, 2, 2, 3 ),
 ( 0.5472972972972973693, 0.5495495495495495986, 0.5540540540540540571, 0.5585585585585585155, 0.5608108108108107448 ),
 .UNSPECIFIED. ) 
 CURVE ( )  GEOMETRIC_REPRESENTATION_ITEM ( )  RATIONAL_B_SPLINE_CURVE ( ( 0.9330127018922192983, 0.9330127018922209636, 1.000000000000000000, 0.8660254037844387076, 1.000000000000000000, 0.8660254037844387076, 1.000000000000000000, 0.9330127018922209636, 0.9330127018922192983 ) ) 
 REPRESENTATION_ITEM ( '' )  );
#6892 = EDGE_CURVE ( 'NONE', #929, #7536, #5495, .T. ) ;
#6893 = CARTESIAN_POINT ( 'NONE',  ( -1.322475605676645349, -0.7635316469341199008, -4.786458333333345472 ) ) ;
#6894 = CARTESIAN_POINT ( 'NONE',  ( 1.500000000000002220, 0.4019237886466776599, 0.9598290993692297768 ) ) ;
#6895 =( BOUNDED_CURVE ( )  B_SPLINE_CURVE ( 2, ( #7102, #2737, #3247, #2610, #3885, #4569, #1478, #3967, #6470 ),
 .UNSPECIFIED., .F., .F. ) 
 B_SPLINE_CURVE_WITH_KNOTS ( ( 3, 2, 2, 2, 3 ),
 ( 0.3581081081081081141, 0.3603603603603603434, 0.3648648648648648574, 0.3693693693693693714, 0.3716216216216216561 ),
 .UNSPECIFIED. ) 
 CURVE ( )  GEOMETRIC_REPRESENTATION_ITEM ( )  RATIONAL_B_SPLINE_CURVE ( ( 0.9330127018922194093, 0.9330127018922201865, 1.000000000000000000, 0.8660254037844387076, 1.000000000000000000, 0.8660254037844387076, 1.000000000000000000, 0.9330127018922185211, 0.9330127018922194093 ) ) 
 REPRESENTATION_ITEM ( '' )  );
#6896 = CARTESIAN_POINT ( 'NONE',  ( -0.8816504037844302699, 1.527063293868253790, 5.557291666666634988 ) ) ;
#6897 = CARTESIAN_POINT ( 'NONE',  ( -1.017788105676648902, -0.5876202367904079793, 8.979166666666625218 ) ) ;
#6898 = DIRECTION ( 'NONE',  ( -1.000000000000000000, 0.000000000000000000, 0.000000000000000000 ) ) ;
#6899 = ORIENTED_EDGE ( 'NONE', *, *, #5601, .T. ) ;
#6900 = VERTEX_POINT ( 'NONE', #2864 ) ;
#6901 = DIRECTION ( 'NONE',  ( 0.000000000000000000, 0.000000000000000000, -1.000000000000000000 ) ) ;
#6902 = ADVANCED_FACE ( 'NONE', ( #1010 ), #4185, .T. ) ;
#6903 = CARTESIAN_POINT ( 'NONE',  ( 1.175240473580824174, -1.772117688952314534E-15, -2.312500000000015987 ) ) ;
#6904 = CARTESIAN_POINT ( 'NONE',  ( 0.6785254037844331565, 1.175240473580829059, 5.708333333333300175 ) ) ;
#6905 = DIRECTION ( 'NONE',  ( -0.000000000000000000, -0.000000000000000000, 1.000000000000000000 ) ) ;
#6906 = CARTESIAN_POINT ( 'NONE',  ( 1.175240473580828615, 1.748876801228349274E-14, 4.624999999999970690 ) ) ;
#6907 = DIRECTION ( 'NONE',  ( 0.000000000000000000, 0.000000000000000000, -1.000000000000000000 ) ) ;
#6908 = CARTESIAN_POINT ( 'NONE',  ( 0.8660254037844359321, -1.499999999999992673, -5.145833333333350801 ) ) ;
#6909 = CARTESIAN_POINT ( 'NONE',  ( -1.322475605676645571, 0.7635316469341293377, -2.901041666666681174 ) ) ;
#6910 = EDGE_LOOP ( 'NONE', ( #125, #2842, #455, #6504 ) ) ;
#6911 = CARTESIAN_POINT ( 'NONE',  ( 1.175240473580821066, -0.3149047358083609804, 7.165170900630704054 ) ) ;
#6912 = ORIENTED_EDGE ( 'NONE', *, *, #3252, .F. ) ;
#6913 = CARTESIAN_POINT ( 'NONE',  ( -0.6785254037844343777, -1.175240473580819733, -7.541666666666671404 ) ) ;
#6914 = CARTESIAN_POINT ( 'NONE',  ( 1.175240473580824174, 1.249197715163106737E-15, 7.124999999999964473 ) ) ;
#6915 = CARTESIAN_POINT ( 'NONE',  ( -1.017788105676648902, -0.5876202367904079793, -2.583333333333349024 ) ) ;
#6916 = CARTESIAN_POINT ( 'NONE',  ( 1.175240473580825062, 4.375030948216173530E-15, -8.000000000000000000 ) ) ;
#6917 = CARTESIAN_POINT ( 'NONE',  ( -0.9081361676216977985, -1.102162258156726082, -7.699756936427562870 ) ) ;
#6918 = CARTESIAN_POINT ( 'NONE',  ( 1.175240473580821288, -0.3149047358083598702, 5.102670900630709383 ) ) ;
#6919 = CARTESIAN_POINT ( 'NONE',  ( -0.6785254037844631325, -1.175240473580803524, 2.458333333333307280 ) ) ;
#6920 = ORIENTED_EDGE ( 'NONE', *, *, #113, .F. ) ;
#6921 = CARTESIAN_POINT ( 'NONE',  ( -0.6785254037844324904, 1.175240473580829281, 1.854166666666641428 ) ) ;
#6922 = VERTEX_POINT ( 'NONE', #7407 ) ;
#6923 = CARTESIAN_POINT ( 'NONE',  ( 6.322682138062729176E-18, 1.154700538379250352, 8.495000000000000995 ) ) ;
#6924 = CARTESIAN_POINT ( 'NONE',  ( 0.000000000000000000, -1.500000000000011324, 9.649999999999998579 ) ) ;
#6925 = CARTESIAN_POINT ( 'NONE',  ( 1.017788105676658672, 0.5876202367903999857, -0.8333333333333534654 ) ) ;
#6926 = CARTESIAN_POINT ( 'NONE',  ( 1.763300807568860318, 4.051117844727701623E-15, 4.421874999999967137 ) ) ;
#6927 = CARTESIAN_POINT ( 'NONE',  ( -1.467502456827838975, -0.1969754457116023594, 7.717502456827854296 ) ) ;
#6928 = CARTESIAN_POINT ( 'NONE',  ( -0.6785254037844329345, -1.175240473580820622, -4.979166666666675845 ) ) ;
#6929 = AXIS2_PLACEMENT_3D ( 'NONE', #5416, #303, #8064 ) ;
#6930 = CARTESIAN_POINT ( 'NONE',  ( 1.017788105676653121, 0.5876202367904094226, -5.270833333333343695 ) ) ;
#6931 = CARTESIAN_POINT ( 'NONE',  ( 0.000000000000000000, 4.375030948216173530E-15, -8.000000000000000000 ) ) ;
#6932 = ORIENTED_EDGE ( 'NONE', *, *, #5603, .T. ) ;
#6933 = CARTESIAN_POINT ( 'NONE',  ( 0.8816504037844310471, 1.527063293868253124, -5.494791666666676733 ) ) ;
#6934 = CARTESIAN_POINT ( 'NONE',  ( 0.6785254037844380415, 1.175240473580826173, -4.791666666666678509 ) ) ;
#6935 = CARTESIAN_POINT ( 'NONE',  ( -1.763300807568860762, 4.483001982712331095E-15, 5.140624999999968026 ) ) ;
#6936 = CARTESIAN_POINT ( 'NONE',  ( -0.6785254037844324904, 1.175240473580829281, 9.354166666666626995 ) ) ;
#6937 = CARTESIAN_POINT ( 'NONE',  ( -1.017788105676648014, 0.5876202367904186374, -7.104166666666672292 ) ) ;
#6938 = CARTESIAN_POINT ( 'NONE',  ( -1.499999999999998446, 0.4019237886466830445, -1.334829099369285288 ) ) ;
#6939 =( BOUNDED_CURVE ( )  B_SPLINE_CURVE ( 2, ( #2924, #3605, #5517, #8156, #2335, #3439, #6022, #905, #3483 ),
 .UNSPECIFIED., .F., .T. ) 
 B_SPLINE_CURVE_WITH_KNOTS ( ( 3, 2, 2, 2, 3 ),
 ( 0.4527027027027026307, 0.4549549549549549710, 0.4594594594594594295, 0.4639639639639639990, 0.4662162162162162282 ),
 .UNSPECIFIED. ) 
 CURVE ( )  GEOMETRIC_REPRESENTATION_ITEM ( )  RATIONAL_B_SPLINE_CURVE ( ( 0.9330127018922194093, 0.9330127018922177440, 1.000000000000000000, 0.8660254037844388186, 1.000000000000000000, 0.8660254037844388186, 1.000000000000000000, 0.9330127018922194093, 0.9330127018922194093 ) ) 
 REPRESENTATION_ITEM ( '' )  );
#6940 = ORIENTED_EDGE ( 'NONE', *, *, #5594, .T. ) ;
#6941 = ORIENTED_EDGE ( 'NONE', *, *, #6781, .F. ) ;
#6942 = EDGE_CURVE ( 'NONE', #985, #2930, #5157, .T. ) ;
#6943 = CARTESIAN_POINT ( 'NONE',  ( 0.000000000000000000, 1.106999646026481692E-14, -7.999999999999998224 ) ) ;
#6944 = CARTESIAN_POINT ( 'NONE',  ( 1.017788105676654009, 0.5876202367904078683, -2.270833333333349469 ) ) ;
#6945 = CARTESIAN_POINT ( 'NONE',  ( -1.439254484199176806E-16, -1.175240473580820844, 5.499999999999967137 ) ) ;
#6946 = CARTESIAN_POINT ( 'NONE',  ( 1.499999999999993561, -0.4019237886466838217, -0.5848290993692872863 ) ) ;
#6947 = CARTESIAN_POINT ( 'NONE',  ( -0.6785254037844641317, -1.175240473580802414, 4.458333333333301951 ) ) ;
#6948 = CARTESIAN_POINT ( 'NONE',  ( 1.017788105676643795, -0.5876202367904171942, 0.08333333333331201243 ) ) ;
#6949 = CARTESIAN_POINT ( 'NONE',  ( 1.175240473580825284, 6.100733027540755593E-15, -4.812500000000012434 ) ) ;
#6950 = CARTESIAN_POINT ( 'NONE',  ( -1.322475605676645571, 0.7635316469341293377, -2.401041666666682506 ) ) ;
#6951 = ORIENTED_EDGE ( 'NONE', *, *, #6783, .F. ) ;
#6952 = EDGE_CURVE ( 'NONE', #6447, #7544, #6127, .T. ) ;
#6953 = CARTESIAN_POINT ( 'NONE',  ( -0.8660254037844369313, -1.499999999999991562, -0.2291666666666944130 ) ) ;
#6954 = EDGE_LOOP ( 'NONE', ( #3837, #3590, #432, #8389 ) ) ;
#6955 = CARTESIAN_POINT ( 'NONE',  ( 0.6785254037844203889, -1.175240473580827727, -2.958333333333349024 ) ) ;
#6956 = CARTESIAN_POINT ( 'NONE',  ( -0.6785254037844324904, 1.175240473580829281, -3.208333333333348136 ) ) ;
#6957 = LINE ( 'NONE', #5599, #1806 ) ;
#6958 = CARTESIAN_POINT ( 'NONE',  ( 1.499999999999996669, -1.597811031022578733E-14, 5.937499999999957367 ) ) ;
#6959 = CARTESIAN_POINT ( 'NONE',  ( -1.175240473580821288, -0.3149047358083437720, 1.459829099369236882 ) ) ;
#6960 = CARTESIAN_POINT ( 'NONE',  ( 1.017788105676644905, -0.5876202367904153068, -3.354166666666680729 ) ) ;
#6961 = ORIENTED_EDGE ( 'NONE', *, *, #1166, .F. ) ;
#6962 = CARTESIAN_POINT ( 'NONE',  ( 0.000000000000000000, 1.175240473580829503, 5.312499999999966249 ) ) ;
#6963 = VERTEX_POINT ( 'NONE', #3626 ) ;
#6964 = FACE_OUTER_BOUND ( 'NONE', #7577, .T. ) ;
#6965 = CARTESIAN_POINT ( 'NONE',  ( 1.299038105676654009, -0.7499999999999942268, -2.666666666666676733 ) ) ;
#6966 =( BOUNDED_CURVE ( )  B_SPLINE_CURVE ( 2, ( #4627, #1414, #6023, #2633, #2716, #7298, #5303, #228, #1498 ),
 .UNSPECIFIED., .F., .F. ) 
 B_SPLINE_CURVE_WITH_KNOTS ( ( 3, 2, 2, 2, 3 ),
 ( 0.3445945945945945721, 0.3468468468468468568, 0.3513513513513513709, 0.3558558558558558294, 0.3581081081081081141 ),
 .UNSPECIFIED. ) 
 CURVE ( )  GEOMETRIC_REPRESENTATION_ITEM ( )  RATIONAL_B_SPLINE_CURVE ( ( 0.9330127018922194093, 0.9330127018922185211, 1.000000000000000000, 0.8660254037844387076, 1.000000000000000000, 0.8660254037844387076, 1.000000000000000000, 0.9330127018922185211, 0.9330127018922194093 ) ) 
 REPRESENTATION_ITEM ( '' )  );
#6967 = CYLINDRICAL_SURFACE ( 'NONE', #7487, 1.499999999999982014 ) ;
#6968 = CARTESIAN_POINT ( 'NONE',  ( 0.6785254037844331565, 1.175240473580829059, -4.729166666666678509 ) ) ;
#6969 = CARTESIAN_POINT ( 'NONE',  ( 2.245818956227901035E-14, 1.175240473580829503, 1.749999999999973799 ) ) ;
#6970 = CARTESIAN_POINT ( 'NONE',  ( 1.175240473580825507, 0.3149047358083540415, -6.352670900630747575 ) ) ;
#6971 = VECTOR ( 'NONE', #7566, 1000.000000000000000 ) ;
#6972 = CARTESIAN_POINT ( 'NONE',  ( -1.870113174931165379E-16, -1.527063293868244687, -5.203125000000011546 ) ) ;
#6973 = CARTESIAN_POINT ( 'NONE',  ( 1.017788105676660448, 0.5876202367903968771, 5.166666666666634100 ) ) ;
#6974 = CARTESIAN_POINT ( 'NONE',  ( -0.8816504037844302699, 1.527063293868253790, 4.057291666666637653 ) ) ;
#6975 = VECTOR ( 'NONE', #6205, 1000.000000000000000 ) ;
#6976 = CARTESIAN_POINT ( 'NONE',  ( 1.499999999999995337, -9.906428392339985306E-15, -7.125000000000000000 ) ) ;
#6977 = CARTESIAN_POINT ( 'NONE',  ( -1.299038105676654453, -0.7499999999999933387, 0.6666666666666508645 ) ) ;
#6978 = CARTESIAN_POINT ( 'NONE',  ( -9.135222912987789366E-13, -1.460376587736470277, -7.664623412263503077 ) ) ;
#6979 = EDGE_LOOP ( 'NONE', ( #6490, #5652, #1816, #5928 ) ) ;
#6980 = VERTEX_POINT ( 'NONE', #2781 ) ;
#6981 = CARTESIAN_POINT ( 'NONE',  ( 1.499999999999996447, -6.042630808230842937E-15, -0.5625000000000276446 ) ) ;
#6982 = CARTESIAN_POINT ( 'NONE',  ( 1.000000000000006217, -7.267483695820714750E-15, 9.495299461620749781 ) ) ;
#6983 = CARTESIAN_POINT ( 'NONE',  ( 1.017788105676649346, 0.5876202367904160839, 7.166666666666630547 ) ) ;
#6984 = CONICAL_SURFACE ( 'NONE', #1443, 1.154700538379258568, 0.7853981633974500554 ) ;
#6985 = CARTESIAN_POINT ( 'NONE',  ( -1.151549077578637712E-14, -1.175240473580820844, 4.499999999999968914 ) ) ;
#6986 = CYLINDRICAL_SURFACE ( 'NONE', #3730, 1.175240473580825062 ) ;
#6987 = CARTESIAN_POINT ( 'NONE',  ( -1.175240473580825284, 3.050366513770377797E-15, -4.562500000000010658 ) ) ;
#6988 = CARTESIAN_POINT ( 'NONE',  ( -0.8816504037844302699, 1.527063293868253790, -3.942708333333345916 ) ) ;
#6989 = ORIENTED_EDGE ( 'NONE', *, *, #8350, .T. ) ;
#6990 = EDGE_CURVE ( 'NONE', #7071, #8260, #2557, .T. ) ;
#6991 = VECTOR ( 'NONE', #5526, 1000.000000000000227 ) ;
#6992 = CARTESIAN_POINT ( 'NONE',  ( 1.151694567797934098E-14, 1.175240473580829503, -2.687500000000015543 ) ) ;
#6993 = ORIENTED_EDGE ( 'NONE', *, *, #7141, .T. ) ;
#6994 = CARTESIAN_POINT ( 'NONE',  ( -1.175240473580828393, -0.3149047358083357784, 3.897329099369231109 ) ) ;
#6995 = CARTESIAN_POINT ( 'NONE',  ( -0.8660254037844363761, -1.499999999999990674, -4.791666666666671404 ) ) ;
#6996 = CARTESIAN_POINT ( 'NONE',  ( -1.017788105676648902, -0.5876202367904079793, -3.083333333333348580 ) ) ;
#6997 = CARTESIAN_POINT ( 'NONE',  ( 1.175240473580824618, 6.333141904780403065E-15, -1.875000000000016875 ) ) ;
#6998 = CARTESIAN_POINT ( 'NONE',  ( 1.017788105676644239, -0.5876202367904160839, -1.854166666666684504 ) ) ;
#6999 = EDGE_CURVE ( 'NONE', #5056, #5682, #3075, .T. ) ;
#7000 = VECTOR ( 'NONE', #2755, 1000.000000000000000 ) ;
#7001 = CARTESIAN_POINT ( 'NONE',  ( -1.017788105676654009, -0.5876202367903992085, 4.916666666666634988 ) ) ;
#7002 = CARTESIAN_POINT ( 'NONE',  ( -0.1906536866922225459, -1.159672946348726530, -7.949759526419159172 ) ) ;
#7003 = VERTEX_POINT ( 'NONE', #1851 ) ;
#7004 = CARTESIAN_POINT ( 'NONE',  ( -1.017788105676648902, 0.5876202367904169721, 4.895833333333301063 ) ) ;
#7005 = ORIENTED_EDGE ( 'NONE', *, *, #8249, .F. ) ;
#7006 = CARTESIAN_POINT ( 'NONE',  ( 0.8660254037844359321, -1.499999999999992673, -2.145833333333357018 ) ) ;
#7007 = DIRECTION ( 'NONE',  ( 1.000000000000000000, 0.000000000000000000, 0.000000000000000000 ) ) ;
#7008 = CARTESIAN_POINT ( 'NONE',  ( 1.000000000000006217, -0.5773502691896372774, 8.495000000000000995 ) ) ;
#7009 = ADVANCED_FACE ( 'NONE', ( #7609 ), #7055, .T. ) ;
#7010 = DIRECTION ( 'NONE',  ( -1.000000000000000000, 0.000000000000000000, 0.000000000000000000 ) ) ;
#7011 = CARTESIAN_POINT ( 'NONE',  ( 1.017788105676648902, -0.5876202367904087565, -3.354166666666680729 ) ) ;
#7012 = CARTESIAN_POINT ( 'NONE',  ( -1.299038105676654897, -0.7499999999999935607, 2.729166666666632324 ) ) ;
#7013 = CARTESIAN_POINT ( 'NONE',  ( 0.000000000000000000, 1.175240473580829503, -7.750000000000005329 ) ) ;
#7014 =( BOUNDED_CURVE ( )  B_SPLINE_CURVE ( 2, ( #4296, #6239, #6925, #8086, #6279, #5656, #491, #449, #8167 ),
 .UNSPECIFIED., .F., .F. ) 
 B_SPLINE_CURVE_WITH_KNOTS ( ( 3, 2, 2, 2, 3 ),
 ( 0.3986486486486486847, 0.4009009009009009139, 0.4054054054054054279, 0.4099099099099098864, 0.4121621621621621712 ),
 .UNSPECIFIED. ) 
 CURVE ( )  GEOMETRIC_REPRESENTATION_ITEM ( )  RATIONAL_B_SPLINE_CURVE ( ( 0.9330127018922194093, 0.9330127018922201865, 1.000000000000000000, 0.8660254037844387076, 1.000000000000000000, 0.8660254037844387076, 1.000000000000000000, 0.9330127018922185211, 0.9330127018922194093 ) ) 
 REPRESENTATION_ITEM ( '' )  );
#7015 = CARTESIAN_POINT ( 'NONE',  ( -1.322475605676645127, 0.7635316469341291157, -2.369791666666684282 ) ) ;
#7016 = CARTESIAN_POINT ( 'NONE',  ( 1.175240473580825284, 0.3149047358083538750, -4.852670900630751127 ) ) ;
#7017 = CARTESIAN_POINT ( 'NONE',  ( 1.322475605676646238, 0.7635316469341281165, 8.932291666666628771 ) ) ;
#7018 = CARTESIAN_POINT ( 'NONE',  ( -1.017788105676648902, 0.5876202367904169721, 9.895833333333291293 ) ) ;
#7019 = CARTESIAN_POINT ( 'NONE',  ( -1.180857580945834817, 0.1158516753156875884, 7.435052695617228480 ) ) ;
#7020 = CARTESIAN_POINT ( 'NONE',  ( 2.090888129456733474E-29, -8.156945959658624471E-15, 6.855167112299465515 ) ) ;
#7021 = EDGE_LOOP ( 'NONE', ( #1348, #7473, #1905, #890, #2966, #2869, #4657 ) ) ;
#7022 = ORIENTED_EDGE ( 'NONE', *, *, #6843, .T. ) ;
#7023 = CARTESIAN_POINT ( 'NONE',  ( 0.000000000000000000, 1.106999646026481692E-14, -7.999999999999998224 ) ) ;
#7024 = CARTESIAN_POINT ( 'NONE',  ( 0.6785254037844394848, 1.175240473580825284, -2.229166666666682950 ) ) ;
#7025 = CARTESIAN_POINT ( 'NONE',  ( -1.017788105676648902, -0.5876202367904079793, 9.916666666666621666 ) ) ;
#7026 = CARTESIAN_POINT ( 'NONE',  ( 1.499999999999996669, -8.599128457866967490E-15, -7.062500000000015099 ) ) ;
#7027 = CARTESIAN_POINT ( 'NONE',  ( -0.1580247838118458981, 1.063464886906848594, 9.566536875587614119 ) ) ;
#7028 = CARTESIAN_POINT ( 'NONE',  ( -0.8660254037844363761, -1.499999999999990674, -1.291666666666679175 ) ) ;
#7029 = CARTESIAN_POINT ( 'NONE',  ( -0.8816504037844309360, -1.527063293868244909, -1.776041666666683838 ) ) ;
#7030 = ORIENTED_EDGE ( 'NONE', *, *, #1504, .F. ) ;
#7031 = CARTESIAN_POINT ( 'NONE',  ( -1.299038105676654453, -0.7499999999999933387, 1.666666666666648311 ) ) ;
#7032 = ORIENTED_EDGE ( 'NONE', *, *, #626, .F. ) ;
#7033 = CYLINDRICAL_SURFACE ( 'NONE', #708, 1.499999999999982014 ) ;
#7034 = FACE_OUTER_BOUND ( 'NONE', #8280, .T. ) ;
#7035 = CARTESIAN_POINT ( 'NONE',  ( 1.357050807568865203, 4.125744759050742171E-15, -2.875000000000015543 ) ) ;
#7036 = CARTESIAN_POINT ( 'NONE',  ( 1.299038105676655563, 0.7500000000000016653, 6.979166666666624330 ) ) ;
#7037 = EDGE_CURVE ( 'NONE', #4521, #3468, #4947, .T. ) ;
#7038 = CARTESIAN_POINT ( 'NONE',  ( -1.500000000000000888, 0.4019237886466782705, -3.897329099369267080 ) ) ;
#7039 = EDGE_CURVE ( 'NONE', #3769, #5426, #8372, .T. ) ;
#7040 = DIRECTION ( 'NONE',  ( -0.000000000000000000, -0.000000000000000000, 1.000000000000000000 ) ) ;
#7041 = CARTESIAN_POINT ( 'NONE',  ( 1.175240473580826617, 8.570077348212010767E-15, 1.187499999999977351 ) ) ;
#7042 = CYLINDRICAL_SURFACE ( 'NONE', #3890, 1.175240473580825062 ) ;
#7043 = ORIENTED_EDGE ( 'NONE', *, *, #1141, .T. ) ;
#7044 = ORIENTED_EDGE ( 'NONE', *, *, #7404, .F. ) ;
#7045 = CYLINDRICAL_SURFACE ( 'NONE', #4550, 2.850000000000009859 ) ;
#7046 = CARTESIAN_POINT ( 'NONE',  ( -1.499999999999996447, -0.4019237886466784926, 3.209829099369224892 ) ) ;
#7047 = EDGE_CURVE ( 'NONE', #6047, #678, #3649, .T. ) ;
#7048 = CARTESIAN_POINT ( 'NONE',  ( 1.499999999999999112, 0.4019237886466822118, -5.040170900630758233 ) ) ;
#7049 = CARTESIAN_POINT ( 'NONE',  ( 0.000000000000000000, -9.067116327485578019E-15, 12.24264068711923237 ) ) ;
#7050 = CARTESIAN_POINT ( 'NONE',  ( -1.017788105676648902, -0.5876202367904079793, -3.520833333333347248 ) ) ;
#7051 = LINE ( 'NONE', #1888, #6971 ) ;
#7052 = EDGE_CURVE ( 'NONE', #5115, #2071, #3373, .T. ) ;
#7053 = CARTESIAN_POINT ( 'NONE',  ( -0.6785254037844324904, 1.175240473580829281, -7.208333333333338366 ) ) ;
#7054 = CARTESIAN_POINT ( 'NONE',  ( 0.8816504037844296038, -1.527063293868245131, -2.161458333333351245 ) ) ;
#7055 = CYLINDRICAL_SURFACE ( 'NONE', #1592, 1.499999999999982014 ) ;
#7056 = CARTESIAN_POINT ( 'NONE',  ( 1.322475605676645349, -0.7635316469341211221, 7.348958333333295734 ) ) ;
#7057 =( BOUNDED_CURVE ( )  B_SPLINE_CURVE ( 2, ( #6237, #1083, #5438, #3614, #4890, #3021, #4807, #7474, #6115 ),
 .UNSPECIFIED., .F., .T. ) 
 B_SPLINE_CURVE_WITH_KNOTS ( ( 3, 2, 2, 2, 3 ),
 ( 0.8310810810810810301, 0.8333333333333333703, 0.8378378378378378288, 0.8423423423423423984, 0.8445945945945946276 ),
 .UNSPECIFIED. ) 
 CURVE ( )  GEOMETRIC_REPRESENTATION_ITEM ( )  RATIONAL_B_SPLINE_CURVE ( ( 0.9330127018922194093, 0.9330127018922177440, 1.000000000000000000, 0.8660254037844388186, 1.000000000000000000, 0.8660254037844388186, 1.000000000000000000, 0.9330127018922194093, 0.9330127018922194093 ) ) 
 REPRESENTATION_ITEM ( '' )  );
#7058 = DIRECTION ( 'NONE',  ( 1.000000000000000000, 0.000000000000000000, 0.000000000000000000 ) ) ;
#7059 = DIRECTION ( 'NONE',  ( 0.000000000000000000, 0.000000000000000000, -1.000000000000000000 ) ) ;
#7060 = ORIENTED_EDGE ( 'NONE', *, *, #7104, .F. ) ;
#7061 = ORIENTED_EDGE ( 'NONE', *, *, #8055, .T. ) ;
#7062 = CARTESIAN_POINT ( 'NONE',  ( -1.000000000000005551, 0.5773502691896214012, 8.495000000000000995 ) ) ;
#7063 = CARTESIAN_POINT ( 'NONE',  ( 1.499999999999995559, -1.600716141988073932E-14, 6.374999999999969802 ) ) ;
#7064 = CARTESIAN_POINT ( 'NONE',  ( -1.017788105676648902, 0.5876202367904169721, 8.333333333333293069 ) ) ;
#7065 = CARTESIAN_POINT ( 'NONE',  ( 1.175240473580823952, 1.205621050680672915E-14, 0.6249999999999781286 ) ) ;
#7066 = CARTESIAN_POINT ( 'NONE',  ( 0.000000000000000000, -9.067116327485578019E-15, 12.24264068711923237 ) ) ;
#7067 = DIRECTION ( 'NONE',  ( -0.000000000000000000, -0.000000000000000000, 1.000000000000000000 ) ) ;
#7068 = CARTESIAN_POINT ( 'NONE',  ( -1.322475605676645793, -0.7635316469341201229, -0.3177083333333538540 ) ) ;
#7069 = ORIENTED_EDGE ( 'NONE', *, *, #4632, .F. ) ;
#7070 = CARTESIAN_POINT ( 'NONE',  ( -1.000000000000005551, -0.5773502691896376104, 8.495000000000000995 ) ) ;
#7071 = VERTEX_POINT ( 'NONE', #2438 ) ;
#7072 = CARTESIAN_POINT ( 'NONE',  ( 1.175240473580823952, 8.628179567521922635E-15, 6.624999999999966249 ) ) ;
#7073 = CARTESIAN_POINT ( 'NONE',  ( 1.017788105676660892, 0.5876202367903959889, 7.166666666666630547 ) ) ;
#7074 = CARTESIAN_POINT ( 'NONE',  ( -1.439254484199176806E-16, -1.175240473580820844, 0.4999999999999779066 ) ) ;
#7075 = CARTESIAN_POINT ( 'NONE',  ( 0.6785254037844422603, 1.175240473580823730, 2.708333333333305504 ) ) ;
#7076 = CARTESIAN_POINT ( 'NONE',  ( -1.763300807568860318, 4.483001982712331095E-15, 5.171874999999966249 ) ) ;
#7077 = CARTESIAN_POINT ( 'NONE',  ( -0.6785254037844140607, 1.175240473580839717, 0.8541666666666437591 ) ) ;
#7078 = CARTESIAN_POINT ( 'NONE',  ( -1.499999999999996447, -5.258250847547031931E-15, -1.312500000000025313 ) ) ;
#7079 = CARTESIAN_POINT ( 'NONE',  ( 1.175240473580825284, 0.3149047358083563175, -7.852670900630744022 ) ) ;
#7080 = VERTEX_POINT ( 'NONE', #3158 ) ;
#7081 = ORIENTED_EDGE ( 'NONE', *, *, #4602, .T. ) ;
#7082 = CARTESIAN_POINT ( 'NONE',  ( 0.000000000000000000, -2.222344185212348905E-15, 9.650000000000000355 ) ) ;
#7083 = CARTESIAN_POINT ( 'NONE',  ( -1.175240473580825507, -0.3149047358083452153, -6.102670900630748463 ) ) ;
#7084 = CYLINDRICAL_SURFACE ( 'NONE', #778, 1.499999999999982014 ) ;
#7085 = CARTESIAN_POINT ( 'NONE',  ( -6.909876426349012132E-15, -1.175240473580820844, -3.500000000000014211 ) ) ;
#7086 = CARTESIAN_POINT ( 'NONE',  ( -1.017788105676648902, 0.5876202367904169721, -3.604166666666679841 ) ) ;
#7087 = ADVANCED_FACE ( 'NONE', ( #1260 ), #3116, .T. ) ;
#7088 = FACE_OUTER_BOUND ( 'NONE', #6206, .T. ) ;
#7089 = CARTESIAN_POINT ( 'NONE',  ( -1.439254484199176806E-16, -1.175240473580820844, -6.500000000000007105 ) ) ;
#7090 = CARTESIAN_POINT ( 'NONE',  ( 0.8816504037844296038, -1.527063293868245131, -3.161458333333348580 ) ) ;
#7091 = CARTESIAN_POINT ( 'NONE',  ( 1.299038105676654675, -0.7499999999999944489, -0.6041666666666930530 ) ) ;
#7092 = CARTESIAN_POINT ( 'NONE',  ( 0.8660254037844368202, 1.499999999999999334, 4.458333333333309056 ) ) ;
#7093 = ADVANCED_FACE ( 'NONE', ( #5702 ), #8304, .T. ) ;
#7094 = CARTESIAN_POINT ( 'NONE',  ( 0.8816504037844299368, -1.527063293868245353, 7.807291666666630547 ) ) ;
#7095 =( LENGTH_UNIT ( ) NAMED_UNIT ( * ) SI_UNIT ( .MILLI., .METRE. ) );
#7096 = CARTESIAN_POINT ( 'NONE',  ( -1.175240473580824840, 0.3149047358083581494, -7.084829099369267524 ) ) ;
#7097 = CARTESIAN_POINT ( 'NONE',  ( 1.499999999999982014, -8.883419307613476875E-15, 12.24264068711923237 ) ) ;
#7098 = ORIENTED_EDGE ( 'NONE', *, *, #3412, .T. ) ;
#7099 = ORIENTED_EDGE ( 'NONE', *, *, #154, .T. ) ;
#7100 = CARTESIAN_POINT ( 'NONE',  ( -0.6785254037843939656, 1.175240473580851264, 6.854166666666630547 ) ) ;
#7101 = CARTESIAN_POINT ( 'NONE',  ( -1.357050807568865203, 4.458126344604650913E-15, 7.374999999999962697 ) ) ;
#7102 = CARTESIAN_POINT ( 'NONE',  ( -1.175240473580826395, 1.118467721715805113E-14, -1.562500000000017542 ) ) ;
#7103 = CARTESIAN_POINT ( 'NONE',  ( 1.175240473580825284, 9.005843993036349382E-16, -5.812500000000008882 ) ) ;
#7104 = EDGE_CURVE ( 'NONE', #4646, #1456, #4020, .T. ) ;
#7105 = VECTOR ( 'NONE', #2639, 1000.000000000000000 ) ;
#7106 = CARTESIAN_POINT ( 'NONE',  ( 1.499999999999995559, 3.747593145489319422E-15, 2.874999999999978684 ) ) ;
#7107 = CARTESIAN_POINT ( 'NONE',  ( 1.763300807568860762, 4.051117844727701623E-15, -1.609375000000017097 ) ) ;
#7108 =( BOUNDED_CURVE ( )  B_SPLINE_CURVE ( 2, ( #5799, #7750, #7152, #4449, #5838, #8400, #7712, #1199, #1947 ),
 .UNSPECIFIED., .F., .T. ) 
 B_SPLINE_CURVE_WITH_KNOTS ( ( 3, 2, 2, 2, 3 ),
 ( 0.5472972972972973693, 0.5495495495495494875, 0.5540540540540540571, 0.5585585585585586266, 0.5608108108108107448 ),
 .UNSPECIFIED. ) 
 CURVE ( )  GEOMETRIC_REPRESENTATION_ITEM ( )  RATIONAL_B_SPLINE_CURVE ( ( 0.9330127018922194093, 0.9330127018922227400, 1.000000000000000000, 0.8660254037844388186, 1.000000000000000000, 0.8660254037844388186, 1.000000000000000000, 0.9330127018922227400, 0.9330127018922194093 ) ) 
 REPRESENTATION_ITEM ( '' )  );
#7109 = ORIENTED_EDGE ( 'NONE', *, *, #2495, .F. ) ;
#7110 =( BOUNDED_CURVE ( )  B_SPLINE_CURVE ( 2, ( #5012, #3781, #3099, #3059, #6356, #4374, #1713, #6315, #484 ),
 .UNSPECIFIED., .F., .F. ) 
 B_SPLINE_CURVE_WITH_KNOTS ( ( 3, 2, 2, 2, 3 ),
 ( 0.4797297297297298257, 0.4819819819819819995, 0.4864864864864865135, 0.4909909909909909720, 0.4932432432432432567 ),
 .UNSPECIFIED. ) 
 CURVE ( )  GEOMETRIC_REPRESENTATION_ITEM ( )  RATIONAL_B_SPLINE_CURVE ( ( 0.9330127018922194093, 0.9330127018922218518, 1.000000000000000000, 0.8660254037844387076, 1.000000000000000000, 0.8660254037844387076, 1.000000000000000000, 0.9330127018922185211, 0.9330127018922194093 ) ) 
 REPRESENTATION_ITEM ( '' )  );
#7111 = DIRECTION ( 'NONE',  ( 0.8660254037844384856, -0.5000000000000002220, 0.000000000000000000 ) ) ;
#7112 = AXIS2_PLACEMENT_3D ( 'NONE', #8133, #410, #2985 ) ;
#7113 = EDGE_LOOP ( 'NONE', ( #203, #7686 ) ) ;
#7114 = CARTESIAN_POINT ( 'NONE',  ( 2.302807174718682890E-15, 1.175240473580829503, -4.250000000000012434 ) ) ;
#7115 = CARTESIAN_POINT ( 'NONE',  ( 1.499999999999996225, -0.4019237886466792142, 5.415170900630699613 ) ) ;
#7116 = CARTESIAN_POINT ( 'NONE',  ( 0.6785254037844331565, 1.175240473580829059, 1.208333333333309501 ) ) ;
#7117 = CARTESIAN_POINT ( 'NONE',  ( 1.175240473580825062, 3.195622062045156283E-15, -6.312500000000007105 ) ) ;
#7118 = DIRECTION ( 'NONE',  ( -0.000000000000000000, -0.000000000000000000, 1.000000000000000000 ) ) ;
#7119 = CARTESIAN_POINT ( 'NONE',  ( 0.8816504037844296038, -1.527063293868245131, 5.838541666666632324 ) ) ;
#7120 = CARTESIAN_POINT ( 'NONE',  ( -1.499999999999996447, -5.258250847547031931E-15, -0.8125000000000263123 ) ) ;
#7121 = CARTESIAN_POINT ( 'NONE',  ( -1.175240473580824174, 1.040029725647423855E-14, 2.937499999999973355 ) ) ;
#7122 = CARTESIAN_POINT ( 'NONE',  ( 1.499999999999995781, -6.071681917885798082E-15, -4.625000000000006217 ) ) ;
#7123 = ORIENTED_EDGE ( 'NONE', *, *, #6742, .F. ) ;
#7124 = EDGE_LOOP ( 'NONE', ( #1413, #1144, #3964, #3663 ) ) ;
#7125 = CIRCLE ( 'NONE', #1985, 1.499999999999982014 ) ;
#7126 = CARTESIAN_POINT ( 'NONE',  ( 1.017788105676638688, -0.5876202367904261870, 3.645833333333304616 ) ) ;
#7127 = CARTESIAN_POINT ( 'NONE',  ( 5.757017936796707225E-16, 1.175240473580829503, -7.250000000000006217 ) ) ;
#7128 = DIRECTION ( 'NONE',  ( 0.000000000000000000, 0.000000000000000000, -1.000000000000000000 ) ) ;
#7129 = CARTESIAN_POINT ( 'NONE',  ( -1.499999999999982014, -9.067116327485578019E-15, 7.749999999999998224 ) ) ;
#7130 = CARTESIAN_POINT ( 'NONE',  ( -1.357050807568865203, 4.458126344604650913E-15, -2.062500000000016431 ) ) ;
#7131 = CARTESIAN_POINT ( 'NONE',  ( -0.6785254037844221653, 1.175240473580835499, 1.354166666666642538 ) ) ;
#7132 = CARTESIAN_POINT ( 'NONE',  ( -1.439254484199176806E-16, -1.175240473580820844, -5.500000000000009770 ) ) ;
#7133 = CARTESIAN_POINT ( 'NONE',  ( -1.763300807568860318, 4.483001982712331095E-15, -3.328125000000015099 ) ) ;
#7134 = LINE ( 'NONE', #7220, #4510 ) ;
#7135 = EDGE_CURVE ( 'NONE', #6360, #2905, #833, .T. ) ;
#7136 = CARTESIAN_POINT ( 'NONE',  ( 1.175240473580825284, 4.357666448243396402E-15, -7.812500000000005329 ) ) ;
#7137 = CARTESIAN_POINT ( 'NONE',  ( 0.000000000000000000, 1.527063293868253790, 8.015624999999962697 ) ) ;
#7138 = CARTESIAN_POINT ( 'NONE',  ( 1.175240473580824174, 1.249197715163106737E-15, 7.187499999999963585 ) ) ;
#7139 = CARTESIAN_POINT ( 'NONE',  ( 1.136007309048152836, 0.6964892361310852653, 7.579465517923320128 ) ) ;
#7140 = CARTESIAN_POINT ( 'NONE',  ( 1.499999999999990008, -0.4019237886466882625, 3.352670900630716488 ) ) ;
#7141 = EDGE_CURVE ( 'NONE', #6743, #4777, #5192, .T. ) ;
#7142 = ORIENTED_EDGE ( 'NONE', *, *, #5244, .T. ) ;
#7143 = ORIENTED_EDGE ( 'NONE', *, *, #2991, .F. ) ;
#7144 = DIRECTION ( 'NONE',  ( -0.000000000000000000, -0.000000000000000000, 1.000000000000000000 ) ) ;
#7145 = CARTESIAN_POINT ( 'NONE',  ( -0.6785254037844329345, -1.175240473580820622, 9.458333333333291293 ) ) ;
#7146 = CARTESIAN_POINT ( 'NONE',  ( 1.499999999999995781, -6.071681917885798082E-15, -0.1250000000000154599 ) ) ;
#7147 = CARTESIAN_POINT ( 'NONE',  ( -0.6785254037844304920, 1.175240473580830836, -5.645833333333342807 ) ) ;
#7148 = CARTESIAN_POINT ( 'NONE',  ( -1.299038105676654231, 0.7500000000000025535, 3.083333333333311721 ) ) ;
#7149 = CARTESIAN_POINT ( 'NONE',  ( 0.8816504037844311581, 1.527063293868253568, -1.526041666666684060 ) ) ;
#7150 = VERTEX_POINT ( 'NONE', #4003 ) ;
#7151 = CARTESIAN_POINT ( 'NONE',  ( 0.000000000000000000, 1.175240473580829503, 4.812499999999968026 ) ) ;
#7152 = CARTESIAN_POINT ( 'NONE',  ( 1.299038105676654009, -0.7499999999999942268, 0.3333333333333178272 ) ) ;
#7153 = ADVANCED_FACE ( 'NONE', ( #1342 ), #2687, .T. ) ;
#7154 = ORIENTED_EDGE ( 'NONE', *, *, #369, .T. ) ;
#7155 = CARTESIAN_POINT ( 'NONE',  ( 0.8660254037844359321, -1.499999999999992673, 5.354166666666626995 ) ) ;
#7156 = CARTESIAN_POINT ( 'NONE',  ( -1.017788105676648902, -0.5876202367904079793, 0.9166666666666437591 ) ) ;
#7157 = CARTESIAN_POINT ( 'NONE',  ( 0.8660254037844368202, 1.499999999999999334, 0.9583333333333164950 ) ) ;
#7158 = CARTESIAN_POINT ( 'NONE',  ( -1.175240473580826395, -3.137519842735245204E-15, 0.4374999999999794609 ) ) ;
#7159 = CARTESIAN_POINT ( 'NONE',  ( 0.000000000000000000, 1.527063293868253568, 7.046874999999962697 ) ) ;
#7160 =( BOUNDED_CURVE ( )  B_SPLINE_CURVE ( 2, ( #2256, #3527, #6106, #316, #4843, #7429, #1628, #4207, #6788 ),
 .UNSPECIFIED., .F., .T. ) 
 B_SPLINE_CURVE_WITH_KNOTS ( ( 3, 2, 2, 2, 3 ),
 ( 0.4932432432432432567, 0.4954954954954954860, 0.5000000000000000000, 0.5045045045045044585, 0.5067567567567567988 ),
 .UNSPECIFIED. ) 
 CURVE ( )  GEOMETRIC_REPRESENTATION_ITEM ( )  RATIONAL_B_SPLINE_CURVE ( ( 0.9330127018922194093, 0.9330127018922201865, 1.000000000000000000, 0.8660254037844387076, 1.000000000000000000, 0.8660254037844387076, 1.000000000000000000, 0.9330127018922176330, 0.9330127018922192983 ) ) 
 REPRESENTATION_ITEM ( '' )  );
#7161 = CARTESIAN_POINT ( 'NONE',  ( 1.175240473580823952, 9.151099541311131024E-15, 3.687499999999972911 ) ) ;
#7162 = DIRECTION ( 'NONE',  ( 0.000000000000000000, 0.000000000000000000, -1.000000000000000000 ) ) ;
#7163 = CARTESIAN_POINT ( 'NONE',  ( -0.8816504037844309360, -1.527063293868244909, -7.776041666666671404 ) ) ;
#7164 =( BOUNDED_CURVE ( )  B_SPLINE_CURVE ( 2, ( #2626, #7723, #2081, #1957, #5938, #6610, #7808, #6487, #7122 ),
 .UNSPECIFIED., .F., .F. ) 
 B_SPLINE_CURVE_WITH_KNOTS ( ( 3, 2, 2, 2, 3 ),
 ( 0.8040540540540540571, 0.8063063063063062863, 0.8108108108108107448, 0.8153153153153153143, 0.8175675675675675436 ),
 .UNSPECIFIED. ) 
 CURVE ( )  GEOMETRIC_REPRESENTATION_ITEM ( )  RATIONAL_B_SPLINE_CURVE ( ( 0.9330127018922194093, 0.9330127018922194093, 1.000000000000000000, 0.8660254037844388186, 1.000000000000000000, 0.8660254037844388186, 1.000000000000000000, 0.9330127018922210747, 0.9330127018922194093 ) ) 
 REPRESENTATION_ITEM ( '' )  );
#7165 = ORIENTED_EDGE ( 'NONE', *, *, #3737, .F. ) ;
#7166 = VERTEX_POINT ( 'NONE', #4683 ) ;
#7167 = CYLINDRICAL_SURFACE ( 'NONE', #2923, 1.175240473580825062 ) ;
#7168 = CARTESIAN_POINT ( 'NONE',  ( -1.499999999999995559, 4.561024215828087150E-15, 6.124999999999971578 ) ) ;
#7169 = CARTESIAN_POINT ( 'NONE',  ( 1.499999999999996447, -6.042630808230842937E-15, 0.4374999999999699130 ) ) ;
#7170 = CARTESIAN_POINT ( 'NONE',  ( -1.554831313592999980E-14, -1.175240473580820844, -2.937500000000014655 ) ) ;
#7171 = CARTESIAN_POINT ( 'NONE',  ( 0.6785254037844331565, 1.175240473580829059, -1.729166666666684504 ) ) ;
#7172 = CARTESIAN_POINT ( 'NONE',  ( -1.175240473580826839, 0.3149047358083640336, 1.415170900630716488 ) ) ;
#7173 = CARTESIAN_POINT ( 'NONE',  ( 0.6785254037844331565, 1.175240473580829059, -6.291666666666674956 ) ) ;
#7174 = CARTESIAN_POINT ( 'NONE',  ( 0.6785254037844675734, 1.175240473580809075, 3.208333333333303727 ) ) ;
#7175 = CARTESIAN_POINT ( 'NONE',  ( -1.870113174931165379E-16, -1.527063293868244687, -2.203125000000017764 ) ) ;
#7176 = CARTESIAN_POINT ( 'NONE',  ( -1.499999999999996225, 4.561024215828087150E-15, 5.687499999999959144 ) ) ;
#7177 = CARTESIAN_POINT ( 'NONE',  ( 1.175240473580825284, 0.3149047358083563175, -7.790170900630744022 ) ) ;
#7178 = CARTESIAN_POINT ( 'NONE',  ( -0.8816504037844309360, -1.527063293868244909, 8.723958333333293069 ) ) ;
#7179 = CARTESIAN_POINT ( 'NONE',  ( -1.175240473580826173, 0.3149047358083758019, 6.352670900630705830 ) ) ;
#7180 = CARTESIAN_POINT ( 'NONE',  ( -0.6785254037844206110, 1.175240473580836387, 4.291666666666636765 ) ) ;
#7181 = LINE ( 'NONE', #3961, #4815 ) ;
#7182 = ORIENTED_EDGE ( 'NONE', *, *, #152, .F. ) ;
#7183 = VERTEX_POINT ( 'NONE', #6458 ) ;
#7184 = CARTESIAN_POINT ( 'NONE',  ( -1.357050807568865203, 4.458126344604650913E-15, 8.874999999999959144 ) ) ;
#7185 = CARTESIAN_POINT ( 'NONE',  ( -1.175240473580823508, -0.3149047358083351678, 2.959829099369232885 ) ) ;
#7186 = CARTESIAN_POINT ( 'NONE',  ( 1.017788105676650678, 0.5876202367904137525, -6.770833333333340143 ) ) ;
#7187 = CARTESIAN_POINT ( 'NONE',  ( 1.499999999999995559, 3.747593145489319422E-15, 2.874999999999978684 ) ) ;
#7188 = CARTESIAN_POINT ( 'NONE',  ( 0.8816504037844299368, -1.527063293868245353, 0.8072916666666436480 ) ) ;
#7189 = ORIENTED_EDGE ( 'NONE', *, *, #2123, .F. ) ;
#7190 = CARTESIAN_POINT ( 'NONE',  ( -0.6785254037844329345, -1.175240473580820622, 4.520833333333301951 ) ) ;
#7191 = AXIS2_PLACEMENT_3D ( 'NONE', #6178, #1615, #7976 ) ;
#7192 = ADVANCED_FACE ( 'NONE', ( #4639 ), #5823, .T. ) ;
#7193 = CYLINDRICAL_SURFACE ( 'NONE', #3587, 1.175240473580825062 ) ;
#7194 = ORIENTED_EDGE ( 'NONE', *, *, #7935, .F. ) ;
#7195 = ORIENTED_EDGE ( 'NONE', *, *, #949, .F. ) ;
#7196 = FACE_OUTER_BOUND ( 'NONE', #5218, .T. ) ;
#7197 = CARTESIAN_POINT ( 'NONE',  ( -1.175240473580825284, 5.403506395821810812E-15, -6.562500000000007105 ) ) ;
#7198 = CARTESIAN_POINT ( 'NONE',  ( 0.000000000000000000, 1.175240473580829503, 1.749999999999973799 ) ) ;
#7199 = CARTESIAN_POINT ( 'NONE',  ( 1.175240473580828615, 1.867986350813668840E-14, 2.624999999999975131 ) ) ;
#7200 = CARTESIAN_POINT ( 'NONE',  ( 1.499999999999995781, -6.071681917885798082E-15, -0.1250000000000154599 ) ) ;
#7201 = CARTESIAN_POINT ( 'NONE',  ( 0.8816504037844296038, -1.527063293868245131, 5.338541666666634100 ) ) ;
#7202 = CARTESIAN_POINT ( 'NONE',  ( 1.017788105676655785, 0.5876202367904048707, 3.729166666666637653 ) ) ;
#7203 = CARTESIAN_POINT ( 'NONE',  ( 0.8660254037844371533, 1.500000000000000222, 3.020833333333297510 ) ) ;
#7204 = CARTESIAN_POINT ( 'NONE',  ( 1.175240473580824618, -2.295037662741521937E-15, -1.375000000000018208 ) ) ;
#7205 = ADVANCED_FACE ( 'NONE', ( #3915 ), #1934, .T. ) ;
#7206 = EDGE_LOOP ( 'NONE', ( #695, #4945, #4323, #1288 ) ) ;
#7207 =( BOUNDED_CURVE ( )  B_SPLINE_CURVE ( 2, ( #439, #6270, #5052, #8201, #7679, #602, #3180, #7635, #6997 ),
 .UNSPECIFIED., .F., .T. ) 
 B_SPLINE_CURVE_WITH_KNOTS ( ( 3, 2, 2, 2, 3 ),
 ( 0.3310810810810811411, 0.3333333333333333148, 0.3378378378378378288, 0.3423423423423423428, 0.3445945945945946276 ),
 .UNSPECIFIED. ) 
 CURVE ( )  GEOMETRIC_REPRESENTATION_ITEM ( )  RATIONAL_B_SPLINE_CURVE ( ( 0.9330127018922192983, 0.9330127018922209636, 1.000000000000000000, 0.8660254037844387076, 1.000000000000000000, 0.8660254037844387076, 1.000000000000000000, 0.9330127018922185211, 0.9330127018922194093 ) ) 
 REPRESENTATION_ITEM ( '' )  );
#7208 = ORIENTED_EDGE ( 'NONE', *, *, #641, .T. ) ;
#7209 = CARTESIAN_POINT ( 'NONE',  ( -0.6785254037844471453, -1.175240473580812184, 3.520833333333304616 ) ) ;
#7210 = CARTESIAN_POINT ( 'NONE',  ( -5.470621942149835474E-15, -1.175240473580820844, -6.000000000000008882 ) ) ;
#7211 = CARTESIAN_POINT ( 'NONE',  ( 0.8660254037844368202, 1.499999999999999334, 5.458333333333305504 ) ) ;
#7212 =( BOUNDED_CURVE ( )  B_SPLINE_CURVE ( 2, ( #606, #1757, #2505, #4972, #443, #1121, #6960, #3184, #7595 ),
 .UNSPECIFIED., .F., .F. ) 
 B_SPLINE_CURVE_WITH_KNOTS ( ( 3, 2, 2, 2, 3 ),
 ( 0.2500000000000000000, 0.2522522522522522292, 0.2567567567567567433, 0.2612612612612612573, 0.2635135135135135420 ),
 .UNSPECIFIED. ) 
 CURVE ( )  GEOMETRIC_REPRESENTATION_ITEM ( )  RATIONAL_B_SPLINE_CURVE ( ( 0.9330127018922194093, 0.9330127018922198534, 1.000000000000000000, 0.8660254037844387076, 1.000000000000000000, 0.8660254037844387076, 1.000000000000000000, 0.9330127018922185211, 0.9330127018922194093 ) ) 
 REPRESENTATION_ITEM ( '' )  );
#7213 = CARTESIAN_POINT ( 'NONE',  ( 0.2584180435564090716, 1.292801134365858973, -7.832198865633863250 ) ) ;
#7214 = VECTOR ( 'NONE', #3914, 1000.000000000000000 ) ;
#7215 = CARTESIAN_POINT ( 'NONE',  ( -1.357050807568865203, 4.458126344604650913E-15, -0.5625000000000204281 ) ) ;
#7216 = CARTESIAN_POINT ( 'NONE',  ( 0.8660254037844359321, -1.499999999999992673, 0.3541666666666371532 ) ) ;
#7217 = CARTESIAN_POINT ( 'NONE',  ( 1.357050807568865203, 4.125744759050742171E-15, -5.875000000000008882 ) ) ;
#7218 = CARTESIAN_POINT ( 'NONE',  ( 1.497115644005736433E-14, 1.175240473580829503, 3.249999999999971578 ) ) ;
#7219 = CARTESIAN_POINT ( 'NONE',  ( 1.322475605676645127, -0.7635316469341209000, 1.380208333333307946 ) ) ;
#7220 = CARTESIAN_POINT ( 'NONE',  ( -1.499999999999982014, -9.067116327485578019E-15, 12.24264068711923237 ) ) ;
#7221 = CARTESIAN_POINT ( 'NONE',  ( 1.017788105676649346, 0.5876202367904160839, -7.770833333333337478 ) ) ;
#7222 = CARTESIAN_POINT ( 'NONE',  ( 0.8816504037844311581, 1.527063293868253568, 9.473958333333291293 ) ) ;
#7223 = CARTESIAN_POINT ( 'NONE',  ( -0.6785254037844192787, 1.175240473580837053, 6.291666666666630547 ) ) ;
#7224 = CARTESIAN_POINT ( 'NONE',  ( 1.499999999999993561, -0.4019237886466838217, -5.584829099369276406 ) ) ;
#7225 = DIRECTION ( 'NONE',  ( 0.000000000000000000, -1.000000000000000000, -7.531071187239187305E-16 ) ) ;
#7226 = ORIENTED_EDGE ( 'NONE', *, *, #482, .T. ) ;
#7227 = ORIENTED_EDGE ( 'NONE', *, *, #4347, .F. ) ;
#7228 = CARTESIAN_POINT ( 'NONE',  ( -1.870113174931165379E-16, -1.527063293868244687, -6.203125000000008882 ) ) ;
#7229 = CARTESIAN_POINT ( 'NONE',  ( 1.175240473580824174, 3.515184268249673134E-15, 3.187499999999973355 ) ) ;
#7230 = CARTESIAN_POINT ( 'NONE',  ( -1.299038105676654897, -0.7499999999999935607, 1.229166666666636321 ) ) ;
#7231 =( BOUNDED_CURVE ( )  B_SPLINE_CURVE ( 2, ( #7538, #1103, #6944, #7024, #2487, #1782, #2364, #8351, #589 ),
 .UNSPECIFIED., .F., .F. ) 
 B_SPLINE_CURVE_WITH_KNOTS ( ( 3, 2, 2, 2, 3 ),
 ( 0.3175675675675675991, 0.3198198198198198283, 0.3243243243243243423, 0.3288288288288288563, 0.3310810810810811411 ),
 .UNSPECIFIED. ) 
 CURVE ( )  GEOMETRIC_REPRESENTATION_ITEM ( )  RATIONAL_B_SPLINE_CURVE ( ( 0.9330127018922194093, 0.9330127018922201865, 1.000000000000000000, 0.8660254037844387076, 1.000000000000000000, 0.8660254037844387076, 1.000000000000000000, 0.9330127018922176330, 0.9330127018922192983 ) ) 
 REPRESENTATION_ITEM ( '' )  );
#7232 = CARTESIAN_POINT ( 'NONE',  ( 1.017788105676629584, -0.5876202367904421742, 6.645833333333296622 ) ) ;
#7233 = CARTESIAN_POINT ( 'NONE',  ( 1.322475605676646238, 0.7635316469341281165, 0.4322916666666450913 ) ) ;
#7234 = ORIENTED_EDGE ( 'NONE', *, *, #7039, .F. ) ;
#7235 = CARTESIAN_POINT ( 'NONE',  ( -1.439254484199176806E-16, -1.175240473580820844, 5.062499999999968026 ) ) ;
#7236 = CARTESIAN_POINT ( 'NONE',  ( 1.175240473580825062, -0.3149047358083481019, -7.834829099369263972 ) ) ;
#7237 = ORIENTED_EDGE ( 'NONE', *, *, #7833, .T. ) ;
#7238 = EDGE_LOOP ( 'NONE', ( #1653, #2159, #1626, #2445 ) ) ;
#7239 = CARTESIAN_POINT ( 'NONE',  ( -0.8660254037844362651, 1.500000000000000666, -4.395833333333352577 ) ) ;
#7240 = CARTESIAN_POINT ( 'NONE',  ( -0.8660254037844369313, -1.499999999999991562, -3.229166666666688279 ) ) ;
#7241 = CARTESIAN_POINT ( 'NONE',  ( 0.000000000000000000, 1.175240473580829503, 1.249999999999975131 ) ) ;
#7242 = VECTOR ( 'NONE', #2281, 1000.000000000000000 ) ;
#7243 = CARTESIAN_POINT ( 'NONE',  ( 1.175240473580824618, 0.3149047358083482129, 2.647329099369234662 ) ) ;
#7244 = CARTESIAN_POINT ( 'NONE',  ( 0.000000000000000000, 1.500000000000000222, 4.999999999999974243 ) ) ;
#7245 = CARTESIAN_POINT ( 'NONE',  ( 1.763300807568860318, 4.051117844727701623E-15, 5.921874999999964473 ) ) ;
#7246 = CARTESIAN_POINT ( 'NONE',  ( -1.175240473580824174, 8.424821799937231689E-16, 1.937499999999975575 ) ) ;
#7247 = CARTESIAN_POINT ( 'NONE',  ( -1.499999999999996225, 0.4019237886466875964, 3.165170900630704498 ) ) ;
#7248 = EDGE_CURVE ( 'NONE', #8292, #6601, #4888, .T. ) ;
#7249 = CARTESIAN_POINT ( 'NONE',  ( 0.8816504037844299368, -1.527063293868245353, -7.192708333333339255 ) ) ;
#7250 = EDGE_CURVE ( 'NONE', #4281, #6047, #3699, .T. ) ;
#7251 = ORIENTED_EDGE ( 'NONE', *, *, #3826, .T. ) ;
#7252 = EDGE_CURVE ( 'NONE', #3808, #2114, #4249, .T. ) ;
#7253 = ORIENTED_EDGE ( 'NONE', *, *, #6687, .F. ) ;
#7254 = CARTESIAN_POINT ( 'NONE',  ( -1.175240473580825729, -0.3149047358083348902, 3.459829099369232885 ) ) ;
#7255 = CARTESIAN_POINT ( 'NONE',  ( -1.017788105676648014, 0.5876202367904186374, -7.166666666666673180 ) ) ;
#7256 = CARTESIAN_POINT ( 'NONE',  ( -1.499999999999995781, -7.814748497183156485E-15, -5.875000000000000888 ) ) ;
#7257 = VECTOR ( 'NONE', #98, 1000.000000000000000 ) ;
#7258 = CARTESIAN_POINT ( 'NONE',  ( -1.175240473580826395, -0.3149047358083402748, -3.040170900630754236 ) ) ;
#7259 = CARTESIAN_POINT ( 'NONE',  ( -1.439254484199176806E-16, -1.175240473580820844, 0.5624999999999779066 ) ) ;
#7260 = CARTESIAN_POINT ( 'NONE',  ( -1.017788105676648902, -0.5876202367904079793, -6.083333333333341919 ) ) ;
#7261 = EDGE_CURVE ( 'NONE', #878, #2424, #6760, .T. ) ;
#7262 = CARTESIAN_POINT ( 'NONE',  ( -0.6785254037844042907, 1.175240473580845713, 3.291666666666637209 ) ) ;
#7263 = CARTESIAN_POINT ( 'NONE',  ( -0.8816504037844300479, 1.527063293868253568, 1.088541666666642316 ) ) ;
#7264 = CARTESIAN_POINT ( 'NONE',  ( 0.000000000000000000, -2.222344185212348510E-15, 9.650000000000000355 ) ) ;
#7265 = DIRECTION ( 'NONE',  ( -1.000000000000000000, 0.000000000000000000, 0.000000000000000000 ) ) ;
#7266 = CIRCLE ( 'NONE', #506, 1.175240473580825062 ) ;
#7267 = CARTESIAN_POINT ( 'NONE',  ( -1.439254484199176806E-16, -1.175240473580820844, -7.437500000000005329 ) ) ;
#7268 = CALENDAR_DATE ( 2026, 25, 6 ) ;
#7269 = CARTESIAN_POINT ( 'NONE',  ( -1.453800207519980070, 0.1817863067240419461, 7.703800207519999610 ) ) ;
#7270 = CARTESIAN_POINT ( 'NONE',  ( 1.175240473580825284, 6.100733027540755593E-15, -4.812500000000012434 ) ) ;
#7271 = CC_DESIGN_SECURITY_CLASSIFICATION ( #6867, ( #7548 ) ) ;
#7272 = ORIENTED_EDGE ( 'NONE', *, *, #8007, .F. ) ;
#7273 = ORIENTED_EDGE ( 'NONE', *, *, #7989, .T. ) ;
#7274 = CARTESIAN_POINT ( 'NONE',  ( 0.8816504037844296038, -1.527063293868245131, -6.161458333333341919 ) ) ;
#7275 = CARTESIAN_POINT ( 'NONE',  ( -1.492158314515314867E-14, 1.500000000000006883, 9.650000000000002132 ) ) ;
#7276 = CARTESIAN_POINT ( 'NONE',  ( 0.000000000000000000, -7.267483695685816380E-15, 9.650000000000000355 ) ) ;
#7277 = CARTESIAN_POINT ( 'NONE',  ( 0.000000000000000000, 4.375030948216173530E-15, -8.000000000000000000 ) ) ;
#7278 = CARTESIAN_POINT ( 'NONE',  ( 0.000000000000000000, 1.527063293868253790, 3.015624999999973355 ) ) ;
#7279 = EDGE_LOOP ( 'NONE', ( #2129, #7559, #7343, #2155, #5836, #6478 ) ) ;
#7280 = CARTESIAN_POINT ( 'NONE',  ( 0.000000000000000000, 1.175240473580829503, 6.812499999999964473 ) ) ;
#7281 = CARTESIAN_POINT ( 'NONE',  ( 1.175240473580825062, 0.3149047358083469916, 4.709829099369229333 ) ) ;
#7282 = ORIENTED_EDGE ( 'NONE', *, *, #1569, .F. ) ;
#7283 = EDGE_LOOP ( 'NONE', ( #6644, #5605, #6070, #3503 ) ) ;
#7284 =( BOUNDED_CURVE ( )  B_SPLINE_CURVE ( 2, ( #6649, #2000, #3937, #3980, #3302, #3345, #4027, #5376, #7200 ),
 .UNSPECIFIED., .F., .F. ) 
 B_SPLINE_CURVE_WITH_KNOTS ( ( 3, 2, 2, 2, 3 ),
 ( 0.5608108108108107448, 0.5630630630630630851, 0.5675675675675675436, 0.5720720720720720021, 0.5743243243243243423 ),
 .UNSPECIFIED. ) 
 CURVE ( )  GEOMETRIC_REPRESENTATION_ITEM ( )  RATIONAL_B_SPLINE_CURVE ( ( 0.9330127018922194093, 0.9330127018922160786, 1.000000000000000000, 0.8660254037844388186, 1.000000000000000000, 0.8660254037844388186, 1.000000000000000000, 0.9330127018922177440, 0.9330127018922194093 ) ) 
 REPRESENTATION_ITEM ( '' )  );
#7285 = CARTESIAN_POINT ( 'NONE',  ( 1.299038105676654675, 0.7500000000000013323, -5.583333333333336590 ) ) ;
#7286 = CARTESIAN_POINT ( 'NONE',  ( 1.299038105676654675, -0.7499999999999944489, -3.104166666666688279 ) ) ;
#7287 = CARTESIAN_POINT ( 'NONE',  ( -1.017788105676648902, -0.5876202367904079793, 3.916666666666635876 ) ) ;
#7288 = CARTESIAN_POINT ( 'NONE',  ( -1.499999999999995781, -0.4019237886466783261, 5.647329099369233774 ) ) ;
#7289 = CARTESIAN_POINT ( 'NONE',  ( -0.8816504037844307140, -1.527063293868244465, 8.755208333333293069 ) ) ;
#7290 = CARTESIAN_POINT ( 'NONE',  ( 1.175240473580824840, 4.299564228933483745E-15, -7.312500000000006217 ) ) ;
#7291 = CARTESIAN_POINT ( 'NONE',  ( -1.499999999999996447, -7.814748497183156485E-15, -7.312500000000012434 ) ) ;
#7292 = CARTESIAN_POINT ( 'NONE',  ( -1.322475605676645571, 0.7635316469341293377, -4.401041666666678509 ) ) ;
#7293 = ORIENTED_EDGE ( 'NONE', *, *, #5848, .T. ) ;
#7294 = CARTESIAN_POINT ( 'NONE',  ( 1.175240473580825062, 0.3149047358083458814, 6.647329099369225780 ) ) ;
#7295 = ADVANCED_FACE ( 'NONE', ( #8044 ), #2897, .T. ) ;
#7296 = EDGE_CURVE ( 'NONE', #1706, #1401, #5110, .T. ) ;
#7297 = EDGE_LOOP ( 'NONE', ( #7165, #7043, #4202, #5007 ) ) ;
#7298 = CARTESIAN_POINT ( 'NONE',  ( -0.8660254037844362651, 1.500000000000000666, -1.895833333333357906 ) ) ;
#7299 = CARTESIAN_POINT ( 'NONE',  ( -0.6785254037844550279, -1.175240473580807743, 2.958333333333305948 ) ) ;
#7300 = DIRECTION ( 'NONE',  ( 1.000000000000000000, 0.000000000000000000, 0.000000000000000000 ) ) ;
#7301 = CARTESIAN_POINT ( 'NONE',  ( 0.9300963719860215750, 0.8892650298157164235, -7.864566476178169729 ) ) ;
#7302 = CARTESIAN_POINT ( 'NONE',  ( -1.357050807568865203, 4.458126344604650913E-15, 0.4374999999999778511 ) ) ;
#7303 = DIRECTION ( 'NONE',  ( -1.000000000000000000, 0.000000000000000000, 0.000000000000000000 ) ) ;
#7304 = ADVANCED_FACE ( 'NONE', ( #6801 ), #8089, .T. ) ;
#7305 = CARTESIAN_POINT ( 'NONE',  ( -0.6785254037844329345, -1.175240473580820622, -4.041666666666679397 ) ) ;
#7306 = DIRECTION ( 'NONE',  ( -1.000000000000000000, 0.000000000000000000, 0.000000000000000000 ) ) ;
#7307 = FACE_OUTER_BOUND ( 'NONE', #183, .T. ) ;
#7308 = CARTESIAN_POINT ( 'NONE',  ( -1.870113174931165379E-16, -1.527063293868244687, 1.296874999999975131 ) ) ;
#7309 = CARTESIAN_POINT ( 'NONE',  ( -1.499999999999996447, -5.258250847547031931E-15, -4.812500000000016875 ) ) ;
#7310 = CARTESIAN_POINT ( 'NONE',  ( 0.000000000000000000, -1.175240473580813738, -7.949759526419157396 ) ) ;
#7311 = EDGE_CURVE ( 'NONE', #6053, #5638, #5977, .T. ) ;
#7312 = CARTESIAN_POINT ( 'NONE',  ( -1.322475605676645571, 0.7635316469341293377, 9.098958333333294846 ) ) ;
#7313 = ADVANCED_FACE ( 'NONE', ( #6161 ), #5484, .T. ) ;
#7314 = CARTESIAN_POINT ( 'NONE',  ( 0.000000000000000000, 0.000000000000000000, 0.000000000000000000 ) ) ;
#7315 = CARTESIAN_POINT ( 'NONE',  ( -0.7567804040993760806, 1.202759956355748505, 7.659601993306920598 ) ) ;
#7316 = LINE ( 'NONE', #2101, #5893 ) ;
#7317 = EDGE_LOOP ( 'NONE', ( #5666, #7451, #5045, #8184 ) ) ;
#7318 = CARTESIAN_POINT ( 'NONE',  ( -0.8816504037844307140, -1.527063293868244465, -8.244791666666671404 ) ) ;
#7319 = CARTESIAN_POINT ( 'NONE',  ( 1.299038105676654009, -0.7499999999999942268, -0.1666666666666809515 ) ) ;
#7320 = CARTESIAN_POINT ( 'NONE',  ( -1.499999999999995559, -5.258250847547031143E-15, -0.3750000000000142109 ) ) ;
#7321 = CARTESIAN_POINT ( 'NONE',  ( 0.8816504037844299368, -1.527063293868245353, 2.807291666666640317 ) ) ;
#7322 = VERTEX_POINT ( 'NONE', #7310 ) ;
#7323 = CARTESIAN_POINT ( 'NONE',  ( 0.6785254037844321573, -1.175240473580821066, 7.604166666666630547 ) ) ;
#7324 = CYLINDRICAL_SURFACE ( 'NONE', #3995, 1.175240473580825062 ) ;
#7325 = ORIENTED_EDGE ( 'NONE', *, *, #1206, .T. ) ;
#7326 = ORIENTED_EDGE ( 'NONE', *, *, #7250, .F. ) ;
#7327 = CARTESIAN_POINT ( 'NONE',  ( -1.499999999999993783, -0.4019237886466829890, -1.290170900630765338 ) ) ;
#7328 = CARTESIAN_POINT ( 'NONE',  ( -0.8660254037844358210, 1.499999999999999778, -2.458333333333343251 ) ) ;
#7329 = CARTESIAN_POINT ( 'NONE',  ( 1.017788105676648902, -0.5876202367904087565, 3.083333333333305948 ) ) ;
#7330 = CARTESIAN_POINT ( 'NONE',  ( 0.000000000000000000, 4.375030948216173530E-15, -8.000000000000000000 ) ) ;
#7331 = CARTESIAN_POINT ( 'NONE',  ( 0.8660254037844371533, 1.500000000000000222, 7.520833333333291293 ) ) ;
#7332 = CARTESIAN_POINT ( 'NONE',  ( 1.322475605676646015, 0.7635316469341278944, 9.463541666666625218 ) ) ;
#7333 = CARTESIAN_POINT ( 'NONE',  ( 1.499999999999996669, -1.597811031022578733E-14, 2.937499999999964917 ) ) ;
#7334 = CARTESIAN_POINT ( 'NONE',  ( 1.322475605676646238, 0.7635316469341281165, -6.067708333333341919 ) ) ;
#7335 = ORIENTED_EDGE ( 'NONE', *, *, #6153, .F. ) ;
#7336 =( BOUNDED_CURVE ( )  B_SPLINE_CURVE ( 2, ( #2136, #2766, #4722, #1337, #3910, #7216, #3274, #4634, #5859 ),
 .UNSPECIFIED., .F., .T. ) 
 B_SPLINE_CURVE_WITH_KNOTS ( ( 3, 2, 2, 2, 3 ),
 ( 0.4662162162162162282, 0.4684684684684684575, 0.4729729729729729715, 0.4774774774774774855, 0.4797297297297297147 ),
 .UNSPECIFIED. ) 
 CURVE ( )  GEOMETRIC_REPRESENTATION_ITEM ( )  RATIONAL_B_SPLINE_CURVE ( ( 0.9330127018922194093, 0.9330127018922201865, 1.000000000000000000, 0.8660254037844387076, 1.000000000000000000, 0.8660254037844387076, 1.000000000000000000, 0.9330127018922202975, 0.9330127018922194093 ) ) 
 REPRESENTATION_ITEM ( '' )  );
#7337 = CARTESIAN_POINT ( 'NONE',  ( 1.299038105676655563, 0.7500000000000016653, 6.479166666666625218 ) ) ;
#7338 = ORIENTED_EDGE ( 'NONE', *, *, #7252, .T. ) ;
#7339 = DIRECTION ( 'NONE',  ( 1.000000000000000000, 0.000000000000000000, 0.000000000000000000 ) ) ;
#7340 = CARTESIAN_POINT ( 'NONE',  ( 1.299038105676654675, -0.7499999999999944489, 2.395833333333299286 ) ) ;
#7341 = CARTESIAN_POINT ( 'NONE',  ( 1.094124388429967095E-14, 1.175240473580829503, -3.750000000000013767 ) ) ;
#7342 = DIRECTION ( 'NONE',  ( 1.000000000000000000, 0.000000000000000000, 0.000000000000000000 ) ) ;
#7343 = ORIENTED_EDGE ( 'NONE', *, *, #5998, .T. ) ;
#7344 = CARTESIAN_POINT ( 'NONE',  ( -1.017788105676648902, 0.5876202367904169721, -0.6041666666666868357 ) ) ;
#7345 = AXIS2_PLACEMENT_3D ( 'NONE', #3824, #5693, #8338 ) ;
#7346 = CARTESIAN_POINT ( 'NONE',  ( -1.836970198721024757E-16, -1.499999999999991562, -3.750000000000007105 ) ) ;
#7347 = CARTESIAN_POINT ( 'NONE',  ( -1.357050807568865203, 4.458126344604650913E-15, -3.625000000000013767 ) ) ;
#7348 = CARTESIAN_POINT ( 'NONE',  ( -1.017788105676652455, -0.5876202367904022061, -1.083333333333352799 ) ) ;
#7349 = CARTESIAN_POINT ( 'NONE',  ( 0.1580247838118455650, -1.063464886906865470, 9.566536875587615896 ) ) ;
#7350 = CARTESIAN_POINT ( 'NONE',  ( 0.000000000000000000, 1.527063293868253568, -0.4531250000000212053 ) ) ;
#7351 = CARTESIAN_POINT ( 'NONE',  ( 1.499999999999996447, -6.042630808230842937E-15, -4.562500000000019540 ) ) ;
#7352 = AXIS2_PLACEMENT_3D ( 'NONE', #7264, #5950, #1382 ) ;
#7353 = CARTESIAN_POINT ( 'NONE',  ( -1.175240473580825284, 3.369928719974892676E-15, -4.062500000000012434 ) ) ;
#7354 = EDGE_CURVE ( 'NONE', #2741, #2355, #7443, .T. ) ;
#7355 = CARTESIAN_POINT ( 'NONE',  ( 0.6785254037844331565, 1.175240473580829059, -7.729166666666671404 ) ) ;
#7356 = EDGE_CURVE ( 'NONE', #2575, #3640, #4514, .T. ) ;
#7357 = APPROVAL_DATE_TIME ( #7962, #7782 ) ;
#7358 = CYLINDRICAL_SURFACE ( 'NONE', #2100, 1.175240473580825062 ) ;
#7359 = CARTESIAN_POINT ( 'NONE',  ( -1.499999999999996447, -5.258250847547031931E-15, 0.1874999999999720224 ) ) ;
#7360 = ORIENTED_EDGE ( 'NONE', *, *, #5272, .T. ) ;
#7361 = ADVANCED_FACE ( 'NONE', ( #2771 ), #4770, .T. ) ;
#7362 = CARTESIAN_POINT ( 'NONE',  ( 1.322475605676646015, 0.7635316469341278944, -6.536458333333341919 ) ) ;
#7363 = CARTESIAN_POINT ( 'NONE',  ( -1.000000000000005551, -0.2032753359766611423, 9.495286663959754847 ) ) ;
#7364 = CARTESIAN_POINT ( 'NONE',  ( -1.175240473580823952, 1.728541024469880041E-14, 4.437499999999968914 ) ) ;
#7365 = CARTESIAN_POINT ( 'NONE',  ( 0.8816504037844299368, -1.527063293868245353, 3.307291666666638985 ) ) ;
#7366 = VERTEX_POINT ( 'NONE', #7520 ) ;
#7367 = CARTESIAN_POINT ( 'NONE',  ( 0.6785254037844331565, 1.175240473580829059, 8.270833333333293069 ) ) ;
#7368 = CARTESIAN_POINT ( 'NONE',  ( -1.175240473580823952, -3.921899803419055815E-15, 4.937499999999970690 ) ) ;
#7369 = VERTEX_POINT ( 'NONE', #7041 ) ;
#7370 = EDGE_LOOP ( 'NONE', ( #1101, #7325, #1537, #5128 ) ) ;
#7371 = EDGE_CURVE ( 'NONE', #2007, #5048, #191, .T. ) ;
#7372 = CARTESIAN_POINT ( 'NONE',  ( 0.8660254037844359321, -1.499999999999992673, -3.645833333333353021 ) ) ;
#7373 = CARTESIAN_POINT ( 'NONE',  ( -0.6785254037844324904, 1.175240473580829281, 3.791666666666637653 ) ) ;
#7374 = DIRECTION ( 'NONE',  ( -0.000000000000000000, -0.000000000000000000, 1.000000000000000000 ) ) ;
#7375 = CARTESIAN_POINT ( 'NONE',  ( 1.175240473580824840, -0.3149047358083499892, -4.897329099369271077 ) ) ;
#7376 = CARTESIAN_POINT ( 'NONE',  ( -1.763300807568860318, 4.483001982712331095E-15, 7.671874999999960920 ) ) ;
#7377 = CARTESIAN_POINT ( 'NONE',  ( 1.017788105676642019, -0.5876202367904201918, 6.083333333333298398 ) ) ;
#7378 = CARTESIAN_POINT ( 'NONE',  ( 0.000000000000000000, 1.527063293868253790, -5.484375000000008882 ) ) ;
#7379 = VERTEX_POINT ( 'NONE', #5728 ) ;
#7380 = AXIS2_PLACEMENT_3D ( 'NONE', #1276, #3892, #3847 ) ;
#7381 = CARTESIAN_POINT ( 'NONE',  ( -1.299038105676654675, 0.7500000000000027756, 6.645833333333291293 ) ) ;
#7382 = ORIENTED_EDGE ( 'NONE', *, *, #8046, .F. ) ;
#7383 = CARTESIAN_POINT ( 'NONE',  ( 0.000000000000000000, 4.375030948216173530E-15, -8.000000000000000000 ) ) ;
#7384 = CARTESIAN_POINT ( 'NONE',  ( -2.301352272525719822E-15, -1.175240473580820844, 2.999999999999971578 ) ) ;
#7385 = CARTESIAN_POINT ( 'NONE',  ( 1.175240473580825284, 3.195622062045156283E-15, -6.375000000000007105 ) ) ;
#7386 = LINE ( 'NONE', #4210, #3829 ) ;
#7387 = EDGE_LOOP ( 'NONE', ( #2950, #5096, #4033, #740 ) ) ;
#7388 = AXIS2_PLACEMENT_3D ( 'NONE', #3835, #4392, #668 ) ;
#7389 = CARTESIAN_POINT ( 'NONE',  ( 0.000000000000000000, 1.175240473580829503, -1.187500000000018430 ) ) ;
#7390 =( BOUNDED_CURVE ( )  B_SPLINE_CURVE ( 2, ( #63, #3362, #6711, #7174, #7218, #7262, #5948, #5229, #4766 ),
 .UNSPECIFIED., .F., .F. ) 
 B_SPLINE_CURVE_WITH_KNOTS ( ( 3, 2, 2, 2, 3 ),
 ( 0.6148648648648649129, 0.6171171171171171421, 0.6216216216216216006, 0.6261261261261261701, 0.6283783783783785104 ),
 .UNSPECIFIED. ) 
 CURVE ( )  GEOMETRIC_REPRESENTATION_ITEM ( )  RATIONAL_B_SPLINE_CURVE ( ( 0.9330127018922192983, 0.9330127018922209636, 1.000000000000000000, 0.8660254037844387076, 1.000000000000000000, 0.8660254037844387076, 1.000000000000000000, 0.9330127018922160786, 0.9330127018922194093 ) ) 
 REPRESENTATION_ITEM ( '' )  );
#7391 = VECTOR ( 'NONE', #6480, 1000.000000000000000 ) ;
#7392 = CARTESIAN_POINT ( 'NONE',  ( 1.175240473580825507, 0.3149047358083540415, -6.290170900630746686 ) ) ;
#7393 = CARTESIAN_POINT ( 'NONE',  ( -1.499999999999995559, -5.258250847547031143E-15, -4.375000000000005329 ) ) ;
#7394 = CARTESIAN_POINT ( 'NONE',  ( -1.322475605676645349, -0.7635316469341199008, -0.2864583333333555748 ) ) ;
#7395 = CARTESIAN_POINT ( 'NONE',  ( 1.499999999999993561, -0.4019237886466838217, -4.584829099369279071 ) ) ;
#7396 = CARTESIAN_POINT ( 'NONE',  ( -1.175240473580818623, 0.3149047358083699732, 2.415170900630712936 ) ) ;
#7397 = CARTESIAN_POINT ( 'NONE',  ( 1.017788105676649346, 0.5876202367904160839, -7.770833333333337478 ) ) ;
#7398 = VECTOR ( 'NONE', #2421, 1000.000000000000000 ) ;
#7399 = COORDINATED_UNIVERSAL_TIME_OFFSET ( 6, 0, .BEHIND. ) ;
#7400 = CARTESIAN_POINT ( 'NONE',  ( -1.299038105676654453, -0.7499999999999933387, 1.166666666666649421 ) ) ;
#7401 = CARTESIAN_POINT ( 'NONE',  ( 8.059825111515391496E-15, 1.175240473580829503, 5.812499999999967137 ) ) ;
#7402 = ORIENTED_EDGE ( 'NONE', *, *, #3377, .T. ) ;
#7403 = EDGE_CURVE ( 'NONE', #5619, #2007, #4845, .T. ) ;
#7404 = EDGE_CURVE ( 'NONE', #1995, #2485, #5478, .T. ) ;
#7405 = CARTESIAN_POINT ( 'NONE',  ( 0.6785254037844321573, -1.175240473580821066, 10.04166666666662167 ) ) ;
#7406 = VECTOR ( 'NONE', #1563, 1000.000000000000000 ) ;
#7407 = CARTESIAN_POINT ( 'NONE',  ( 1.175240473580824174, 3.515184268249673134E-15, 3.124999999999973355 ) ) ;
#7408 = CARTESIAN_POINT ( 'NONE',  ( -0.8660254037844358210, 1.499999999999999778, 7.041666666666634988 ) ) ;
#7409 = CARTESIAN_POINT ( 'NONE',  ( 1.322475605676646238, 0.7635316469341281165, 3.432291666666638985 ) ) ;
#7410 = ORIENTED_EDGE ( 'NONE', *, *, #1912, .F. ) ;
#7411 = CARTESIAN_POINT ( 'NONE',  ( -0.6785254037844324904, 1.175240473580829281, 8.354166666666626995 ) ) ;
#7412 = EDGE_CURVE ( 'NONE', #7322, #5672, #6050, .T. ) ;
#7413 = CARTESIAN_POINT ( 'NONE',  ( 1.499999999999999112, 0.4019237886466822118, -1.540170900630765116 ) ) ;
#7414 = VERTEX_POINT ( 'NONE', #7121 ) ;
#7415 = ORIENTED_EDGE ( 'NONE', *, *, #5999, .F. ) ;
#7416 = CARTESIAN_POINT ( 'NONE',  ( -0.8660254037844362651, 1.500000000000000666, 3.604166666666631436 ) ) ;
#7417 = CARTESIAN_POINT ( 'NONE',  ( 1.299038105676654675, -0.7499999999999944489, -3.604166666666686947 ) ) ;
#7418 = CARTESIAN_POINT ( 'NONE',  ( -1.439254484199176806E-16, -1.175240473580820844, 3.999999999999970690 ) ) ;
#7419 = CARTESIAN_POINT ( 'NONE',  ( -0.8660254037844363761, -1.499999999999990674, 2.208333333333312165 ) ) ;
#7420 = CARTESIAN_POINT ( 'NONE',  ( 1.499999999999995781, -6.071681917885798082E-15, -1.125000000000013323 ) ) ;
#7421 = CARTESIAN_POINT ( 'NONE',  ( 0.000000000000000000, 1.527063293868253568, 9.546874999999955591 ) ) ;
#7422 = CARTESIAN_POINT ( 'NONE',  ( -1.017788105676632027, 0.5876202367904458379, 3.833333333333303283 ) ) ;
#7423 = CARTESIAN_POINT ( 'NONE',  ( 0.8816504037844299368, -1.527063293868245353, -4.692708333333344584 ) ) ;
#7424 = ORIENTED_EDGE ( 'NONE', *, *, #3252, .T. ) ;
#7425 = EDGE_CURVE ( 'NONE', #548, #1939, #50, .T. ) ;
#7426 = CARTESIAN_POINT ( 'NONE',  ( -1.299038105676654453, -0.7499999999999933387, -5.833333333333336590 ) ) ;
#7427 = CYLINDRICAL_SURFACE ( 'NONE', #838, 1.499999999999982014 ) ;
#7428 = CARTESIAN_POINT ( 'NONE',  ( -1.499999999999995781, -7.814748497183156485E-15, -6.875000000000000000 ) ) ;
#7429 = CARTESIAN_POINT ( 'NONE',  ( 0.6785254037844183905, -1.175240473580829059, 1.104166666666642094 ) ) ;
#7430 = CARTESIAN_POINT ( 'NONE',  ( 1.499999999999982014, -8.883419307613476875E-15, 12.24264068711923237 ) ) ;
#7431 = PLANE ( 'NONE',  #3720 ) ;
#7432 = VERTEX_POINT ( 'NONE', #1327 ) ;
#7433 = CARTESIAN_POINT ( 'NONE',  ( -1.439254484199176806E-16, -1.175240473580820844, 1.062499999999976685 ) ) ;
#7434 = EDGE_LOOP ( 'NONE', ( #4962, #2158, #3141, #3060 ) ) ;
#7435 = CARTESIAN_POINT ( 'NONE',  ( 1.499999999999995559, -1.600716141988073932E-14, 5.374999999999973355 ) ) ;
#7436 = VECTOR ( 'NONE', #3434, 1000.000000000000000 ) ;
#7437 = LINE ( 'NONE', #2389, #1047 ) ;
#7438 = CARTESIAN_POINT ( 'NONE',  ( -0.8816504037844307140, -1.527063293868244465, 2.755208333333305504 ) ) ;
#7439 = PLANE ( 'NONE',  #5857 ) ;
#7440 = CARTESIAN_POINT ( 'NONE',  ( 0.000000000000000000, 4.375030948216173530E-15, -8.000000000000000000 ) ) ;
#7441 =( BOUNDED_CURVE ( )  B_SPLINE_CURVE ( 2, ( #4706, #5463, #2118, #4832, #4747, #7419, #263, #4234, #2918 ),
 .UNSPECIFIED., .F., .T. ) 
 B_SPLINE_CURVE_WITH_KNOTS ( ( 3, 2, 2, 2, 3 ),
 ( 0.4391891891891892552, 0.4414414414414414845, 0.4459459459459459429, 0.4504504504504504014, 0.4527027027027026307 ),
 .UNSPECIFIED. ) 
 CURVE ( )  GEOMETRIC_REPRESENTATION_ITEM ( )  RATIONAL_B_SPLINE_CURVE ( ( 0.9330127018922194093, 0.9330127018922210747, 1.000000000000000000, 0.8660254037844388186, 1.000000000000000000, 0.8660254037844388186, 1.000000000000000000, 0.9330127018922210747, 0.9330127018922194093 ) ) 
 REPRESENTATION_ITEM ( '' )  );
#7442 = CARTESIAN_POINT ( 'NONE',  ( 1.357050807568865203, 4.125744759050742171E-15, -5.812500000000008882 ) ) ;
#7443 =( BOUNDED_CURVE ( )  B_SPLINE_CURVE ( 2, ( #1639, #242, #2817, #5441, #959, #6119, #5401, #2222, #1512 ),
 .UNSPECIFIED., .F., .T. ) 
 B_SPLINE_CURVE_WITH_KNOTS ( ( 3, 2, 2, 2, 3 ),
 ( 0.4256756756756756577, 0.4279279279279278869, 0.4324324324324324564, 0.4369369369369369149, 0.4391891891891892552 ),
 .UNSPECIFIED. ) 
 CURVE ( )  GEOMETRIC_REPRESENTATION_ITEM ( )  RATIONAL_B_SPLINE_CURVE ( ( 0.9330127018922194093, 0.9330127018922194093, 1.000000000000000000, 0.8660254037844388186, 1.000000000000000000, 0.8660254037844388186, 1.000000000000000000, 0.9330127018922177440, 0.9330127018922194093 ) ) 
 REPRESENTATION_ITEM ( '' )  );
#7444 = CARTESIAN_POINT ( 'NONE',  ( -1.500000000000000888, -0.4019237886466691112, 1.147329099369241767 ) ) ;
#7445 = LINE ( 'NONE', #291, #7654 ) ;
#7446 = ORIENTED_EDGE ( 'NONE', *, *, #7565, .F. ) ;
#7447 = CARTESIAN_POINT ( 'NONE',  ( 1.322475605676646015, 0.7635316469341278944, -3.536458333333348136 ) ) ;
#7448 = CARTESIAN_POINT ( 'NONE',  ( 0.8660254037844371533, 1.500000000000000222, 2.520833333333298842 ) ) ;
#7449 = CARTESIAN_POINT ( 'NONE',  ( 1.175240473580828615, 1.748876801228349274E-14, 4.687499999999971578 ) ) ;
#7450 = CARTESIAN_POINT ( 'NONE',  ( 1.322475605676645349, -0.7635316469341211221, 3.848958333333305060 ) ) ;
#7451 = ORIENTED_EDGE ( 'NONE', *, *, #5861, .F. ) ;
#7452 = CARTESIAN_POINT ( 'NONE',  ( 1.017788105676649346, 0.5876202367904160839, 8.729166666666628771 ) ) ;
#7453 = DIRECTION ( 'NONE',  ( -0.000000000000000000, -0.000000000000000000, 1.000000000000000000 ) ) ;
#7454 = ORIENTED_EDGE ( 'NONE', *, *, #7356, .T. ) ;
#7455 = VERTEX_POINT ( 'NONE', #7078 ) ;
#7456 = CARTESIAN_POINT ( 'NONE',  ( 1.499999999999995781, -6.071681917885798082E-15, -5.625000000000004441 ) ) ;
#7457 = CARTESIAN_POINT ( 'NONE',  ( 1.017788105676649346, 0.5876202367904160839, 4.166666666666635876 ) ) ;
#7458 = CARTESIAN_POINT ( 'NONE',  ( 0.000000000000000000, 1.500000000000000222, 7.499999999999969802 ) ) ;
#7459 = CARTESIAN_POINT ( 'NONE',  ( 1.499999999999996447, 3.776644255144276145E-15, 1.437499999999968692 ) ) ;
#7460 = CARTESIAN_POINT ( 'NONE',  ( -1.322475605676645127, 0.7635316469341291157, 7.630208333333295734 ) ) ;
#7461 = CARTESIAN_POINT ( 'NONE',  ( -0.8660254037844369313, -1.499999999999991562, -5.229166666666683838 ) ) ;
#7462 = CARTESIAN_POINT ( 'NONE',  ( -0.8816504037844309360, -1.527063293868244909, -6.276041666666673180 ) ) ;
#7463 = ORIENTED_EDGE ( 'NONE', *, *, #1569, .T. ) ;
#7464 = ADVANCED_FACE ( 'NONE', ( #1723 ), #5765, .T. ) ;
#7465 = ORIENTED_EDGE ( 'NONE', *, *, #1929, .T. ) ;
#7466 = LINE ( 'NONE', #1667, #5636 ) ;
#7467 = CARTESIAN_POINT ( 'NONE',  ( -1.175240473580829725, -0.3149047358083377213, 2.459829099369232885 ) ) ;
#7468 = CARTESIAN_POINT ( 'NONE',  ( 1.175240473580824840, -0.3149047358083497672, -6.397329099369267524 ) ) ;
#7469 = EDGE_CURVE ( 'NONE', #7379, #3761, #2130, .T. ) ;
#7470 = CARTESIAN_POINT ( 'NONE',  ( -1.499999999999995559, -5.258250847547031143E-15, -5.375000000000003553 ) ) ;
#7471 = ORIENTED_EDGE ( 'NONE', *, *, #5396, .F. ) ;
#7472 = CARTESIAN_POINT ( 'NONE',  ( -1.357050807568865203, 4.458126344604650913E-15, 2.437499999999972911 ) ) ;
#7473 = ORIENTED_EDGE ( 'NONE', *, *, #113, .T. ) ;
#7474 = CARTESIAN_POINT ( 'NONE',  ( 1.499999999999996225, 0.4019237886466866527, -5.102670900630744910 ) ) ;
#7475 = CARTESIAN_POINT ( 'NONE',  ( -0.8660254037844363761, -1.499999999999990674, -3.291666666666674956 ) ) ;
#7476 = CARTESIAN_POINT ( 'NONE',  ( 0.8816504037844310471, 1.527063293868253124, 2.505208333333305504 ) ) ;
#7477 = CARTESIAN_POINT ( 'NONE',  ( 1.299038105676654675, -0.7499999999999944489, -4.604166666666685614 ) ) ;
#7478 = CARTESIAN_POINT ( 'NONE',  ( 0.000000000000000000, 1.175240473580829503, -5.187500000000009770 ) ) ;
#7479 = CARTESIAN_POINT ( 'NONE',  ( 0.8660254037844359321, -1.499999999999992673, 3.854166666666630547 ) ) ;
#7480 = ORIENTED_EDGE ( 'NONE', *, *, #6467, .T. ) ;
#7481 =( BOUNDED_CURVE ( )  B_SPLINE_CURVE ( 2, ( #7309, #1511, #4086, #451, #6078, #3496, #7477, #7395, #7351 ),
 .UNSPECIFIED., .F., .T. ) 
 B_SPLINE_CURVE_WITH_KNOTS ( ( 3, 2, 2, 2, 3 ),
 ( 0.1959459459459459707, 0.1981981981981981999, 0.2027027027027027140, 0.2072072072072072002, 0.2094594594594594295 ),
 .UNSPECIFIED. ) 
 CURVE ( )  GEOMETRIC_REPRESENTATION_ITEM ( )  RATIONAL_B_SPLINE_CURVE ( ( 0.9330127018922194093, 0.9330127018922201865, 1.000000000000000000, 0.8660254037844387076, 1.000000000000000000, 0.8660254037844387076, 1.000000000000000000, 0.9330127018922202975, 0.9330127018922194093 ) ) 
 REPRESENTATION_ITEM ( '' )  );
#7482 = CARTESIAN_POINT ( 'NONE',  ( 0.8816504037844296038, -1.527063293868245131, -4.661458333333345472 ) ) ;
#7483 = CARTESIAN_POINT ( 'NONE',  ( -0.6785254037844345998, -1.175240473580819733, -7.041666666666673180 ) ) ;
#7484 =( BOUNDED_CURVE ( )  B_SPLINE_CURVE ( 2, ( #7146, #2570, #7319, #3583, #4264, #5451, #205, #2192, #2823 ),
 .UNSPECIFIED., .F., .T. ) 
 B_SPLINE_CURVE_WITH_KNOTS ( ( 3, 2, 2, 2, 3 ),
 ( 0.5743243243243243423, 0.5765765765765765716, 0.5810810810810811411, 0.5855855855855855996, 0.5878378378378378288 ),
 .UNSPECIFIED. ) 
 CURVE ( )  GEOMETRIC_REPRESENTATION_ITEM ( )  RATIONAL_B_SPLINE_CURVE ( ( 0.9330127018922194093, 0.9330127018922210747, 1.000000000000000000, 0.8660254037844388186, 1.000000000000000000, 0.8660254037844388186, 1.000000000000000000, 0.9330127018922194093, 0.9330127018922194093 ) ) 
 REPRESENTATION_ITEM ( '' )  );
#7485 = CARTESIAN_POINT ( 'NONE',  ( -1.322475605676645571, 0.7635316469341293377, 5.098958333333301063 ) ) ;
#7486 = ORIENTED_EDGE ( 'NONE', *, *, #2069, .T. ) ;
#7487 = AXIS2_PLACEMENT_3D ( 'NONE', #3069, #1886, #5774 ) ;
#7488 = CARTESIAN_POINT ( 'NONE',  ( 0.6785254037844331565, 1.175240473580829059, 10.27083333333328952 ) ) ;
#7489 = CARTESIAN_POINT ( 'NONE',  ( -0.8660254037844362651, 1.500000000000000666, -1.395833333333358350 ) ) ;
#7490 = ORIENTED_EDGE ( 'NONE', *, *, #1818, .F. ) ;
#7491 = ORIENTED_EDGE ( 'NONE', *, *, #3253, .T. ) ;
#7492 = DIRECTION ( 'NONE',  ( -0.000000000000000000, -0.000000000000000000, 1.000000000000000000 ) ) ;
#7493 = CARTESIAN_POINT ( 'NONE',  ( 1.499999999999990008, -0.4019237886466882625, -6.147329099369262195 ) ) ;
#7494 = CARTESIAN_POINT ( 'NONE',  ( 1.357050807568865203, 4.125744759050742171E-15, 5.124999999999968914 ) ) ;
#7495 = CARTESIAN_POINT ( 'NONE',  ( -1.017788105676652677, -0.5876202367904016510, -0.02083333333335532500 ) ) ;
#7496 = CARTESIAN_POINT ( 'NONE',  ( -1.499999999999982014, -9.067116327485578019E-15, 12.24264068711923237 ) ) ;
#7497 = CARTESIAN_POINT ( 'NONE',  ( 1.175240473580825284, 6.362193014435358999E-15, -5.312500000000009770 ) ) ;
#7498 = CARTESIAN_POINT ( 'NONE',  ( 1.322475605676645349, -0.7635316469341211221, -2.151041666666682950 ) ) ;
#7499 = VERTEX_POINT ( 'NONE', #2546 ) ;
#7500 = CARTESIAN_POINT ( 'NONE',  ( 0.000000000000000000, -9.067116327485578019E-15, 12.24264068711923237 ) ) ;
#7501 = ORIENTED_EDGE ( 'NONE', *, *, #5851, .F. ) ;
#7502 = ORIENTED_EDGE ( 'NONE', *, *, #7425, .F. ) ;
#7503 = CARTESIAN_POINT ( 'NONE',  ( -0.8660254037844363761, -1.499999999999990674, -6.791666666666666963 ) ) ;
#7504 = CARTESIAN_POINT ( 'NONE',  ( -1.017788105676648902, -0.5876202367904079793, -2.083333333333350357 ) ) ;
#7505 = CARTESIAN_POINT ( 'NONE',  ( 1.499999999999993561, -0.4019237886466838217, -1.584829099369285066 ) ) ;
#7506 = ADVANCED_FACE ( 'NONE', ( #6486 ), #5808, .T. ) ;
#7507 = CARTESIAN_POINT ( 'NONE',  ( -1.202798234133165778, -0.7565754552349156503, -7.715485580122146914 ) ) ;
#7508 = EDGE_CURVE ( 'NONE', #1495, #4251, #1703, .T. ) ;
#7509 = FACE_OUTER_BOUND ( 'NONE', #508, .T. ) ;
#7510 = CARTESIAN_POINT ( 'NONE',  ( -1.175240473580826395, -0.3149047358083337245, 5.397329099369228445 ) ) ;
#7511 = ORIENTED_EDGE ( 'NONE', *, *, #6535, .F. ) ;
#7512 = CARTESIAN_POINT ( 'NONE',  ( -1.439254484199176806E-16, -1.175240473580820844, 1.562499999999975353 ) ) ;
#7513 = EDGE_CURVE ( 'NONE', #2071, #4615, #4665, .T. ) ;
#7514 = ORIENTED_EDGE ( 'NONE', *, *, #3664, .F. ) ;
#7515 = CARTESIAN_POINT ( 'NONE',  ( -1.017788105676666888, -0.5876202367903773371, 5.479166666666634100 ) ) ;
#7516 = CARTESIAN_POINT ( 'NONE',  ( 1.299038105676654009, -0.7499999999999942268, -3.166666666666675400 ) ) ;
#7517 = CARTESIAN_POINT ( 'NONE',  ( -1.763300807568860318, 4.483001982712331095E-15, 3.671874999999970246 ) ) ;
#7518 = VECTOR ( 'NONE', #3338, 1000.000000000000000 ) ;
#7519 = CARTESIAN_POINT ( 'NONE',  ( 1.301882938682594970, -9.932574391029448723E-14, 7.551882938682609847 ) ) ;
#7520 = CARTESIAN_POINT ( 'NONE',  ( -1.175240473580825062, 4.561024215828087939E-15, -7.625000000000006217 ) ) ;
#7521 = CARTESIAN_POINT ( 'NONE',  ( 1.357050807568865203, 4.125744759050742171E-15, -5.312500000000009770 ) ) ;
#7522 = CARTESIAN_POINT ( 'NONE',  ( -1.299038105676654675, 0.7500000000000027756, -3.854166666666686503 ) ) ;
#7523 = EDGE_CURVE ( 'NONE', #531, #7742, #7762, .T. ) ;
#7524 = CIRCLE ( 'NONE', #2788, 1.154700538379258568 ) ;
#7525 = CARTESIAN_POINT ( 'NONE',  ( -1.175240473580823952, -4.502921996518175282E-15, 5.937499999999967137 ) ) ;
#7526 = VERTEX_POINT ( 'NONE', #4031 ) ;
#7527 = CARTESIAN_POINT ( 'NONE',  ( 1.322475605676645127, -0.7635316469341209000, -4.619791666666679397 ) ) ;
#7528 = CARTESIAN_POINT ( 'NONE',  ( 0.8660254037844371533, 1.500000000000000222, 1.020833333333303061 ) ) ;
#7529 = AXIS2_PLACEMENT_3D ( 'NONE', #5813, #3230, #3701 ) ;
#7530 = CARTESIAN_POINT ( 'NONE',  ( 0.8816504037844311581, 1.527063293868253568, 4.973958333333302839 ) ) ;
#7531 = CARTESIAN_POINT ( 'NONE',  ( -1.499999999999995559, -5.258250847547031143E-15, -0.8750000000000127676 ) ) ;
#7532 = CYLINDRICAL_SURFACE ( 'NONE', #4133, 1.499999999999982014 ) ;
#7533 =( BOUNDED_CURVE ( )  B_SPLINE_CURVE ( 2, ( #4064, #7327, #6136, #2871, #6645, #260, #4703, #8019, #6094 ),
 .UNSPECIFIED., .F., .T. ) 
 B_SPLINE_CURVE_WITH_KNOTS ( ( 3, 2, 2, 2, 3 ),
 ( 0.3851351351351351426, 0.3873873873873873719, 0.3918918918918918859, 0.3963963963963963999, 0.3986486486486486291 ),
 .UNSPECIFIED. ) 
 CURVE ( )  GEOMETRIC_REPRESENTATION_ITEM ( )  RATIONAL_B_SPLINE_CURVE ( ( 0.9330127018922194093, 0.9330127018922201865, 1.000000000000000000, 0.8660254037844387076, 1.000000000000000000, 0.8660254037844387076, 1.000000000000000000, 0.9330127018922202975, 0.9330127018922194093 ) ) 
 REPRESENTATION_ITEM ( '' )  );
#7534 = AXIS2_PLACEMENT_3D ( 'NONE', #5343, #7947, #4672 ) ;
#7535 = ORIENTED_EDGE ( 'NONE', *, *, #1765, .T. ) ;
#7536 = VERTEX_POINT ( 'NONE', #4071 ) ;
#7537 = CARTESIAN_POINT ( 'NONE',  ( 1.499999999999995781, -8.628179567521922635E-15, -6.125000000000001776 ) ) ;
#7538 = CARTESIAN_POINT ( 'NONE',  ( 1.175240473580824174, -1.772117688952314534E-15, -2.312500000000015987 ) ) ;
#7539 = CARTESIAN_POINT ( 'NONE',  ( 1.017788105676648902, -0.5876202367904087565, 7.083333333333295734 ) ) ;
#7540 = CARTESIAN_POINT ( 'NONE',  ( -1.499999999999995559, 4.561024215828087150E-15, 3.624999999999977796 ) ) ;
#7541 = DIRECTION ( 'NONE',  ( -0.7071067811865487940, 0.000000000000000000, 0.7071067811865463515 ) ) ;
#7542 = CARTESIAN_POINT ( 'NONE',  ( -1.175240473580824174, -0.3149047358083417181, 5.897329099369226668 ) ) ;
#7543 = CARTESIAN_POINT ( 'NONE',  ( 1.763300807568860762, 4.051117844727701623E-15, -3.609375000000012879 ) ) ;
#7544 = VERTEX_POINT ( 'NONE', #6609 ) ;
#7545 = FACE_OUTER_BOUND ( 'NONE', #6910, .T. ) ;
#7546 = EDGE_LOOP ( 'NONE', ( #2862, #3927, #5013, #6474 ) ) ;
#7547 = CARTESIAN_POINT ( 'NONE',  ( 0.8660254037844371533, 1.500000000000000222, -0.4791666666666946073 ) ) ;
#7548 = PRODUCT_DEFINITION_FORMATION_WITH_SPECIFIED_SOURCE ( 'ANY', '', #3797, .NOT_KNOWN. ) ;
#7549 = CARTESIAN_POINT ( 'NONE',  ( 0.6785254037844159480, -1.175240473580830169, 5.104166666666632324 ) ) ;
#7550 = CARTESIAN_POINT ( 'NONE',  ( 0.6785254037844321573, -1.175240473580821066, -0.9583333333333526882 ) ) ;
#7551 = CARTESIAN_POINT ( 'NONE',  ( 0.6785254037844311581, -1.175240473580821732, -6.895833333333340143 ) ) ;
#7552 = CARTESIAN_POINT ( 'NONE',  ( 1.017788105676647792, -0.5876202367904103108, -6.416666666666674956 ) ) ;
#7553 = CARTESIAN_POINT ( 'NONE',  ( 1.175240473580828171, -0.3149047358083512105, 1.665170900630716266 ) ) ;
#7554 = CARTESIAN_POINT ( 'NONE',  ( -0.6785254037844480335, -1.175240473580811518, 5.458333333333299286 ) ) ;
#7555 = VERTEX_POINT ( 'NONE', #137 ) ;
#7556 = CARTESIAN_POINT ( 'NONE',  ( 0.000000000000000000, 1.175240473580829503, 2.312499999999974243 ) ) ;
#7557 = EDGE_CURVE ( 'NONE', #2986, #4016, #5703, .T. ) ;
#7558 = B_SPLINE_CURVE_WITH_KNOTS ( 'NONE', 3,
 ( #4340, #6927, #5020, #8296, #6281, #5658 ),
 .UNSPECIFIED., .F., .F.,
 ( 4, 2, 4 ),
 ( 0.007418534612576944964, 0.008004676876540967045, 0.008590819140504989126 ),
 .UNSPECIFIED. ) ;
#7559 = ORIENTED_EDGE ( 'NONE', *, *, #4050, .T. ) ;
#7560 = CARTESIAN_POINT ( 'NONE',  ( -1.499999999999996447, -7.814748497183156485E-15, -6.312500000000014211 ) ) ;
#7561 =( BOUNDED_CURVE ( )  B_SPLINE_CURVE ( 2, ( #131, #5209, #2666, #3342, #7801, #2619, #1487, #1950, #2577 ),
 .UNSPECIFIED., .F., .F. ) 
 B_SPLINE_CURVE_WITH_KNOTS ( ( 3, 2, 2, 2, 3 ),
 ( 0.9662162162162162282, 0.9684684684684684575, 0.9729729729729730270, 0.9774774774774774855, 0.9797297297297297147 ),
 .UNSPECIFIED. ) 
 CURVE ( )  GEOMETRIC_REPRESENTATION_ITEM ( )  RATIONAL_B_SPLINE_CURVE ( ( 0.9330127018922194093, 0.9330127018922194093, 1.000000000000000000, 0.8660254037844388186, 1.000000000000000000, 0.8660254037844388186, 1.000000000000000000, 0.9330127018922194093, 0.9330127018922194093 ) ) 
 REPRESENTATION_ITEM ( '' )  );
#7562 = CARTESIAN_POINT ( 'NONE',  ( 0.8816504037844296038, -1.527063293868245131, 4.338541666666634100 ) ) ;
#7563 = CARTESIAN_POINT ( 'NONE',  ( 0.000000000000000000, -9.067116327485578019E-15, 12.24264068711923237 ) ) ;
#7564 = CARTESIAN_POINT ( 'NONE',  ( 1.017788105676648902, -0.5876202367904087565, -6.354166666666674956 ) ) ;
#7565 = EDGE_CURVE ( 'NONE', #1135, #7003, #1535, .T. ) ;
#7566 = DIRECTION ( 'NONE',  ( 0.000000000000000000, 0.000000000000000000, -1.000000000000000000 ) ) ;
#7567 = CARTESIAN_POINT ( 'NONE',  ( 0.8660254037844371533, 1.500000000000000222, 2.020833333333300619 ) ) ;
#7568 = ORIENTED_EDGE ( 'NONE', *, *, #3045, .F. ) ;
#7569 = CARTESIAN_POINT ( 'NONE',  ( -1.322475605676645349, -0.7635316469341199008, -4.286458333333346360 ) ) ;
#7570 = DIRECTION ( 'NONE',  ( 0.000000000000000000, 0.000000000000000000, -1.000000000000000000 ) ) ;
#7571 = EDGE_CURVE ( 'NONE', #5583, #5635, #221, .T. ) ;
#7572 = EDGE_CURVE ( 'NONE', #384, #4008, #6017, .T. ) ;
#7573 = CARTESIAN_POINT ( 'NONE',  ( -0.8816504037844309360, -1.527063293868244909, 4.723958333333301951 ) ) ;
#7574 = CARTESIAN_POINT ( 'NONE',  ( -1.175240473580825062, 4.518956396636091433E-15, -8.000000000000000000 ) ) ;
#7575 = CARTESIAN_POINT ( 'NONE',  ( 0.000000000000000000, -9.067116327485578019E-15, 12.24264068711923237 ) ) ;
#7576 = VERTEX_POINT ( 'NONE', #899 ) ;
#7577 = EDGE_LOOP ( 'NONE', ( #4221, #7749, #5178, #5730 ) ) ;
#7578 = CARTESIAN_POINT ( 'NONE',  ( -1.499999999999982014, -9.067116327485578019E-15, 7.749999999999998224 ) ) ;
#7579 = CARTESIAN_POINT ( 'NONE',  ( 0.6785254037843996278, -1.175240473580839717, 4.104166666666635876 ) ) ;
#7580 = CARTESIAN_POINT ( 'NONE',  ( -0.6785254037844324904, 1.175240473580829281, 5.791666666666632324 ) ) ;
#7581 = FACE_OUTER_BOUND ( 'NONE', #4229, .T. ) ;
#7582 = CARTESIAN_POINT ( 'NONE',  ( -0.8660254037844362651, 1.500000000000000666, -6.395833333333348136 ) ) ;
#7583 = CARTESIAN_POINT ( 'NONE',  ( 0.000000000000000000, 1.527063293868253568, 10.04687499999995737 ) ) ;
#7584 = CARTESIAN_POINT ( 'NONE',  ( -1.299038105676654231, 0.7500000000000025535, -0.4166666666666811736 ) ) ;
#7585 = CARTESIAN_POINT ( 'NONE',  ( 0.000000000000000000, 1.527063293868253790, -3.984375000000012434 ) ) ;
#7586 = ORIENTED_EDGE ( 'NONE', *, *, #5126, .F. ) ;
#7587 = DIRECTION ( 'NONE',  ( -1.000000000000000000, 0.000000000000000000, 0.000000000000000000 ) ) ;
#7588 = ORIENTED_EDGE ( 'NONE', *, *, #5224, .F. ) ;
#7589 = CARTESIAN_POINT ( 'NONE',  ( -1.175240473580823952, 5.287301957201986288E-15, 6.374999999999966249 ) ) ;
#7590 = CARTESIAN_POINT ( 'NONE',  ( 0.000000000000000000, 1.500000000000000666, 4.562499999999961808 ) ) ;
#7591 = CARTESIAN_POINT ( 'NONE',  ( -0.6785254037844324904, 1.175240473580829281, -0.7083333333333533544 ) ) ;
#7592 = LINE ( 'NONE', #3013, #8036 ) ;
#7593 = CARTESIAN_POINT ( 'NONE',  ( -1.499999999999995781, -0.4019237886466783261, 5.147329099369233774 ) ) ;
#7594 = CARTESIAN_POINT ( 'NONE',  ( -1.175240473580823952, -3.921899803419055815E-15, 4.874999999999969802 ) ) ;
#7595 = CARTESIAN_POINT ( 'NONE',  ( 1.175240473580825284, 5.287301957201987865E-15, -3.312500000000014211 ) ) ;
#7596 = ORIENTED_EDGE ( 'NONE', *, *, #331, .F. ) ;
#7597 = CARTESIAN_POINT ( 'NONE',  ( 1.017788105676648902, -0.5876202367904087565, 4.645833333333301951 ) ) ;
#7598 = ORIENTED_EDGE ( 'NONE', *, *, #5905, .T. ) ;
#7599 = CARTESIAN_POINT ( 'NONE',  ( -1.499999999999982014, -9.067116327485578019E-15, 12.24264068711923237 ) ) ;
#7600 = CARTESIAN_POINT ( 'NONE',  ( -1.175240473580825062, 4.561024215828087939E-15, -7.562500000000006217 ) ) ;
#7601 = DIRECTION ( 'NONE',  ( -1.000000000000000000, 0.000000000000000000, 0.000000000000000000 ) ) ;
#7602 = CARTESIAN_POINT ( 'NONE',  ( -1.017788105676648902, -0.5876202367904079793, -5.020833333333344584 ) ) ;
#7603 = CONICAL_SURFACE ( 'NONE', #8027, 1.124999999999982903, 0.7853981633974463916 ) ;
#7604 = CARTESIAN_POINT ( 'NONE',  ( 1.499999999999982014, -8.883419307613476875E-15, 12.24264068711923237 ) ) ;
#7605 = CARTESIAN_POINT ( 'NONE',  ( -0.6785254037844329345, -1.175240473580820622, -6.541666666666674068 ) ) ;
#7606 =( BOUNDED_CURVE ( )  B_SPLINE_CURVE ( 2, ( #7158, #1490, #2163, #4068, #2622, #6564, #5934, #4748, #3898 ),
 .UNSPECIFIED., .F., .F. ) 
 B_SPLINE_CURVE_WITH_KNOTS ( ( 3, 2, 2, 2, 3 ),
 ( 0.4662162162162162837, 0.4684684684684684575, 0.4729729729729729715, 0.4774774774774774855, 0.4797297297297298257 ),
 .UNSPECIFIED. ) 
 CURVE ( )  GEOMETRIC_REPRESENTATION_ITEM ( )  RATIONAL_B_SPLINE_CURVE ( ( 0.9330127018922194093, 0.9330127018922218518, 1.000000000000000000, 0.8660254037844387076, 1.000000000000000000, 0.8660254037844387076, 1.000000000000000000, 0.9330127018922169668, 0.9330127018922194093 ) ) 
 REPRESENTATION_ITEM ( '' )  );
#7607 = CARTESIAN_POINT ( 'NONE',  ( -1.322475605676645349, -0.7635316469341199008, -5.286458333333344584 ) ) ;
#7608 = EDGE_CURVE ( 'NONE', #3610, #394, #3476, .T. ) ;
#7609 = FACE_OUTER_BOUND ( 'NONE', #1624, .T. ) ;
#7610 = ADVANCED_FACE ( 'NONE', ( #181 ), #6697, .T. ) ;
#7611 = CARTESIAN_POINT ( 'NONE',  ( -1.322475605676645571, 0.7635316469341293377, 6.098958333333300175 ) ) ;
#7612 = CARTESIAN_POINT ( 'NONE',  ( 0.000000000000000000, 1.500000000000000222, -7.000000000000000888 ) ) ;
#7613 = CARTESIAN_POINT ( 'NONE',  ( 1.299038105676654009, -0.7499999999999942268, 6.833333333333302839 ) ) ;
#7614 = CIRCLE ( 'NONE', #6252, 1.154700538379258568 ) ;
#7615 = CARTESIAN_POINT ( 'NONE',  ( 1.499999999999995781, -6.071681917885798082E-15, 0.3749999999999832356 ) ) ;
#7616 = EDGE_CURVE ( 'NONE', #5546, #809, #5651, .T. ) ;
#7617 = ORIENTED_EDGE ( 'NONE', *, *, #8313, .T. ) ;
#7618 = ORIENTED_EDGE ( 'NONE', *, *, #1725, .F. ) ;
#7619 = FACE_OUTER_BOUND ( 'NONE', #737, .T. ) ;
#7620 = FACE_OUTER_BOUND ( 'NONE', #499, .T. ) ;
#7621 = CARTESIAN_POINT ( 'NONE',  ( 0.000000000000000000, 1.175240473580829503, 5.749999999999967137 ) ) ;
#7622 = CARTESIAN_POINT ( 'NONE',  ( -1.836970198721025250E-16, -1.499999999999991784, -0.6875000000000267564 ) ) ;
#7623 = CARTESIAN_POINT ( 'NONE',  ( -1.836970198721024757E-16, -1.499999999999991562, -5.250000000000004441 ) ) ;
#7624 = DIRECTION ( 'NONE',  ( -0.000000000000000000, -0.000000000000000000, 1.000000000000000000 ) ) ;
#7625 = CARTESIAN_POINT ( 'NONE',  ( -1.499999999999995781, 0.4019237886466874854, -0.3973290993692749073 ) ) ;
#7626 =( BOUNDED_CURVE ( )  B_SPLINE_CURVE ( 2, ( #2214, #6231, #6749, #3565, #4803, #6149, #7552, #7468, #7385 ),
 .UNSPECIFIED., .F., .F. ) 
 B_SPLINE_CURVE_WITH_KNOTS ( ( 3, 2, 2, 2, 3 ),
 ( 0.08783783783783784271, 0.09009009009009008584, 0.09459459459459459985, 0.09909909909909909997, 0.1013513513513513570 ),
 .UNSPECIFIED. ) 
 CURVE ( )  GEOMETRIC_REPRESENTATION_ITEM ( )  RATIONAL_B_SPLINE_CURVE ( ( 0.9330127018922194093, 0.9330127018922196314, 1.000000000000000000, 0.8660254037844387076, 1.000000000000000000, 0.8660254037844387076, 1.000000000000000000, 0.9330127018922191873, 0.9330127018922194093 ) ) 
 REPRESENTATION_ITEM ( '' )  );
#7627 = CARTESIAN_POINT ( 'NONE',  ( 0.8816504037844299368, -1.527063293868245353, -3.692708333333346360 ) ) ;
#7628 = ORIENTED_EDGE ( 'NONE', *, *, #6358, .F. ) ;
#7629 = CARTESIAN_POINT ( 'NONE',  ( -1.175240473580825062, 1.164949497163734292E-14, -3.062500000000014655 ) ) ;
#7630 = EDGE_CURVE ( 'NONE', #6810, #1115, #3392, .T. ) ;
#7631 = ORIENTED_EDGE ( 'NONE', *, *, #6058, .T. ) ;
#7632 = CARTESIAN_POINT ( 'NONE',  ( 1.175240473580824618, 6.885112988224566599E-15, -2.875000000000015099 ) ) ;
#7633 = CARTESIAN_POINT ( 'NONE',  ( 1.175240473580827283, 0.3149047358083468251, 7.147329099369224892 ) ) ;
#7634 = CARTESIAN_POINT ( 'NONE',  ( -1.439254484199176806E-16, -1.175240473580820844, -1.000000000000019096 ) ) ;
#7635 = CARTESIAN_POINT ( 'NONE',  ( 1.175240473580824618, -0.3149047358083516546, -1.897329099369277516 ) ) ;
#7636 = CARTESIAN_POINT ( 'NONE',  ( -0.8660254037844362651, 1.500000000000000666, 6.104166666666625218 ) ) ;
#7637 = CARTESIAN_POINT ( 'NONE',  ( 1.499999999999982014, -8.883419307613476875E-15, 12.24264068711923237 ) ) ;
#7638 = CARTESIAN_POINT ( 'NONE',  ( 0.000000000000000000, -7.267483695685816380E-15, 9.650000000000000355 ) ) ;
#7639 = ORIENTED_EDGE ( 'NONE', *, *, #3206, .T. ) ;
#7640 = CARTESIAN_POINT ( 'NONE',  ( -0.6785254037844324904, 1.175240473580829281, 4.854166666666634988 ) ) ;
#7641 = ADVANCED_FACE ( 'NONE', ( #775 ), #2004, .T. ) ;
#7642 = ORIENTED_EDGE ( 'NONE', *, *, #5895, .T. ) ;
#7643 = CARTESIAN_POINT ( 'NONE',  ( 1.499999999999993561, -0.4019237886466838217, -2.084829099369283956 ) ) ;
#7644 = CARTESIAN_POINT ( 'NONE',  ( 1.499999999999996225, -0.4019237886466792142, 3.415170900630704498 ) ) ;
#7645 = CARTESIAN_POINT ( 'NONE',  ( 1.499999999999999112, 0.4019237886466822118, -3.540170900630760453 ) ) ;
#7646 = CARTESIAN_POINT ( 'NONE',  ( 1.499999999999996447, -6.042630808230842937E-15, -0.06250000000002882417 ) ) ;
#7647 = CARTESIAN_POINT ( 'NONE',  ( 1.017788105676649346, 0.5876202367904160839, -4.270833333333345472 ) ) ;
#7648 = CARTESIAN_POINT ( 'NONE',  ( 0.6785254037844400399, 1.175240473580825062, -1.229166666666685614 ) ) ;
#7649 = CARTESIAN_POINT ( 'NONE',  ( -1.175240473580825284, 5.635915273061458284E-15, -6.125000000000006217 ) ) ;
#7650 = AXIS2_PLACEMENT_3D ( 'NONE', #6685, #3509, #6090 ) ;
#7651 = CARTESIAN_POINT ( 'NONE',  ( 1.322475605676645127, -0.7635316469341209000, -1.619791666666685170 ) ) ;
#7652 = CARTESIAN_POINT ( 'NONE',  ( -1.017788105676644239, 0.5876202367904247437, 5.333333333333301063 ) ) ;
#7653 = CARTESIAN_POINT ( 'NONE',  ( -1.763300807568860762, 4.483001982712331095E-15, 8.140624999999962697 ) ) ;
#7654 = VECTOR ( 'NONE', #1768, 1000.000000000000000 ) ;
#7655 = CARTESIAN_POINT ( 'NONE',  ( 1.175240473580823952, 1.926088570123581023E-14, 1.687499999999977129 ) ) ;
#7656 =( BOUNDED_CURVE ( )  B_SPLINE_CURVE ( 2, ( #6542, #5862, #2053, #4083, #5907, #194, #2685, #149, #2768 ),
 .UNSPECIFIED., .F., .F. ) 
 B_SPLINE_CURVE_WITH_KNOTS ( ( 3, 2, 2, 2, 3 ),
 ( 0.5202702702702703963, 0.5225225225225225145, 0.5270270270270269730, 0.5315315315315315425, 0.5337837837837838828 ),
 .UNSPECIFIED. ) 
 CURVE ( )  GEOMETRIC_REPRESENTATION_ITEM ( )  RATIONAL_B_SPLINE_CURVE ( ( 0.9330127018922194093, 0.9330127018922226290, 1.000000000000000000, 0.8660254037844387076, 1.000000000000000000, 0.8660254037844387076, 1.000000000000000000, 0.9330127018922160786, 0.9330127018922194093 ) ) 
 REPRESENTATION_ITEM ( '' )  );
#7657 = CYLINDRICAL_SURFACE ( 'NONE', #3187, 1.499999999999982014 ) ;
#7658 = EDGE_CURVE ( 'NONE', #8357, #6683, #1112, .T. ) ;
#7659 = CARTESIAN_POINT ( 'NONE',  ( 0.8660254037844357100, -1.499999999999991562, 3.291666666666644314 ) ) ;
#7660 = EDGE_CURVE ( 'NONE', #7071, #2355, #3518, .T. ) ;
#7661 = VERTEX_POINT ( 'NONE', #4913 ) ;
#7662 = ORIENTED_EDGE ( 'NONE', *, *, #5612, .F. ) ;
#7663 = CARTESIAN_POINT ( 'NONE',  ( 0.000000000000000000, 4.375030948216173530E-15, -8.000000000000000000 ) ) ;
#7664 = CARTESIAN_POINT ( 'NONE',  ( 0.000000000000000000, -2.222344185212348905E-15, 9.650000000000000355 ) ) ;
#7665 = CARTESIAN_POINT ( 'NONE',  ( 1.017788105676649346, 0.5876202367904160839, 6.166666666666631436 ) ) ;
#7666 = VECTOR ( 'NONE', #3299, 1000.000000000000000 ) ;
#7667 = CARTESIAN_POINT ( 'NONE',  ( -1.499999999999996225, 4.561024215828087150E-15, 4.187499999999962697 ) ) ;
#7668 = CARTESIAN_POINT ( 'NONE',  ( -1.175240473580825062, 4.518956396636091433E-15, -8.000000000000000000 ) ) ;
#7669 = CARTESIAN_POINT ( 'NONE',  ( 0.8660254037844357100, -1.499999999999991562, -1.208333333333345472 ) ) ;
#7670 = CARTESIAN_POINT ( 'NONE',  ( 0.8816504037844299368, -1.527063293868245353, -3.192708333333346804 ) ) ;
#7671 = EDGE_CURVE ( 'NONE', #2586, #6337, #6842, .T. ) ;
#7672 = ORIENTED_EDGE ( 'NONE', *, *, #789, .T. ) ;
#7673 = ADVANCED_FACE ( 'NONE', ( #2964 ), #6780, .T. ) ;
#7674 = CARTESIAN_POINT ( 'NONE',  ( -1.836970198721024757E-16, -1.499999999999991562, 1.749999999999981126 ) ) ;
#7675 = ORIENTED_EDGE ( 'NONE', *, *, #8399, .F. ) ;
#7676 = CARTESIAN_POINT ( 'NONE',  ( -1.175240473580825284, -0.3149047358083471027, -7.602670900630746686 ) ) ;
#7677 = CARTESIAN_POINT ( 'NONE',  ( 0.000000000000000000, 1.106999646026481692E-14, -7.999999999999998224 ) ) ;
#7678 = CARTESIAN_POINT ( 'NONE',  ( 0.6785254037844321573, -1.175240473580821066, -1.958333333333351023 ) ) ;
#7679 = CARTESIAN_POINT ( 'NONE',  ( -1.612401492960967141E-14, -1.175240473580820844, -2.000000000000017319 ) ) ;
#7680 = CARTESIAN_POINT ( 'NONE',  ( -1.175240473580823064, -0.3149047358083447157, 1.897329099369234884 ) ) ;
#7681 = CARTESIAN_POINT ( 'NONE',  ( -0.8639789299244050591, -1.067777573216564413, 7.620698008163099502 ) ) ;
#7682 = DIRECTION ( 'NONE',  ( 0.000000000000000000, 0.000000000000000000, 1.000000000000000000 ) ) ;
#7683 = EDGE_CURVE ( 'NONE', #6488, #3351, #5748, .T. ) ;
#7684 = ORIENTED_EDGE ( 'NONE', *, *, #6887, .F. ) ;
#7685 = AXIS2_PLACEMENT_3D ( 'NONE', #5151, #710, #68 ) ;
#7686 = ORIENTED_EDGE ( 'NONE', *, *, #4461, .F. ) ;
#7687 = FACE_OUTER_BOUND ( 'NONE', #7831, .T. ) ;
#7688 = CARTESIAN_POINT ( 'NONE',  ( 0.8660254037844357100, -1.499999999999991562, -2.708333333333342363 ) ) ;
#7689 = CARTESIAN_POINT ( 'NONE',  ( 0.8660254037844359321, -1.499999999999992673, 5.854166666666625218 ) ) ;
#7690 = FACE_OUTER_BOUND ( 'NONE', #3165, .T. ) ;
#7691 = CARTESIAN_POINT ( 'NONE',  ( -0.6785254037844324904, 1.175240473580829281, -2.645833333333349024 ) ) ;
#7692 = CARTESIAN_POINT ( 'NONE',  ( -1.499999999999995781, 0.4019237886466874854, 1.602670900630721595 ) ) ;
#7693 = CARTESIAN_POINT ( 'NONE',  ( -0.6785254037844329345, -1.175240473580820622, -7.041666666666673180 ) ) ;
#7694 = CARTESIAN_POINT ( 'NONE',  ( 0.000000000000000000, 1.527063293868253568, -0.9531250000000199840 ) ) ;
#7695 = CARTESIAN_POINT ( 'NONE',  ( 1.175240473580824840, -0.3149047358083485459, -7.334829099369265748 ) ) ;
#7696 = CARTESIAN_POINT ( 'NONE',  ( -1.763300807568860762, 4.483001982712331095E-15, 8.640624999999959144 ) ) ;
#7697 = CARTESIAN_POINT ( 'NONE',  ( -1.017788105676641131, 0.5876202367904302948, 1.895833333333308390 ) ) ;
#7698 = CARTESIAN_POINT ( 'NONE',  ( -1.499999999999995559, 4.561024215828087150E-15, 2.624999999999979128 ) ) ;
#7699 = DIRECTION ( 'NONE',  ( -0.000000000000000000, -0.000000000000000000, 1.000000000000000000 ) ) ;
#7700 = VERTEX_POINT ( 'NONE', #1699 ) ;
#7701 = EDGE_LOOP ( 'NONE', ( #7985, #1778 ) ) ;
#7702 = CARTESIAN_POINT ( 'NONE',  ( 0.8660254037844357100, -1.499999999999991562, 2.791666666666646091 ) ) ;
#7703 = CARTESIAN_POINT ( 'NONE',  ( 1.175240473580825951, -0.3149047358083604253, 4.165170900630710271 ) ) ;
#7704 = CARTESIAN_POINT ( 'NONE',  ( -1.017788105676648902, 0.5876202367904169721, 7.833333333333296622 ) ) ;
#7705 = CARTESIAN_POINT ( 'NONE',  ( 0.6785254037844101749, -1.175240473580833500, 0.5416666666666434260 ) ) ;
#7706 = CYLINDRICAL_SURFACE ( 'NONE', #225, 1.499999999999982014 ) ;
#7707 = CARTESIAN_POINT ( 'NONE',  ( 1.175240473580820844, 0.3149047358083452153, 5.647329099369226668 ) ) ;
#7708 = CARTESIAN_POINT ( 'NONE',  ( -0.8816504037844309360, -1.527063293868244909, -0.7760416666666862806 ) ) ;
#7709 =( BOUNDED_CURVE ( )  B_SPLINE_CURVE ( 2, ( #7103, #5201, #2657, #76, #1312, #7147, #5793, #1271, #7746 ),
 .UNSPECIFIED., .F., .F. ) 
 B_SPLINE_CURVE_WITH_KNOTS ( ( 3, 2, 2, 2, 3 ),
 ( 0.1283783783783783716, 0.1306306306306306286, 0.1351351351351351426, 0.1396396396396396289, 0.1418918918918919136 ),
 .UNSPECIFIED. ) 
 CURVE ( )  GEOMETRIC_REPRESENTATION_ITEM ( )  RATIONAL_B_SPLINE_CURVE ( ( 0.9330127018922194093, 0.9330127018922194093, 1.000000000000000000, 0.8660254037844387076, 1.000000000000000000, 0.8660254037844387076, 1.000000000000000000, 0.9330127018922185211, 0.9330127018922194093 ) ) 
 REPRESENTATION_ITEM ( '' )  );
#7710 = ORIENTED_EDGE ( 'NONE', *, *, #8192, .F. ) ;
#7711 =( BOUNDED_CURVE ( )  B_SPLINE_CURVE ( 2, ( #7364, #253, #4781, #6681, #4141, #3545, #6045, #8012, #7449 ),
 .UNSPECIFIED., .F., .F. ) 
 B_SPLINE_CURVE_WITH_KNOTS ( ( 3, 2, 2, 2, 3 ),
 ( 0.6824324324324324564, 0.6846846846846846857, 0.6891891891891891442, 0.6936936936936937137, 0.6959459459459460540 ),
 .UNSPECIFIED. ) 
 CURVE ( )  GEOMETRIC_REPRESENTATION_ITEM ( )  RATIONAL_B_SPLINE_CURVE ( ( 0.9330127018922194093, 0.9330127018922194093, 1.000000000000000000, 0.8660254037844387076, 1.000000000000000000, 0.8660254037844387076, 1.000000000000000000, 0.9330127018922160786, 0.9330127018922194093 ) ) 
 REPRESENTATION_ITEM ( '' )  );
#7712 = CARTESIAN_POINT ( 'NONE',  ( -1.299038105676654453, -0.7499999999999933387, 0.1666666666666503926 ) ) ;
#7713 = EDGE_LOOP ( 'NONE', ( #8101, #3971, #3987, #5800 ) ) ;
#7714 = CARTESIAN_POINT ( 'NONE',  ( -1.554831313592999980E-14, -1.175240473580820844, -3.000000000000014655 ) ) ;
#7715 = CARTESIAN_POINT ( 'NONE',  ( 1.175240473580826395, -0.3149047358083592596, 2.165170900630713824 ) ) ;
#7716 = CARTESIAN_POINT ( 'NONE',  ( -1.017788105676648902, 0.5876202367904169721, -0.1666666666666882235 ) ) ;
#7717 = CARTESIAN_POINT ( 'NONE',  ( 0.000000000000000000, 4.375030948216173530E-15, -8.000000000000000000 ) ) ;
#7718 = CARTESIAN_POINT ( 'NONE',  ( -0.6785254037844354880, -1.175240473580819067, -1.979166666666684060 ) ) ;
#7719 = CARTESIAN_POINT ( 'NONE',  ( 1.322475605676645127, -0.7635316469341209000, 3.880208333333303283 ) ) ;
#7720 = LINE ( 'NONE', #3738, #69 ) ;
#7721 = CARTESIAN_POINT ( 'NONE',  ( 1.299038105676654675, 0.7500000000000013323, 3.916666666666643870 ) ) ;
#7722 = ADVANCED_FACE ( 'NONE', ( #6142 ), #430, .T. ) ;
#7723 = CARTESIAN_POINT ( 'NONE',  ( -1.499999999999995781, 0.4019237886466874854, -4.397329099369265748 ) ) ;
#7724 = EDGE_LOOP ( 'NONE', ( #5454, #7463, #7044, #7382 ) ) ;
#7725 = EDGE_CURVE ( 'NONE', #2733, #1613, #5384, .T. ) ;
#7726 = ORIENTED_EDGE ( 'NONE', *, *, #5027, .F. ) ;
#7727 = CARTESIAN_POINT ( 'NONE',  ( 1.175240473580823952, 8.018106264767847233E-15, 5.624999999999968914 ) ) ;
#7728 = CARTESIAN_POINT ( 'NONE',  ( -1.499999999999996447, -1.519373034954197633E-14, -3.312500000000020428 ) ) ;
#7729 = FACE_OUTER_BOUND ( 'NONE', #2342, .T. ) ;
#7730 = CARTESIAN_POINT ( 'NONE',  ( 0.000000000000000000, 1.175240473580829503, -2.687500000000015543 ) ) ;
#7731 = CARTESIAN_POINT ( 'NONE',  ( 0.8660254037844368202, 1.499999999999999334, 1.458333333333315274 ) ) ;
#7732 = CARTESIAN_POINT ( 'NONE',  ( -1.357050807568865203, 4.458126344604650913E-15, -8.125000000000003553 ) ) ;
#7733 = EDGE_CURVE ( 'NONE', #5426, #2386, #1920, .T. ) ;
#7734 = CARTESIAN_POINT ( 'NONE',  ( 0.8816504037844310471, 1.527063293868253124, -1.494791666666685837 ) ) ;
#7735 = CARTESIAN_POINT ( 'NONE',  ( -1.175240473580826839, 0.3149047358083640336, 1.352670900630716710 ) ) ;
#7736 = AXIS2_PLACEMENT_3D ( 'NONE', #3256, #1996, #5930 ) ;
#7737 = CARTESIAN_POINT ( 'NONE',  ( 0.000000000000000000, 1.527063293868253790, 6.515624999999966249 ) ) ;
#7738 = CARTESIAN_POINT ( 'NONE',  ( 0.000000000000000000, -9.067116327485578019E-15, 7.999999999999998224 ) ) ;
#7739 = DIRECTION ( 'NONE',  ( -0.000000000000000000, -0.000000000000000000, 1.000000000000000000 ) ) ;
#7740 = FACE_OUTER_BOUND ( 'NONE', #3226, .T. ) ;
#7741 = ORIENTED_EDGE ( 'NONE', *, *, #2477, .T. ) ;
#7742 = VERTEX_POINT ( 'NONE', #7497 ) ;
#7743 = CARTESIAN_POINT ( 'NONE',  ( 0.6727527331043383629, -0.7662865668234210004, 9.494872772280238848 ) ) ;
#7744 = CARTESIAN_POINT ( 'NONE',  ( 0.6785254037844321573, -1.175240473580821066, 9.541666666666623442 ) ) ;
#7745 = CARTESIAN_POINT ( 'NONE',  ( 1.017788105676650678, 0.5876202367904137525, -6.833333333333340143 ) ) ;
#7746 = CARTESIAN_POINT ( 'NONE',  ( -1.175240473580825284, 2.469344320671257935E-15, -5.562500000000007994 ) ) ;
#7747 = CARTESIAN_POINT ( 'NONE',  ( -1.017788105676647348, 0.5876202367904199697, -4.604166666666678509 ) ) ;
#7748 = CARTESIAN_POINT ( 'NONE',  ( 1.763300807568860762, 4.051117844727701623E-15, -0.6093750000000197620 ) ) ;
#7749 = ORIENTED_EDGE ( 'NONE', *, *, #8192, .T. ) ;
#7750 = CARTESIAN_POINT ( 'NONE',  ( 1.499999999999984901, -0.4019237886466975329, 0.3526709006307227057 ) ) ;
#7751 = ORIENTED_EDGE ( 'NONE', *, *, #1048, .F. ) ;
#7752 = CARTESIAN_POINT ( 'NONE',  ( 0.000000000000000000, 1.500000000000000666, -4.437500000000018652 ) ) ;
#7753 = CARTESIAN_POINT ( 'NONE',  ( -1.175240473580825284, 3.050366513770377797E-15, -4.625000000000009770 ) ) ;
#7754 = CARTESIAN_POINT ( 'NONE',  ( -1.357050807568865203, 4.458126344604650913E-15, -0.1250000000000209277 ) ) ;
#7755 = AXIS2_PLACEMENT_3D ( 'NONE', #6577, #785, #5521 ) ;
#7756 = CARTESIAN_POINT ( 'NONE',  ( 0.8660254037844359321, -1.499999999999992673, 7.354166666666624330 ) ) ;
#7757 = CARTESIAN_POINT ( 'NONE',  ( 0.8660254037844368202, 1.499999999999999334, -4.041666666666672292 ) ) ;
#7758 = CARTESIAN_POINT ( 'NONE',  ( -1.322475605676645127, 0.7635316469341291157, 5.130208333333301063 ) ) ;
#7759 =( BOUNDED_CURVE ( )  B_SPLINE_CURVE ( 2, ( #7589, #3341, #3385, #130, #4575, #3895, #6479, #4023, #7072 ),
 .UNSPECIFIED., .F., .T. ) 
 B_SPLINE_CURVE_WITH_KNOTS ( ( 3, 2, 2, 2, 3 ),
 ( 0.7905405405405406816, 0.7927927927927927998, 0.7972972972972972583, 0.8018018018018018278, 0.8040540540540541681 ),
 .UNSPECIFIED. ) 
 CURVE ( )  GEOMETRIC_REPRESENTATION_ITEM ( )  RATIONAL_B_SPLINE_CURVE ( ( 0.9330127018922194093, 0.9330127018922226290, 1.000000000000000000, 0.8660254037844387076, 1.000000000000000000, 0.8660254037844387076, 1.000000000000000000, 0.9330127018922160786, 0.9330127018922194093 ) ) 
 REPRESENTATION_ITEM ( '' )  );
#7760 = CARTESIAN_POINT ( 'NONE',  ( 1.499999999999993561, -0.4019237886466838217, -4.084829099369279071 ) ) ;
#7761 = CARTESIAN_POINT ( 'NONE',  ( -1.175240473580825951, 0.3149047358083608139, -2.147329099369276406 ) ) ;
#7762 =( BOUNDED_CURVE ( )  B_SPLINE_CURVE ( 2, ( #2673, #266, #5937, #1452, #3305, #6652, #5380, #2712, #5890 ),
 .UNSPECIFIED., .F., .T. ) 
 B_SPLINE_CURVE_WITH_KNOTS ( ( 3, 2, 2, 2, 3 ),
 ( 0.1418918918918919136, 0.1441441441441441429, 0.1486486486486486569, 0.1531531531531531432, 0.1554054054054054279 ),
 .UNSPECIFIED. ) 
 CURVE ( )  GEOMETRIC_REPRESENTATION_ITEM ( )  RATIONAL_B_SPLINE_CURVE ( ( 0.9330127018922194093, 0.9330127018922201865, 1.000000000000000000, 0.8660254037844387076, 1.000000000000000000, 0.8660254037844387076, 1.000000000000000000, 0.9330127018922185211, 0.9330127018922194093 ) ) 
 REPRESENTATION_ITEM ( '' )  );
#7763 = ORIENTED_EDGE ( 'NONE', *, *, #7354, .T. ) ;
#7764 = EDGE_CURVE ( 'NONE', #548, #885, #2295, .T. ) ;
#7765 = EDGE_CURVE ( 'NONE', #801, #548, #6617, .T. ) ;
#7766 = EDGE_LOOP ( 'NONE', ( #421, #128, #11, #1034 ) ) ;
#7767 = FACE_OUTER_BOUND ( 'NONE', #1092, .T. ) ;
#7768 = CARTESIAN_POINT ( 'NONE',  ( 1.499999999999996669, -1.597811031022578733E-14, 6.937499999999955591 ) ) ;
#7769 = CARTESIAN_POINT ( 'NONE',  ( 0.8660254037844371533, 1.500000000000000222, -3.479166666666687835 ) ) ;
#7770 = CARTESIAN_POINT ( 'NONE',  ( -1.836970198721025250E-16, -1.499999999999991784, 1.812499999999967581 ) ) ;
#7771 = CARTESIAN_POINT ( 'NONE',  ( -1.017788105676648902, -0.5876202367904079793, -3.020833333333348580 ) ) ;
#7772 = ADVANCED_FACE ( 'NONE', ( #515 ), #6344, .T. ) ;
#7773 = CARTESIAN_POINT ( 'NONE',  ( 1.175240473580825062, 4.375030948216173530E-15, -8.000000000000000000 ) ) ;
#7774 = CARTESIAN_POINT ( 'NONE',  ( -1.017788105676648902, 0.5876202367904169721, -7.166666666666673180 ) ) ;
#7775 = CARTESIAN_POINT ( 'NONE',  ( 1.322475605676646015, 0.7635316469341278944, -1.036458333333353687 ) ) ;
#7776 = CARTESIAN_POINT ( 'NONE',  ( 0.6785254037844405950, 1.175240473580824618, -0.2916666666666882790 ) ) ;
#7777 = CARTESIAN_POINT ( 'NONE',  ( 1.499999999999982014, -8.883419307613476875E-15, 12.24264068711923237 ) ) ;
#7778 = CARTESIAN_POINT ( 'NONE',  ( 1.763300807568860762, 4.051117844727701623E-15, 6.890624999999964473 ) ) ;
#7779 = EDGE_CURVE ( 'NONE', #6601, #2036, #1378, .T. ) ;
#7780 = CARTESIAN_POINT ( 'NONE',  ( -1.175240473580827283, -0.3149047358083341130, -0.5401709006307601202 ) ) ;
#7781 = CARTESIAN_POINT ( 'NONE',  ( -1.017788105676636246, 0.5876202367904387325, 4.333333333333301951 ) ) ;
#7783 = AXIS2_PLACEMENT_3D ( 'NONE', #4324, #1790, #3685 ) ;
#7782 = APPROVAL ( #332, 'UNSPECIFIED' ) ;
#7784 = CARTESIAN_POINT ( 'NONE',  ( 0.000000000000000000, 1.500000000000000222, 0.4999999999999834022 ) ) ;
#7785 = ORIENTED_EDGE ( 'NONE', *, *, #5387, .T. ) ;
#7786 = ORIENTED_EDGE ( 'NONE', *, *, #4035, .F. ) ;
#7787 = CARTESIAN_POINT ( 'NONE',  ( -1.017788105676651345, -0.5876202367904039825, -4.520833333333345472 ) ) ;
#7788 = CARTESIAN_POINT ( 'NONE',  ( -1.017788105676648902, -0.5876202367904079793, 9.416666666666625218 ) ) ;
#7789 = AXIS2_PLACEMENT_3D ( 'NONE', #5687, #8288, #2463 ) ;
#7790 = CARTESIAN_POINT ( 'NONE',  ( 0.6764706046374701076, 0.7641400526929383874, 9.511735735160799621 ) ) ;
#7791 = CARTESIAN_POINT ( 'NONE',  ( 1.299038105676654675, -0.7499999999999944489, 1.395833333333301951 ) ) ;
#7792 = VECTOR ( 'NONE', #2411, 1000.000000000000000 ) ;
#7793 = CARTESIAN_POINT ( 'NONE',  ( 1.017788105676645349, -0.5876202367904145296, -5.416666666666676733 ) ) ;
#7794 = CARTESIAN_POINT ( 'NONE',  ( -0.8816504037844309360, -1.527063293868244909, -0.2760416666666865582 ) ) ;
#7795 = ORIENTED_EDGE ( 'NONE', *, *, #1968, .F. ) ;
#7796 = CARTESIAN_POINT ( 'NONE',  ( -1.017788105676648902, -0.5876202367904079793, 4.979166666666634988 ) ) ;
#7797 = CARTESIAN_POINT ( 'NONE',  ( 1.175240473580825284, 5.519710834441635337E-15, -3.812500000000012879 ) ) ;
#7798 = AXIS2_PLACEMENT_3D ( 'NONE', #6449, #6361, #571 ) ;
#7799 = ORIENTED_EDGE ( 'NONE', *, *, #6164, .T. ) ;
#7800 = CARTESIAN_POINT ( 'NONE',  ( 1.499999999999995781, -6.071681917885798082E-15, -5.125000000000004441 ) ) ;
#7801 = CARTESIAN_POINT ( 'NONE',  ( 0.000000000000000000, 1.500000000000000222, -7.500000000000000000 ) ) ;
#7802 = CARTESIAN_POINT ( 'NONE',  ( 1.017788105676648902, -0.5876202367904087565, 1.583333333333308168 ) ) ;
#7803 = CARTESIAN_POINT ( 'NONE',  ( -1.175240473580825062, -9.067116327485578019E-15, 7.425240473580842604 ) ) ;
#7804 = CARTESIAN_POINT ( 'NONE',  ( 0.8660254037844368202, 1.499999999999999334, 4.958333333333307280 ) ) ;
#7805 = CARTESIAN_POINT ( 'NONE',  ( 0.8816504037844296038, -1.527063293868245131, 6.838541666666630547 ) ) ;
#7806 = CARTESIAN_POINT ( 'NONE',  ( 1.175240473580823952, 8.018106264767847233E-15, 5.687499999999968914 ) ) ;
#7807 = DIRECTION ( 'NONE',  ( 6.982962677686267499E-15, -1.000000000000000000, 0.000000000000000000 ) ) ;
#7808 = CARTESIAN_POINT ( 'NONE',  ( 1.299038105676654675, 0.7500000000000013323, -4.583333333333338366 ) ) ;
#7809 = VERTEX_POINT ( 'NONE', #7106 ) ;
#7810 = AXIS2_PLACEMENT_3D ( 'NONE', #377, #6086, #4097 ) ;
#7811 =( BOUNDED_CURVE ( )  B_SPLINE_CURVE ( 2, ( #5129, #6994, #3177, #3010, #5760, #3093, #8283, #1831, #8361 ),
 .UNSPECIFIED., .F., .T. ) 
 B_SPLINE_CURVE_WITH_KNOTS ( ( 3, 2, 2, 2, 3 ),
 ( 0.6554054054054054834, 0.6576576576576577127, 0.6621621621621621712, 0.6666666666666666297, 0.6689189189189189699 ),
 .UNSPECIFIED. ) 
 CURVE ( )  GEOMETRIC_REPRESENTATION_ITEM ( )  RATIONAL_B_SPLINE_CURVE ( ( 0.9330127018922192983, 0.9330127018922209636, 1.000000000000000000, 0.8660254037844387076, 1.000000000000000000, 0.8660254037844387076, 1.000000000000000000, 0.9330127018922176330, 0.9330127018922192983 ) ) 
 REPRESENTATION_ITEM ( '' )  );
#7812 = VERTEX_POINT ( 'NONE', #4446 ) ;
#7813 = VECTOR ( 'NONE', #4157, 1000.000000000000000 ) ;
#7814 = CARTESIAN_POINT ( 'NONE',  ( -1.499999999999996447, -5.258250847547031931E-15, -5.812500000000015099 ) ) ;
#7815 = CARTESIAN_POINT ( 'NONE',  ( 1.499999999999982014, -8.883419307613476875E-15, 7.749999999999998224 ) ) ;
#7816 = CARTESIAN_POINT ( 'NONE',  ( -1.000000000000005551, 0.5773502691896214012, 8.495000000000000995 ) ) ;
#7817 = DIRECTION ( 'NONE',  ( -0.7071067811865487940, 0.000000000000000000, 0.7071067811865463515 ) ) ;
#7818 = CARTESIAN_POINT ( 'NONE',  ( 1.357050807568865203, 4.125744759050742171E-15, -1.812500000000017097 ) ) ;
#7819 = AXIS2_PLACEMENT_3D ( 'NONE', #1108, #8114, #2838 ) ;
#7820 = LINE ( 'NONE', #7773, #3315 ) ;
#7821 = CARTESIAN_POINT ( 'NONE',  ( 0.6785254037844321573, -1.175240473580821066, -5.958333333333341919 ) ) ;
#7822 = DIRECTION ( 'NONE',  ( -0.000000000000000000, -0.000000000000000000, 1.000000000000000000 ) ) ;
#7823 = CARTESIAN_POINT ( 'NONE',  ( 0.000000000000000000, 1.527063293868253568, -2.453125000000016875 ) ) ;
#7824 = CARTESIAN_POINT ( 'NONE',  ( -1.017788105676635801, 0.5876202367904398427, 6.395833333333298398 ) ) ;
#7825 = CARTESIAN_POINT ( 'NONE',  ( -1.499999999999995559, 4.561024215828087150E-15, 4.624999999999973355 ) ) ;
#7826 = ADVANCED_FACE ( 'NONE', ( #1272 ), #8355, .T. ) ;
#7827 = CARTESIAN_POINT ( 'NONE',  ( 1.763300807568860762, 4.051117844727701623E-15, 7.390624999999962697 ) ) ;
#7828 = CARTESIAN_POINT ( 'NONE',  ( -1.499999999999996447, -1.519373034954197633E-14, 3.687499999999964917 ) ) ;
#7829 = CARTESIAN_POINT ( 'NONE',  ( -1.305618289778230690, 0.6094042998314264103, 7.687993993690583672 ) ) ;
#7830 = CARTESIAN_POINT ( 'NONE',  ( 1.017788105676645349, -0.5876202367904147517, -4.854166666666677621 ) ) ;
#7831 = EDGE_LOOP ( 'NONE', ( #6398, #2867, #5492, #4690 ) ) ;
#7832 = ORIENTED_EDGE ( 'NONE', *, *, #1206, .F. ) ;
#7833 = EDGE_CURVE ( 'NONE', #7970, #8205, #5430, .T. ) ;
#7834 = CARTESIAN_POINT ( 'NONE',  ( 1.357050807568865203, 4.125744759050742171E-15, 8.124999999999962697 ) ) ;
#7835 = LINE ( 'NONE', #6507, #4692 ) ;
#7836 = CARTESIAN_POINT ( 'NONE',  ( -0.6785254037844310471, 1.175240473580830391, -6.645833333333340143 ) ) ;
#7837 =( BOUNDED_CURVE ( )  B_SPLINE_CURVE ( 2, ( #1323, #48, #4707, #4662, #7244, #7804, #178, #2040, #813 ),
 .UNSPECIFIED., .F., .F. ) 
 B_SPLINE_CURVE_WITH_KNOTS ( ( 3, 2, 2, 2, 3 ),
 ( 0.2905405405405405705, 0.2927927927927927998, 0.2972972972972972583, 0.3018018018018018278, 0.3040540540540540571 ),
 .UNSPECIFIED. ) 
 CURVE ( )  GEOMETRIC_REPRESENTATION_ITEM ( )  RATIONAL_B_SPLINE_CURVE ( ( 0.9330127018922194093, 0.9330127018922194093, 1.000000000000000000, 0.8660254037844388186, 1.000000000000000000, 0.8660254037844388186, 1.000000000000000000, 0.9330127018922194093, 0.9330127018922194093 ) ) 
 REPRESENTATION_ITEM ( '' )  );
#7838 = CARTESIAN_POINT ( 'NONE',  ( -0.8660254037844358210, 1.499999999999999778, 3.041666666666643870 ) ) ;
#7839 = CARTESIAN_POINT ( 'NONE',  ( -1.870113174931165872E-16, -1.527063293868245131, -0.2343750000000201505 ) ) ;
#7840 = ORIENTED_EDGE ( 'NONE', *, *, #6049, .T. ) ;
#7841 = CARTESIAN_POINT ( 'NONE',  ( 0.6785254037844321573, -1.175240473580821066, 6.104166666666633212 ) ) ;
#7842 = FACE_OUTER_BOUND ( 'NONE', #1388, .T. ) ;
#7843 = ORIENTED_EDGE ( 'NONE', *, *, #5485, .F. ) ;
#7844 = CARTESIAN_POINT ( 'NONE',  ( -1.017788105676646904, 0.5876202367904203028, -3.604166666666679841 ) ) ;
#7845 = CARTESIAN_POINT ( 'NONE',  ( -1.299038105676654897, -0.7499999999999935607, 5.229166666666627883 ) ) ;
#7846 = CARTESIAN_POINT ( 'NONE',  ( -1.357050807568865203, 4.458126344604650913E-15, -0.6250000000000205391 ) ) ;
#7847 = CARTESIAN_POINT ( 'NONE',  ( -1.836970198721025250E-16, -1.499999999999991784, 7.312499999999954703 ) ) ;
#7848 = DIRECTION ( 'NONE',  ( -0.000000000000000000, -0.000000000000000000, 1.000000000000000000 ) ) ;
#7849 = CARTESIAN_POINT ( 'NONE',  ( 1.322475605676646015, 0.7635316469341278944, 6.963541666666629659 ) ) ;
#7850 = CARTESIAN_POINT ( 'NONE',  ( 1.175240473580825284, 9.005843993036349382E-16, -5.875000000000007994 ) ) ;
#7851 = CARTESIAN_POINT ( 'NONE',  ( 1.499999999999996447, 3.776644255144276145E-15, 6.437499999999958256 ) ) ;
#7852 = CARTESIAN_POINT ( 'NONE',  ( 1.322475605676645349, -0.7635316469341211221, -7.651041666666670515 ) ) ;
#7853 = ORIENTED_EDGE ( 'NONE', *, *, #2017, .F. ) ;
#7854 = ORIENTED_EDGE ( 'NONE', *, *, #8141, .T. ) ;
#7855 = CARTESIAN_POINT ( 'NONE',  ( 0.000000000000000000, 4.375030948216173530E-15, -8.000000000000000000 ) ) ;
#7856 = CARTESIAN_POINT ( 'NONE',  ( -1.299038105676654453, -0.7499999999999933387, -2.333333333333343695 ) ) ;
#7857 = CARTESIAN_POINT ( 'NONE',  ( -1.175240473580823952, 0.3149047358083635895, -3.084829099369275074 ) ) ;
#7858 = CARTESIAN_POINT ( 'NONE',  ( 1.500000000000006439, 0.4019237886466682230, -3.602670900630748907 ) ) ;
#7859 = CARTESIAN_POINT ( 'NONE',  ( 1.017788105676648902, -0.5876202367904087565, -0.3541666666666866137 ) ) ;
#7860 = CARTESIAN_POINT ( 'NONE',  ( 0.000000000000000000, 1.500000000000000666, 4.062499999999962697 ) ) ;
#7861 = CARTESIAN_POINT ( 'NONE',  ( -1.017788105676648902, 0.5876202367904169721, -4.666666666666678509 ) ) ;
#7862 = CARTESIAN_POINT ( 'NONE',  ( 0.000000000000000000, -9.067116327485578019E-15, 12.24264068711923237 ) ) ;
#7863 = CARTESIAN_POINT ( 'NONE',  ( 1.322475605676646015, 0.7635316469341278944, -0.5364583333333540205 ) ) ;
#7864 = CARTESIAN_POINT ( 'NONE',  ( -1.500000000000001776, 0.4019237886466784371, -2.334829099369283067 ) ) ;
#7865 = CARTESIAN_POINT ( 'NONE',  ( -0.8660254037844358210, 1.499999999999999778, 4.541666666666642094 ) ) ;
#7866 = CARTESIAN_POINT ( 'NONE',  ( -0.8816504037844309360, -1.527063293868244909, 9.723958333333291293 ) ) ;
#7867 = LINE ( 'NONE', #2059, #6285 ) ;
#7868 = VERTEX_POINT ( 'NONE', #2452 ) ;
#7869 = ORIENTED_EDGE ( 'NONE', *, *, #5027, .T. ) ;
#7870 = EDGE_CURVE ( 'NONE', #4906, #1016, #6290, .T. ) ;
#7871 = EDGE_CURVE ( 'NONE', #669, #1315, #7266, .T. ) ;
#7872 = CARTESIAN_POINT ( 'NONE',  ( 0.8816504037844310471, 1.527063293868253124, -7.494791666666673180 ) ) ;
#7873 = CARTESIAN_POINT ( 'NONE',  ( 0.1571845235116790251, 1.063950011417339470, 9.559249473037191080 ) ) ;
#7874 = CARTESIAN_POINT ( 'NONE',  ( -1.175240473580824840, 0.3149047358083583714, -6.584829099369267524 ) ) ;
#7875 = CARTESIAN_POINT ( 'NONE',  ( -1.175240473580823952, 5.287301957201986288E-15, 6.437499999999966249 ) ) ;
#7876 = CARTESIAN_POINT ( 'NONE',  ( -1.322475605676645793, -0.7635316469341201229, 0.6822916666666453134 ) ) ;
#7877 = ORIENTED_EDGE ( 'NONE', *, *, #1038, .F. ) ;
#7878 = CARTESIAN_POINT ( 'NONE',  ( -0.6785254037844324904, 1.175240473580829281, 4.354166666666636765 ) ) ;
#7879 = EDGE_CURVE ( 'NONE', #878, #5056, #246, .T. ) ;
#7880 = VECTOR ( 'NONE', #2881, 1000.000000000000000 ) ;
#7881 = CARTESIAN_POINT ( 'NONE',  ( 0.000000000000000000, -9.067116327485578019E-15, 12.24264068711923237 ) ) ;
#7882 = ORIENTED_EDGE ( 'NONE', *, *, #7935, .T. ) ;
#7883 = ORIENTED_EDGE ( 'NONE', *, *, #8153, .F. ) ;
#7884 =( BOUNDED_CURVE ( )  B_SPLINE_CURVE ( 2, ( #1636, #4215, #4980, #6881, #1085, #3573, #405, #6157, #1042 ),
 .UNSPECIFIED., .F., .F. ) 
 B_SPLINE_CURVE_WITH_KNOTS ( ( 3, 2, 2, 2, 3 ),
 ( 0.3581081081081081141, 0.3603603603603603434, 0.3648648648648649129, 0.3693693693693693714, 0.3716216216216216006 ),
 .UNSPECIFIED. ) 
 CURVE ( )  GEOMETRIC_REPRESENTATION_ITEM ( )  RATIONAL_B_SPLINE_CURVE ( ( 0.9330127018922194093, 0.9330127018922194093, 1.000000000000000000, 0.8660254037844388186, 1.000000000000000000, 0.8660254037844388186, 1.000000000000000000, 0.9330127018922194093, 0.9330127018922194093 ) ) 
 REPRESENTATION_ITEM ( '' )  );
#7885 = CARTESIAN_POINT ( 'NONE',  ( 1.175240473580825284, 5.810221930991195465E-15, -4.375000000000012434 ) ) ;
#7886 = CARTESIAN_POINT ( 'NONE',  ( 1.050943903833218229, -1.070288237343462567, -7.625000000000000000 ) ) ;
#7887 = CARTESIAN_POINT ( 'NONE',  ( 0.6785254037844321573, -1.175240473580821066, 0.04166666666664473051 ) ) ;
#7888 = CARTESIAN_POINT ( 'NONE',  ( -1.299038105676654231, 0.7500000000000025535, 1.083333333333314830 ) ) ;
#7889 = CARTESIAN_POINT ( 'NONE',  ( 1.299038105676654009, -0.7499999999999942268, 4.333333333333309945 ) ) ;
#7890 = CARTESIAN_POINT ( 'NONE',  ( 0.000000000000000000, 1.527063293868253568, 6.046874999999965361 ) ) ;
#7891 = CARTESIAN_POINT ( 'NONE',  ( -1.499999999999982014, -9.067116327485578019E-15, 12.24264068711923237 ) ) ;
#7892 = DIRECTION ( 'NONE',  ( 1.000000000000000000, 0.000000000000000000, 0.000000000000000000 ) ) ;
#7893 = CARTESIAN_POINT ( 'NONE',  ( 1.763300807568860762, 4.051117844727701623E-15, -7.609375000000004441 ) ) ;
#7894 = ORIENTED_EDGE ( 'NONE', *, *, #5272, .F. ) ;
#7895 = EDGE_CURVE ( 'NONE', #4410, #8357, #6338, .T. ) ;
#7896 = VECTOR ( 'NONE', #2377, 1000.000000000000000 ) ;
#7897 = EDGE_LOOP ( 'NONE', ( #3106, #2567, #6151, #6865 ) ) ;
#7898 = CARTESIAN_POINT ( 'NONE',  ( 0.6785254037844251629, -1.175240473580825062, 3.604166666666637653 ) ) ;
#7899 = CARTESIAN_POINT ( 'NONE',  ( -0.6785254037844311581, 1.175240473580829725, -7.208333333333340143 ) ) ;
#7900 = LINE ( 'NONE', #5982, #502 ) ;
#7901 = CARTESIAN_POINT ( 'NONE',  ( 0.8660254037844359321, -1.499999999999992673, 1.854166666666634988 ) ) ;
#7902 = EDGE_CURVE ( 'NONE', #7432, #1918, #3424, .T. ) ;
#7903 = VECTOR ( 'NONE', #5677, 1000.000000000000000 ) ;
#7904 = CARTESIAN_POINT ( 'NONE',  ( -1.017788105676648902, 0.5876202367904169721, -1.604166666666684282 ) ) ;
#7905 = CARTESIAN_POINT ( 'NONE',  ( 1.175240473580825062, 4.375030948216173530E-15, -8.000000000000000000 ) ) ;
#7906 = CARTESIAN_POINT ( 'NONE',  ( -0.6785254037844329345, -1.175240473580820622, -4.541666666666678509 ) ) ;
#7907 = CARTESIAN_POINT ( 'NONE',  ( 0.6785254037844192787, -1.175240473580828393, -0.9583333333333526882 ) ) ;
#7908 = CARTESIAN_POINT ( 'NONE',  ( 0.8816504037844296038, -1.527063293868245131, 1.838541666666641206 ) ) ;
#7909 = CARTESIAN_POINT ( 'NONE',  ( -0.8660254037844362651, 1.500000000000000666, -2.395833333333356574 ) ) ;
#7910 = CARTESIAN_POINT ( 'NONE',  ( 1.499999999999995559, -1.600716141988073932E-14, 4.374999999999973355 ) ) ;
#7911 = CARTESIAN_POINT ( 'NONE',  ( -1.322475605676645571, 0.7635316469341293377, 10.09895833333329129 ) ) ;
#7912 = CARTESIAN_POINT ( 'NONE',  ( 0.9800477683864169398, 0.9174077945212005814, 7.589337743972667027 ) ) ;
#7913 = FACE_OUTER_BOUND ( 'NONE', #2888, .T. ) ;
#7914 = ORIENTED_EDGE ( 'NONE', *, *, #7765, .T. ) ;
#7915 = ORIENTED_EDGE ( 'NONE', *, *, #8097, .T. ) ;
#7916 = CARTESIAN_POINT ( 'NONE',  ( 0.000000000000000000, 1.527063293868253568, -7.953125000000005329 ) ) ;
#7917 = CARTESIAN_POINT ( 'NONE',  ( 8.635526905195061331E-16, 1.175240473580829503, -6.750000000000007105 ) ) ;
#7918 = DIRECTION ( 'NONE',  ( -0.8660254037844385966, -0.4999999999999999445, 0.000000000000000000 ) ) ;
#7919 = CYLINDRICAL_SURFACE ( 'NONE', #4292, 1.175240473580825062 ) ;
#7920 = CARTESIAN_POINT ( 'NONE',  ( 0.8816504037844311581, 1.527063293868253568, 2.473958333333307280 ) ) ;
#7921 = ORIENTED_EDGE ( 'NONE', *, *, #7997, .T. ) ;
#7922 = CARTESIAN_POINT ( 'NONE',  ( -1.439254484199176806E-16, -1.175240473580820844, 7.062499999999962697 ) ) ;
#7923 = ADVANCED_FACE ( 'NONE', ( #1438 ), #5245, .T. ) ;
#7924 = EDGE_CURVE ( 'NONE', #184, #4868, #6026, .T. ) ;
#7925 = DIRECTION ( 'NONE',  ( 1.000000000000000000, 0.000000000000000000, 0.000000000000000000 ) ) ;
#7926 = EDGE_LOOP ( 'NONE', ( #2216, #8144, #6019, #6951 ) ) ;
#7927 = ORIENTED_EDGE ( 'NONE', *, *, #2231, .T. ) ;
#7928 = CARTESIAN_POINT ( 'NONE',  ( -1.499999999999995781, 0.4019237886466874854, -5.397329099369264860 ) ) ;
#7929 = CARTESIAN_POINT ( 'NONE',  ( -1.499999999999982014, -9.067116327485578019E-15, 12.24264068711923237 ) ) ;
#7930 = CARTESIAN_POINT ( 'NONE',  ( -1.017788105676648902, -0.5876202367904079793, 2.916666666666638541 ) ) ;
#7931 = AXIS2_PLACEMENT_3D ( 'NONE', #2091, #3401, #7303 ) ;
#7932 = DIRECTION ( 'NONE',  ( -1.000000000000000000, 0.000000000000000000, 0.000000000000000000 ) ) ;
#7933 = CARTESIAN_POINT ( 'NONE',  ( -1.836970198721024757E-16, -1.499999999999991562, 4.249999999999976019 ) ) ;
#7934 = CARTESIAN_POINT ( 'NONE',  ( 1.322475605676646015, 0.7635316469341278944, 5.963541666666630547 ) ) ;
#7935 = EDGE_CURVE ( 'NONE', #6890, #7809, #4293, .T. ) ;
#7936 = CARTESIAN_POINT ( 'NONE',  ( -1.499999999999993783, -0.4019237886466829890, -4.290170900630758233 ) ) ;
#7937 = DIRECTION ( 'NONE',  ( -0.000000000000000000, -0.000000000000000000, 1.000000000000000000 ) ) ;
#7938 = CARTESIAN_POINT ( 'NONE',  ( -0.8816504037844302699, 1.527063293868253790, -5.442708333333342807 ) ) ;
#7939 = ORIENTED_EDGE ( 'NONE', *, *, #6405, .T. ) ;
#7940 = EDGE_CURVE ( 'NONE', #3836, #6418, #7968, .T. ) ;
#7941 = VECTOR ( 'NONE', #7541, 1000.000000000000000 ) ;
#7942 =( BOUNDED_CURVE ( )  B_SPLINE_CURVE ( 2, ( #4936, #4295, #7515, #447, #1719, #4255, #2263, #997, #5609 ),
 .UNSPECIFIED., .F., .T. ) 
 B_SPLINE_CURVE_WITH_KNOTS ( ( 3, 2, 2, 2, 3 ),
 ( 0.7364864864864866245, 0.7387387387387387427, 0.7432432432432432012, 0.7477477477477477708, 0.7500000000000001110 ),
 .UNSPECIFIED. ) 
 CURVE ( )  GEOMETRIC_REPRESENTATION_ITEM ( )  RATIONAL_B_SPLINE_CURVE ( ( 0.9330127018922194093, 0.9330127018922226290, 1.000000000000000000, 0.8660254037844387076, 1.000000000000000000, 0.8660254037844387076, 1.000000000000000000, 0.9330127018922160786, 0.9330127018922194093 ) ) 
 REPRESENTATION_ITEM ( '' )  );
#7943 = CARTESIAN_POINT ( 'NONE',  ( 1.499999999999996891, 0.4019237886466868193, 5.459829099369220451 ) ) ;
#7944 = ORIENTED_EDGE ( 'NONE', *, *, #528, .F. ) ;
#7945 = CYLINDRICAL_SURFACE ( 'NONE', #4279, 1.499999999999982014 ) ;
#7946 = CARTESIAN_POINT ( 'NONE',  ( -0.8660254037844363761, -1.499999999999990674, 6.208333333333303727 ) ) ;
#7947 = DIRECTION ( 'NONE',  ( 0.000000000000000000, 0.000000000000000000, 1.000000000000000000 ) ) ;
#7948 = EDGE_CURVE ( 'NONE', #5796, #1817, #3969, .T. ) ;
#7949 = AXIS2_PLACEMENT_3D ( 'NONE', #7862, #5310, #7306 ) ;
#7950 = CARTESIAN_POINT ( 'NONE',  ( 0.6785254037844331565, 1.175240473580829059, -1.229166666666685614 ) ) ;
#7951 = CARTESIAN_POINT ( 'NONE',  ( -1.299038105676654675, 0.7500000000000027756, 4.145833333333295734 ) ) ;
#7952 = VECTOR ( 'NONE', #7128, 1000.000000000000000 ) ;
#7953 = CARTESIAN_POINT ( 'NONE',  ( -0.6785254037844324904, 1.175240473580829281, -4.708333333333344584 ) ) ;
#7954 = ADVANCED_FACE ( 'NONE', ( #2739 ), #7919, .T. ) ;
#7955 = CYLINDRICAL_SURFACE ( 'NONE', #7949, 1.499999999999982014 ) ;
#7956 = CARTESIAN_POINT ( 'NONE',  ( 2.090888129456733474E-29, -8.156945959658624471E-15, 6.855167112299465515 ) ) ;
#7957 = CARTESIAN_POINT ( 'NONE',  ( 0.000000000000000000, 1.527063293868253568, 0.04687499999997749023 ) ) ;
#7958 = CARTESIAN_POINT ( 'NONE',  ( 1.175240473580824396, 6.333141904780403065E-15, -1.875000000000017097 ) ) ;
#7959 = CARTESIAN_POINT ( 'NONE',  ( 1.324405105901835423E-14, 1.175240473580829503, 0.3124999999999777400 ) ) ;
#7960 = AXIS2_PLACEMENT_3D ( 'NONE', #2145, #1555, #6715 ) ;
#7961 = CARTESIAN_POINT ( 'NONE',  ( 0.000000000000000000, 1.527063293868253790, 9.515624999999959144 ) ) ;
#7962 = DATE_AND_TIME ( #2858, #4166 ) ;
#7963 = CARTESIAN_POINT ( 'NONE',  ( 1.036852636568022623, 0.8472731771572377113, 7.585965541388706157 ) ) ;
#7964 = CARTESIAN_POINT ( 'NONE',  ( 0.000000000000000000, 1.500000000000000222, 6.499999999999971578 ) ) ;
#7965 = EDGE_LOOP ( 'NONE', ( #5680, #6125 ) ) ;
#7966 = CARTESIAN_POINT ( 'NONE',  ( -1.763300807568860318, 4.483001982712331095E-15, -7.828125000000004441 ) ) ;
#7967 = CARTESIAN_POINT ( 'NONE',  ( -1.175240473580824840, -0.3149047358083467141, -7.102670900630746686 ) ) ;
#7968 = LINE ( 'NONE', #3417, #3612 ) ;
#7969 = CARTESIAN_POINT ( 'NONE',  ( -1.763300807568860762, 4.483001982712331095E-15, 2.640624999999972911 ) ) ;
#7970 = VERTEX_POINT ( 'NONE', #7320 ) ;
#7971 = AXIS2_PLACEMENT_3D ( 'NONE', #3391, #5889, #2672 ) ;
#7972 = CARTESIAN_POINT ( 'NONE',  ( 1.357050807568865203, 4.125744759050742171E-15, 6.687499999999964473 ) ) ;
#7973 = CARTESIAN_POINT ( 'NONE',  ( -1.499999999999982014, -9.067116327485578019E-15, 12.24264068711923237 ) ) ;
#7974 = EDGE_LOOP ( 'NONE', ( #8093, #2715, #6147, #7628 ) ) ;
#7975 = VERTEX_POINT ( 'NONE', #1522 ) ;
#7976 = DIRECTION ( 'NONE',  ( -1.000000000000000000, 0.000000000000000000, 0.000000000000000000 ) ) ;
#7977 = CARTESIAN_POINT ( 'NONE',  ( 1.299038105676654009, -0.7499999999999942268, -6.166666666666669627 ) ) ;
#7978 = CARTESIAN_POINT ( 'NONE',  ( 0.6785254037844321573, -1.175240473580821066, 3.041666666666638541 ) ) ;
#7979 = CARTESIAN_POINT ( 'NONE',  ( 1.499999999999995781, -8.628179567521922635E-15, -6.625000000000001776 ) ) ;
#7980 = CARTESIAN_POINT ( 'NONE',  ( -1.175240473580825062, 4.518956396636091433E-15, -8.000000000000000000 ) ) ;
#7981 = CARTESIAN_POINT ( 'NONE',  ( -1.763300807568860318, 4.483001982712331095E-15, 9.171874999999959144 ) ) ;
#7982 = CARTESIAN_POINT ( 'NONE',  ( -1.175240473580828837, 1.240482382266620036E-14, 7.374999999999964473 ) ) ;
#7983 = CARTESIAN_POINT ( 'NONE',  ( -1.499999999999982014, -9.067116327485578019E-15, 12.24264068711923237 ) ) ;
#7984 = CARTESIAN_POINT ( 'NONE',  ( -0.8816504037844309360, -1.527063293868244909, -5.276041666666675845 ) ) ;
#7985 = ORIENTED_EDGE ( 'NONE', *, *, #8399, .T. ) ;
#7986 = CARTESIAN_POINT ( 'NONE',  ( -1.499999999999996225, 0.4019237886466875964, 5.665170900630700501 ) ) ;
#7987 = EDGE_LOOP ( 'NONE', ( #7226, #1445, #3820, #8009, #1360 ) ) ;
#7988 = FACE_OUTER_BOUND ( 'NONE', #5673, .T. ) ;
#7989 = EDGE_CURVE ( 'NONE', #5300, #4281, #6472, .T. ) ;
#7990 = CARTESIAN_POINT ( 'NONE',  ( -1.499999999999996447, -5.258250847547031931E-15, 0.6874999999999708011 ) ) ;
#7991 = LINE ( 'NONE', #5392, #4241 ) ;
#7992 = ORIENTED_EDGE ( 'NONE', *, *, #4290, .T. ) ;
#7993 = CARTESIAN_POINT ( 'NONE',  ( -1.017788105676648902, 0.5876202367904169721, -0.1041666666666881541 ) ) ;
#7994 =( BOUNDED_CURVE ( )  B_SPLINE_CURVE ( 2, ( #5785, #1223, #5032, #6416, #1814, #3202, #6977, #8387, #2481 ),
 .UNSPECIFIED., .F., .T. ) 
 B_SPLINE_CURVE_WITH_KNOTS ( ( 3, 2, 2, 2, 3 ),
 ( 0.5202702702702702853, 0.5225225225225225145, 0.5270270270270269730, 0.5315315315315315425, 0.5337837837837837718 ),
 .UNSPECIFIED. ) 
 CURVE ( )  GEOMETRIC_REPRESENTATION_ITEM ( )  RATIONAL_B_SPLINE_CURVE ( ( 0.9330127018922194093, 0.9330127018922194093, 1.000000000000000000, 0.8660254037844388186, 1.000000000000000000, 0.8660254037844388186, 1.000000000000000000, 0.9330127018922210747, 0.9330127018922194093 ) ) 
 REPRESENTATION_ITEM ( '' )  );
#7995 =( BOUNDED_CURVE ( )  B_SPLINE_CURVE ( 2, ( #4287, #7510, #5604, #7554, #6873, #1079, #3650, #2381, #4497 ),
 .UNSPECIFIED., .F., .F. ) 
 B_SPLINE_CURVE_WITH_KNOTS ( ( 3, 2, 2, 2, 3 ),
 ( 0.7364864864864866245, 0.7387387387387387427, 0.7432432432432432012, 0.7477477477477477708, 0.7500000000000001110 ),
 .UNSPECIFIED. ) 
 CURVE ( )  GEOMETRIC_REPRESENTATION_ITEM ( )  RATIONAL_B_SPLINE_CURVE ( ( 0.9330127018922194093, 0.9330127018922226290, 1.000000000000000000, 0.8660254037844387076, 1.000000000000000000, 0.8660254037844387076, 1.000000000000000000, 0.9330127018922160786, 0.9330127018922194093 ) ) 
 REPRESENTATION_ITEM ( '' )  );
#7996 = CYLINDRICAL_SURFACE ( 'NONE', #5346, 1.499999999999982014 ) ;
#7997 = EDGE_CURVE ( 'NONE', #2254, #5709, #7711, .T. ) ;
#7998 = CARTESIAN_POINT ( 'NONE',  ( 0.6785254037844321573, -1.175240473580821066, -3.958333333333346804 ) ) ;
#7999 = CARTESIAN_POINT ( 'NONE',  ( 0.6785254037844503650, 1.175240473580819067, 2.208333333333306836 ) ) ;
#8000 = CARTESIAN_POINT ( 'NONE',  ( 0.8428154764883274419, -0.6681007961515482707, 9.559249473037192857 ) ) ;
#8001 = CARTESIAN_POINT ( 'NONE',  ( -1.763300807568860318, 4.483001982712331095E-15, -0.3281250000000210942 ) ) ;
#8002 = DIRECTION ( 'NONE',  ( -1.000000000000000000, 0.000000000000000000, 0.000000000000000000 ) ) ;
#8003 = CARTESIAN_POINT ( 'NONE',  ( 1.017788105676651123, 0.5876202367904128643, 2.229166666666639873 ) ) ;
#8004 = CARTESIAN_POINT ( 'NONE',  ( -1.870113174931165872E-16, -1.527063293868245131, 10.26562499999995737 ) ) ;
#8005 = APPROVAL_STATUS ( 'not_yet_approved' ) ;
#8006 = CARTESIAN_POINT ( 'NONE',  ( 1.499999999999995559, 3.747593145489319422E-15, 4.874999999999974243 ) ) ;
#8007 = EDGE_CURVE ( 'NONE', #534, #7536, #2779, .T. ) ;
#8008 = CARTESIAN_POINT ( 'NONE',  ( 0.8660254037844368202, 1.499999999999999334, 6.458333333333303727 ) ) ;
#8009 = ORIENTED_EDGE ( 'NONE', *, *, #7412, .F. ) ;
#8010 = CARTESIAN_POINT ( 'NONE',  ( -1.870113174931165379E-16, -1.527063293868244687, -7.203125000000006217 ) ) ;
#8011 = CARTESIAN_POINT ( 'NONE',  ( 1.175240473580824840, -0.3149047358083495451, -6.897329099369265748 ) ) ;
#8012 = CARTESIAN_POINT ( 'NONE',  ( 1.175240473580831946, -0.3149047358083452708, 4.665170900630709383 ) ) ;
#8013 = CARTESIAN_POINT ( 'NONE',  ( -1.322475605676645571, 0.7635316469341293377, 1.598958333333309945 ) ) ;
#8014 = ORIENTED_EDGE ( 'NONE', *, *, #5225, .F. ) ;
#8015 = CARTESIAN_POINT ( 'NONE',  ( -1.357050807568865203, 4.458126344604650913E-15, 6.437499999999964473 ) ) ;
#8016 = CARTESIAN_POINT ( 'NONE',  ( -0.6785254037843951869, 1.175240473580851042, 4.854166666666634988 ) ) ;
#8017 = ORIENTED_EDGE ( 'NONE', *, *, #482, .F. ) ;
#8018 = ORIENTED_EDGE ( 'NONE', *, *, #4761, .F. ) ;
#8019 = CARTESIAN_POINT ( 'NONE',  ( 1.499999999999993561, -0.4019237886466838217, -1.084829099369286176 ) ) ;
#8020 = CARTESIAN_POINT ( 'NONE',  ( 1.499999999999995781, -8.628179567521924213E-15, -6.125000000000001776 ) ) ;
#8021 = CARTESIAN_POINT ( 'NONE',  ( 0.6785254037844331565, 1.175240473580829059, 2.708333333333305504 ) ) ;
#8022 = FACE_OUTER_BOUND ( 'NONE', #1664, .T. ) ;
#8023 = CARTESIAN_POINT ( 'NONE',  ( 0.6785254037844281605, -1.175240473580823064, -1.458333333333351467 ) ) ;
#8024 = CARTESIAN_POINT ( 'NONE',  ( 1.322475605676646015, 0.7635316469341278944, 8.463541666666628771 ) ) ;
#8025 = CARTESIAN_POINT ( 'NONE',  ( 0.8816504037844299368, -1.527063293868245353, -5.192708333333342807 ) ) ;
#8026 = ORIENTED_EDGE ( 'NONE', *, *, #1671, .F. ) ;
#8027 = AXIS2_PLACEMENT_3D ( 'NONE', #6943, #5674, #6380 ) ;
#8028 = CARTESIAN_POINT ( 'NONE',  ( -1.175240473580823952, -2.759855417220817274E-15, 6.874999999999966249 ) ) ;
#8029 = ORIENTED_EDGE ( 'NONE', *, *, #2128, .F. ) ;
#8030 = CARTESIAN_POINT ( 'NONE',  ( -1.499999999999995559, 4.561024215828087150E-15, 7.124999999999969802 ) ) ;
#8031 = CARTESIAN_POINT ( 'NONE',  ( 1.017788105676634469, -0.5876202367904331814, 3.083333333333305948 ) ) ;
#8032 = FACE_OUTER_BOUND ( 'NONE', #3132, .T. ) ;
#8033 = CARTESIAN_POINT ( 'NONE',  ( 0.000000000000000000, -9.067116327485578019E-15, 12.24264068711923237 ) ) ;
#8034 = ORIENTED_EDGE ( 'NONE', *, *, #1055, .T. ) ;
#8035 = CARTESIAN_POINT ( 'NONE',  ( 0.000000000000000000, 1.175240473580829503, -1.687500000000017986 ) ) ;
#8036 = VECTOR ( 'NONE', #1753, 1000.000000000000000 ) ;
#8037 = EDGE_CURVE ( 'NONE', #5426, #1016, #5409, .T. ) ;
#8038 = EDGE_CURVE ( 'NONE', #5918, #2496, #1969, .T. ) ;
#8039 = DIRECTION ( 'NONE',  ( 1.000000000000000000, 0.000000000000000000, 0.000000000000000000 ) ) ;
#8040 = CARTESIAN_POINT ( 'NONE',  ( -1.175240473580826395, 1.173664830060221467E-14, -0.5625000000000199840 ) ) ;
#8041 = CARTESIAN_POINT ( 'NONE',  ( -0.6785254037844360431, -1.175240473580818623, -0.9791666666666862806 ) ) ;
#8042 = CARTESIAN_POINT ( 'NONE',  ( -1.322475605676645127, 0.7635316469341291157, 0.1302083333333103332 ) ) ;
#8043 = CARTESIAN_POINT ( 'NONE',  ( 0.6785254037844480335, 1.175240473580820399, -1.729166666666684282 ) ) ;
#8044 = FACE_OUTER_BOUND ( 'NONE', #3007, .T. ) ;
#8045 =( BOUNDED_CURVE ( )  B_SPLINE_CURVE ( 2, ( #1486, #4231, #4744, #6815, #1529, #344, #4870, #385, #2832 ),
 .UNSPECIFIED., .F., .T. ) 
 B_SPLINE_CURVE_WITH_KNOTS ( ( 3, 2, 2, 2, 3 ),
 ( 0.7094594594594594295, 0.7117117117117116587, 0.7162162162162162282, 0.7207207207207206867, 0.7229729729729729160 ),
 .UNSPECIFIED. ) 
 CURVE ( )  GEOMETRIC_REPRESENTATION_ITEM ( )  RATIONAL_B_SPLINE_CURVE ( ( 0.9330127018922194093, 0.9330127018922194093, 1.000000000000000000, 0.8660254037844387076, 1.000000000000000000, 0.8660254037844387076, 1.000000000000000000, 0.9330127018922209636, 0.9330127018922192983 ) ) 
 REPRESENTATION_ITEM ( '' )  );
#8046 = EDGE_CURVE ( 'NONE', #6654, #1995, #2234, .T. ) ;
#8047 = CARTESIAN_POINT ( 'NONE',  ( -1.763300807568860762, 4.483001982712331095E-15, 9.640624999999959144 ) ) ;
#8048 =( BOUNDED_CURVE ( )  B_SPLINE_CURVE ( 2, ( #418, #2441, #5542, #3077, #7612, #5706, #4389, #4267, #6976 ),
 .UNSPECIFIED., .F., .F. ) 
 B_SPLINE_CURVE_WITH_KNOTS ( ( 3, 2, 2, 2, 3 ),
 ( 0.9391891891891891442, 0.9414414414414414845, 0.9459459459459459429, 0.9504504504504504014, 0.9527027027027027417 ),
 .UNSPECIFIED. ) 
 CURVE ( )  GEOMETRIC_REPRESENTATION_ITEM ( )  RATIONAL_B_SPLINE_CURVE ( ( 0.9330127018922194093, 0.9330127018922177440, 1.000000000000000000, 0.8660254037844388186, 1.000000000000000000, 0.8660254037844388186, 1.000000000000000000, 0.9330127018922177440, 0.9330127018922194093 ) ) 
 REPRESENTATION_ITEM ( '' )  );
#8049 = PERSON_AND_ORGANIZATION ( #2628, #6318 ) ;
#8050 = FACE_OUTER_BOUND ( 'NONE', #1070, .T. ) ;
#8051 = CARTESIAN_POINT ( 'NONE',  ( 1.299038105676655563, 0.7500000000000016653, 1.979166666666633434 ) ) ;
#8052 = ORIENTED_EDGE ( 'NONE', *, *, #2991, .T. ) ;
#8053 = CARTESIAN_POINT ( 'NONE',  ( -0.8816504037844307140, -1.527063293868244465, -6.244791666666675845 ) ) ;
#8054 = CARTESIAN_POINT ( 'NONE',  ( -1.000000000000005773, 0.2034012310318490668, 9.495312263244132467 ) ) ;
#8055 = EDGE_CURVE ( 'NONE', #2114, #1559, #3584, .T. ) ;
#8056 = CARTESIAN_POINT ( 'NONE',  ( 1.499999999999993561, -0.4019237886466838217, -6.084829099369274630 ) ) ;
#8057 = CARTESIAN_POINT ( 'NONE',  ( -1.870113174931165872E-16, -1.527063293868245131, 3.265624999999971578 ) ) ;
#8058 = ORIENTED_EDGE ( 'NONE', *, *, #7924, .T. ) ;
#8059 = CC_DESIGN_PERSON_AND_ORGANIZATION_ASSIGNMENT ( #3453, #6717, ( #7548 ) ) ;
#8060 = CARTESIAN_POINT ( 'NONE',  ( -1.357050807568865203, 4.458126344604650913E-15, 8.437499999999959144 ) ) ;
#8061 = CARTESIAN_POINT ( 'NONE',  ( -1.499999999999982014, -9.067116327485578019E-15, 12.24264068711923237 ) ) ;
#8062 = EDGE_LOOP ( 'NONE', ( #1688, #2943, #84, #2320 ) ) ;
#8063 = VERTEX_POINT ( 'NONE', #5496 ) ;
#8064 = DIRECTION ( 'NONE',  ( 1.000000000000000000, 0.000000000000000000, 0.000000000000000000 ) ) ;
#8065 = CARTESIAN_POINT ( 'NONE',  ( -0.8660254037844363761, -1.499999999999990674, -6.291666666666666963 ) ) ;
#8066 = CARTESIAN_POINT ( 'NONE',  ( -1.439254484199176806E-16, -1.175240473580820844, 3.499999999999970246 ) ) ;
#8067 = CARTESIAN_POINT ( 'NONE',  ( -0.6785254037844471453, -1.175240473580812184, 3.458333333333305060 ) ) ;
#8068 = CARTESIAN_POINT ( 'NONE',  ( 1.175240473580824618, 6.333141904780403065E-15, -1.875000000000016875 ) ) ;
#8069 = CARTESIAN_POINT ( 'NONE',  ( -1.322475605676645127, 0.7635316469341291157, 8.130208333333293069 ) ) ;
#8070 = CARTESIAN_POINT ( 'NONE',  ( 1.499999999999993561, -0.4019237886466838217, -5.084829099369277294 ) ) ;
#8071 = CARTESIAN_POINT ( 'NONE',  ( 1.763300807568860762, 4.051117844727701623E-15, -5.609375000000007994 ) ) ;
#8072 = ORIENTED_EDGE ( 'NONE', *, *, #2069, .F. ) ;
#8073 = AXIS2_PLACEMENT_3D ( 'NONE', #6347, #8325, #5084 ) ;
#8074 = CARTESIAN_POINT ( 'NONE',  ( 2.533669853067736524E-14, 1.175240473580829503, 6.749999999999964473 ) ) ;
#8075 = CARTESIAN_POINT ( 'NONE',  ( 0.000000000000000000, 1.500000000000000222, 5.999999999999972466 ) ) ;
#8076 = DIRECTION ( 'NONE',  ( -0.000000000000000000, -0.000000000000000000, 1.000000000000000000 ) ) ;
#8077 = CARTESIAN_POINT ( 'NONE',  ( 1.175240473580825062, 9.005843993036349382E-16, -5.812500000000008882 ) ) ;
#8078 = DIRECTION ( 'NONE',  ( 0.000000000000000000, 0.000000000000000000, -1.000000000000000000 ) ) ;
#8079 = CARTESIAN_POINT ( 'NONE',  ( -0.6623530484355667491, -1.246124332327047224, 7.658448327220626517 ) ) ;
#8080 = ORIENTED_EDGE ( 'NONE', *, *, #6409, .F. ) ;
#8081 = VECTOR ( 'NONE', #712, 1000.000000000000000 ) ;
#8082 = CARTESIAN_POINT ( 'NONE',  ( -1.017788105676648902, 0.5876202367904169721, 1.395833333333309723 ) ) ;
#8083 = ORIENTED_EDGE ( 'NONE', *, *, #4603, .F. ) ;
#8084 = AXIS2_PLACEMENT_3D ( 'NONE', #3447, #7822, #5987 ) ;
#8085 = FACE_OUTER_BOUND ( 'NONE', #7113, .T. ) ;
#8086 = CARTESIAN_POINT ( 'NONE',  ( 0.6785254037844485886, 1.175240473580820177, -0.7916666666666861696 ) ) ;
#8087 = CARTESIAN_POINT ( 'NONE',  ( -1.870113174931165379E-16, -1.527063293868244687, 2.296874999999972466 ) ) ;
#8088 = CARTESIAN_POINT ( 'NONE',  ( 1.209264747165901259E-14, 1.175240473580829503, -1.687500000000017986 ) ) ;
#8089 = CYLINDRICAL_SURFACE ( 'NONE', #5234, 1.175240473580825062 ) ;
#8090 = CARTESIAN_POINT ( 'NONE',  ( -1.017788105676648902, 0.5876202367904169721, -5.604166666666675845 ) ) ;
#8091 = CARTESIAN_POINT ( 'NONE',  ( 1.499999999999995559, -1.600716141988073932E-14, 4.374999999999973355 ) ) ;
#8092 = DIRECTION ( 'NONE',  ( -0.000000000000000000, -0.000000000000000000, 1.000000000000000000 ) ) ;
#8093 = ORIENTED_EDGE ( 'NONE', *, *, #4917, .T. ) ;
#8094 =( BOUNDED_CURVE ( )  B_SPLINE_CURVE ( 2, ( #3702, #7046, #6322, #1924, #6880, #3108, #3655, #7644, #8211 ),
 .UNSPECIFIED., .F., .T. ) 
 B_SPLINE_CURVE_WITH_KNOTS ( ( 3, 2, 2, 2, 3 ),
 ( 0.6283783783783783994, 0.6306306306306306286, 0.6351351351351350871, 0.6396396396396396566, 0.6418918918918918859 ),
 .UNSPECIFIED. ) 
 CURVE ( )  GEOMETRIC_REPRESENTATION_ITEM ( )  RATIONAL_B_SPLINE_CURVE ( ( 0.9330127018922194093, 0.9330127018922194093, 1.000000000000000000, 0.8660254037844387076, 1.000000000000000000, 0.8660254037844387076, 1.000000000000000000, 0.9330127018922194093, 0.9330127018922194093 ) ) 
 REPRESENTATION_ITEM ( '' )  );
#8095 = CARTESIAN_POINT ( 'NONE',  ( -0.8816504037844307140, -1.527063293868244465, -3.744791666666680729 ) ) ;
#8096 = VECTOR ( 'NONE', #4711, 1000.000000000000000 ) ;
#8097 = EDGE_CURVE ( 'NONE', #6447, #3808, #6244, .T. ) ;
#8098 = DIRECTION ( 'NONE',  ( 0.000000000000000000, 0.000000000000000000, -1.000000000000000000 ) ) ;
#8099 =( BOUNDED_CURVE ( )  B_SPLINE_CURVE ( 2, ( #8289, #3694, #1798, #6919, #6395, #3016, #1207, #4930, #2423 ),
 .UNSPECIFIED., .F., .F. ) 
 B_SPLINE_CURVE_WITH_KNOTS ( ( 3, 2, 2, 2, 3 ),
 ( 0.5743243243243243423, 0.5765765765765765716, 0.5810810810810810301, 0.5855855855855855996, 0.5878378378378379399 ),
 .UNSPECIFIED. ) 
 CURVE ( )  GEOMETRIC_REPRESENTATION_ITEM ( )  RATIONAL_B_SPLINE_CURVE ( ( 0.9330127018922194093, 0.9330127018922194093, 1.000000000000000000, 0.8660254037844387076, 1.000000000000000000, 0.8660254037844387076, 1.000000000000000000, 0.9330127018922160786, 0.9330127018922194093 ) ) 
 REPRESENTATION_ITEM ( '' )  );
#8100 = CARTESIAN_POINT ( 'NONE',  ( -0.8816504037844302699, 1.527063293868253790, 3.557291666666637209 ) ) ;
#8101 = ORIENTED_EDGE ( 'NONE', *, *, #2385, .F. ) ;
#8102 = CARTESIAN_POINT ( 'NONE',  ( -0.6785254037844324904, 1.175240473580829281, 7.354166666666628771 ) ) ;
#8103 = CC_DESIGN_APPROVAL ( #7782, ( #7548 ) ) ;
#8104 = DIRECTION ( 'NONE',  ( 0.000000000000000000, -1.000000000000000000, -5.782411586589427650E-16 ) ) ;
#8105 = EDGE_CURVE ( 'NONE', #3073, #4104, #8374, .T. ) ;
#8106 = ORIENTED_EDGE ( 'NONE', *, *, #7948, .T. ) ;
#8107 = EDGE_LOOP ( 'NONE', ( #8360, #5258, #2427, #5286, #5423, #6746 ) ) ;
#8108 = CARTESIAN_POINT ( 'NONE',  ( 1.499999999999995559, -1.600716141988073932E-14, 3.374999999999976907 ) ) ;
#8109 = DIRECTION ( 'NONE',  ( 0.5000000000000000000, -0.8660254037844387076, 0.000000000000000000 ) ) ;
#8110 = CARTESIAN_POINT ( 'NONE',  ( 1.017788105676648902, -0.5876202367904087565, 4.083333333333303727 ) ) ;
#8111 = CARTESIAN_POINT ( 'NONE',  ( 0.8660254037844357100, -1.499999999999991562, 5.791666666666639429 ) ) ;
#8112 = CARTESIAN_POINT ( 'NONE',  ( 0.6785254037844480335, 1.175240473580820399, -1.791666666666684504 ) ) ;
#8113 = CARTESIAN_POINT ( 'NONE',  ( 0.8816504037844310471, 1.527063293868253124, 8.505208333333293069 ) ) ;
#8114 = DIRECTION ( 'NONE',  ( 0.000000000000000000, 0.000000000000000000, -1.000000000000000000 ) ) ;
#8115 = CARTESIAN_POINT ( 'NONE',  ( 0.8816504037844299368, -1.527063293868245353, -6.692708333333340143 ) ) ;
#8116 = ORIENTED_EDGE ( 'NONE', *, *, #6514, .T. ) ;
#8117 = CARTESIAN_POINT ( 'NONE',  ( 1.175240473580824840, 4.299564228933483745E-15, -7.312500000000006217 ) ) ;
#8118 = VERTEX_POINT ( 'NONE', #3819 ) ;
#8119 = FACE_OUTER_BOUND ( 'NONE', #2573, .T. ) ;
#8120 = DIRECTION ( 'NONE',  ( -1.000000000000000000, 0.000000000000000000, 0.000000000000000000 ) ) ;
#8121 = DIRECTION ( 'NONE',  ( -1.000000000000000000, 0.000000000000000000, 0.000000000000000000 ) ) ;
#8122 = FACE_OUTER_BOUND ( 'NONE', #2784, .T. ) ;
#8123 =( BOUNDED_CURVE ( )  B_SPLINE_CURVE ( 2, ( #3703, #2894, #7516, #4808, #1594, #7475, #2264, #1127, #3534 ),
 .UNSPECIFIED., .F., .F. ) 
 B_SPLINE_CURVE_WITH_KNOTS ( ( 3, 2, 2, 2, 3 ),
 ( 0.7364864864864865135, 0.7387387387387387427, 0.7432432432432432012, 0.7477477477477477708, 0.7500000000000000000 ),
 .UNSPECIFIED. ) 
 CURVE ( )  GEOMETRIC_REPRESENTATION_ITEM ( )  RATIONAL_B_SPLINE_CURVE ( ( 0.9330127018922194093, 0.9330127018922194093, 1.000000000000000000, 0.8660254037844388186, 1.000000000000000000, 0.8660254037844388186, 1.000000000000000000, 0.9330127018922194093, 0.9330127018922194093 ) ) 
 REPRESENTATION_ITEM ( '' )  );
#8124 = EDGE_LOOP ( 'NONE', ( #5155, #1039, #5747, #2830 ) ) ;
#8125 = CARTESIAN_POINT ( 'NONE',  ( 0.6785254037844321573, -1.175240473580821066, 1.604166666666642538 ) ) ;
#8126 = ORIENTED_EDGE ( 'NONE', *, *, #2890, .F. ) ;
#8127 = CARTESIAN_POINT ( 'NONE',  ( 1.245316142749957500, -0.6621012620391913961, -7.717388827882888158 ) ) ;
#8128 = CARTESIAN_POINT ( 'NONE',  ( -0.8816504037844307140, -1.527063293868244465, 3.755208333333303283 ) ) ;
#8129 = CARTESIAN_POINT ( 'NONE',  ( 1.201634600471887415, -0.5142839737948076140, 7.531427203496995126 ) ) ;
#8130 = CARTESIAN_POINT ( 'NONE',  ( -1.017788105676647126, 0.5876202367904200807, -4.104166666666679397 ) ) ;
#8131 = CARTESIAN_POINT ( 'NONE',  ( -1.017788105676648902, -0.5876202367904079793, -6.020833333333341919 ) ) ;
#8132 = CARTESIAN_POINT ( 'NONE',  ( -0.8660254037844369313, -1.499999999999991562, 3.770833333333296622 ) ) ;
#8133 = CARTESIAN_POINT ( 'NONE',  ( 0.000000000000000000, -9.067116327485578019E-15, 7.425240473580842604 ) ) ;
#8134 = VERTEX_POINT ( 'NONE', #8246 ) ;
#8135 = CARTESIAN_POINT ( 'NONE',  ( -0.8816504037844307140, -1.527063293868244465, -4.744791666666678509 ) ) ;
#8136 = CARTESIAN_POINT ( 'NONE',  ( -1.000000000000005773, 0.3987098407370172071, 9.560679785773700701 ) ) ;
#8137 = CARTESIAN_POINT ( 'NONE',  ( 0.8660254037844368202, 1.499999999999999334, 6.958333333333301951 ) ) ;
#8138 = CARTESIAN_POINT ( 'NONE',  ( 1.322475605676646238, 0.7635316469341281165, 4.932291666666634988 ) ) ;
#8139 = ORIENTED_EDGE ( 'NONE', *, *, #1211, .T. ) ;
#8140 = CARTESIAN_POINT ( 'NONE',  ( -1.439254484199176806E-16, -1.175240473580820844, 10.06249999999995737 ) ) ;
#8141 = EDGE_CURVE ( 'NONE', #6633, #2072, #2644, .T. ) ;
#8142 = CARTESIAN_POINT ( 'NONE',  ( 0.000000000000000000, -9.067116327485578019E-15, 12.24264068711923237 ) ) ;
#8143 = EDGE_CURVE ( 'NONE', #7379, #6531, #1245, .T. ) ;
#8144 = ORIENTED_EDGE ( 'NONE', *, *, #1048, .T. ) ;
#8145 = ORIENTED_EDGE ( 'NONE', *, *, #3683, .T. ) ;
#8146 = CARTESIAN_POINT ( 'NONE',  ( 0.000000000000000000, -7.267483695685816380E-15, 9.650000000000000355 ) ) ;
#8147 = CARTESIAN_POINT ( 'NONE',  ( 0.6785254037844321573, -1.175240473580821066, 7.041666666666629659 ) ) ;
#8148 = DIRECTION ( 'NONE',  ( -0.000000000000000000, -0.000000000000000000, 1.000000000000000000 ) ) ;
#8149 = CARTESIAN_POINT ( 'NONE',  ( -1.499999999999996225, 4.561024215828087150E-15, 7.687499999999954703 ) ) ;
#8150 = FACE_OUTER_BOUND ( 'NONE', #2084, .T. ) ;
#8151 = CARTESIAN_POINT ( 'NONE',  ( 1.175240473580823952, 9.151099541311131024E-15, 3.624999999999972911 ) ) ;
#8152 = CARTESIAN_POINT ( 'NONE',  ( -0.8816504037844309360, -1.527063293868244909, -3.776041666666679397 ) ) ;
#8153 = EDGE_CURVE ( 'NONE', #3974, #1212, #8099, .T. ) ;
#8154 = ORIENTED_EDGE ( 'NONE', *, *, #4612, .T. ) ;
#8155 = VERTEX_POINT ( 'NONE', #8371 ) ;
#8156 = CARTESIAN_POINT ( 'NONE',  ( -0.8660254037844358210, 1.499999999999999778, 2.041666666666646535 ) ) ;
#8157 = DIRECTION ( 'NONE',  ( 1.000000000000000000, 0.000000000000000000, 0.000000000000000000 ) ) ;
#8158 = CARTESIAN_POINT ( 'NONE',  ( -1.017788105676648902, 0.5876202367904169721, -1.166666666666685614 ) ) ;
#8159 = CARTESIAN_POINT ( 'NONE',  ( -1.017788105676649568, -0.5876202367904069801, -7.020833333333340143 ) ) ;
#8160 = CARTESIAN_POINT ( 'NONE',  ( -1.133087908215559733E-13, 1.301882938682628055, -7.823117061317358178 ) ) ;
#8161 = CARTESIAN_POINT ( 'NONE',  ( -1.175240473580823952, 1.728541024469880041E-14, 4.437499999999968914 ) ) ;
#8162 = EDGE_CURVE ( 'NONE', #7661, #6900, #7212, .T. ) ;
#8163 = EDGE_LOOP ( 'NONE', ( #7446, #6387, #5197, #30 ) ) ;
#8164 = CARTESIAN_POINT ( 'NONE',  ( -0.6785254037844324904, 1.175240473580829281, 3.354166666666637209 ) ) ;
#8165 = VERTEX_POINT ( 'NONE', #4459 ) ;
#8166 = DIRECTION ( 'NONE',  ( -0.000000000000000000, -0.000000000000000000, 1.000000000000000000 ) ) ;
#8167 = CARTESIAN_POINT ( 'NONE',  ( -1.175240473580826395, 1.173664830060221467E-14, -0.6250000000000199840 ) ) ;
#8168 =( BOUNDED_CURVE ( )  B_SPLINE_CURVE ( 2, ( #347, #1619, #4197, #2289, #5552, #2367, #978, #4274, #307 ),
 .UNSPECIFIED., .F., .F. ) 
 B_SPLINE_CURVE_WITH_KNOTS ( ( 3, 2, 2, 2, 3 ),
 ( 0.6013513513513513153, 0.6036036036036036556, 0.6081081081081081141, 0.6126126126126125726, 0.6148648648648649129 ),
 .UNSPECIFIED. ) 
 CURVE ( )  GEOMETRIC_REPRESENTATION_ITEM ( )  RATIONAL_B_SPLINE_CURVE ( ( 0.9330127018922194093, 0.9330127018922177440, 1.000000000000000000, 0.8660254037844388186, 1.000000000000000000, 0.8660254037844388186, 1.000000000000000000, 0.9330127018922177440, 0.9330127018922194093 ) ) 
 REPRESENTATION_ITEM ( '' )  );
#8169 = CARTESIAN_POINT ( 'NONE',  ( -0.8816504037844300479, 1.527063293868253568, 3.088541666666637209 ) ) ;
#8170 = EDGE_CURVE ( 'NONE', #653, #6447, #7110, .T. ) ;
#8171 = LINE ( 'NONE', #1044, #4377 ) ;
#8172 = CARTESIAN_POINT ( 'NONE',  ( -1.017788105676656230, -0.5876202367903957668, -2.583333333333349024 ) ) ;
#8173 = CARTESIAN_POINT ( 'NONE',  ( -1.017788105676648902, 0.5876202367904169721, -6.104166666666674068 ) ) ;
#8174 = CARTESIAN_POINT ( 'NONE',  ( -0.8660254037844369313, -1.499999999999991562, -6.729166666666681174 ) ) ;
#8175 = CARTESIAN_POINT ( 'NONE',  ( 1.017788105676656452, 0.5876202367904038715, 5.729166666666632324 ) ) ;
#8176 = ORIENTED_EDGE ( 'NONE', *, *, #2524, .T. ) ;
#8177 = CARTESIAN_POINT ( 'NONE',  ( -1.322475605676645127, 0.7635316469341291157, -3.869791666666680285 ) ) ;
#8178 = CARTESIAN_POINT ( 'NONE',  ( -4.317763452597530665E-16, -1.175240473580820844, -7.437500000000005329 ) ) ;
#8179 = CARTESIAN_POINT ( 'NONE',  ( 0.8816504037844311581, 1.527063293868253568, 3.973958333333303283 ) ) ;
#8180 = AXIS2_PLACEMENT_3D ( 'NONE', #6648, #6056, #7932 ) ;
#8181 = CARTESIAN_POINT ( 'NONE',  ( 0.6785254037844321573, -1.175240473580821066, 9.104166666666625218 ) ) ;
#8182 = DIRECTION ( 'NONE',  ( -1.000000000000000000, 0.000000000000000000, 0.000000000000000000 ) ) ;
#8183 = ORIENTED_EDGE ( 'NONE', *, *, #1397, .F. ) ;
#8184 = ORIENTED_EDGE ( 'NONE', *, *, #780, .F. ) ;
#8185 = CARTESIAN_POINT ( 'NONE',  ( 0.000000000000000000, -9.067116327485578019E-15, 12.24264068711923237 ) ) ;
#8186 = CARTESIAN_POINT ( 'NONE',  ( -1.175240473580824174, 9.790223953720163148E-15, 3.937499999999971578 ) ) ;
#8187 = CARTESIAN_POINT ( 'NONE',  ( 0.6785254037844321573, -1.175240473580821066, 5.541666666666634100 ) ) ;
#8188 = CARTESIAN_POINT ( 'NONE',  ( -1.499999999999996225, 4.561024215828087150E-15, 6.687499999999958256 ) ) ;
#8189 = FACE_OUTER_BOUND ( 'NONE', #5498, .T. ) ;
#8190 = DIRECTION ( 'NONE',  ( -0.000000000000000000, -0.000000000000000000, 1.000000000000000000 ) ) ;
#8191 = CARTESIAN_POINT ( 'NONE',  ( -1.175240473580830836, -0.3149047358083253978, 7.397329099369224892 ) ) ;
#8192 = EDGE_CURVE ( 'NONE', #6611, #2745, #6233, .T. ) ;
#8193 = CARTESIAN_POINT ( 'NONE',  ( -0.8816504037844309360, -1.527063293868244909, -3.276041666666680729 ) ) ;
#8194 = EDGE_LOOP ( 'NONE', ( #4498, #2848, #4115, #3642 ) ) ;
#8195 = CARTESIAN_POINT ( 'NONE',  ( 1.499999999999995781, -6.071681917885798082E-15, -1.625000000000012212 ) ) ;
#8196 = ORIENTED_EDGE ( 'NONE', *, *, #3156, .T. ) ;
#8197 = ADVANCED_FACE ( 'NONE', ( #2464 ), #7042, .T. ) ;
#8198 = CARTESIAN_POINT ( 'NONE',  ( -1.175240473580825284, 2.730804307565861735E-15, -5.125000000000010658 ) ) ;
#8199 = CARTESIAN_POINT ( 'NONE',  ( 0.6785254037844008490, -1.175240473580838829, 2.104166666666641206 ) ) ;
#8200 = CARTESIAN_POINT ( 'NONE',  ( 1.017788105676649346, 0.5876202367904160839, -1.833333333333350801 ) ) ;
#8201 = CARTESIAN_POINT ( 'NONE',  ( -0.6785254037844354880, -1.175240473580819067, -2.041666666666683838 ) ) ;
#8202 = CARTESIAN_POINT ( 'NONE',  ( -1.246826359581225452, 0.5500463720500128328, -7.765233308042120974 ) ) ;
#8203 = DIRECTION ( 'NONE',  ( -1.000000000000000000, 0.000000000000000000, 0.000000000000000000 ) ) ;
#8204 = EDGE_CURVE ( 'NONE', #2071, #801, #7995, .T. ) ;
#8205 = VERTEX_POINT ( 'NONE', #6444 ) ;
#8206 = CARTESIAN_POINT ( 'NONE',  ( 1.017788105676648902, -0.5876202367904087565, 3.145833333333305948 ) ) ;
#8207 = EDGE_CURVE ( 'NONE', #5300, #7366, #3965, .T. ) ;
#8208 = EDGE_CURVE ( 'NONE', #2272, #7868, #462, .T. ) ;
#8209 = ORIENTED_EDGE ( 'NONE', *, *, #3104, .F. ) ;
#8210 = CARTESIAN_POINT ( 'NONE',  ( -1.175240473580825284, 5.635915273061458284E-15, -6.062500000000007105 ) ) ;
#8211 = CARTESIAN_POINT ( 'NONE',  ( 1.499999999999996447, 3.776644255144276145E-15, 3.437499999999964473 ) ) ;
#8212 = CARTESIAN_POINT ( 'NONE',  ( -1.836970198721025250E-16, -1.499999999999991784, -2.687500000000022204 ) ) ;
#8213 = CARTESIAN_POINT ( 'NONE',  ( -1.870113174931165379E-16, -1.527063293868244687, 3.296874999999969802 ) ) ;
#8214 = VECTOR ( 'NONE', #7453, 1000.000000000000000 ) ;
#8215 = CARTESIAN_POINT ( 'NONE',  ( -1.299038105676654897, -0.7499999999999935607, 0.7291666666666375418 ) ) ;
#8216 = CARTESIAN_POINT ( 'NONE',  ( 0.6785254037844321573, -1.175240473580821066, -6.395833333333341031 ) ) ;
#8217 = CARTESIAN_POINT ( 'NONE',  ( 1.299038105676654675, -0.7499999999999944489, 2.895833333333299731 ) ) ;
#8218 = CARTESIAN_POINT ( 'NONE',  ( 1.499999999999995781, -6.071681917885798082E-15, -4.125000000000007105 ) ) ;
#8219 =( BOUNDED_CURVE ( )  B_SPLINE_CURVE ( 2, ( #4268, #6175, #2240, #420, #972, #3034, #3714, #4904, #4825 ),
 .UNSPECIFIED., .F., .F. ) 
 B_SPLINE_CURVE_WITH_KNOTS ( ( 3, 2, 2, 2, 3 ),
 ( 0.1554054054054053724, 0.1576576576576576572, 0.1621621621621621712, 0.1666666666666666574, 0.1689189189189189422 ),
 .UNSPECIFIED. ) 
 CURVE ( )  GEOMETRIC_REPRESENTATION_ITEM ( )  RATIONAL_B_SPLINE_CURVE ( ( 0.9330127018922194093, 0.9330127018922185211, 1.000000000000000000, 0.8660254037844387076, 1.000000000000000000, 0.8660254037844387076, 1.000000000000000000, 0.9330127018922185211, 0.9330127018922194093 ) ) 
 REPRESENTATION_ITEM ( '' )  );
#8220 = ORIENTED_EDGE ( 'NONE', *, *, #4209, .T. ) ;
#8221 = CARTESIAN_POINT ( 'NONE',  ( -1.322475605676645127, 0.7635316469341291157, -4.869791666666678509 ) ) ;
#8222 = CARTESIAN_POINT ( 'NONE',  ( -1.175240473580825951, 0.3149047358083591486, -4.647329099369270189 ) ) ;
#8223 = AXIS2_PLACEMENT_3D ( 'NONE', #5471, #6148, #7339 ) ;
#8224 = CARTESIAN_POINT ( 'NONE',  ( -1.870113174931165872E-16, -1.527063293868245131, 3.765624999999970246 ) ) ;
#8225 = CARTESIAN_POINT ( 'NONE',  ( 1.017788105676648902, -0.5876202367904087565, 10.14583333333329129 ) ) ;
#8226 = SPHERICAL_SURFACE ( 'NONE', #1301, 3.171922267359732928 ) ;
#8227 = AXIS2_PLACEMENT_3D ( 'NONE', #551, #1820, #3124 ) ;
#8228 = ORIENTED_EDGE ( 'NONE', *, *, #2758, .T. ) ;
#8229 = ORIENTED_EDGE ( 'NONE', *, *, #2296, .T. ) ;
#8230 = CARTESIAN_POINT ( 'NONE',  ( -1.499999999999995781, -7.814748497183156485E-15, -5.875000000000000888 ) ) ;
#8231 = CARTESIAN_POINT ( 'NONE',  ( 1.017788105676640242, -0.5876202367904231894, -2.354166666666683394 ) ) ;
#8232 = CARTESIAN_POINT ( 'NONE',  ( -1.017788105676648902, -0.5876202367904079793, 4.916666666666634988 ) ) ;
#8233 = DIRECTION ( 'NONE',  ( 1.000000000000000000, 0.000000000000000000, 0.000000000000000000 ) ) ;
#8234 = CARTESIAN_POINT ( 'NONE',  ( -1.499999999999982014, -9.067116327485578019E-15, 12.24264068711923237 ) ) ;
#8235 = CARTESIAN_POINT ( 'NONE',  ( -1.299038105676654453, -0.7499999999999933387, -1.333333333333345916 ) ) ;
#8236 = CARTESIAN_POINT ( 'NONE',  ( -1.870113174931165872E-16, -1.527063293868245131, -3.234375000000014211 ) ) ;
#8237 = ORIENTED_EDGE ( 'NONE', *, *, #618, .F. ) ;
#8238 = CARTESIAN_POINT ( 'NONE',  ( -3.800650269820901646E-14, -1.175240473580820844, 7.062499999999962697 ) ) ;
#8239 = ORIENTED_EDGE ( 'NONE', *, *, #5739, .T. ) ;
#8240 = CARTESIAN_POINT ( 'NONE',  ( 1.175240473580824840, 4.299564228933483745E-15, -7.375000000000006217 ) ) ;
#8241 = CARTESIAN_POINT ( 'NONE',  ( 1.175240473580824174, 2.411242101361345672E-15, 5.187499999999969802 ) ) ;
#8242 = CARTESIAN_POINT ( 'NONE',  ( 0.000000000000000000, 1.175240473580829503, -0.7500000000000197620 ) ) ;
#8243 = CARTESIAN_POINT ( 'NONE',  ( -1.299038105676654675, 0.7500000000000027756, 7.145833333333289517 ) ) ;
#8244 = CARTESIAN_POINT ( 'NONE',  ( -1.299038105676654453, -0.7499999999999933387, 5.166666666666641206 ) ) ;
#8245 = DIRECTION ( 'NONE',  ( 0.000000000000000000, 0.000000000000000000, -1.000000000000000000 ) ) ;
#8246 = CARTESIAN_POINT ( 'NONE',  ( -1.175240473580826173, 9.412559528205735218E-15, -2.562500000000015987 ) ) ;
#8247 = EDGE_LOOP ( 'NONE', ( #4230, #4689, #1758, #2313 ) ) ;
#8248 = CARTESIAN_POINT ( 'NONE',  ( 1.017788105676648902, -0.5876202367904087565, 1.145833333333309501 ) ) ;
#8249 = EDGE_CURVE ( 'NONE', #5852, #7003, #7164, .T. ) ;
#8250 = ADVANCED_FACE ( 'NONE', ( #3902 ), #1368, .T. ) ;
#8251 = ORIENTED_EDGE ( 'NONE', *, *, #2138, .F. ) ;
#8252 = CYLINDRICAL_SURFACE ( 'NONE', #7529, 1.499999999999982014 ) ;
#8253 = DIRECTION ( 'NONE',  ( 0.000000000000000000, 0.000000000000000000, -1.000000000000000000 ) ) ;
#8254 = CARTESIAN_POINT ( 'NONE',  ( 0.000000000000000000, 1.527063293868253568, 3.046874999999971578 ) ) ;
#8255 = FACE_OUTER_BOUND ( 'NONE', #2778, .T. ) ;
#8256 = CARTESIAN_POINT ( 'NONE',  ( 1.017788105676648902, -0.5876202367904087565, -5.854166666666675845 ) ) ;
#8257 = ADVANCED_FACE ( 'NONE', ( #3263 ), #4614, .T. ) ;
#8258 = DIRECTION ( 'NONE',  ( -0.000000000000000000, -0.000000000000000000, 1.000000000000000000 ) ) ;
#8259 = CARTESIAN_POINT ( 'NONE',  ( -1.357050807568865203, 4.458126344604650913E-15, -6.625000000000007994 ) ) ;
#8260 = VERTEX_POINT ( 'NONE', #4311 ) ;
#8261 = CARTESIAN_POINT ( 'NONE',  ( 0.8816504037844310471, 1.527063293868253124, -3.494791666666681618 ) ) ;
#8262 = CARTESIAN_POINT ( 'NONE',  ( -1.175240473580830836, 0.3149047358083584824, 5.352670900630709383 ) ) ;
#8263 = CARTESIAN_POINT ( 'NONE',  ( -0.8816504037844302699, 1.527063293868253790, 6.057291666666633212 ) ) ;
#8264 = ADVANCED_FACE ( 'NONE', ( #545 ), #3795, .F. ) ;
#8265 = CARTESIAN_POINT ( 'NONE',  ( -0.6785254037844324904, 1.175240473580829281, 9.854166666666625218 ) ) ;
#8266 =( BOUNDED_CURVE ( )  B_SPLINE_CURVE ( 2, ( #3276, #2813, #7348, #4000, #6582, #7907, #2093, #1467, #4045 ),
 .UNSPECIFIED., .F., .F. ) 
 B_SPLINE_CURVE_WITH_KNOTS ( ( 3, 2, 2, 2, 3 ),
 ( 0.3851351351351351426, 0.3873873873873873719, 0.3918918918918918859, 0.3963963963963963999, 0.3986486486486486847 ),
 .UNSPECIFIED. ) 
 CURVE ( )  GEOMETRIC_REPRESENTATION_ITEM ( )  RATIONAL_B_SPLINE_CURVE ( ( 0.9330127018922194093, 0.9330127018922201865, 1.000000000000000000, 0.8660254037844387076, 1.000000000000000000, 0.8660254037844387076, 1.000000000000000000, 0.9330127018922185211, 0.9330127018922194093 ) ) 
 REPRESENTATION_ITEM ( '' )  );
#8267 = CARTESIAN_POINT ( 'NONE',  ( -1.175240473580824840, 4.619126435137999807E-15, -7.062500000000006217 ) ) ;
#8268 = CARTESIAN_POINT ( 'NONE',  ( 1.499999999999995559, -1.600716141988073932E-14, 3.374999999999976907 ) ) ;
#8269 = VERTEX_POINT ( 'NONE', #3033 ) ;
#8270 = ORIENTED_EDGE ( 'NONE', *, *, #7412, .T. ) ;
#8271 = CARTESIAN_POINT ( 'NONE',  ( 0.000000000000000000, -9.067116327485578019E-15, 12.24264068711923237 ) ) ;
#8272 = CARTESIAN_POINT ( 'NONE',  ( -0.5891403177412726233, -0.8145602173408812430, 9.495516201587641092 ) ) ;
#8273 = CARTESIAN_POINT ( 'NONE',  ( 0.6785254037844321573, -1.175240473580821066, 5.041666666666634100 ) ) ;
#8274 = CARTESIAN_POINT ( 'NONE',  ( 1.175240473580825951, 0.3149047358083468251, -0.3526709006307603422 ) ) ;
#8275 = CARTESIAN_POINT ( 'NONE',  ( 1.175240473580825062, 0.3149047358083469916, 4.647329099369229333 ) ) ;
#8276 = CYLINDRICAL_SURFACE ( 'NONE', #2642, 1.175240473580825062 ) ;
#8277 = EDGE_CURVE ( 'NONE', #1789, #6601, #4949, .T. ) ;
#8278 = CARTESIAN_POINT ( 'NONE',  ( 0.6785254037844608010, 1.175240473580813072, 5.708333333333298398 ) ) ;
#8279 = CARTESIAN_POINT ( 'NONE',  ( -1.870113174931165872E-16, -1.527063293868245131, -2.234375000000015987 ) ) ;
#8280 = EDGE_LOOP ( 'NONE', ( #6570, #3581, #6551, #6833 ) ) ;
#8281 = CARTESIAN_POINT ( 'NONE',  ( 1.500000000000006439, 0.4019237886466682230, -1.602670900630752460 ) ) ;
#8282 = ORIENTED_EDGE ( 'NONE', *, *, #1166, .T. ) ;
#8283 = CARTESIAN_POINT ( 'NONE',  ( 1.017788105676642685, -0.5876202367904191926, 4.083333333333303727 ) ) ;
#8284 = CARTESIAN_POINT ( 'NONE',  ( -1.499999999999990452, -0.4019237886466874854, -4.852670900630744022 ) ) ;
#8285 = CARTESIAN_POINT ( 'NONE',  ( -1.017788105676648902, 0.5876202367904169721, -2.666666666666682506 ) ) ;
#8286 = PLANE ( 'NONE',  #5448 ) ;
#8287 = CARTESIAN_POINT ( 'NONE',  ( 1.299038105676655563, 0.7500000000000016653, 5.979166666666625218 ) ) ;
#8288 = DIRECTION ( 'NONE',  ( 0.000000000000000000, 0.000000000000000000, -1.000000000000000000 ) ) ;
#8289 = CARTESIAN_POINT ( 'NONE',  ( -1.175240473580823952, 1.612336585850056306E-14, 2.374999999999972911 ) ) ;
#8290 = ORIENTED_EDGE ( 'NONE', *, *, #1256, .T. ) ;
#8291 = CARTESIAN_POINT ( 'NONE',  ( 0.6785254037844321573, -1.175240473580821066, 4.604166666666634988 ) ) ;
#8292 = VERTEX_POINT ( 'NONE', #7531 ) ;
#8293 = CARTESIAN_POINT ( 'NONE',  ( -1.836970198721025250E-16, -1.499999999999991784, -2.187500000000023537 ) ) ;
#8294 = CARTESIAN_POINT ( 'NONE',  ( 1.499999999999982014, -8.883419307613476875E-15, 12.24264068711923237 ) ) ;
#8295 = CARTESIAN_POINT ( 'NONE',  ( -1.499999999999996447, -0.4019237886466784926, 5.709829099369218675 ) ) ;
#8296 = CARTESIAN_POINT ( 'NONE',  ( -1.293695767556394038, -0.7597731447234714608, 7.737391263091814686 ) ) ;
#8297 = EDGE_CURVE ( 'NONE', #6234, #7661, #3712, .T. ) ;
#8298 = CARTESIAN_POINT ( 'NONE',  ( 0.000000000000000000, 1.175240473580829503, -3.687500000000013767 ) ) ;
#8299 = EDGE_CURVE ( 'NONE', #6922, #4266, #6251, .T. ) ;
#8300 = AXIS2_PLACEMENT_3D ( 'NONE', #8271, #2446, #5036 ) ;
#8301 = CARTESIAN_POINT ( 'NONE',  ( -1.499999999999991340, -0.4019237886466876519, 2.709829099369226668 ) ) ;
#8302 = EDGE_CURVE ( 'NONE', #2006, #3188, #8048, .T. ) ;
#8303 = CARTESIAN_POINT ( 'NONE',  ( 0.000000000000000000, 1.527063293868253568, -1.953125000000018208 ) ) ;
#8304 = CYLINDRICAL_SURFACE ( 'NONE', #3750, 1.499999999999982014 ) ;
#8305 = EDGE_CURVE ( 'NONE', #2294, #2539, #1652, .T. ) ;
#8306 = CARTESIAN_POINT ( 'NONE',  ( -1.763300807568860762, 4.483001982712331095E-15, 4.640624999999968914 ) ) ;
#8307 = CARTESIAN_POINT ( 'NONE',  ( 0.6785254037844321573, -1.175240473580821066, 9.604166666666625218 ) ) ;
#8308 = CARTESIAN_POINT ( 'NONE',  ( -0.8660254037844363761, -1.499999999999990674, 6.708333333333302839 ) ) ;
#8309 = CARTESIAN_POINT ( 'NONE',  ( 0.000000000000000000, -9.067116327485578019E-15, 12.24264068711923237 ) ) ;
#8310 = VERTEX_POINT ( 'NONE', #7828 ) ;
#8311 = EDGE_LOOP ( 'NONE', ( #5648, #3686 ) ) ;
#8312 = DIRECTION ( 'NONE',  ( -0.000000000000000000, -0.000000000000000000, 1.000000000000000000 ) ) ;
#8313 = EDGE_CURVE ( 'NONE', #3742, #3533, #520, .T. ) ;
#8314 = CARTESIAN_POINT ( 'NONE',  ( -0.6785254037844434816, -1.175240473580814182, -2.479166666666682950 ) ) ;
#8315 = CARTESIAN_POINT ( 'NONE',  ( 0.000000000000000000, 1.175240473580829503, 5.249999999999966249 ) ) ;
#8316 = CARTESIAN_POINT ( 'NONE',  ( 1.175240473580828615, 1.748876801228349274E-14, 4.624999999999970690 ) ) ;
#8317 = CARTESIAN_POINT ( 'NONE',  ( -0.3235293953625362762, 0.9679107548759329216, 9.511735735160799621 ) ) ;
#8318 = CC_DESIGN_DATE_AND_TIME_ASSIGNMENT ( #2900, #961, ( #6867 ) ) ;
#8319 = CARTESIAN_POINT ( 'NONE',  ( -1.017788105676631583, 0.5876202367904468371, 5.833333333333300175 ) ) ;
#8320 = VECTOR ( 'NONE', #2076, 1000.000000000000000 ) ;
#8321 = CARTESIAN_POINT ( 'NONE',  ( 1.763300807568860762, 4.051117844727701623E-15, -2.109375000000016431 ) ) ;
#8322 =( BOUNDED_CURVE ( )  B_SPLINE_CURVE ( 2, ( #2088, #3948, #3271, #5222, #145 ),
 .UNSPECIFIED., .F., .T. ) 
 B_SPLINE_CURVE_WITH_KNOTS ( ( 3, 2, 3 ),
 ( 0.01619931998591488814, 0.01801801801801801786, 0.02027027027027027140 ),
 .UNSPECIFIED. ) 
 CURVE ( )  GEOMETRIC_REPRESENTATION_ITEM ( )  RATIONAL_B_SPLINE_CURVE ( ( 0.9354949502796776617, 0.9459076277434302904, 1.000000000000000000, 0.9330127018922192983, 0.9330127018922194093 ) ) 
 REPRESENTATION_ITEM ( '' )  );
#8323 = EDGE_LOOP ( 'NONE', ( #2260, #4335, #3255, #7471 ) ) ;
#8324 =( BOUNDED_CURVE ( )  B_SPLINE_CURVE ( 2, ( #633, #3923, #7745, #1311, #7917, #3289, #1942, #4012, #6553 ),
 .UNSPECIFIED., .F., .F. ) 
 B_SPLINE_CURVE_WITH_KNOTS ( ( 3, 2, 2, 2, 3 ),
 ( 0.07432432432432432845, 0.07657657657657657158, 0.08108108108108108558, 0.08558558558558558571, 0.08783783783783784271 ),
 .UNSPECIFIED. ) 
 CURVE ( )  GEOMETRIC_REPRESENTATION_ITEM ( )  RATIONAL_B_SPLINE_CURVE ( ( 0.9330127018922194093, 0.9330127018922196314, 1.000000000000000000, 0.8660254037844387076, 1.000000000000000000, 0.8660254037844387076, 1.000000000000000000, 0.9330127018922191873, 0.9330127018922194093 ) ) 
 REPRESENTATION_ITEM ( '' )  );
#8325 = DIRECTION ( 'NONE',  ( 0.000000000000000000, 0.000000000000000000, -1.000000000000000000 ) ) ;
#8326 = ORIENTED_EDGE ( 'NONE', *, *, #158, .F. ) ;
#8327 = CARTESIAN_POINT ( 'NONE',  ( -1.499999999999996447, -0.4019237886466784926, 7.709829099369215122 ) ) ;
#8328 = CARTESIAN_POINT ( 'NONE',  ( -1.017788105676643795, 0.5876202367904258539, 7.333333333333295734 ) ) ;
#8329 = CARTESIAN_POINT ( 'NONE',  ( -1.017788105676648902, 0.5876202367904169721, -2.166666666666683838 ) ) ;
#8330 = DIRECTION ( 'NONE',  ( -0.000000000000000000, -0.000000000000000000, 1.000000000000000000 ) ) ;
#8331 = CARTESIAN_POINT ( 'NONE',  ( -0.9434779557953433260, -0.7007421192355377526, 7.425240473580831058 ) ) ;
#8332 = LINE ( 'NONE', #5764, #2640 ) ;
#8333 = CARTESIAN_POINT ( 'NONE',  ( 0.6785254037844394848, 1.175240473580825284, -2.291666666666683394 ) ) ;
#8334 = DIRECTION ( 'NONE',  ( -0.000000000000000000, -7.531071187239187305E-16, 1.000000000000000000 ) ) ;
#8335 = VERTEX_POINT ( 'NONE', #2021 ) ;
#8336 = VERTEX_POINT ( 'NONE', #5825 ) ;
#8337 = CARTESIAN_POINT ( 'NONE',  ( -1.175240473580826173, 9.412559528205735218E-15, -2.625000000000015987 ) ) ;
#8338 = DIRECTION ( 'NONE',  ( 1.000000000000000000, 0.000000000000000000, 0.000000000000000000 ) ) ;
#8339 = LINE ( 'NONE', #3907, #3875 ) ;
#8340 = CARTESIAN_POINT ( 'NONE',  ( 1.071528087100066085, -0.5933142514120899325, -7.928460097969939113 ) ) ;
#8341 = CARTESIAN_POINT ( 'NONE',  ( -0.6785254037844329345, -1.175240473580820622, -2.979166666666682062 ) ) ;
#8342 = CARTESIAN_POINT ( 'NONE',  ( -1.299038105676654231, 0.7500000000000025535, 1.583333333333315496 ) ) ;
#8343 = CARTESIAN_POINT ( 'NONE',  ( 1.357050807568865203, 4.125744759050742171E-15, -7.875000000000006217 ) ) ;
#8344 = CARTESIAN_POINT ( 'NONE',  ( 1.322475605676645127, -0.7635316469341209000, -1.119791666666686503 ) ) ;
#8345 = CARTESIAN_POINT ( 'NONE',  ( 1.322475605676645349, -0.7635316469341211221, 8.348958333333293069 ) ) ;
#8346 = CARTESIAN_POINT ( 'NONE',  ( 1.499999999999995559, 3.747593145489319422E-15, 6.874999999999970690 ) ) ;
#8347 = CARTESIAN_POINT ( 'NONE',  ( 0.1917872223499696160, -1.457061989830557014, -7.658462167549892285 ) ) ;
#8348 = ORIENTED_EDGE ( 'NONE', *, *, #8277, .F. ) ;
#8349 = ORIENTED_EDGE ( 'NONE', *, *, #3737, .T. ) ;
#8350 = EDGE_CURVE ( 'NONE', #885, #5468, #2241, .T. ) ;
#8351 = CARTESIAN_POINT ( 'NONE',  ( -1.175240473580825951, 0.3149047358083608139, -2.084829099369276406 ) ) ;
#8352 = CARTESIAN_POINT ( 'NONE',  ( -1.017788105676648902, -0.5876202367904079793, 8.416666666666628771 ) ) ;
#8353 = CARTESIAN_POINT ( 'NONE',  ( 1.175240473580831946, -0.3149047358083452708, 4.602670900630709383 ) ) ;
#8354 = CARTESIAN_POINT ( 'NONE',  ( 1.299038105676654675, -0.7499999999999944489, 6.895833333333289517 ) ) ;
#8355 = CYLINDRICAL_SURFACE ( 'NONE', #4160, 1.175240473580825062 ) ;
#8356 = CARTESIAN_POINT ( 'NONE',  ( 1.322475605676646238, 0.7635316469341281165, -1.567708333333350579 ) ) ;
#8357 = VERTEX_POINT ( 'NONE', #2522 ) ;
#8358 = EDGE_CURVE ( 'NONE', #5682, #669, #3105, .T. ) ;
#8359 = CARTESIAN_POINT ( 'NONE',  ( -1.499999999999996447, -5.258250847547031931E-15, -4.812500000000016875 ) ) ;
#8360 = ORIENTED_EDGE ( 'NONE', *, *, #1876, .T. ) ;
#8361 = CARTESIAN_POINT ( 'NONE',  ( 1.175240473580824174, 1.772117688952314140E-15, 4.124999999999970690 ) ) ;
#8362 = CARTESIAN_POINT ( 'NONE',  ( -1.299038105676654675, 0.7500000000000027756, 4.645833333333293069 ) ) ;
#8363 = CARTESIAN_POINT ( 'NONE',  ( -1.439254484199176806E-16, -1.175240473580820844, 1.499999999999975353 ) ) ;
#8364 = CARTESIAN_POINT ( 'NONE',  ( -1.499999999999995559, -1.519373034954197317E-14, 7.624999999999969802 ) ) ;
#8365 = CYLINDRICAL_SURFACE ( 'NONE', #5904, 1.175240473580825062 ) ;
#8366 =( BOUNDED_CURVE ( )  B_SPLINE_CURVE ( 2, ( #4893, #4298, #8215, #4382, #4504, #2391, #3705, #2471, #3193 ),
 .UNSPECIFIED., .F., .T. ) 
 B_SPLINE_CURVE_WITH_KNOTS ( ( 3, 2, 2, 2, 3 ),
 ( 0.4932432432432432567, 0.4954954954954954860, 0.5000000000000000000, 0.5045045045045044585, 0.5067567567567566877 ),
 .UNSPECIFIED. ) 
 CURVE ( )  GEOMETRIC_REPRESENTATION_ITEM ( )  RATIONAL_B_SPLINE_CURVE ( ( 0.9330127018922194093, 0.9330127018922201865, 1.000000000000000000, 0.8660254037844387076, 1.000000000000000000, 0.8660254037844387076, 1.000000000000000000, 0.9330127018922209636, 0.9330127018922192983 ) ) 
 REPRESENTATION_ITEM ( '' )  );
#8367 = VECTOR ( 'NONE', #5314, 1000.000000000000000 ) ;
#8368 = AXIS2_PLACEMENT_3D ( 'NONE', #1680, #8370, #5137 ) ;
#8369 = CARTESIAN_POINT ( 'NONE',  ( -1.026388994406642663, -0.8557216703982291062, 7.583353006359444315 ) ) ;
#8370 = DIRECTION ( 'NONE',  ( -0.000000000000000000, -7.531071187239187305E-16, 1.000000000000000000 ) ) ;
#8371 = CARTESIAN_POINT ( 'NONE',  ( -1.175240473580825284, 3.369928719974893070E-15, -4.125000000000012434 ) ) ;
#8372 =( BOUNDED_CURVE ( )  B_SPLINE_CURVE ( 2, ( #3031, #7016, #543, #6934, #1220, #1772, #5621, #8222, #2400 ),
 .UNSPECIFIED., .F., .T. ) 
 B_SPLINE_CURVE_WITH_KNOTS ( ( 3, 2, 2, 2, 3 ),
 ( 0.1824324324324324564, 0.1846846846846846857, 0.1891891891891891997, 0.1936936936936936859, 0.1959459459459459707 ),
 .UNSPECIFIED. ) 
 CURVE ( )  GEOMETRIC_REPRESENTATION_ITEM ( )  RATIONAL_B_SPLINE_CURVE ( ( 0.9330127018922194093, 0.9330127018922201865, 1.000000000000000000, 0.8660254037844387076, 1.000000000000000000, 0.8660254037844387076, 1.000000000000000000, 0.9330127018922185211, 0.9330127018922194093 ) ) 
 REPRESENTATION_ITEM ( '' )  );
#8373 = EDGE_LOOP ( 'NONE', ( #6572, #5432, #6084, #7726 ) ) ;
#8374 = CIRCLE ( 'NONE', #519, 1.154700538379258568 ) ;
#8375 = VERTEX_POINT ( 'NONE', #3917 ) ;
#8376 = CARTESIAN_POINT ( 'NONE',  ( -1.175240473580831058, 0.3149047358083573722, 3.415170900630712492 ) ) ;
#8377 = CARTESIAN_POINT ( 'NONE',  ( -1.499999999999995559, -1.519373034954197317E-14, -2.875000000000007105 ) ) ;
#8378 = CARTESIAN_POINT ( 'NONE',  ( -1.500000000000001776, 0.4019237886466784371, -3.334829099369281291 ) ) ;
#8379 = CARTESIAN_POINT ( 'NONE',  ( -1.175240473580823952, -4.502921996518175282E-15, 5.937499999999967137 ) ) ;
#8380 = CARTESIAN_POINT ( 'NONE',  ( -0.6785254037844324904, 1.175240473580829281, -2.145833333333350357 ) ) ;
#8381 = CARTESIAN_POINT ( 'NONE',  ( -1.017788105676641131, 0.5876202367904302948, 1.833333333333308390 ) ) ;
#8382 = CARTESIAN_POINT ( 'NONE',  ( 0.000000000000000000, 1.175240473580829503, -6.750000000000007105 ) ) ;
#8383 = CARTESIAN_POINT ( 'NONE',  ( -1.870113174931165379E-16, -1.527063293868244687, -1.203125000000019318 ) ) ;
#8384 = CARTESIAN_POINT ( 'NONE',  ( -1.499999999999995559, -5.258250847547031143E-15, -0.8750000000000127676 ) ) ;
#8385 = CARTESIAN_POINT ( 'NONE',  ( -1.322475605676645793, -0.7635316469341201229, 8.182291666666626995 ) ) ;
#8386 = CYLINDRICAL_SURFACE ( 'NONE', #7685, 1.175240473580825062 ) ;
#8387 = CARTESIAN_POINT ( 'NONE',  ( -1.499999999999990452, -0.4019237886466874854, 0.6473290993692445427 ) ) ;
#8388 = CARTESIAN_POINT ( 'NONE',  ( -0.8660254037844363761, -1.499999999999990674, 3.208333333333311721 ) ) ;
#8389 = ORIENTED_EDGE ( 'NONE', *, *, #210, .F. ) ;
#8390 = ORIENTED_EDGE ( 'NONE', *, *, #2648, .T. ) ;
#8391 = DIRECTION ( 'NONE',  ( 0.000000000000000000, 7.531071187239187305E-16, -1.000000000000000000 ) ) ;
#8392 = CARTESIAN_POINT ( 'NONE',  ( 0.6785254037844321573, -1.175240473580821066, 9.041666666666625218 ) ) ;
#8393 = CARTESIAN_POINT ( 'NONE',  ( 2.418529494331802518E-14, 1.175240473580829503, 4.749999999999968026 ) ) ;
#8394 = CARTESIAN_POINT ( 'NONE',  ( 8.635526905195061331E-16, 1.175240473580829503, -6.687500000000007105 ) ) ;
#8395 = CARTESIAN_POINT ( 'NONE',  ( 1.175240473580825507, -0.3149047358083617021, 6.102670900630706718 ) ) ;
#8396 = CARTESIAN_POINT ( 'NONE',  ( -1.322475605676645571, 0.7635316469341293377, 0.09895833333331202630 ) ) ;
#8397 = VERTEX_POINT ( 'NONE', #1429 ) ;
#8398 = ADVANCED_FACE ( 'NONE', ( #4558 ), #8386, .T. ) ;
#8399 = EDGE_CURVE ( 'NONE', #6379, #7150, #1598, .T. ) ;
#8400 = CARTESIAN_POINT ( 'NONE',  ( -0.8660254037844363761, -1.499999999999990674, 0.2083333333333176607 ) ) ;
ENDSEC;
END-ISO-10303-21;
